artist,area
rec-837651-dup-0,id-189
id-111402,id-21
rec-852293-dup-0,id-8162
id-545449,id-194
id-74665,id-222
rec-187428-dup-1,id-81
rec-216157-dup-0,id-194
id-878582,id-203
rec-50776-dup-2,id-81
id-1119184,id-73
id-115967,id-73
id-427385,id-221
id-38012,id-107
id-59533,id-222
id-931805,id-81
id-491218,
rec-532607-dup-0,id-5076
id-759653,
id-69635,id-222
id-68908,id-221
rec-89-dup-1,id-222
rec-299405-dup-1,
id-189646,id-222
id-249865,id-222
id-268451,
id-1602066,
rec-435052-dup-1,
id-46935,id-222
id-788950,id-57
rec-82444-dup-0,id-5430
id-44783,id-222
rec-34914-dup-1,id-222
rec-578662-dup-0,id-193
rec-50776-dup-1,id-81
id-35917,id-222
id-183473,id-202
id-1500972,id-5076
id-66398,id-57
rec-1742697-dup-1,id-176
rec-116496-dup-0,id-222
id-504144,id-30
id-24329,id-221
rec-200866-dup-1,
rec-37180-dup-2,rec-138-dup-0
rec-37180-dup-0,rec-138-dup-0
rec-37180-dup-1,rec-138-dup-0
rec-508834-dup-1,
id-686331,id-107
rec-384022-dup-0,id-105
rec-2784-dup-1,id-222
rec-2784-dup-0,id-222
id-452165,id-222
id-136311,id-73
id-609850,
id-676239,id-221
rec-139482-dup-0,id-222
id-157138,id-221
id-337880,id-14
id-938186,
rec-336253-dup-1,
id-2049850,id-3925
rec-1040535-dup-0,
id-41158,id-81
id-99187,id-13
id-44434,id-38
id-117497,id-81
id-84353,id-13
id-150137,
id-120323,id-81
id-1528,id-222
rec-655141-dup-0,
id-40154,id-222
id-256352,
id-1030,id-162
id-188064,id-222
id-130808,id-1178
id-235823,id-202
id-155692,
rec-188882-dup-1,
id-966919,
id-77045,id-222
rec-67118-dup-0,id-222
rec-67118-dup-1,id-222
id-608321,id-111634
id-81933,id-106
id-304175,id-222
id-308861,id-221
id-560570,
id-833521,
id-833522,
id-833523,id-107
id-141474,id-105
id-164913,id-13
id-486172,
rec-893054-dup-1,
rec-893054-dup-0,
id-718330,id-7503
id-69442,id-105
id-299749,id-81
id-239239,id-222
rec-750834-dup-0,
id-60953,id-56
id-513040,id-150
rec-21240-dup-1,rec-221-dup-0
id-152519,id-105
rec-260042-dup-1,id-81
id-275537,id-72
id-1663,id-222
id-5170,
rec-44109-dup-0,id-222
id-331264,id-222
id-5174,id-222
id-383729,id-72
rec-152048-dup-0,id-222
id-9152,id-222
id-933437,
id-2914,id-432
id-373350,id-221
id-271306,id-73
id-789072,id-222
id-392074,id-107
rec-1274364-dup-2,id-13
id-9655,id-432
id-841313,
id-475797,id-222
id-2025529,id-73
rec-12640-dup-0,id-222
rec-41118-dup-0,id-434
id-481,id-222
id-9871,id-43994
id-399689,
rec-41118-dup-1,id-434
rec-852293-dup-1,id-8162
id-191481,id-73
id-24074,id-222
id-596787,id-222
id-658556,id-81
id-24070,id-131
id-824968,id-73
id-139354,id-221
id-227829,id-81
id-362264,
id-205962,id-222
id-1,
rec-285484-dup-0,
rec-426000-dup-2,id-222
id-8658,id-222
id-440891,id-81
id-92623,id-73
id-379,id-222
rec-743338-dup-0,id-222
rec-743338-dup-1,id-222
id-1085275,id-221
id-433373,id-84
id-40269,id-222
rec-985155-dup-0,rec-221-dup-0
id-550430,
id-557427,id-73
rec-50776-dup-0,id-81
rec-578662-dup-1,id-193
id-154323,id-107
id-505638,id-176
id-1040952,
id-289878,id-222
id-339983,id-170
id-190578,
id-3331,id-222
id-3332,id-73
id-193885,id-171
rec-297001-dup-1,
rec-62438-dup-0,rec-103-dup-0
id-362868,id-84
rec-641524-dup-1,
rec-75525-dup-2,id-150
rec-75525-dup-1,id-150
rec-75525-dup-0,id-150
rec-284787-dup-0,id-222
rec-284787-dup-1,id-222
id-714016,
id-534503,id-221
id-79841,id-4434
rec-739644-dup-1,rec-221-dup-0
rec-739644-dup-0,rec-221-dup-0
rec-3680-dup-1,id-107
id-829608,id-221
id-840650,id-107
id-173871,id-222
id-55592,id-222
id-102489,id-3
id-807104,id-222
id-124472,id-221
id-346378,id-14
rec-1874-dup-1,id-81
id-840550,
id-376690,id-7703
id-1783738,
id-9098,id-73
id-10729,id-56
id-87098,id-81
rec-977237-dup-0,
id-434509,id-202
rec-38971-dup-2,id-73
rec-38971-dup-1,id-73
id-490828,id-435
rec-422130-dup-0,
rec-889609-dup-0,id-107
id-154853,id-222
rec-1357-dup-2,rec-221-dup-0
rec-1357-dup-0,rec-221-dup-0
rec-1357-dup-1,rec-221-dup-0
id-273166,id-202
id-256922,id-73
id-510782,id-5099
id-1012,id-222
id-325535,
rec-52512-dup-0,id-7326
rec-34644-dup-1,id-202
id-325536,
rec-164-dup-1,id-222
id-258159,id-202
id-30944,id-222
id-180957,id-21
rec-695643-dup-0,id-73
id-4049,id-222
id-666853,
id-106483,id-221
rec-1347-dup-1,rec-221-dup-0
rec-1347-dup-0,rec-221-dup-0
rec-270619-dup-1,
id-31389,id-38
id-35007,id-222
id-72962,id-13
id-376087,id-1818
id-176629,id-322
id-14917,id-10
rec-672775-dup-0,id-72
id-156,id-38
id-8431,id-202
rec-34644-dup-2,id-202
id-536653,id-81
id-1338,id-222
id-104436,id-221
id-1332,id-47
id-282220,id-222
rec-687682-dup-0,rec-67-dup-0
rec-1615-dup-0,id-222
rec-47079-dup-0,id-222
id-12616,id-221
id-889609,id-107
id-7966,id-107
id-312700,
rec-313715-dup-0,id-150
rec-1196080-dup-0,id-222
id-11522,id-222
id-1696006,
id-196127,id-81
id-279434,id-97
id-665747,
id-713638,
rec-566491-dup-0,id-222
rec-187683-dup-1,id-81
id-873615,id-176
id-144617,id-194
rec-200866-dup-0,
rec-39233-dup-0,id-107
id-407960,
id-169887,id-107
id-842831,
id-2862,id-221
id-2860,id-221
id-634733,id-67
id-168604,id-222
rec-33153-dup-1,id-87369
id-35718,id-222
id-193087,
rec-77089-dup-2,id-81
id-179585,id-221
rec-77089-dup-1,id-81
id-444772,
id-684275,
id-431262,id-221
rec-242773-dup-1,id-73
id-466224,
id-400653,id-221
id-224913,id-222
id-52749,id-214
id-35536,
id-799973,
id-639555,id-81
id-235523,id-38
id-30080,id-160
id-31839,id-14
id-1001975,
id-47204,id-214
id-11411,id-222
id-7364,id-222
id-322081,id-84
id-100637,id-222
id-861811,
id-67071,id-105
rec-258986-dup-0,rec-221-dup-0
id-129490,id-81
id-306627,id-106
rec-2051564-dup-0,id-222
rec-267507-dup-2,id-56
id-768460,
rec-89955-dup-0,id-222
id-132237,
id-528777,
id-68359,id-222
id-299526,
rec-365377-dup-2,rec-221-dup-0
rec-1104-dup-0,id-222
rec-1104-dup-1,id-222
rec-1104-dup-2,id-222
rec-540054-dup-0,id-81
id-131766,id-222
id-630380,id-81
id-53507,id-73
id-565127,
id-56133,id-221
id-1567492,id-73
rec-120455-dup-0,id-21
id-233295,id-81
id-105915,
id-2289835,
id-128831,id-203
id-59059,id-138
id-34840,id-150
id-503520,id-57
id-45799,id-222
id-223167,
id-244460,id-222
rec-187683-dup-0,id-81
rec-457907-dup-0,id-189
id-746736,
id-834982,id-194
id-126774,
rec-52544-dup-2,rec-221-dup-0
rec-52544-dup-1,rec-221-dup-0
rec-183687-dup-0,
rec-80034-dup-1,id-107
rec-96958-dup-0,id-176
id-278722,id-221
rec-1539-dup-0,id-222
id-732457,id-190
rec-118465-dup-1,rec-221-dup-0
id-812091,id-13
id-169464,
id-88297,id-81
rec-844165-dup-1,id-222
id-424601,id-221
id-101230,id-222
rec-481492-dup-0,
rec-481492-dup-1,
rec-1192305-dup-1,
id-720384,
rec-706993-dup-0,rec-221-dup-0
id-310038,id-222
rec-102893-dup-0,id-81
rec-337880-dup-1,id-14
rec-337880-dup-0,id-14
rec-42534-dup-1,id-106
id-527563,id-13
id-118269,id-107
id-469807,
rec-74603-dup-0,id-222
id-140514,
id-222768,id-73
id-2309,id-150
id-32473,id-105
rec-206463-dup-0,id-203
id-944893,id-222
id-828949,id-107
rec-528777-dup-1,
id-800436,id-222
id-36722,id-222
rec-479739-dup-0,id-222
rec-1528-dup-0,id-222
id-289220,id-170
id-326476,id-222
rec-901345-dup-2,id-222
id-183687,
rec-901345-dup-1,id-222
id-217953,id-222
id-241892,id-13
rec-59387-dup-0,id-222
id-174088,id-222
rec-346601-dup-0,id-81
rec-346601-dup-1,id-81
id-549205,id-194
id-549204,id-194
id-118465,id-221
id-46843,id-153
id-388370,
rec-682511-dup-0,id-222
rec-678834-dup-2,
id-77277,id-221
id-93819,id-222
rec-31535-dup-0,id-222
id-373165,id-38
id-39287,id-73
id-854714,id-7747
id-43238,id-106
id-93814,id-222
id-172586,id-222
id-114598,
id-176025,
id-48584,id-222
rec-15745-dup-0,rec-44676-dup-0
rec-473384-dup-1,id-73
rec-473384-dup-0,id-73
id-376650,id-97
id-852904,id-33
id-1465569,id-7288
id-140605,id-10
id-567183,id-176
id-33403,id-150
id-470993,id-105
id-33153,id-87369
id-383848,id-222
rec-165691-dup-0,id-13
id-503491,
id-326501,id-105
id-81239,id-30
id-544852,
rec-129334-dup-0,id-81
id-1539,id-222
id-334801,id-103
id-404057,id-81
id-39848,id-222
id-271226,id-222
id-1268432,id-107
id-173184,id-170
id-350212,id-222
id-235831,id-81
id-724234,id-150
id-803209,
rec-852293-dup-2,id-8162
id-61099,id-221
rec-426000-dup-0,id-222
rec-426000-dup-1,id-222
id-689965,
id-290640,id-81
id-8816,id-222
id-41636,id-107
id-1285731,id-150
id-369948,id-670
id-98933,
rec-1038572-dup-0,
id-117130,id-73
id-50401,id-38
id-130380,id-202
id-94607,id-81
id-332181,id-72
rec-229809-dup-0,id-38
id-37250,id-30
id-645508,id-175
rec-825763-dup-2,
id-9460,id-221
rec-878582-dup-1,id-203
rec-32513-dup-1,id-81
rec-81539-dup-1,id-222
id-592428,id-38
id-1655,id-222
id-307190,id-222
id-414267,id-326
id-118286,id-150
id-397141,id-160
id-21949,id-56
id-21238,id-73
id-271084,id-222
rec-1119587-dup-0,
rec-1863653-dup-1,rec-271-dup-0
rec-2207785-dup-0,
id-61383,id-38
id-318061,id-107
id-277063,id-221
rec-108194-dup-1,id-202
id-20638,id-106
rec-108194-dup-2,id-202
id-402919,id-73
id-663106,
rec-36890-dup-1,id-222
rec-820610-dup-1,id-222
rec-738588-dup-1,
rec-545963-dup-1,
id-4542,id-222
id-979616,id-101
id-9316,id-222
rec-820610-dup-0,id-222
id-33972,id-222
id-2025530,
id-1241776,id-202
id-20544,id-222
rec-33800-dup-2,id-222
rec-33800-dup-1,id-222
rec-125931-dup-0,id-222
rec-1132372-dup-0,id-107
id-1239769,
rec-1132372-dup-2,id-107
rec-659454-dup-0,
id-11584,id-222
id-298339,id-107
id-4742,id-222
id-508834,
rec-258213-dup-0,id-72
rec-47204-dup-0,id-214
id-817,id-221
rec-153909-dup-0,rec-63-dup-0
rec-337068-dup-1,id-176
id-569117,
id-813,id-222
id-746216,
rec-566481-dup-2,
id-9262,id-222
rec-4746-dup-0,rec-221-dup-0
id-4304,id-221
id-335701,
id-648170,id-221
id-33371,id-222
id-30179,id-222
rec-566481-dup-0,
rec-97880-dup-0,rec-221-dup-0
id-190212,id-97
id-387,id-222
id-200866,
id-766031,id-150
rec-3331-dup-1,id-222
id-55901,
id-1101739,id-23720
rec-436813-dup-2,rec-221-dup-0
id-547537,id-30
id-47079,id-222
id-61965,id-38
id-315496,
rec-991-dup-1,rec-221-dup-0
rec-4841-dup-0,id-222
id-509742,id-67
rec-33800-dup-0,id-222
id-325256,id-221
id-1238564,
id-138160,
rec-336924-dup-2,rec-10-dup-0
id-549809,
id-153598,id-214
id-623691,
id-546755,
id-31154,id-105
id-226854,id-81
rec-234128-dup-0,id-202
id-772712,id-81
id-711388,
id-158830,id-221
id-496193,
rec-685872-dup-2,id-81
id-9084,id-222
id-125786,
id-15917,id-222
id-30719,id-221
id-791589,id-221
id-10558,id-73
id-122400,id-57
id-218240,id-160
rec-53908-dup-1,id-38
id-139945,id-322
id-899541,
rec-34227-dup-0,id-10195
rec-81786-dup-1,id-222
id-672704,
id-2392649,
id-659454,
id-253411,id-117
id-308670,id-38
id-51,id-222
rec-214449-dup-0,id-222
id-54,id-222
rec-971143-dup-0,
id-221402,id-81
id-492027,id-73
rec-599427-dup-2,id-222
rec-175905-dup-0,id-214
rec-234128-dup-1,id-202
id-111875,id-150
id-711494,
id-31534,id-222
id-31535,id-222
rec-208534-dup-0,rec-221-dup-0
id-282238,id-222
id-267212,id-202
id-69363,id-222
id-1347,id-221
rec-563984-dup-1,
id-258831,id-56
rec-53275-dup-2,id-57
id-193186,id-221
id-122538,id-81
id-3271,id-222
id-57184,id-67
id-57186,id-222
id-414265,id-326
id-460755,id-81
id-122247,id-13
id-460753,id-81
id-11551,id-222
rec-558971-dup-1,
id-661188,
rec-118270-dup-0,id-107
id-325744,id-222
rec-1515516-dup-0,id-73
rec-148344-dup-0,
rec-717300-dup-0,rec-221-dup-0
id-665751,id-73
id-32941,id-222
id-339055,id-81
id-23146,id-13
id-710630,
id-32435,id-150
id-309563,
id-316472,id-221
rec-191524-dup-0,id-222
rec-1286973-dup-1,id-222
id-9578,id-222
rec-148344-dup-1,
id-214449,id-222
rec-514731-dup-1,id-243
rec-514731-dup-0,id-243
rec-514731-dup-2,id-243
rec-1024956-dup-0,
rec-1024956-dup-1,
id-238335,id-81
id-15745,id-44676
id-71931,id-81
id-15747,id-81
rec-8818-dup-0,id-222
id-52756,
rec-1863653-dup-0,rec-271-dup-0
id-825763,
id-701974,
id-762646,id-240
id-882600,id-21
id-89441,id-222
rec-53908-dup-0,id-38
id-49799,id-222
id-270619,
id-223799,id-56
id-394308,id-81
id-86139,id-30
rec-355316-dup-1,rec-221-dup-0
rec-349638-dup-0,id-1812
id-183272,
id-653404,id-194
id-193055,id-73
id-70573,
rec-840550-dup-2,
id-885463,
rec-57306-dup-0,id-21
rec-57306-dup-1,id-21
id-584584,
id-172801,id-107
id-136897,
rec-45713-dup-1,
rec-45713-dup-0,
id-22301,id-222
rec-2122-dup-1,rec-221-dup-0
rec-278946-dup-0,
rec-278946-dup-1,
id-23845,
rec-971140-dup-0,rec-2759-dup-0
id-88515,id-73
id-92289,id-160
id-57478,id-176
rec-140449-dup-0,rec-221-dup-0
id-181847,id-73
id-192903,id-221
rec-440891-dup-1,id-81
id-644844,
id-51446,id-222
id-1024957,
id-1024956,
id-1024955,
rec-128831-dup-0,id-203
id-287538,id-38
rec-53908-dup-2,id-38
id-497820,id-81
id-613603,id-7709
rec-11826-dup-0,rec-221-dup-0
id-430512,id-221
rec-67588-dup-0,
rec-139482-dup-1,id-222
rec-92121-dup-1,
id-97073,id-5075
id-170778,id-107
id-140460,
id-189421,
id-697039,id-56
rec-4453-dup-2,id-222
id-312917,id-222
rec-176277-dup-1,id-38
id-755083,id-105
id-1161726,id-81
id-459670,id-194
id-154555,id-7020
id-1643597,
id-4841,id-222
rec-523184-dup-1,id-81
rec-523184-dup-0,id-81
rec-355316-dup-2,rec-221-dup-0
id-752515,id-222
id-6999,id-106
id-32763,id-81
rec-469807-dup-0,
id-23320,id-10
rec-61158-dup-0,id-222
id-78627,id-222
id-807298,id-222
rec-265209-dup-0,id-222
id-3461,id-221
id-298218,id-81
id-118270,id-107
id-597146,id-222
id-42990,id-73
id-184897,id-222
id-1223239,id-269
rec-1237831-dup-0,id-2450
id-119674,
rec-272229-dup-2,rec-53-dup-0
rec-272229-dup-0,rec-53-dup-0
id-94745,id-222
rec-465131-dup-0,rec-221-dup-0
rec-465131-dup-1,rec-221-dup-0
rec-465131-dup-2,rec-221-dup-0
id-81137,id-73
id-357268,id-221
id-176300,id-105
id-436292,
id-206208,id-202
id-12151,id-221
id-12153,id-221
id-491611,id-107
rec-1596594-dup-0,
rec-262301-dup-0,
id-79388,id-222
id-188792,
id-613918,id-72
id-48262,id-222
id-1242442,
id-385113,
id-260648,id-81
id-250814,id-73
id-686224,
id-563674,
id-45638,id-222
rec-310038-dup-0,id-222
rec-227829-dup-0,id-81
id-412320,id-176
id-39293,
id-682301,
id-917657,id-221
id-295268,id-222
id-22420,id-81
id-114036,id-222
id-778657,
id-900643,id-38
id-1007627,id-194
id-106599,id-202
rec-597175-dup-0,
id-38100,id-105
rec-148632-dup-1,id-21
id-469909,id-72
id-49846,id-87
id-611285,id-73
id-334810,
id-586504,id-105
rec-402986-dup-0,rec-221-dup-0
rec-637843-dup-0,rec-221-dup-0
id-6226,id-106
id-167549,
id-512913,id-221
id-828334,id-189
id-16076,id-221
rec-532524-dup-1,
rec-406868-dup-1,
rec-15667-dup-0,id-222
id-73502,id-221
rec-235523-dup-0,id-38
rec-485529-dup-0,id-5062
rec-879928-dup-0,rec-205-dup-0
id-149826,id-221
id-724224,
rec-775640-dup-0,
rec-216007-dup-0,
rec-216007-dup-1,
id-878411,id-170
id-402671,id-222
id-39182,id-160
id-459623,id-81
rec-245578-dup-0,id-202
rec-43974-dup-1,id-222
id-141658,id-171
id-562820,
id-508224,id-222
id-284787,id-222
id-83758,id-97
id-30544,id-72
id-469343,id-72
id-233747,id-81
id-368187,
id-50470,id-214
rec-75948-dup-1,id-107
rec-75948-dup-2,id-107
id-1600945,id-99496
rec-41158-dup-0,id-81
id-841157,
id-675814,
id-9414,id-222
id-188882,
id-114790,id-13
id-149628,
id-51130,id-72
id-435054,id-222
id-1661229,id-81
id-40042,id-118
id-800519,
id-94013,id-81
id-153687,
rec-559390-dup-0,
id-100291,id-57
id-837884,
id-5880,id-106
id-100968,id-222
id-5882,id-106
rec-156245-dup-0,
id-624088,id-222
rec-2207785-dup-2,
id-455739,
id-524411,id-176
rec-299034-dup-0,id-150
rec-56786-dup-1,id-60
id-2010744,id-73
id-111548,id-14
rec-56786-dup-0,id-60
id-453522,
id-256643,id-30
id-228322,
id-99709,id-221
rec-743338-dup-2,id-222
id-2290885,
rec-738588-dup-0,
id-366012,
id-91552,id-222
rec-174088-dup-0,id-222
id-822,id-221
id-825,id-221
id-70356,id-72
rec-462489-dup-0,
id-870693,
id-33363,id-221
id-2338708,
id-20157,id-72
id-283549,id-221
rec-1160197-dup-0,id-7704
id-119242,
id-1238391,
id-3648,id-222
id-230696,
id-926533,id-176
id-413455,id-81
id-8692,id-222
rec-889609-dup-1,id-107
rec-652821-dup-0,
id-679831,
id-678834,
rec-910535-dup-1,id-222
id-119241,id-172
id-672775,id-72
id-1515516,id-73
id-658627,
id-2050692,
id-250495,id-81
rec-452663-dup-1,id-13
id-775437,id-193
id-43172,id-222
rec-3690-dup-0,id-222
id-718288,id-222
id-737792,id-56
id-146382,
id-124894,id-202
id-189913,id-222
rec-153687-dup-0,
id-53976,id-5179
rec-987159-dup-0,
id-85568,id-221
rec-1527709-dup-1,id-23698
rec-1527709-dup-2,id-23698
rec-153687-dup-1,
id-36472,id-160
rec-279702-dup-0,id-222
rec-660023-dup-0,id-194
id-328126,id-222
id-2739,id-107
rec-403749-dup-0,id-14
id-445207,id-222
rec-202-dup-0,id-222
id-62,id-5147
id-242193,id-205
id-60,id-222
id-1014222,
id-849559,id-73
id-922709,id-170
id-8345,id-221
id-120909,id-30
rec-881316-dup-0,
rec-239239-dup-0,id-222
rec-101230-dup-1,id-222
id-14616,id-107
rec-269604-dup-0,rec-221-dup-0
id-696994,id-222
rec-35601-dup-1,id-21
id-61551,id-73
rec-460836-dup-0,rec-205-dup-0
id-112603,id-222
id-863339,id-5210
id-118912,id-221
id-349638,id-1812
rec-230596-dup-0,
id-187683,id-81
id-543482,
rec-740855-dup-0,rec-99-dup-0
id-118918,
rec-685872-dup-0,id-81
id-560021,id-73
rec-36683-dup-1,id-202
id-63480,id-202
id-478479,id-221
rec-536701-dup-1,id-81
rec-53275-dup-1,id-57
rec-53275-dup-0,id-57
id-124575,id-14
id-904754,id-2429
id-51908,id-326
id-605118,id-53
id-207857,
id-1357,id-221
rec-75514-dup-1,id-222
id-435011,id-222
id-884250,
id-37545,id-105
id-982080,id-30
id-289074,id-222
id-56916,id-153
rec-1323260-dup-1,id-150
id-653522,
id-177681,id-221
rec-41741-dup-1,id-222
id-187428,id-81
id-809945,id-47
rec-4453-dup-1,id-222
id-14732,id-222
id-63131,id-72
rec-31535-dup-1,id-222
id-103234,id-222
rec-460836-dup-2,rec-205-dup-0
id-2997,id-105
id-467585,
id-718631,
id-531788,
id-43810,id-222
id-23156,id-222
rec-24635-dup-1,id-222
rec-24635-dup-0,id-222
id-435499,id-221
id-407989,id-73
id-7262,id-221
id-256891,id-103
id-71452,id-73
id-71451,id-221
id-71102,id-221
rec-4915-dup-1,id-222
rec-653997-dup-1,rec-221-dup-0
id-845878,id-105
id-31453,id-106
id-34644,id-202
rec-1103984-dup-0,
id-1860430,id-222
id-415859,id-5098
rec-435052-dup-2,
id-562442,
id-65890,id-107
id-1919357,id-221
rec-69442-dup-0,id-105
rec-391633-dup-0,id-176
id-179780,id-73
rec-175905-dup-1,id-214
id-786776,id-105
id-218697,id-222
rec-334886-dup-0,id-73
id-6768,id-203
id-477565,id-214
id-98609,id-138
rec-306650-dup-1,id-81
id-14423,id-222
rec-229564-dup-0,
id-229809,id-38
rec-1103984-dup-1,
id-584020,id-222
id-642657,
rec-89955-dup-1,id-222
rec-206208-dup-0,id-202
id-326982,
id-108194,id-202
id-395550,id-221
id-52166,id-221
rec-37250-dup-1,id-30
id-708755,
id-88503,id-84
id-1201971,id-222
id-886047,id-153
id-843966,
id-156968,id-30
id-596594,id-435
id-858897,id-222
rec-293699-dup-0,
rec-640303-dup-0,id-222
id-133560,id-73
id-861584,id-221
id-2125329,id-81
rec-293699-dup-1,
id-49612,id-81
rec-136178-dup-0,id-38
id-559390,
id-109878,id-221
id-542419,id-202
rec-40073-dup-2,id-222
rec-384127-dup-0,
id-485529,id-5062
id-467758,id-222
id-466114,id-202
id-463432,id-72
rec-24331-dup-2,rec-221-dup-0
id-253119,id-221
id-67853,id-222
rec-40073-dup-0,id-222
id-184088,id-222
id-396218,
rec-844-dup-1,id-81
rec-844-dup-0,id-81
id-300592,id-10
rec-844377-dup-0,id-13
id-281816,id-176
id-569781,id-72
id-395884,id-203
rec-373742-dup-1,
id-59820,id-81
id-1656670,id-221
id-717374,
rec-3680-dup-0,id-107
rec-165013-dup-0,id-73
id-179418,
rec-34677-dup-0,id-222
rec-313146-dup-0,
rec-1742697-dup-2,id-176
id-281257,
rec-88515-dup-0,id-73
rec-356516-dup-0,id-150
id-6983,id-221
id-582152,id-105
id-340959,id-214
id-173457,id-222
rec-645508-dup-1,id-175
rec-645508-dup-2,id-175
id-462877,id-214
id-562064,id-221
rec-336875-dup-0,
id-451770,
id-42984,id-81
id-436282,
id-22597,id-107
id-1501588,id-590
id-208534,id-221
id-278444,
id-562667,id-73
id-22590,id-222
id-35601,id-21
rec-257825-dup-0,id-107
id-2017546,
rec-58636-dup-1,rec-10-dup-0
rec-58636-dup-0,rec-10-dup-0
rec-32837-dup-0,rec-221-dup-0
rec-70010-dup-0,id-150
id-145720,
id-12129,id-221
id-136445,id-13
rec-4356-dup-0,id-73
id-518844,
id-458181,
rec-34840-dup-0,id-150
rec-2338452-dup-2,
rec-563984-dup-0,
id-105616,id-222
id-21140,id-222
id-567402,id-5060
id-337068,id-176
id-161962,id-222
id-1148143,id-9655
rec-3823-dup-1,rec-99-dup-0
id-914843,
id-59001,id-222
id-4356,id-73
id-567769,id-194
id-1235289,id-326
id-148129,
id-348206,
id-52904,id-222
id-58532,id-214
rec-124934-dup-0,id-6926
id-242242,id-13
id-38110,
id-341795,
id-167537,id-202
id-36415,id-222
id-622491,
id-6238,id-221
id-16061,
id-1517,id-221
rec-14557-dup-1,rec-221-dup-0
id-315988,
id-82920,
id-1201418,id-222
id-525598,id-100
id-67838,id-222
id-659338,
rec-59092-dup-0,id-81
id-216143,id-221
rec-373742-dup-2,
rec-678834-dup-0,
rec-853786-dup-0,id-105
rec-2331-dup-0,rec-221-dup-0
rec-2254-dup-0,rec-221-dup-0
id-127685,id-5196
id-67835,id-150
id-21365,id-222
id-837651,id-189
id-285484,
id-663290,id-7493
id-110322,id-222
id-24206,id-60
rec-122283-dup-1,
id-2986,id-222
id-73249,id-150
id-629207,
id-191673,
rec-297001-dup-2,
id-945903,id-72
id-1637,id-222
rec-355316-dup-0,rec-221-dup-0
rec-678834-dup-1,
id-131230,id-222
id-59312,id-222
rec-933058-dup-0,
id-604193,id-222
id-33778,id-5075
rec-129722-dup-0,id-57
id-745555,id-14
id-1231776,id-5179
rec-67321-dup-0,id-107
id-2503,id-222
rec-10184-dup-0,rec-221-dup-0
rec-193257-dup-0,
id-61362,id-160
rec-2338452-dup-1,
id-34283,id-105
rec-56695-dup-0,id-168
id-170439,
id-36890,id-222
id-10356,id-222
rec-1659787-dup-0,
id-148494,id-73
rec-569503-dup-0,id-222
rec-3259-dup-2,id-105
rec-3259-dup-1,id-105
id-685649,id-81
id-245578,id-202
id-754661,
id-694310,id-222
rec-518650-dup-0,id-222
id-42560,id-202
id-293699,
id-42565,id-222
id-979678,id-222
rec-297001-dup-0,
rec-14917-dup-0,rec-10-dup-0
rec-452663-dup-0,id-13
id-711254,
id-795464,id-189
id-68173,id-222
id-24516,id-176
id-339821,
id-1241154,id-7703
id-84778,id-81
id-546609,
id-1181,id-222
rec-281663-dup-0,id-81
id-1302191,id-4434
rec-260042-dup-0,id-81
rec-124235-dup-1,rec-221-dup-0
rec-124235-dup-0,rec-221-dup-0
id-719231,
id-1745,id-222
id-3144,id-221
id-1743,id-222
id-1741,id-222
rec-436813-dup-0,rec-221-dup-0
id-61506,id-222
id-820610,id-222
id-20148,id-222
rec-7999-dup-0,id-222
id-4323,id-13
rec-7999-dup-2,id-222
id-39799,id-138
id-125697,id-221
id-328220,id-3957
id-4453,id-222
id-187161,
rec-152494-dup-0,
id-2109,id-222
rec-39801-dup-0,id-160
id-766834,id-67
id-447165,id-221
id-231026,id-10
id-9758,id-222
rec-47100-dup-1,
rec-10984-dup-0,id-202
id-209615,id-221
id-4690,id-221
rec-1527709-dup-0,id-23698
id-666735,
id-603339,
id-666736,
id-5453,id-222
rec-508834-dup-2,
id-99603,id-221
id-99605,id-221
id-5455,id-222
id-125164,id-13
id-814305,id-5147
id-56453,id-14
id-831310,id-81
rec-373915-dup-0,id-73
rec-293699-dup-2,
id-311917,id-7297
rec-283713-dup-0,id-224
id-655141,
id-525727,id-202
id-229623,id-221
id-199734,
id-557547,
id-199733,
rec-525598-dup-1,id-100
id-432637,id-107
id-1820453,
id-268096,
rec-162647-dup-0,id-222
id-8751,id-106
id-121770,
id-342774,
id-64025,id-170
rec-402986-dup-1,rec-221-dup-0
id-63782,id-107
id-107434,id-30
id-2122361,id-222
id-11442,id-81
id-1242232,id-171
id-3078,id-222
id-217465,
rec-71931-dup-0,id-81
id-648247,id-107
id-97970,id-46231
id-595907,id-107
id-30934,id-150
rec-39182-dup-0,id-160
rec-404126-dup-0,id-222
id-40,id-38
rec-536374-dup-0,id-105
id-654470,id-73
id-20217,id-138
id-120914,id-30
id-133717,id-150
rec-242255-dup-1,
rec-657941-dup-0,
id-261289,id-13
id-52227,id-222
id-287087,id-138
rec-528777-dup-2,
id-162647,id-222
id-714192,
id-969318,id-14
id-457299,
id-826061,
rec-281663-dup-1,id-81
rec-97192-dup-1,id-73
id-47,id-222
id-30026,id-79463
id-70199,id-202
id-46,id-221
id-190235,id-222
id-700116,id-107
rec-627408-dup-1,id-107
id-629949,id-84
rec-627408-dup-2,id-107
id-781649,
id-829849,
id-162979,id-243
id-464980,id-222
id-709749,id-221
id-845612,id-222
id-3452,id-222
rec-190212-dup-1,rec-97-dup-0
rec-190212-dup-0,rec-97-dup-0
id-1391805,id-7703
rec-193117-dup-1,id-105
id-1275676,id-81
id-413717,
id-325165,id-5212
id-116496,id-222
rec-499983-dup-0,id-107
id-719037,
id-1861441,id-1872
rec-705359-dup-0,id-170
rec-5621-dup-0,id-106
rec-5621-dup-1,id-106
rec-4092-dup-1,
rec-4092-dup-0,
id-739839,id-14
rec-167537-dup-2,id-202
rec-167537-dup-1,id-202
rec-167537-dup-0,id-202
id-51806,id-221
id-35006,id-221
rec-930001-dup-0,rec-221-dup-0
id-147599,
id-828621,id-13
id-364623,id-105
rec-333923-dup-1,id-176
rec-333923-dup-0,id-176
id-179793,id-222
id-307251,
id-178959,id-150
id-171378,id-176
id-586325,
id-653467,id-67
rec-39233-dup-2,id-107
id-245870,
id-151338,
id-2169728,
id-4915,id-222
id-1101096,id-7706
id-14414,id-30
rec-36722-dup-0,id-222
id-1575848,id-7703
id-14410,id-222
rec-427385-dup-1,rec-221-dup-0
id-11285,id-14
rec-427385-dup-2,rec-221-dup-0
rec-2025530-dup-0,
rec-2025530-dup-1,
id-175306,id-432
id-271595,
id-297138,id-81
id-43974,id-222
rec-103234-dup-0,id-222
id-32566,id-222
id-15090,id-38
id-142472,id-97
id-146974,id-222
id-417023,id-105
rec-452663-dup-2,id-13
id-2227656,id-203
id-110643,id-176
id-448100,id-21
id-641529,
id-281663,id-81
id-169054,id-203
rec-769157-dup-0,id-81
id-148462,id-72
id-69965,id-221
id-641523,id-171
rec-103234-dup-1,id-222
id-641527,
id-50192,id-13
id-641525,
id-641524,
id-431651,id-73
id-212836,
id-326201,
id-153898,id-73
id-11750,id-222
rec-160784-dup-1,id-170
id-124092,id-222
id-11598,id-222
rec-9764-dup-0,id-222
rec-39892-dup-2,rec-221-dup-0
rec-565127-dup-0,
rec-1016514-dup-0,id-38
id-72104,id-105
id-4863,id-221
id-715907,id-222
id-1077768,
id-32989,id-105
id-539310,id-107
id-297001,
id-687535,id-175
rec-191-dup-0,id-432
rec-404126-dup-1,id-222
id-57306,id-21
id-336924,id-10
id-1077767,
id-798566,
rec-129490-dup-0,id-81
rec-149549-dup-0,id-105
rec-971140-dup-1,rec-2759-dup-0
rec-858050-dup-0,
id-423843,id-222
rec-713238-dup-2,
rec-358966-dup-1,rec-221-dup-0
id-50680,id-68649
id-1784403,
id-1277206,id-222
rec-73379-dup-0,rec-221-dup-0
id-7965,id-7296
id-22859,id-222
id-33980,id-10
id-236205,id-13
id-97700,id-107
rec-256922-dup-0,id-73
id-1788163,id-84003
rec-440483-dup-0,rec-221-dup-0
id-257825,id-107
id-49608,id-81
rec-5455-dup-1,id-222
rec-5455-dup-0,id-222
rec-5941-dup-0,id-222
id-22458,
rec-1743-dup-1,id-222
id-644827,id-81
id-1314682,
id-131713,id-14
id-49606,id-81
id-427696,
rec-41728-dup-0,rec-221-dup-0
id-185459,
id-649189,id-170
id-563435,id-81
id-336253,
id-46201,id-622
rec-10440-dup-1,id-222
id-630404,
rec-658043-dup-0,
rec-1820453-dup-2,
id-41195,id-57
id-256187,id-117
rec-658043-dup-1,
id-44109,id-222
id-1401790,id-5212
id-141756,id-107
id-290356,id-56
id-588561,
rec-89441-dup-0,id-222
id-833964,id-14
rec-302846-dup-0,id-222
id-764637,id-99
id-116400,id-222
rec-451770-dup-0,
id-203575,id-81
rec-951562-dup-1,rec-221-dup-0
id-36594,id-222
id-365377,id-221
id-77089,id-81
id-20770,id-222
id-1248341,
id-1686312,
id-897322,
id-41824,id-222
id-622322,id-81
id-1012853,id-103
rec-737349-dup-0,
id-1012851,
id-1108353,
id-122543,id-81
rec-46629-dup-0,rec-221-dup-0
id-53250,
rec-265205-dup-2,id-222
id-462489,
id-39892,id-221
id-199209,
id-226421,
id-233769,id-113
id-85366,id-221
id-85360,id-221
rec-350212-dup-0,id-222
rec-423571-dup-0,
id-2535,id-221
rec-39006-dup-2,id-106
rec-39006-dup-1,id-106
rec-39006-dup-0,id-106
id-456931,
id-21791,id-222
id-776260,
id-45916,id-73
id-36886,id-222
id-526788,id-190
id-280735,
id-656041,id-222
rec-187683-dup-2,id-81
id-658043,
id-1503537,id-282
id-718198,id-221
id-658046,
rec-209179-dup-1,id-222
rec-209179-dup-2,id-222
id-795415,
rec-566491-dup-2,id-222
rec-94695-dup-1,id-222
id-844,id-81
id-706993,id-221
id-301098,id-117
id-243273,id-81
id-39099,id-106
id-20688,id-222
id-1197,id-222
id-53139,id-222
id-47912,id-222
rec-240438-dup-1,id-243
id-844165,id-222
id-101016,id-150
id-47914,id-106
rec-160071-dup-0,id-7020
rec-539307-dup-2,id-107
rec-539307-dup-1,id-107
id-438962,id-81
rec-603035-dup-1,id-202
id-321897,id-47
rec-22389-dup-1,rec-221-dup-0
id-728375,
id-150682,id-81
rec-233556-dup-0,id-254
rec-33040-dup-1,id-222
rec-33040-dup-0,id-222
id-313694,
id-120455,id-21
id-538911,id-104
rec-132663-dup-0,
id-657951,
id-118182,id-221
id-855481,id-222
id-538910,id-104
id-711029,id-107
id-233928,id-221
id-376705,
rec-4523-dup-0,id-222
rec-32522-dup-0,id-222
id-442678,id-176
rec-94695-dup-2,id-222
id-695946,id-222
id-2168954,id-89187
id-302165,
id-64588,id-221
id-9298,id-263
id-2289990,
rec-284133-dup-1,
rec-128737-dup-0,
id-465131,id-221
id-242448,id-432
rec-116496-dup-2,id-222
id-143933,id-221
id-137877,id-73
id-991,id-221
id-9617,id-73
id-289946,id-10
id-518333,id-84
id-648742,id-30
id-1083463,
rec-323846-dup-0,id-194
id-391633,id-176
id-242684,id-73
rec-260648-dup-2,id-81
id-89,id-222
id-63903,id-105
rec-679831-dup-0,
rec-679831-dup-1,
rec-172801-dup-2,id-107
id-83,id-170
rec-172801-dup-0,id-107
rec-644844-dup-2,
rec-644844-dup-0,
rec-644844-dup-1,
id-302701,id-81
rec-88012-dup-0,id-73
id-283289,id-435
id-279702,id-222
id-280954,
id-859625,id-222
id-442219,id-150
rec-64142-dup-0,id-7704
id-1373,id-221
rec-5453-dup-2,id-222
id-399622,id-107
rec-84353-dup-0,id-13
rec-1286973-dup-0,id-222
id-105903,id-203
id-578737,id-222
rec-1941097-dup-0,id-222
id-754876,id-107
rec-31534-dup-2,id-222
rec-541417-dup-0,
id-199,id-222
id-214673,id-5147
id-659248,
id-662249,
rec-77089-dup-0,id-81
rec-438962-dup-0,id-81
id-190,id-222
id-2051564,id-222
id-101940,id-221
id-63738,id-222
id-283350,id-67
id-197,id-103
id-565227,
id-34754,id-222
id-282007,id-84
rec-116557-dup-0,
id-2052068,id-73
id-117238,id-222
id-278946,
rec-922709-dup-1,id-170
rec-922709-dup-0,id-170
id-506995,id-20
rec-745555-dup-0,id-14
id-905952,
id-58431,id-160
id-688548,id-170
id-3444,id-222
id-858050,
id-10184,id-221
id-82317,id-73
id-302017,
id-205111,id-202
rec-785257-dup-0,rec-113-dup-0
rec-785257-dup-1,rec-113-dup-0
rec-156245-dup-1,
rec-245294-dup-0,id-14
rec-245294-dup-1,id-14
rec-629949-dup-0,id-84
id-745525,
id-56063,id-202
id-31471,id-105
id-3591,id-222
id-883983,id-81
rec-53139-dup-0,id-222
id-951562,id-221
rec-242773-dup-0,id-73
id-198072,id-266
rec-173871-dup-1,id-222
id-51817,id-222
rec-1822089-dup-1,id-105
rec-173871-dup-0,id-222
id-401218,id-221
id-168462,id-81
id-31878,id-222
id-37444,id-107
id-490739,id-222
id-660005,
id-411882,id-13
id-52544,id-221
id-829942,
id-36414,id-160
id-739644,id-221
rec-36683-dup-0,id-202
id-770448,
id-10984,id-202
id-326052,
id-553109,id-14
id-952295,id-72
id-160071,id-7020
id-503379,
rec-245283-dup-2,id-222
rec-36683-dup-2,id-202
id-4906,id-81
id-122166,id-81
rec-242693-dup-0,rec-221-dup-0
id-922924,
rec-876499-dup-1,
rec-229809-dup-2,id-38
id-175317,id-194
id-1323260,id-150
rec-3823-dup-2,rec-99-dup-0
id-1180563,
rec-995515-dup-0,id-81
id-52145,id-222
rec-39233-dup-1,id-107
rec-1323260-dup-0,id-150
id-886026,id-73
id-1405438,id-434
id-265205,id-222
rec-122283-dup-0,
id-85961,id-107
id-3356,id-222
rec-375147-dup-0,id-117
rec-230595-dup-1,id-222
id-32354,id-222
id-869569,id-202
id-1280717,id-3924
id-883761,id-7345
id-568907,
id-119584,id-222
id-4876,id-221
id-262731,id-222
id-1990,id-194
rec-388370-dup-0,
id-743175,
id-97025,id-72
id-735589,
rec-118465-dup-0,rec-221-dup-0
id-706899,id-221
id-1822089,id-105
id-54524,id-222
rec-861811-dup-0,
rec-655315-dup-2,
id-14154,id-8966
id-8818,id-222
id-131920,id-221
id-7725,id-222
id-114873,
id-38915,id-222
rec-4746-dup-2,rec-221-dup-0
id-835601,id-150
id-992,id-13
id-346340,id-81
rec-395550-dup-0,rec-221-dup-0
rec-71770-dup-2,id-222
id-247640,id-13
id-793358,
id-94,id-222
id-683889,id-72
rec-817658-dup-1,id-194
id-45280,id-106
id-200702,id-222
rec-12069-dup-0,id-222
id-109609,id-105
id-823427,id-160
id-246591,id-13
id-22008,id-221
id-769178,
rec-360276-dup-1,id-222
id-88237,id-150
id-765043,id-73
id-184621,id-222
id-834914,id-107
id-127268,
id-318794,id-117235
id-57933,id-113
rec-32020-dup-0,id-222
id-564687,id-103
id-1270237,id-653
rec-103922-dup-0,id-222
rec-454535-dup-0,
id-139482,id-222
id-171347,
rec-92744-dup-0,id-222
rec-861584-dup-0,rec-221-dup-0
id-143929,id-221
id-339575,id-73
id-10157,id-221
id-438237,id-221
id-282821,id-221
id-774371,
id-67588,
id-1399781,id-222
rec-50353-dup-0,rec-221-dup-0
id-298176,id-222
id-118887,
rec-653997-dup-2,rec-221-dup-0
rec-47-dup-0,id-222
id-523602,
id-1514341,id-81
id-844377,id-13
id-114060,id-222
id-67962,id-107
id-93850,id-214
id-145273,id-105
id-394483,
id-35999,id-72
id-359296,id-72
id-66983,id-105
id-434964,
id-491605,
id-247354,id-222
id-21367,id-222
id-138601,id-54
id-110490,id-222
id-2233,id-73
id-2236,id-38
id-100379,id-104
id-2234,id-221
id-402608,id-221
id-73082,id-222
id-405796,id-153
id-156245,
id-66503,id-107
id-605119,id-653
id-1177810,
rec-188882-dup-0,
id-40270,id-107
rec-14907-dup-0,id-222
id-746796,id-194
id-92566,id-221
id-671306,
rec-1626193-dup-1,id-30
rec-1626193-dup-0,id-30
id-546136,id-81
id-21240,id-221
id-383315,id-221
id-935779,id-222
rec-373742-dup-0,
id-1659787,
rec-120914-dup-1,id-30
id-5507,
id-1223007,
rec-365377-dup-1,rec-221-dup-0
id-99287,id-222
rec-566481-dup-1,
id-474636,id-222
id-1615,id-222
id-39319,id-106
rec-71199-dup-0,id-21
id-1616,id-222
rec-834982-dup-0,id-194
rec-834982-dup-1,id-194
id-223910,id-81
id-90086,id-72
id-64925,id-222
id-40073,id-222
rec-3271-dup-2,id-222
id-117860,id-107
id-188,id-7703
id-526113,id-81
id-153657,id-73
rec-45666-dup-0,id-105
id-853786,id-105
id-407,id-81
id-159347,
id-299405,
id-35542,id-150
id-70603,id-104
id-110544,
id-155775,id-170
id-1011759,id-5147
id-16359,id-81
id-629087,id-222
rec-540054-dup-1,id-81
id-116319,id-222
rec-818520-dup-0,
rec-433373-dup-0,id-84
id-44954,id-221
id-805009,id-13
id-51002,id-222
id-156233,id-81
id-290579,id-84
rec-992-dup-1,id-13
id-523184,id-81
id-346433,
rec-89-dup-0,id-222
id-5613,id-104
id-718349,
id-359679,id-129
id-346436,id-222
id-59206,id-81
rec-103234-dup-2,id-222
id-2417,id-202
id-365813,id-72
id-1763,id-222
id-145491,id-38
rec-750189-dup-0,
rec-718946-dup-1,
rec-373350-dup-1,rec-221-dup-0
id-1766,id-222
rec-164-dup-2,id-222
rec-10302-dup-2,id-222
id-84913,id-103
id-3942,
id-65069,
rec-89955-dup-2,id-222
id-278377,id-73
id-243181,
id-10170,id-221
id-657941,
id-4473,id-222
rec-1763-dup-0,id-222
id-33800,id-222
id-648484,
id-794336,
id-42435,
id-723130,id-30
rec-2927-dup-0,id-81
rec-34914-dup-2,id-222
id-677359,id-176
id-795534,
id-63902,
id-1595546,id-222
rec-260648-dup-0,id-81
id-51315,id-72
id-592528,
id-146374,id-222
id-965720,id-107
rec-160784-dup-0,id-170
id-921280,id-222
rec-4690-dup-1,rec-221-dup-0
id-754648,id-103
rec-39848-dup-0,id-222
id-466525,id-150
id-9359,id-221
id-231417,id-222
id-264045,id-222
id-165834,id-222
id-242693,id-221
id-8551,id-14
id-441240,
id-659497,
id-99,id-222
rec-24331-dup-0,rec-221-dup-0
rec-24331-dup-1,rec-221-dup-0
id-1033515,id-100
id-93,id-222
rec-101016-dup-0,id-150
id-1239018,id-4000
id-272229,id-53
rec-365377-dup-0,rec-221-dup-0
id-399612,
id-56786,id-60
id-566540,id-221
rec-40678-dup-0,id-222
id-187,id-222
rec-762646-dup-0,id-240
id-64484,id-222
id-184,id-222
id-34586,id-221
rec-175989-dup-0,id-222
id-908202,id-172
rec-14907-dup-1,id-222
id-384944,id-5089
id-43631,id-222
id-414130,id-81
id-471162,id-30
id-648648,id-222
id-389863,id-266
id-135353,id-222
rec-709823-dup-0,
id-10179,id-30
id-240438,id-243
rec-223910-dup-1,id-81
id-104720,id-118456
id-160408,
rec-59284-dup-0,id-222
rec-435052-dup-0,
rec-2236-dup-0,id-38
id-34560,id-176
rec-817658-dup-0,id-194
id-863382,id-67
rec-634733-dup-1,rec-67-dup-0
id-510558,id-176
id-107702,id-221
id-10204,id-81
rec-191673-dup-1,
rec-52544-dup-0,rec-221-dup-0
id-654943,
rec-61854-dup-0,
rec-191673-dup-0,
id-10193,id-222
rec-667298-dup-0,id-222
rec-265205-dup-0,id-222
id-7834,id-222
id-3126,id-221
id-110404,
id-245294,id-14
id-552995,id-7952
id-186433,id-205
id-740340,id-221
id-495829,id-153
rec-7999-dup-1,id-222
id-430470,id-73
rec-4690-dup-0,rec-221-dup-0
id-11826,id-221
id-245106,id-72
rec-951562-dup-0,rec-221-dup-0
id-2207406,id-222
id-912501,
rec-592428-dup-2,id-38
rec-235831-dup-0,id-81
rec-851379-dup-0,id-194
id-962447,
id-389137,id-176
id-1751715,
id-1075216,id-84
id-401205,
id-81786,id-222
id-401207,id-153
id-269783,
rec-1539-dup-1,id-222
rec-46624-dup-0,id-202
rec-14679-dup-0,id-44
id-40678,id-222
id-751710,id-27
id-151300,id-176
id-718574,
id-306650,id-81
id-255964,id-14
rec-117427-dup-1,id-72
id-112783,id-73
id-96253,id-222
rec-1643597-dup-1,
rec-844165-dup-0,id-222
id-347594,id-72
rec-661188-dup-0,
id-35367,id-221
id-7935,id-222
id-717694,
id-122283,
id-947082,id-221
id-1596594,
id-1737813,
id-58141,id-194
id-119323,
id-207287,id-38
id-162937,id-105
id-2091,id-222
id-261245,id-222
rec-200478-dup-1,id-73
rec-200478-dup-0,id-73
id-883772,
rec-229912-dup-0,id-56
id-6083,id-222
rec-14557-dup-0,rec-221-dup-0
id-843750,id-221
id-67118,id-222
id-1968,id-13
rec-14557-dup-2,rec-221-dup-0
rec-34644-dup-0,id-202
id-106939,id-222
id-67117,id-222
id-513696,
id-481611,id-222
id-717327,
id-678164,
id-35749,id-222
id-145514,id-170
id-1003675,
id-1271559,
id-78361,id-222
id-251315,id-175
id-277835,
id-189994,id-222
id-868973,id-222
id-868972,id-222
rec-61099-dup-0,rec-221-dup-0
rec-61099-dup-1,rec-221-dup-0
rec-469225-dup-1,id-105
rec-1192305-dup-0,
rec-14530-dup-0,id-81
rec-138921-dup-0,id-222
rec-550430-dup-1,
id-178932,id-222
id-1076433,id-153
id-436767,id-222
rec-1192305-dup-2,
id-49247,id-222
rec-1919357-dup-0,rec-221-dup-0
id-105384,id-221
id-53448,id-202
id-360506,id-7708
id-46945,id-73
rec-1919357-dup-1,rec-221-dup-0
rec-242255-dup-0,
rec-172801-dup-1,id-107
id-948816,
id-12119,id-73
rec-23678-dup-0,id-194
id-514731,id-243
id-23874,id-107
id-508365,id-105
id-108237,id-222
id-50027,id-106
id-31404,id-222
rec-228322-dup-0,
id-31739,id-221
rec-687367-dup-1,id-72
id-104010,id-105
id-5633,id-7020
id-661724,
rec-184209-dup-0,rec-98-dup-0
id-415170,id-235
id-338696,id-222
id-12598,id-221
id-63196,
id-774364,
id-220530,id-221
id-961763,id-222
id-114075,id-221
id-114073,id-21
id-172571,
id-39415,id-57
rec-584584-dup-0,
rec-717374-dup-0,
id-541283,
id-743338,id-222
id-1815,id-221
rec-266777-dup-0,id-194
rec-21240-dup-2,rec-221-dup-0
id-181362,id-21
id-1542,id-3
id-22492,id-222
id-553678,
rec-469807-dup-2,
rec-181824-dup-0,id-30
id-1240098,id-222
id-667127,id-203
id-219444,id-38
rec-181824-dup-1,id-30
id-403749,id-14
rec-576463-dup-1,id-30
id-1244653,id-222
id-874264,id-138
id-308397,
rec-114202-dup-0,id-107
id-128608,
rec-267212-dup-2,id-202
rec-267212-dup-0,id-202
rec-267212-dup-1,id-202
rec-652821-dup-1,
rec-592428-dup-0,id-38
id-74603,id-222
id-21002,id-221
rec-592428-dup-1,id-38
id-402950,id-73
id-120266,id-150
id-1946539,id-98
rec-565227-dup-0,
id-500085,id-30
id-879928,id-205
id-879929,id-205
id-987159,
id-123898,id-221
id-51178,id-21
rec-1448809-dup-1,id-82557
rec-1448809-dup-0,id-82557
id-1174387,
id-153909,id-63
id-2394,id-222
id-340748,id-222
id-383784,id-5213
id-102893,id-81
id-128737,
id-576463,id-30
id-685872,id-81
id-66400,id-202
id-66402,id-73
id-145082,id-202
id-478503,
id-160980,id-81
id-66158,id-38
id-366906,
id-5621,id-106
id-180143,
id-402831,id-171
rec-1874-dup-0,id-81
id-280716,id-117
id-116300,id-222
id-5603,id-13
id-42534,id-106
id-6040,id-222
rec-912500-dup-1,
id-1125606,id-221
id-41711,id-106
id-1125604,id-221
id-44941,id-221
id-16360,id-84
id-74151,id-222
id-1044098,id-222
id-30697,id-222
id-74156,id-13
id-465718,id-2429
id-84146,id-107
rec-42333-dup-0,rec-221-dup-0
id-85414,id-72
rec-901345-dup-0,id-222
id-168859,id-202
id-1316413,
id-185490,id-105
rec-265205-dup-1,id-222
id-432390,id-30670
rec-102893-dup-1,id-81
id-1618347,id-81
id-770333,
id-1119587,
rec-39892-dup-0,rec-221-dup-0
id-1229268,id-13
id-10342,id-73
id-353658,
id-718085,
id-45726,id-222
id-985779,
id-798895,id-113
id-397426,id-53
id-413655,
id-309597,
id-124739,id-150
id-1295353,id-221
rec-843750-dup-0,rec-221-dup-0
rec-634733-dup-0,rec-67-dup-0
id-265209,id-222
id-133691,
rec-10729-dup-0,id-56
id-373915,id-73
id-1167953,id-9279
id-615231,
rec-3259-dup-0,id-105
rec-670623-dup-0,id-222
id-450416,id-105
id-615788,id-254
id-197001,id-222
id-64631,id-222
id-34227,id-10195
id-858049,
id-336341,id-68696
id-135741,id-222
rec-230596-dup-2,
id-164994,
id-851635,id-222
id-2779,id-221
id-140966,
rec-117427-dup-0,id-72
id-912869,
id-437767,
rec-119242-dup-0,
id-37938,id-222
rec-49369-dup-1,id-107
id-338980,id-205
id-244,id-222
id-283713,id-224
id-197771,id-153
id-92327,id-105
id-242481,id-221
rec-102893-dup-2,id-81
id-595282,id-72
id-1558721,id-105
id-1558722,
id-9018,id-222
id-350834,id-222
id-1451946,
rec-461864-dup-0,
id-20241,id-194
rec-612300-dup-0,id-73
id-180966,
id-399604,
id-685126,id-72
id-612300,id-73
rec-1691339-dup-0,rec-7324-dup-0
id-31074,id-222
rec-609056-dup-0,
id-156524,
rec-334717-dup-0,id-73
id-376292,id-222
id-205252,id-72
rec-10184-dup-2,rec-221-dup-0
id-329659,
id-803047,
id-273294,id-222
id-876499,
id-262301,
id-2601,id-81
id-1156,id-222
id-744770,
id-744771,
rec-900643-dup-0,id-38
rec-129092-dup-2,id-73
id-1420235,id-1178
id-89655,id-202
rec-45908-dup-0,id-73
rec-927309-dup-0,id-72
id-132663,
rec-1124983-dup-0,
id-60661,id-81
id-1041266,id-222
rec-588561-dup-0,
id-250079,
rec-183687-dup-1,
id-778341,id-221
rec-706899-dup-0,rec-221-dup-0
rec-248828-dup-0,id-106
id-92121,
rec-197862-dup-0,id-107
id-245283,id-222
id-882129,id-67
id-123479,id-222
id-1180765,
rec-338710-dup-0,
id-57227,id-222
id-34686,id-222
id-142192,id-103
id-539308,id-107
id-266777,id-194
id-578662,id-193
id-539307,id-107
rec-670623-dup-1,id-222
id-238570,id-203
id-261708,
id-660023,id-194
id-975029,
id-108000,
rec-701452-dup-0,
id-545963,
id-196032,id-73
id-430640,id-222
id-24589,id-221
id-790932,
rec-94745-dup-0,id-222
rec-868034-dup-2,id-105
rec-868034-dup-1,id-105
id-187268,id-222
id-728837,
id-770938,id-222
rec-719037-dup-1,
id-1696173,id-30897
rec-135073-dup-1,rec-221-dup-0
rec-135073-dup-0,rec-221-dup-0
id-718560,
id-110974,id-222
rec-2048118-dup-0,
rec-38971-dup-0,id-73
id-696964,id-221
id-292443,id-432
rec-10729-dup-1,id-56
id-1235826,id-5282
id-190845,id-222
id-92703,id-107
id-32513,id-81
id-652478,id-221
id-335114,id-107
id-91919,id-30
id-261703,id-81
id-564564,id-14
id-262054,id-222
id-595139,
id-234102,id-150
id-435052,
id-34824,id-222
id-22644,id-222
id-748814,id-107
id-147652,
id-34833,id-222
rec-1177774-dup-1,id-72
id-701679,id-170
id-781299,
id-178843,id-222
id-534135,id-176
id-22649,id-221
id-36683,id-202
id-81082,id-432
id-641792,
id-12181,id-81
id-248730,id-222
id-478665,
id-1154349,
id-123387,id-221
id-192739,id-10
id-147640,id-81
id-129722,id-57
id-82519,id-222
id-169483,id-222
id-1945738,
id-553560,id-194
rec-1315-dup-0,id-222
id-2726,id-5099
rec-1315-dup-2,id-222
id-569503,id-222
rec-24074-dup-0,id-222
rec-12078-dup-2,id-222
rec-609056-dup-2,
rec-200478-dup-2,id-73
id-15937,id-38
id-587603,
id-867127,id-14
id-148908,id-221
rec-1503537-dup-1,id-282
rec-1503537-dup-0,id-282
id-420858,id-221
id-906492,
id-49233,
id-1784437,
id-518958,
id-334221,
id-32020,id-222
id-34914,id-222
id-734410,id-222
id-1082100,
id-2340785,id-53
id-170690,id-72
id-148344,
id-1180824,id-12930
id-124935,id-221
rec-681064-dup-2,
id-467004,id-222
rec-681064-dup-0,
rec-37250-dup-0,id-30
id-2173,id-221
rec-766834-dup-0,rec-67-dup-0
rec-2025529-dup-0,id-73
id-149983,id-222
id-97192,id-73
id-395467,id-44
id-793816,id-160
rec-976383-dup-0,id-222
rec-829849-dup-0,
rec-829849-dup-1,
rec-762646-dup-1,id-240
id-687367,id-72
id-1945737,
id-488772,id-73
id-23465,id-81
id-385786,
id-46373,id-222
id-724789,
id-143312,id-221
rec-187428-dup-0,id-81
rec-31839-dup-0,id-14
rec-514116-dup-0,id-81
id-41381,id-203
rec-238335-dup-2,id-81
id-886824,id-73
rec-238335-dup-0,id-81
id-298885,id-73
id-22732,id-222
id-703010,id-222
rec-129334-dup-1,id-81
id-1804,id-221
id-451488,
rec-160408-dup-1,
id-622089,
id-38401,id-222
id-713850,
rec-9460-dup-0,rec-221-dup-0
rec-713238-dup-1,
id-787882,id-222
id-750834,
id-2210,id-84
id-170587,id-96
id-4,id-3821
rec-713238-dup-0,
id-444190,id-82618
id-789077,
id-1536973,id-107
rec-43631-dup-1,id-222
rec-10984-dup-1,id-202
rec-508880-dup-0,id-222
id-208486,id-221
rec-66402-dup-0,id-73
id-45713,
id-128760,id-13
id-114058,id-222
id-1960,id-221
id-769157,id-81
rec-270619-dup-0,
id-374049,id-214
id-204040,id-150
id-54108,id-222
rec-47079-dup-1,id-222
rec-47079-dup-2,id-222
id-879664,
rec-307-dup-0,rec-103-dup-0
id-653364,
rec-603035-dup-2,id-202
id-959452,id-222
id-188388,id-222
id-163969,id-221
id-2546,id-221
id-45037,id-97
rec-457907-dup-2,id-189
id-40385,
rec-457907-dup-1,id-189
id-38537,id-138
rec-97025-dup-0,id-72
id-443734,id-204
id-216007,
id-1220440,id-222
id-1064738,id-10861
id-868580,id-107
id-52898,id-73
id-75948,id-107
id-1031846,id-113
id-916777,
id-916776,
id-66411,id-202
rec-933058-dup-1,
id-682801,
id-189169,id-7953
rec-4453-dup-0,id-222
id-98202,id-84
id-21106,id-30
rec-101230-dup-0,id-222
id-404126,id-222
rec-7861-dup-0,id-222
id-518650,id-222
id-1572403,id-9625
id-72042,
id-879001,id-222
id-171700,
id-41728,id-221
id-5679,id-7327
rec-117574-dup-0,id-84
id-148712,id-170
id-546865,id-21
rec-42534-dup-0,id-106
id-879861,id-21
id-640303,id-222
id-452663,id-13
rec-630380-dup-0,id-81
id-207665,id-222
id-101040,id-222
id-637572,
rec-1515516-dup-2,id-73
rec-1515516-dup-1,id-73
id-353887,id-73
id-628212,
id-1551197,id-107
id-38339,id-105
id-9579,id-222
rec-2290885-dup-0,
id-47437,
id-30119,
id-799062,id-105
rec-595907-dup-0,id-107
id-504,id-222
rec-513046-dup-1,id-150
rec-513046-dup-0,id-150
rec-513046-dup-2,id-150
id-120423,id-30
rec-1643597-dup-0,
rec-176277-dup-2,id-38
rec-61099-dup-2,rec-221-dup-0
rec-176277-dup-0,id-38
id-976383,id-222
id-41124,id-81
rec-71102-dup-0,rec-221-dup-0
rec-110490-dup-0,id-222
id-174591,
id-437624,
rec-459923-dup-0,id-202
id-459923,id-202
id-999906,id-221
id-42415,id-222
rec-405195-dup-1,
id-9716,id-81
id-5251,id-222
id-5250,id-222
rec-1784437-dup-1,
id-250445,id-81
id-629751,
rec-968348-dup-2,
id-105725,
rec-968348-dup-0,
rec-968348-dup-1,
id-175626,id-38
id-5549,id-222
id-592738,id-160
id-422905,id-222
id-39119,id-115582
id-37921,id-222
id-196861,id-107
id-8718,id-222
id-69537,id-222
rec-240438-dup-0,id-243
id-153565,id-222
rec-528777-dup-0,
rec-1047318-dup-0,id-5586
rec-1643597-dup-2,
id-87221,id-202
rec-983085-dup-0,id-222
id-87222,id-222
id-33266,id-222
id-1023091,id-81
rec-550430-dup-0,
rec-353658-dup-0,
rec-43631-dup-0,id-222
rec-66411-dup-1,id-202
rec-308397-dup-2,
id-1947399,
rec-308397-dup-0,
rec-308397-dup-1,
id-977237,
rec-4915-dup-0,id-222
id-253,id-221
rec-308670-dup-0,id-38
id-47366,id-222
id-926258,
rec-689394-dup-0,id-222
rec-467758-dup-1,id-222
rec-467758-dup-0,id-222
id-413539,id-222
id-714190,
id-666836,
id-84596,id-81
id-84597,id-222
id-129092,id-73
id-655078,
rec-825763-dup-0,
rec-1124983-dup-1,
id-51209,id-222
id-229488,
id-349372,id-222
rec-32020-dup-2,id-222
id-663679,id-67
rec-32020-dup-1,id-222
rec-655315-dup-1,
rec-443635-dup-0,id-107
id-30847,id-150
id-391771,id-105
rec-229809-dup-1,id-38
id-433619,id-222
id-10220,id-222
id-3416,id-222
rec-33153-dup-2,id-87369
id-1004838,
rec-33153-dup-0,id-87369
id-50761,id-222
id-93424,
id-325434,id-10
id-3418,id-222
rec-10984-dup-2,id-202
id-193257,
id-607518,id-150
rec-655315-dup-0,
id-121771,id-221
id-985549,
id-531440,id-12314
id-607102,id-113
id-224030,id-221
id-659523,
rec-557203-dup-0,id-81
id-851379,id-194
rec-334886-dup-1,id-73
id-385963,id-107
rec-1821590-dup-1,
id-150982,id-72
id-40280,id-81
id-1467357,id-221
id-174573,id-160
id-162777,
id-15855,id-73
id-55858,
id-476934,id-167
rec-23678-dup-1,id-194
id-60783,id-30
id-14679,id-44
rec-97192-dup-0,id-73
id-47164,id-221
id-208141,id-21
id-460602,id-221
id-239238,id-222
id-219134,id-222
rec-10440-dup-0,id-222
id-739618,
rec-1634335-dup-0,rec-221-dup-0
id-181824,id-30
rec-186433-dup-0,rec-205-dup-0
id-36327,id-30
id-63091,id-222
id-556943,
id-262429,id-67
id-12441,id-73
rec-627408-dup-0,id-107
id-32522,id-222
id-201224,id-81
id-248134,id-221
id-939515,id-105
id-32837,id-221
id-122653,id-176
id-857374,id-84
id-384022,id-105
id-525068,id-72
id-82218,id-10861
rec-81082-dup-0,id-432
id-923061,
id-1160197,id-7704
rec-32763-dup-0,id-81
id-113439,id-203
id-312065,id-221
id-1235696,id-82583
rec-32763-dup-1,id-81
rec-245283-dup-0,id-222
rec-245283-dup-1,id-222
id-112128,id-222
id-417266,id-222
id-207068,id-221
id-294468,id-107
id-315890,
id-224851,id-107
rec-411882-dup-0,id-13
rec-411882-dup-1,id-13
rec-411882-dup-2,id-13
rec-1822089-dup-0,id-105
id-495111,id-56
rec-850163-dup-0,
id-22389,id-221
rec-42415-dup-0,id-222
rec-128831-dup-1,id-203
rec-711029-dup-0,id-107
id-233556,id-254
id-8071,
rec-2207785-dup-1,
id-4825,id-202
id-717300,id-221
id-639921,id-176
id-1470236,
id-272152,
rec-128831-dup-2,id-203
id-760284,id-67
id-653020,id-202
id-1192305,
id-175989,id-222
id-719957,id-222
id-1046225,
rec-108194-dup-0,id-202
id-244528,id-56
id-53043,id-221
id-23678,id-194
id-617011,
id-175299,
id-469503,id-81
id-123737,
id-132330,id-222
id-440483,id-221
id-400312,id-1876
rec-52512-dup-1,id-7326
id-45202,id-81
id-454021,
id-131684,id-103
id-281719,id-222
id-538460,id-150
id-881316,
rec-66411-dup-0,id-202
id-141082,id-73
rec-447165-dup-2,rec-221-dup-0
rec-447165-dup-1,rec-221-dup-0
id-1237664,
id-536888,
id-1016514,id-38
rec-112128-dup-1,id-222
rec-112128-dup-0,id-222
rec-2395709-dup-0,id-81
id-584529,
id-82444,id-5430
id-268693,id-7703
id-1022609,id-5060
rec-1958-dup-0,id-38
rec-3452-dup-0,id-222
rec-3452-dup-1,id-222
id-258213,id-72
id-740464,
id-53264,id-222
rec-310038-dup-1,id-222
id-23494,id-203
id-649834,
id-72092,id-222
rec-837200-dup-0,id-7281
id-49648,id-221
rec-69965-dup-0,rec-221-dup-0
id-899403,
rec-611285-dup-0,id-73
id-399955,
rec-2248574-dup-1,
rec-2248574-dup-0,
id-532524,
id-2025531,
rec-459435-dup-0,id-73
rec-459435-dup-1,id-73
id-443635,id-107
id-23928,id-222
rec-123387-dup-0,rec-221-dup-0
id-707520,id-81
id-23924,id-221
id-1967284,
id-37144,id-222
id-141159,id-176
id-302903,
id-365078,id-222
id-1822530,id-176
id-141153,id-222
id-339439,id-222
id-1863653,id-271
id-53469,id-202
id-246816,id-107
rec-1201418-dup-0,id-222
id-453921,id-107
rec-163969-dup-1,rec-221-dup-0
id-454535,
rec-1132372-dup-1,id-107
id-77028,
rec-491611-dup-0,id-107
id-74007,id-222
id-94695,id-222
id-843597,id-222
id-422130,
id-77021,id-105
id-256373,id-99
id-1659175,
rec-184-dup-2,id-222
id-470778,
id-3884,id-222
rec-541645-dup-0,
id-953681,id-12030
id-817658,id-194
id-601621,
id-351826,id-221
id-2571,id-222
rec-609056-dup-1,
id-470776,id-107
rec-4-dup-1,rec-3821-dup-0
rec-4-dup-0,rec-3821-dup-0
rec-21367-dup-0,id-222
rec-4-dup-2,rec-3821-dup-0
id-504418,
id-5468,
id-1823740,
rec-799973-dup-0,
id-515379,id-221
id-373689,id-167
id-16162,id-222
id-69657,id-13
id-110517,id-222
id-525479,id-219
id-562864,
id-406868,
rec-307-dup-1,rec-103-dup-0
id-44520,id-84
id-1000515,id-57
id-21116,id-30
id-1937527,id-7703
rec-97025-dup-1,id-72
id-1831918,
rec-4092-dup-2,
id-41733,id-222
rec-63131-dup-0,id-72
rec-58431-dup-0,id-160
rec-58431-dup-1,id-160
id-810709,id-73
id-715275,
id-327384,id-3831
id-901345,id-222
id-508880,id-222
id-189446,id-105
id-1710,id-222
id-34106,id-105
id-1239223,id-5548
rec-38401-dup-0,id-222
id-610960,
id-953656,id-222
id-38345,id-222
id-566606,
rec-86461-dup-0,rec-99-dup-0
id-401002,id-73
id-419252,
rec-135422-dup-1,id-107
rec-135422-dup-0,id-107
id-291927,
id-731954,id-190
rec-46003-dup-0,id-81
rec-46003-dup-1,id-81
id-393568,id-28126
id-74828,id-105
id-20886,id-221
rec-1237664-dup-0,
id-483363,
rec-2338452-dup-0,
rec-21240-dup-0,rec-221-dup-0
id-116742,id-38
id-168945,id-84
rec-611285-dup-1,id-73
id-4628,id-222
rec-40269-dup-0,id-222
id-720646,id-221
id-186626,id-81
id-470256,id-222
id-792,id-222
id-985155,id-221
rec-634481-dup-2,id-81
rec-306650-dup-0,id-81
id-56408,id-73
id-182567,id-38
id-124393,id-222
id-70010,id-150
id-983085,id-222
id-139206,id-160
rec-333923-dup-2,id-176
id-137835,id-5147
rec-2546-dup-0,id-221
id-716874,
rec-992-dup-0,id-13
id-323514,
id-105191,id-222
id-917943,id-81
rec-634481-dup-1,id-81
rec-2546-dup-1,rec-221-dup-0
id-719319,
id-937592,
id-750068,
id-5395,id-106
rec-46624-dup-1,id-202
id-2338302,
rec-40571-dup-0,id-106
id-268184,id-107
rec-469807-dup-1,
id-689394,id-222
rec-944893-dup-0,id-222
id-275556,id-73
rec-470725-dup-0,rec-221-dup-0
id-731040,id-222
id-959012,id-222
id-258401,id-81
id-557203,id-81
id-1926453,id-20987
id-425226,id-222
rec-38012-dup-0,id-107
rec-52749-dup-0,id-214
rec-52749-dup-1,id-214
id-640168,
id-4538,id-222
id-403933,id-221
id-185828,id-222
rec-444772-dup-0,
rec-444772-dup-1,
rec-444772-dup-2,
rec-938186-dup-0,
id-518372,id-73
rec-12616-dup-1,rec-221-dup-0
rec-12616-dup-0,rec-221-dup-0
id-56535,id-222
rec-12616-dup-2,rec-221-dup-0
id-1076853,
rec-576463-dup-0,id-30
id-113554,id-221
id-64142,id-7704
rec-95200-dup-0,rec-63-dup-0
id-50588,
id-65497,id-221
id-976802,id-21
id-30874,id-221
id-376747,id-221
id-65368,id-81
id-1135,id-222
id-740855,id-99
id-1137,id-73
id-352920,id-222
id-60161,id-30
id-893054,
rec-366012-dup-1,
id-401220,id-97
rec-434964-dup-1,
rec-1792096-dup-1,
rec-272336-dup-0,
id-464772,
id-353328,
rec-701974-dup-0,
id-174368,id-13
id-209179,id-222
rec-1784437-dup-0,
id-659517,
rec-3331-dup-0,id-222
id-356137,
id-380489,
rec-886047-dup-0,id-153
rec-1821590-dup-0,
id-652187,id-150
rec-1784437-dup-2,
rec-725593-dup-0,id-81
id-241126,id-56
rec-1792096-dup-0,
id-78251,id-322
rec-1116181-dup-1,id-203
rec-268184-dup-0,id-107
id-486532,id-222
id-390837,
id-1224,id-38
id-536701,id-81
id-1533485,id-7703
rec-617011-dup-0,
rec-2236-dup-1,id-38
id-64566,id-105
id-808122,id-81
id-514082,id-433
id-249358,id-105
id-430245,id-222
rec-323846-dup-1,id-194
id-1193530,id-3869
id-539058,id-222
id-760361,
rec-1528-dup-1,id-222
rec-52756-dup-0,
id-101721,id-222
rec-682511-dup-1,id-222
rec-427385-dup-0,rec-221-dup-0
id-322000,
rec-34914-dup-0,id-222
rec-122247-dup-0,id-13
id-485505,
id-388,id-221
rec-1470236-dup-0,
rec-1470236-dup-1,
rec-1470236-dup-2,
id-43503,id-138
id-81539,id-222
id-30394,id-202
id-942264,id-7703
id-96222,id-72
id-1734465,
id-3571,id-221
rec-170690-dup-1,id-72
rec-991-dup-0,rec-221-dup-0
rec-170690-dup-2,id-72
id-470725,id-221
rec-373165-dup-0,id-38
id-206514,
rec-190845-dup-0,id-222
id-286382,id-67
rec-38012-dup-1,id-107
rec-140605-dup-0,rec-10-dup-0
rec-837651-dup-1,id-189
id-34797,id-222
id-136401,id-221
id-234128,id-202
rec-242242-dup-0,id-13
id-102277,id-105
rec-146374-dup-0,id-222
id-2331,id-221
id-89565,
id-245697,
id-4539,id-222
id-248245,id-222
id-12078,id-222
id-35448,id-222
id-1958,id-38
id-743169,
id-289505,id-243
id-14530,id-81
id-309823,id-107
id-668778,id-222
rec-470776-dup-0,id-107
id-705359,id-170
id-193117,id-105
id-12679,id-222
id-531926,
id-1177774,id-72
id-541645,
id-861413,id-203
rec-2860-dup-0,rec-221-dup-0
id-652528,id-194
rec-201995-dup-0,rec-331-dup-0
id-23396,id-222
id-46776,id-222
id-642954,
id-718946,
id-323846,id-194
id-52502,id-222
id-1719807,
rec-1784403-dup-0,
rec-770333-dup-0,
rec-1119-dup-0,id-222
id-95377,id-81
id-544748,id-194
id-151694,id-104
id-5040,id-221
id-968348,
id-24331,id-221
rec-363455-dup-0,id-7288
rec-363455-dup-1,id-7288
rec-363455-dup-2,id-7288
rec-326982-dup-1,
rec-126117-dup-0,id-222
id-540054,id-81
id-713233,
id-653328,
rec-882129-dup-0,rec-67-dup-0
id-73841,id-150
id-204119,id-221
id-713238,
rec-250604-dup-0,
id-53275,id-57
id-534033,id-222
id-199985,
id-23489,id-222
id-533931,id-221
rec-809945-dup-0,rec-47-dup-0
id-307,id-103
id-408307,
id-350340,id-30
id-903084,id-81
id-1626193,id-30
rec-152446-dup-0,id-222
id-1895008,
id-49369,id-107
id-558971,
rec-553198-dup-0,id-150
id-185622,id-107
id-334886,id-73
id-733558,id-81
id-469225,id-105
rec-637843-dup-2,rec-221-dup-0
rec-186640-dup-1,id-222
rec-186640-dup-0,id-222
rec-41741-dup-0,id-222
id-1594014,id-43
id-49690,id-30
rec-607102-dup-0,rec-113-dup-0
id-316998,id-214
id-131892,id-81
rec-1064738-dup-0,id-10861
id-202528,id-221
id-620714,
id-473384,id-73
id-35225,id-222
id-67321,id-107
id-45730,id-222
id-177459,
rec-282247-dup-0,id-107
rec-1285731-dup-0,id-150
id-51507,
id-529997,id-81
rec-174573-dup-2,id-160
id-677828,id-222
id-330234,id-81
rec-23928-dup-0,id-222
id-114202,id-107
id-459454,id-72
id-1652261,id-81
id-54762,id-202
rec-974776-dup-0,id-222
id-23459,id-72
rec-447165-dup-0,rec-221-dup-0
rec-174573-dup-1,id-160
id-568724,
id-1240195,id-222
id-2049949,
id-88012,id-73
id-2560,id-52
id-2049945,
id-2049943,
id-729098,
rec-2025529-dup-1,id-73
id-820542,id-194
id-2168783,
id-154643,id-2429
rec-110490-dup-2,id-222
id-2368,id-5210
id-51744,id-222
id-16178,id-221
rec-373350-dup-0,rec-221-dup-0
id-685848,
id-16172,id-222
id-50617,id-222
id-374331,
id-441914,
rec-174573-dup-0,id-160
rec-7725-dup-0,id-222
id-439892,id-81
id-11697,id-176
id-311,id-222
rec-534135-dup-0,id-176
id-682002,
id-41744,
id-998883,id-219
id-202278,id-222
id-75450,id-202
id-41741,id-222
id-92694,id-107
id-24575,
id-421484,id-56
id-615863,id-107
id-883954,
id-313241,id-56
id-3103,id-106
id-242255,
id-925456,
id-925457,
id-149549,id-105
id-288886,
id-142950,id-105
id-30462,id-73
id-40294,id-81
id-490857,id-222
id-750189,
id-490855,id-105
id-101262,id-214
id-50776,id-81
id-979585,
id-568438,id-73
id-125917,id-222
id-608462,id-38
id-47100,
id-74857,
rec-10179-dup-0,id-30
id-1239697,id-150
id-33469,id-222
id-75525,id-150
id-117427,id-72
id-595504,id-9563
rec-130007-dup-1,
rec-639921-dup-0,id-176
id-8807,id-221
id-152494,
id-915454,id-222
id-695643,id-73
id-794376,id-202
id-4636,
id-841657,
id-33682,id-222
rec-645508-dup-0,id-175
id-661578,
id-1045354,id-221
id-129143,id-221
rec-247481-dup-0,id-107
id-53908,id-38
id-908408,id-193
id-844060,id-107
id-427141,id-150
id-186095,id-30
rec-142950-dup-0,id-105
rec-257825-dup-1,id-107
id-1096474,id-176
id-24287,id-222
id-238109,id-176
id-1239412,id-222
id-465343,id-72
rec-978441-dup-0,id-150
id-40349,id-54
rec-1742697-dup-0,id-176
id-581584,id-222
id-56695,id-168
rec-460836-dup-1,rec-205-dup-0
id-432508,
id-382553,id-221
id-750072,
id-216930,id-150
id-546970,id-221
id-348598,id-221
id-136178,id-38
id-124471,id-103
rec-67853-dup-0,id-222
id-447805,id-222
id-187670,id-30
id-599427,id-222
id-912498,
rec-52512-dup-2,id-7326
id-678280,id-222
id-236,id-221
rec-36472-dup-1,id-160
id-5345,id-222
id-9808,id-81
id-346601,id-81
id-186279,
id-383000,id-327
id-4294,id-222
id-4292,id-222
id-4523,id-222
id-1104,id-222
id-461087,id-73
id-56502,id-81
rec-53264-dup-0,id-222
rec-910535-dup-0,id-222
id-22351,id-222
id-362725,id-160
id-395224,id-7703
id-39006,id-106
id-61049,id-81
id-30866,id-222
rec-1038572-dup-1,
id-65371,id-222
rec-653997-dup-0,rec-221-dup-0
id-190052,id-202
id-306,id-81
id-30869,id-221
id-478989,id-434
id-303,id-432
rec-685872-dup-1,id-81
id-553379,id-107
id-229912,id-56
id-789457,
id-123,id-221
id-789453,
rec-35225-dup-0,id-222
rec-794376-dup-0,id-202
id-38905,id-107
rec-794376-dup-1,id-202
rec-878582-dup-0,id-203
id-179285,
rec-566491-dup-1,id-222
rec-245870-dup-0,
rec-794376-dup-2,id-202
id-1237831,id-2450
rec-624088-dup-0,id-222
id-194931,
id-71199,id-21
id-531266,id-194
id-4746,id-221
rec-1030-dup-0,id-162
id-30692,id-222
id-142143,id-105
id-40230,id-72
id-5907,id-81
rec-190235-dup-0,id-222
rec-406868-dup-0,
id-230596,
id-2784,id-222
id-230595,id-222
id-31136,id-221
id-57963,id-7454
id-3769,id-222
id-46629,id-221
id-97880,id-221
rec-373165-dup-1,id-38
id-445878,id-107
id-6849,id-222
id-367600,id-72
id-743487,id-67
id-7861,id-222
id-143,id-222
rec-2122-dup-0,rec-221-dup-0
id-34632,id-222
id-165013,id-73
rec-760361-dup-1,
id-140170,id-221
id-325071,id-222
rec-760361-dup-0,
id-652448,
id-785257,id-113
id-652444,id-100
rec-93651-dup-0,rec-97-dup-0
rec-118286-dup-0,id-150
id-64561,id-81
id-1184323,
id-966690,id-222
id-59646,id-97
id-666809,
rec-586435-dup-0,
id-269604,id-221
id-15636,id-107
rec-459454-dup-1,id-72
id-196668,id-222
id-767704,
rec-524411-dup-0,id-176
id-62438,id-103
rec-75948-dup-0,id-107
rec-70010-dup-2,id-150
rec-165691-dup-1,id-13
rec-186095-dup-0,id-30
id-35453,id-222
rec-7364-dup-0,id-222
id-89571,
id-360276,id-222
id-536958,
id-416934,id-221
id-1274364,id-13
id-12069,id-222
rec-1295353-dup-0,rec-221-dup-0
rec-35601-dup-0,id-21
id-173449,id-176
rec-395550-dup-1,rec-221-dup-0
id-1527709,id-23698
rec-395550-dup-2,rec-221-dup-0
id-660188,
id-910535,id-222
rec-2173-dup-0,rec-221-dup-0
id-115585,
id-39233,id-107
id-317583,id-150
id-37548,id-222
id-31912,id-222
id-14549,id-103
id-346396,id-73
rec-229564-dup-1,
id-831118,id-284
id-32254,id-222
id-71770,id-222
id-1857509,id-1178
id-1941097,id-222
rec-1699-dup-0,id-222
id-856167,id-13
id-160210,id-434
id-23121,id-103
id-35217,id-38
rec-402950-dup-0,id-73
rec-402950-dup-1,id-73
rec-402950-dup-2,id-73
id-1077504,
rec-667220-dup-0,
id-1040535,
id-52512,id-7326
id-297088,
rec-562442-dup-0,
rec-6595-dup-0,id-222
id-3277,id-221
rec-876499-dup-2,
id-315980,
id-1124983,
id-11684,id-222
id-241851,id-222
id-222040,
id-623136,id-72
rec-52756-dup-1,
id-54913,id-81
id-685901,id-72
rec-118286-dup-1,id-150
id-4991,id-38
rec-983085-dup-1,id-222
rec-508834-dup-0,
id-1388227,id-250
id-58922,id-38
id-2101,id-222
id-2103,id-222
id-2104,id-38
rec-11564-dup-1,id-57
rec-11564-dup-2,id-57
id-477040,id-222
id-6592,id-222
id-6595,id-222
id-201995,id-331
id-1822303,
rec-38345-dup-0,id-222
id-281399,
rec-89655-dup-0,id-202
rec-810161-dup-2,rec-113-dup-0
id-670623,id-222
id-206196,
rec-350212-dup-1,id-222
rec-1820453-dup-0,
rec-1820453-dup-1,
id-115851,id-194
id-337368,id-81
rec-118270-dup-1,id-107
rec-810161-dup-1,rec-113-dup-0
rec-810161-dup-0,rec-113-dup-0
rec-1231776-dup-0,id-5179
rec-227020-dup-0,id-73
id-491324,id-107
id-1136751,id-326
rec-558971-dup-0,
id-971146,
id-41249,id-150
rec-4746-dup-1,rec-221-dup-0
rec-644521-dup-0,
rec-644521-dup-1,
rec-658043-dup-2,
id-725593,id-81
rec-451770-dup-1,
id-717105,id-107
id-371288,id-81
rec-440891-dup-0,id-81
id-66209,id-170
id-443742,id-202
id-79575,id-222
rec-3823-dup-0,rec-99-dup-0
id-1201723,
id-54602,id-222
id-129912,id-56
id-486950,id-38
id-49207,id-222
id-333974,id-73
id-930001,id-221
id-984887,id-222
id-45908,id-73
id-1296346,id-98
id-407269,id-81
id-126909,id-160
id-427503,id-222
id-54138,id-81
id-631687,id-10
rec-677359-dup-1,id-176
rec-677359-dup-0,id-176
id-403164,id-222
id-527430,
rec-687367-dup-0,id-72
id-887968,id-150
id-470716,id-222
id-48979,id-202
id-269353,id-222
rec-532524-dup-0,
id-787838,id-222
id-12333,id-81
id-471613,id-222
id-2254,id-221
id-1018616,id-221
id-103924,id-13
id-97546,id-240
id-621609,id-222
id-103922,id-222
id-366942,id-57
id-127523,id-221
id-1123242,id-221
id-67425,id-222
rec-4292-dup-0,id-222
id-1787874,id-83392
id-725688,
id-204327,
id-375147,id-117
id-79821,id-222
id-850163,
id-175568,id-81
id-421477,id-56
rec-170690-dup-0,id-72
id-187887,id-73
id-318011,id-222
id-1010938,
rec-563435-dup-1,id-81
id-265870,id-222
id-698519,id-81
id-39764,id-107
id-142969,id-222
id-47972,id-221
id-983855,id-189
id-1730,id-103
rec-435011-dup-1,id-222
id-663269,id-84
id-104351,id-150
rec-272229-dup-1,rec-53-dup-0
id-2248574,
rec-45916-dup-0,id-73
id-3990,
id-3992,id-221
rec-346601-dup-2,id-81
id-426871,id-221
id-792538,
id-36957,id-222
id-75514,id-222
id-383346,id-214
id-41118,id-434
rec-107434-dup-1,id-30
id-131711,id-221
id-595515,
rec-798895-dup-0,rec-113-dup-0
id-9580,id-81
id-264498,id-222
rec-281816-dup-0,id-176
id-40571,id-106
id-9239,id-38
id-78907,id-194
rec-1539-dup-2,id-222
id-1949446,id-5071
id-810161,id-113
id-186645,
id-868034,id-105
id-275378,id-72
id-186640,id-222
id-4350,id-222
id-1096449,
id-74202,id-222
id-1022,id-98
id-508443,id-7022
id-389988,id-432
id-1021,id-81
id-721925,
rec-9018-dup-0,id-222
rec-778657-dup-0,
rec-123387-dup-1,rec-221-dup-0
rec-123387-dup-2,rec-221-dup-0
id-655315,
rec-33980-dup-0,rec-10-dup-0
id-938,id-221
id-900148,id-14
id-875398,id-221
id-247389,id-72
id-1116181,id-203
id-135547,id-107
id-310364,
id-933271,id-84
id-862693,id-222
id-402986,id-221
id-841642,
id-938822,id-30
rec-876499-dup-0,
id-355316,id-221
id-135098,
id-165686,id-222
id-433936,id-222
id-933058,
id-2338452,
id-71296,id-221
id-994289,id-105
rec-878411-dup-0,id-170
rec-84597-dup-0,id-222
rec-657951-dup-0,
id-9839,id-222
rec-1096474-dup-0,id-176
rec-869569-dup-0,id-202
id-773770,id-221
id-70341,id-222
rec-187670-dup-0,id-30
rec-670623-dup-2,id-222
rec-384127-dup-1,
id-855538,id-84
id-88031,id-81
id-1110,id-221
rec-118270-dup-2,id-107
rec-817728-dup-0,
id-1114,id-222
id-163927,id-84
id-1119,id-222
id-24587,id-222
id-685,id-105
id-34311,id-13
id-1485881,
id-10302,id-222
id-573873,id-73
rec-492027-dup-0,id-73
id-440851,id-189
id-695651,id-222
rec-44783-dup-0,id-222
rec-669889-dup-0,
id-2644,id-222
rec-39293-dup-0,
rec-5308-dup-0,id-222
rec-465718-dup-1,id-2429
id-36220,id-222
id-993398,id-107
id-125022,id-170
id-2207785,
id-325469,
rec-336253-dup-0,
id-152048,id-222
id-959451,id-222
rec-116489-dup-0,id-73
id-106040,id-222
id-1132372,id-107
id-106511,id-105
id-105739,id-30
id-91659,id-107
id-9125,id-222
id-919277,id-222
id-837200,id-7281
id-61915,id-221
rec-4742-dup-0,id-222
rec-2227656-dup-0,id-203
rec-465718-dup-0,id-2429
id-634150,id-222
id-24635,id-222
rec-265870-dup-0,id-222
id-168029,id-222
rec-452165-dup-0,id-222
rec-436813-dup-1,rec-221-dup-0
rec-48039-dup-0,id-222
id-554686,id-194
id-204,id-222
rec-764637-dup-0,rec-99-dup-0
id-469590,id-221
id-65586,id-202
id-1004839,id-73
id-1907742,id-176
id-495705,id-202
id-135627,id-222
rec-193885-dup-2,id-171
id-255919,id-222
id-1691339,id-7324
rec-764637-dup-2,rec-99-dup-0
id-63517,id-105
id-1785503,
id-484485,id-222
rec-1542-dup-2,rec-3-dup-0
id-976047,id-222
id-976046,
id-259771,
id-107335,id-57
rec-1542-dup-0,rec-3-dup-0
id-3643,id-222
rec-62-dup-1,rec-5147-dup-0
id-634481,id-81
rec-1542-dup-1,rec-3-dup-0
id-3515,id-221
id-735095,
id-160784,id-170
rec-725593-dup-1,id-81
id-53106,
id-701452,
id-399027,id-7704
id-711620,
rec-187670-dup-1,id-30
id-250744,id-31088
id-276570,
rec-49369-dup-0,id-107
id-113441,id-188
id-582111,id-193
id-38607,id-222
id-70364,id-150
rec-1116181-dup-0,id-203
id-14223,id-81
rec-36472-dup-0,id-160
rec-172571-dup-0,
id-739716,id-202
id-10440,id-222
id-208029,id-222
rec-302846-dup-1,id-222
id-867565,id-222
rec-194931-dup-1,
id-14557,id-221
rec-1815-dup-0,rec-221-dup-0
id-338710,
id-12651,id-221
id-126006,id-221
id-556358,id-222
rec-38100-dup-0,id-105
id-380280,id-214
id-210535,id-107
id-206463,id-203
rec-868034-dup-0,id-105
id-57397,id-221
id-384102,id-194
id-57000,id-221
rec-348206-dup-1,
id-62359,id-222
id-168370,id-107
id-179257,id-38
id-208110,id-14
id-514116,id-81
rec-179780-dup-0,id-73
rec-70010-dup-1,id-150
id-12438,id-14
id-1297621,id-1178
id-1169502,id-89455
rec-1064738-dup-1,id-10861
id-2396020,
rec-202278-dup-0,id-222
rec-66411-dup-2,id-202
id-690703,
id-12435,id-221
id-334717,id-73
id-809439,id-73
id-40924,id-107
id-68998,id-222
id-480259,id-13
rec-11564-dup-0,id-57
id-302846,id-222
rec-284133-dup-0,
rec-284133-dup-2,
rec-459923-dup-1,id-202
id-502362,id-202
id-460836,id-205
id-159154,id-38
rec-1536973-dup-0,id-107
id-49169,id-222
id-363455,id-7288
rec-1643-dup-0,id-222
rec-1643-dup-1,id-222
id-1196080,id-222
id-554522,
id-247481,id-107
id-147693,id-222
id-46624,id-202
id-512508,id-21
id-5941,id-222
rec-110404-dup-0,
rec-112783-dup-0,id-73
id-23395,id-176
id-89817,
id-867832,id-222
rec-660223-dup-1,
rec-660223-dup-0,
id-66441,id-38
id-1590,id-222
id-132698,id-43
rec-612300-dup-1,id-73
id-32116,id-222
id-250604,
id-491315,
rec-1010938-dup-2,
rec-1010938-dup-1,
rec-1010938-dup-0,
id-360482,id-107
id-541417,
id-660223,
rec-358966-dup-2,rec-221-dup-0
id-84818,id-56
id-971143,
id-34886,id-222
id-971140,id-2759
id-41239,id-221
id-971144,
id-137894,id-222
id-226338,id-107
id-552458,id-222
id-67631,id-202
id-126224,
id-67633,id-221
id-137578,id-222
rec-1097-dup-0,id-24
id-164101,id-73
rec-984887-dup-0,id-222
id-171495,
id-518539,id-222
id-300971,id-221
id-48413,id-150
id-39801,id-160
rec-2290885-dup-1,
id-459435,id-73
id-638812,
id-271261,id-81
id-129327,id-176
id-407299,
id-341915,id-81
id-817353,id-221
id-48418,id-222
id-644521,
rec-237851-dup-0,id-222
id-2346,id-221
id-848544,id-105
id-33040,id-222
rec-603035-dup-0,id-202
id-559017,id-194
id-730562,
id-82891,id-72
id-24288,id-222
id-336433,
id-82896,id-222
id-949885,id-73
rec-193885-dup-0,id-171
rec-193885-dup-1,id-171
id-36817,id-105
id-36815,id-221
rec-79821-dup-2,id-222
id-150547,id-222
rec-79821-dup-0,id-222
rec-79821-dup-1,id-222
id-189182,
id-505414,
id-572130,
rec-160210-dup-0,id-434
rec-160210-dup-1,id-434
id-318712,
rec-92121-dup-0,
id-1067267,id-221
rec-153598-dup-1,id-214
rec-153598-dup-0,id-214
id-117574,id-84
id-359161,id-222
id-294012,id-221
id-318023,id-322
id-709823,
rec-1177774-dup-0,id-72
id-2395709,id-81
id-1710768,id-213
id-173656,id-160
rec-659454-dup-2,
id-288335,id-221
id-1273295,id-81
id-527350,id-30
id-637843,id-221
id-571692,id-221
id-1066498,id-222
id-797955,id-81
id-48891,
rec-193545-dup-0,rec-221-dup-0
id-298868,id-222
id-566490,id-81
id-479739,id-222
id-694063,
id-125932,
id-125931,id-222
id-90312,id-222
rec-1946429-dup-0,id-222
rec-659454-dup-1,
id-20877,id-160
id-359586,
id-36961,id-222
id-627408,id-107
rec-44245-dup-0,id-13
id-511082,
rec-99668-dup-0,
id-5033,id-221
rec-694310-dup-0,id-222
rec-595907-dup-1,id-107
id-191524,id-222
id-93651,id-97
id-191522,id-160
rec-12078-dup-1,id-222
id-353041,id-14
id-373742,
rec-1177774-dup-2,id-72
rec-1123242-dup-0,rec-221-dup-0
rec-360276-dup-0,id-222
id-359569,id-72
rec-459454-dup-0,id-72
rec-242242-dup-1,id-13
rec-154555-dup-0,id-7020
id-186079,id-81
rec-809945-dup-2,rec-47-dup-0
rec-809945-dup-1,rec-47-dup-0
id-47697,id-222
id-116489,id-73
id-682511,id-222
id-207751,id-221
id-1695,id-221
id-30247,id-221
id-226974,id-107
id-643572,id-222
id-536374,id-105
rec-12078-dup-0,id-222
id-177160,id-221
id-1699,id-222
rec-230596-dup-1,
id-703963,
id-44318,id-222
id-566491,id-222
id-1515694,
id-841100,
id-61108,id-30
id-891946,id-107
id-165691,id-13
id-358966,id-221
id-16332,id-221
rec-238392-dup-0,id-13
rec-92327-dup-0,id-105
id-148632,id-21
rec-975029-dup-0,
id-652821,
id-194645,id-72
id-51158,id-99854
id-190329,id-81
rec-129092-dup-1,id-73
id-61854,
id-737349,
rec-867832-dup-1,id-222
rec-867832-dup-2,id-222
rec-129092-dup-0,id-73
id-345577,id-81
rec-641524-dup-0,
id-1458896,id-107
id-5368,id-222
id-462569,
id-1030829,id-221
id-238387,id-107
id-222936,id-72
rec-42984-dup-0,id-81
rec-42984-dup-1,id-81
id-8667,id-222
id-501909,
rec-23156-dup-0,id-222
id-122939,id-221
id-222939,id-72
rec-1786-dup-0,id-222
id-258989,id-202
id-69581,
rec-54524-dup-1,id-222
id-379483,id-222
id-2650,id-221
id-243831,id-153
id-457907,id-189
id-335941,
id-258986,id-221
id-348910,id-81
id-277791,id-117
id-574766,
id-70682,id-13
id-464740,
id-121009,id-222
id-661214,
id-47031,id-81
rec-501470-dup-1,id-222
id-1448809,id-82557
id-95664,id-221
rec-501470-dup-2,id-222
id-413402,id-222
id-51840,id-150
id-272336,
rec-545963-dup-0,
id-711502,id-221
id-3690,id-222
id-623416,
id-301865,id-222
id-332528,
id-367119,id-73
rec-251315-dup-0,id-175
rec-94-dup-0,id-222
id-1634335,id-221
rec-175989-dup-2,id-222
rec-175989-dup-1,id-222
id-12783,id-222
rec-43974-dup-0,id-222
id-915382,id-222
id-135422,id-107
rec-536701-dup-0,id-81
id-152615,id-57
id-386271,id-170
id-548450,id-5244
id-391022,id-222
id-284133,
id-464101,
id-183568,
id-597175,
rec-194931-dup-2,
id-573525,id-81
rec-194931-dup-0,
rec-94695-dup-0,id-222
id-501470,id-222
id-8318,id-221
id-17,id-222
id-278820,id-160
id-60728,id-105
id-360819,id-221
id-115618,id-222
id-661361,id-221
id-121642,id-153
id-92267,id-221
rec-157138-dup-2,rec-221-dup-0
rec-157138-dup-1,rec-221-dup-0
rec-157138-dup-0,rec-221-dup-0
rec-150682-dup-2,id-81
id-915364,id-222
rec-150682-dup-0,id-81
rec-150682-dup-1,id-81
id-23032,id-38
id-985678,id-222
id-749949,
id-380054,id-150
id-326720,id-56
id-7999,id-222
id-122594,id-67
rec-269783-dup-0,
rec-248828-dup-1,id-106
rec-942264-dup-0,rec-7703-dup-0
rec-190-dup-0,id-222
id-50527,id-222
rec-60161-dup-1,id-30
rec-60161-dup-0,id-30
rec-60161-dup-2,id-30
id-666844,id-221
id-1783125,
rec-718288-dup-0,id-222
id-513046,id-150
rec-65368-dup-1,id-81
rec-65368-dup-0,id-81
id-50353,id-221
id-32583,id-13
id-12640,id-222
id-440517,
id-268765,id-5099
id-252873,
id-927309,id-72
id-441020,id-107
id-405195,
rec-186433-dup-1,rec-205-dup-0
id-859350,id-176
rec-160071-dup-1,id-7020
id-227517,
id-1047318,id-5586
id-718468,
id-1086933,id-107
id-139868,
id-35589,
id-572546,
id-52572,id-222
id-43516,id-222
id-46743,id-222
id-731180,id-81
rec-260648-dup-1,id-81
rec-696964-dup-0,rec-221-dup-0
id-563856,
id-34681,id-5198
id-582429,id-84
id-281401,id-222
id-281402,
id-266471,id-13
id-535220,id-10
id-57018,id-81
rec-39319-dup-0,id-106
id-142742,id-72
rec-267507-dup-1,id-56
rec-267507-dup-0,id-56
id-58636,id-10
id-411947,
rec-338710-dup-1,
rec-447805-dup-0,id-222
id-5198,id-222
rec-238392-dup-1,id-13
id-790727,id-222
rec-1001975-dup-0,
rec-47100-dup-0,
id-108251,id-222
rec-47100-dup-2,
id-852293,id-8162
id-835921,id-150
id-2122,id-221
id-1192,id-221
id-223042,id-138
id-360187,id-105
id-6874,id-103
id-718358,
id-717052,
rec-633160-dup-1,id-176
id-52303,id-222
id-580476,
id-222194,id-221
rec-1038572-dup-2,
id-807305,id-222
id-42333,id-221
rec-163969-dup-0,rec-221-dup-0
id-76579,id-221
id-918331,
id-193545,id-221
rec-184-dup-1,id-222
id-49173,id-222
rec-1180563-dup-0,
rec-2048118-dup-1,
id-423571,
id-77518,id-38
id-88824,id-222
id-1040188,
id-79083,id-222
id-1180840,id-194
id-1032811,id-202
rec-412311-dup-2,
rec-41543-dup-0,id-73
id-748849,
rec-737792-dup-0,id-56
id-1874,id-81
id-641526,id-107
rec-81786-dup-0,id-222
rec-599427-dup-0,id-222
rec-599427-dup-1,id-222
id-666847,
id-569628,id-222
rec-548450-dup-0,id-5244
id-1513549,
rec-114771-dup-0,id-222
id-613554,
id-37180,id-138
id-337491,id-81
rec-563435-dup-0,id-81
id-195288,id-81
id-192540,id-56
id-797091,id-170
id-69475,id-81
rec-140449-dup-1,rec-221-dup-0
rec-35749-dup-0,id-222
rec-14410-dup-2,id-222
rec-14410-dup-1,id-222
rec-14410-dup-0,id-222
id-204015,id-222
rec-825763-dup-1,
id-176277,id-38
id-72236,
id-11735,id-222
id-86461,id-99
id-126589,id-123
id-1436,id-222
rec-127268-dup-0,
rec-52898-dup-0,id-73
rec-412311-dup-0,
id-866551,id-107
id-32723,id-13
id-32726,id-222
id-131647,id-21
rec-539307-dup-0,id-107
id-279069,
id-990594,id-326
rec-126774-dup-0,
id-818520,
id-935073,
id-454607,id-221
rec-22389-dup-2,rec-221-dup-0
id-805941,id-73
id-140529,
rec-412311-dup-1,
id-260042,id-81
id-436016,id-30
rec-22389-dup-0,rec-221-dup-0
id-33058,id-106
rec-39099-dup-1,id-106
rec-39099-dup-0,id-106
id-586435,
id-1946429,id-222
rec-731954-dup-1,id-190
id-117289,id-103
id-1479,id-222
rec-979585-dup-0,
rec-34681-dup-0,rec-5198-dup-0
id-382832,id-56
id-817728,
id-595688,
id-540089,id-222
rec-41741-dup-2,id-222
id-59092,id-81
id-227020,id-73
id-235974,id-222
id-1862456,id-81
id-524677,id-107
id-253056,
id-456337,
rec-1937527-dup-0,rec-7703-dup-0
id-603035,id-202
rec-607102-dup-1,rec-113-dup-0
id-299034,id-150
id-609056,
id-274770,id-221
rec-88515-dup-1,id-73
id-970687,id-222
id-16335,id-222
rec-80034-dup-0,id-107
id-634900,id-129
id-142903,
id-490827,
rec-622322-dup-1,id-81
id-437148,
id-246274,id-222
rec-622322-dup-2,id-81
rec-3591-dup-0,id-222
rec-654470-dup-0,id-73
id-315670,id-222
rec-500085-dup-0,id-30
rec-101940-dup-0,rec-221-dup-0
id-351790,id-5056
id-566481,
rec-14917-dup-1,rec-10-dup-0
rec-120914-dup-2,id-30
id-526299,id-81
rec-120914-dup-0,id-30
id-5028,id-221
id-33184,id-222
rec-883983-dup-0,id-81
id-103870,id-150
id-172464,id-67
id-481492,
id-82973,id-222
id-59387,id-222
id-202138,
rec-65890-dup-0,id-107
id-81955,id-222
id-458837,id-221
rec-657941-dup-1,
id-5209,id-222
rec-193117-dup-2,id-105
id-335423,id-176
rec-193117-dup-0,id-105
id-124199,id-150
id-515084,id-81
rec-1338-dup-1,id-222
rec-719037-dup-0,
rec-754876-dup-0,id-107
id-2155273,id-68486
id-507940,id-73
rec-1338-dup-0,id-222
id-1690202,id-73
rec-1696173-dup-0,id-30897
id-9764,id-222
id-918,id-38
id-391902,
id-224412,id-105
rec-39892-dup-1,rec-221-dup-0
id-35877,id-222
rec-74007-dup-0,id-222
id-9696,id-13
id-33982,id-222
id-916,id-30897
id-699255,id-81
id-961909,id-57
id-2337726,
rec-1743-dup-0,id-222
id-1160149,id-222
id-3823,id-99
rec-99668-dup-2,
id-738588,
id-150750,id-221
id-86876,id-150
id-2187737,id-107
rec-595139-dup-0,
id-685180,
id-524293,id-7345
rec-4523-dup-1,id-222
id-1036792,id-21
id-525532,id-176
id-9854,id-222
id-194305,id-107
id-621221,id-214
rec-115585-dup-1,
rec-115585-dup-0,
rec-9460-dup-2,rec-221-dup-0
id-74319,
rec-44245-dup-1,id-13
rec-9460-dup-1,rec-221-dup-0
rec-99668-dup-1,
id-449939,
id-238392,id-13
id-493327,
id-51253,id-72
id-130007,
rec-36890-dup-0,id-222
rec-867832-dup-0,id-222
id-1220373,id-5548
id-356,id-221
rec-908408-dup-2,id-193
rec-908408-dup-1,id-193
rec-908408-dup-0,id-193
id-144525,
id-30610,id-222
rec-1220373-dup-0,id-5548
id-5680,id-202
rec-696964-dup-2,rec-221-dup-0
id-296923,id-13
id-229564,
id-2461,id-222
id-152446,id-222
rec-1941097-dup-1,id-222
rec-30965-dup-0,id-222
id-248828,id-106
id-243355,id-138
id-282247,id-107
id-138921,id-222
rec-696964-dup-1,rec-221-dup-0
id-978441,id-150
id-826015,id-222
rec-912500-dup-0,
id-134589,
rec-71770-dup-1,id-222
rec-71770-dup-0,id-222
id-377716,
rec-262429-dup-0,rec-67-dup-0
rec-206208-dup-1,id-202
rec-227829-dup-1,id-81
id-1040537,id-222
id-2048118,
id-3680,id-107
id-711515,id-7711
id-3684,id-221
id-819333,id-1805
id-129334,id-81
id-313146,
rec-3271-dup-1,id-222
rec-3271-dup-0,id-222
id-202,id-222
id-35115,id-222
id-242773,id-73
rec-45666-dup-1,id-105
id-833314,id-107
id-14801,id-222
id-162505,id-222
rec-32513-dup-0,id-81
rec-10302-dup-1,id-222
rec-10302-dup-0,id-222
rec-417266-dup-0,id-222
rec-718946-dup-0,
id-464137,id-221
id-348650,id-26
id-387393,
rec-465718-dup-2,id-2429
id-433955,
id-3753,id-222
rec-637843-dup-1,rec-221-dup-0
id-3751,id-222
rec-39182-dup-1,id-160
id-3755,id-222
id-750615,id-203
id-653997,id-221
id-735675,id-222
rec-346396-dup-0,id-73
id-703863,
id-51871,id-9541
id-125314,id-221
id-951589,
id-8309,id-221
rec-148344-dup-2,
id-48009,id-221
id-998910,
id-160765,
id-452991,id-150
id-25,id-222
id-469760,
id-557753,
id-163583,
id-30965,id-222
id-539847,
id-213280,id-222
id-902626,id-221
rec-374049-dup-0,id-214
id-711604,
id-584601,id-44
id-2202,id-13
id-72941,
id-846939,id-72
rec-23156-dup-1,id-222
id-113460,id-222
id-168175,id-107
rec-868973-dup-0,id-222
id-1315,id-222
id-147952,
id-52277,id-81
rec-181824-dup-2,id-30
id-190172,id-107
id-234363,id-383
id-86412,
id-440728,id-150
rec-145082-dup-0,id-202
rec-238335-dup-1,id-81
rec-752515-dup-0,id-222
id-1918,id-222
rec-272152-dup-0,
rec-46629-dup-2,rec-221-dup-0
id-616913,
id-249662,id-81
rec-46629-dup-1,rec-221-dup-0
rec-356516-dup-1,id-150
id-1256147,id-221
rec-184-dup-0,id-222
id-227524,id-222
id-287561,id-222
id-10851,id-73
rec-148632-dup-0,id-21
rec-405195-dup-0,
id-498012,id-72
rec-461864-dup-1,
id-11564,id-57
id-384127,
id-46003,id-81
id-464799,
id-1597876,id-73
id-187316,id-105
rec-67633-dup-0,rec-221-dup-0
rec-67633-dup-1,rec-221-dup-0
id-538831,
id-108064,
id-62373,id-202
id-62370,id-38
id-15177,id-221
rec-245697-dup-0,
id-6837,id-38
id-1782710,id-81
id-71148,id-221
id-221542,id-57
id-681064,
id-808908,
rec-32522-dup-1,id-222
id-38971,id-73
id-565615,id-221
id-667298,id-222
rec-597146-dup-0,id-222
rec-597146-dup-1,id-222
id-133851,id-222
rec-54524-dup-0,id-222
rec-238109-dup-0,id-176
rec-358966-dup-0,rec-221-dup-0
id-445115,id-221
id-361994,
rec-67838-dup-0,id-222
rec-366012-dup-0,
id-400561,
id-1103984,
id-154451,id-176
id-126117,id-222
id-227237,id-5099
id-45442,id-222
id-1029606,
rec-337068-dup-0,id-176
rec-499983-dup-1,id-107
rec-21002-dup-0,rec-221-dup-0
id-40032,id-221
rec-499983-dup-2,id-107
id-413959,id-221
rec-209615-dup-0,rec-221-dup-0
id-424089,
id-430733,id-222
rec-110490-dup-1,id-222
id-432147,
id-374231,id-81
id-376390,
id-281507,id-221
rec-863339-dup-0,id-5210
rec-41239-dup-0,rec-221-dup-0
rec-84913-dup-0,rec-103-dup-0
id-144168,id-203
id-200478,id-73
id-1593029,id-67754
id-184209,id-98
id-667220,
id-381176,id-222
id-532607,id-5076
rec-469225-dup-0,id-105
id-22153,id-222
id-273266,id-72
rec-299405-dup-0,
id-6545,
id-197862,id-107
rec-30247-dup-0,rec-221-dup-0
id-974776,id-222
id-396916,id-221
rec-164-dup-0,id-222
id-948797,id-81
id-1038572,
id-12299,id-221
rec-525727-dup-0,id-202
rec-337068-dup-2,id-176
id-995515,id-81
id-1376647,id-105
id-1863627,id-7288
id-20848,id-221
id-1406785,id-7450
id-7546,id-222
id-785736,id-203
id-23412,id-222
id-137596,id-81
id-388226,
id-58621,id-107
id-294349,id-221
id-2965,id-221
id-32737,id-222
id-131633,id-222
rec-15667-dup-1,id-222
id-306639,
id-633160,id-176
id-181104,id-104
id-485929,
id-597116,
rec-501470-dup-0,id-222
rec-1274364-dup-1,id-13
id-526190,id-72
id-101,id-222
id-466339,
id-2327,id-81
rec-206208-dup-2,id-202
id-265397,id-30
id-820504,id-67743
id-544434,id-194
rec-288886-dup-0,
rec-288886-dup-1,
rec-288886-dup-2,
id-1684479,id-116782
id-34990,id-221
rec-326982-dup-0,
rec-454535-dup-1,
id-48039,id-222
id-536103,id-214
rec-197-dup-2,rec-103-dup-0
rec-197-dup-0,rec-103-dup-0
rec-197-dup-1,rec-103-dup-0
rec-698519-dup-0,id-81
rec-1110-dup-0,rec-221-dup-0
id-784927,id-170
id-333923,id-176
id-44245,id-13
id-74647,id-221
id-48235,id-222
rec-348206-dup-0,
id-687077,id-107
id-45666,id-105
id-45841,id-222
id-42638,id-104
id-116557,
id-59284,id-222
id-461864,
id-16196,id-221
id-102793,id-222
rec-466339-dup-0,
id-73379,id-221
id-24332,id-72
rec-1315-dup-1,id-222
id-206783,id-205
id-527371,id-107
id-1511579,
id-114771,id-222
id-337025,id-188
rec-451488-dup-0,
rec-451488-dup-1,
id-597204,
id-216157,id-194
id-721700,
rec-75514-dup-0,id-222
id-2494,id-222
rec-107434-dup-0,id-30
id-85261,id-81
id-604339,id-194
id-938192,id-67743
rec-475797-dup-0,id-222
id-610381,id-222
rec-1787874-dup-0,rec-83392-dup-0
id-805355,id-222
rec-146382-dup-0,
rec-209179-dup-0,id-222
rec-985155-dup-2,rec-221-dup-0
rec-985155-dup-1,rec-221-dup-0
id-398099,id-222
id-203525,id-221
id-426000,id-222
rec-764637-dup-1,rec-99-dup-0
id-478131,id-202
id-24482,id-13
rec-5453-dup-1,id-222
id-46469,id-221
rec-15855-dup-0,id-73
id-432499,id-104
id-525815,id-221
rec-245578-dup-1,id-202
id-432495,id-104
id-40780,id-222
id-542277,id-81
id-186838,id-38
id-21454,id-221
id-612447,
id-95200,id-63
rec-113554-dup-0,rec-221-dup-0
id-775640,
rec-190172-dup-0,id-107
rec-1220373-dup-1,id-5548
id-833531,id-107
rec-118286-dup-2,id-150
id-333105,id-21
id-507974,
id-80034,id-107
id-333101,id-21
id-1132718,id-7710
id-632241,id-81
rec-405796-dup-1,id-153
rec-405796-dup-0,id-153
id-207574,
id-925455,
id-9681,id-222
id-314629,
rec-740855-dup-1,rec-99-dup-0
id-1671,id-222
id-705713,
rec-434964-dup-0,
id-894544,id-221
id-5160,id-221
id-3815,id-106
id-33086,id-222
rec-971143-dup-1,
id-96958,id-176
id-1643,id-222
id-353796,id-81
id-272513,id-221
id-237851,id-222
rec-31534-dup-1,id-222
id-925453,
id-841308,
rec-435011-dup-0,id-222
rec-31534-dup-0,id-222
id-1821590,
id-5308,id-222
rec-10184-dup-1,rec-221-dup-0
id-313715,id-150
id-146068,id-205
id-412311,
id-51269,id-162
id-535738,
rec-840550-dup-0,
rec-840550-dup-1,
id-819065,id-38
id-343,id-222
id-347,id-222
rec-541417-dup-1,
id-349,id-221
id-654284,id-222
id-128208,id-5126
id-973807,id-107
id-157344,id-172
id-124235,id-221
id-118559,
rec-4538-dup-0,id-222
rec-81539-dup-0,id-222
id-9202,id-21
id-33551,id-221
id-351128,id-10
id-453484,
id-663546,id-222
id-1786,id-222
rec-43631-dup-2,id-222
rec-140605-dup-1,rec-10-dup-0
id-995838,id-38
rec-61854-dup-1,
id-135849,id-107
rec-140605-dup-2,rec-10-dup-0
rec-634481-dup-0,id-81
rec-509742-dup-1,rec-67-dup-0
rec-509742-dup-0,rec-67-dup-0
id-47014,id-10
rec-633160-dup-2,id-176
id-164,id-222
id-167,id-222
id-284804,id-222
id-912500,
id-116044,id-26
id-404810,id-222
id-919202,id-221
id-116043,id-10
id-191,id-432
id-2048105,
id-135073,id-221
rec-751710-dup-0,id-27
id-886746,
id-83552,id-176
id-42495,id-221
rec-243831-dup-2,id-153
rec-243831-dup-1,id-153
rec-243831-dup-0,id-153
rec-62-dup-0,rec-5147-dup-0
id-595981,
id-61158,id-222
id-92744,id-222
id-24465,id-105
id-1097,id-24
id-64641,id-81
id-4092,
rec-1103984-dup-2,
rec-35749-dup-1,id-222
id-1792096,
id-520314,
id-34291,id-30
id-499983,id-107
rec-59387-dup-1,id-222
id-34677,id-222
rec-525598-dup-0,id-100
id-239056,id-38
id-15667,id-222
rec-633160-dup-0,id-176
rec-1786-dup-1,id-222
rec-1786-dup-2,id-222
rec-168370-dup-0,id-107
id-1782091,
id-976503,id-176
rec-186640-dup-2,id-222
id-296152,id-170
id-97868,id-38
id-530510,
rec-326982-dup-2,
rec-1710768-dup-1,id-213
rec-1710768-dup-0,id-213
id-563984,
id-406552,id-222
id-235368,
rec-1123242-dup-1,rec-221-dup-0
id-71557,id-221
rec-563856-dup-0,
rec-820610-dup-2,id-222
id-89955,id-222
id-171101,id-222
id-14904,id-221
rec-919202-dup-0,rec-221-dup-0
id-14907,id-222
rec-681064-dup-1,
id-8422,
id-2920,id-105
id-362053,id-222
id-2927,id-81
id-185898,id-81
id-112389,id-81
rec-1229268-dup-0,id-13
id-161356,id-81
id-14586,id-222
rec-731954-dup-0,id-190
rec-160408-dup-0,
id-267502,id-81
id-267507,id-56
id-600831,
rec-622322-dup-0,id-81
id-3259,id-105
rec-259246-dup-0,id-150
rec-259246-dup-1,id-150
id-576051,id-81
rec-281816-dup-1,id-176
id-11203,id-222
id-2292,id-222
rec-116496-dup-1,id-222
id-165187,id-21
rec-336924-dup-1,rec-10-dup-0
rec-336924-dup-0,rec-10-dup-0
rec-7546-dup-0,id-222
rec-7546-dup-1,id-222
rec-65890-dup-1,id-107
id-834294,id-107
rec-462877-dup-0,id-214
rec-140966-dup-0,
rec-470776-dup-1,id-107
rec-130007-dup-2,
id-1286973,id-222
id-596961,id-221
rec-230595-dup-0,id-222
id-425389,id-9622
id-12,id-222
id-641639,id-222
rec-130007-dup-0,
id-41543,id-73
rec-174591-dup-1,
id-1997094,id-1178
rec-1119-dup-1,id-222
id-2285440,id-222
rec-298885-dup-0,id-73
rec-174591-dup-0,
id-238897,id-170
rec-156245-dup-2,
id-208656,id-212
id-1802426,id-5244
id-99668,
id-834276,id-222
id-268632,id-222
rec-223910-dup-2,id-81
rec-40073-dup-1,id-222
id-760043,id-107
id-291593,id-432
rec-866551-dup-0,id-107
id-363839,id-175
id-10931,id-72
rec-1274364-dup-0,id-13
id-193526,id-222
id-96432,id-222
id-1118901,id-7323
id-687682,id-67
id-40946,id-73
id-54427,id-202
id-336875,
rec-668778-dup-0,id-222
rec-883954-dup-0,
rec-42415-dup-1,id-222
id-436813,id-221
id-157915,id-81
rec-5453-dup-0,id-222
id-53215,id-68939
id-249359,id-105
rec-61506-dup-0,id-222
id-452943,id-73
id-670719,
id-147404,id-222
id-553198,id-150
id-1931687,id-7323
id-149110,id-222
id-115893,id-222
id-416887,
id-115891,id-81
id-683349,id-107
id-436676,id-13
id-259246,id-150
rec-788950-dup-0,id-57
id-12285,id-222
rec-223910-dup-0,id-81
id-1890,id-150
id-34851,id-38
id-124934,id-6926
rec-866551-dup-1,id-107
rec-245697-dup-1,
id-669889,
id-646673,
id-65937,id-221
id-97699,id-107
id-1742697,id-176
id-50390,id-221
rec-101262-dup-0,id-214
rec-101262-dup-1,id-214
id-50397,id-38
id-356516,id-150
id-87893,id-221
id-293706,id-47
id-1245997,id-81
id-42950,id-222
id-2076,id-222
id-140449,id-221
rec-464101-dup-0,
id-175905,id-214
rec-788950-dup-1,id-57
id-405157,id-81
id-598139,
rec-268184-dup-1,id-107
id-53607,id-222
id-326396,id-221
rec-268184-dup-2,id-107
