artist,area
a0,id-189
a1,id-21
a2,id-8162
a3,id-194
a4,id-222
a5,id-81
a6,id-194
a7,id-203
a8,id-81
a9,id-73
a10,id-73
a11,id-221
a12,id-107
a13,id-222
a14,id-81
a15,
a16,id-5076
a17,
a18,id-222
a19,id-221
a20,id-222
a21,
a22,id-222
a23,id-222
a24,
a25,
a26,
a27,id-222
a28,id-57
a29,id-5430
a30,id-222
a31,id-222
a32,id-193
a33,id-81
a34,id-222
a35,id-202
a36,id-5076
a37,id-57
a38,id-176
a39,id-222
a40,id-30
a41,id-221
a42,
a43,rec-138-dup-0
a44,rec-138-dup-0
a45,rec-138-dup-0
a46,
a47,id-107
a48,id-105
a49,id-222
a50,id-222
a51,id-222
a52,id-73
a53,
a54,id-221
a55,id-222
a56,id-221
a57,id-14
a58,
a59,
a60,id-3925
a61,
a62,id-81
a63,id-13
a64,id-38
a65,id-81
a66,id-13
a67,
a68,id-81
a69,id-222
a70,
a71,id-222
a72,
a73,id-162
a74,id-222
a75,id-1178
a76,id-202
a77,
a78,
a79,
a80,id-222
a81,id-222
a82,id-222
a83,id-111634
a84,id-106
a85,id-222
a86,id-221
a87,
a88,
a89,
a90,id-107
a91,id-105
a92,id-13
a93,
a94,
a95,
a96,id-7503
a97,id-105
a98,id-81
a99,id-222
a100,
a101,id-56
a102,id-150
a103,rec-221-dup-0
a104,id-105
a105,id-81
a106,id-72
a107,id-222
a108,
a109,id-222
a110,id-222
a111,id-222
a112,id-72
a113,id-222
a114,id-222
a115,
a116,id-432
a117,id-221
a118,id-73
a119,id-222
a120,id-107
a121,id-13
a122,id-432
a123,
a124,id-222
a125,id-73
a126,id-222
a127,id-434
a128,id-222
a129,id-43994
a130,
a131,id-434
a132,id-8162
a133,id-73
a134,id-222
a135,id-222
a136,id-81
a137,id-131
a138,id-73
a139,id-221
a140,id-81
a141,
a142,id-222
a143,
a144,
a145,id-222
a146,id-222
a147,id-81
a148,id-73
a149,id-222
a150,id-222
a151,id-222
a152,id-221
a153,id-84
a154,id-222
a155,rec-221-dup-0
a156,
a157,id-73
a158,id-81
a159,id-193
a160,id-107
a161,id-176
a162,
a163,id-222
a164,id-170
a165,
a166,id-222
a167,id-73
a168,id-171
a169,
a170,rec-103-dup-0
a171,id-84
a172,
a173,id-150
a174,id-150
a175,id-150
a176,id-222
a177,id-222
a178,
a179,id-221
a180,id-4434
a181,rec-221-dup-0
a182,rec-221-dup-0
a183,id-107
a184,id-221
a185,id-107
a186,id-222
a187,id-222
a188,id-3
a189,id-222
a190,id-221
a191,id-14
a192,id-81
a193,
a194,id-7703
a195,
a196,id-73
a197,id-56
a198,id-81
a199,
a200,id-202
a201,id-73
a202,id-73
a203,id-435
a204,
a205,id-107
a206,id-222
a207,rec-221-dup-0
a208,rec-221-dup-0
a209,rec-221-dup-0
a210,id-202
a211,id-73
a212,id-5099
a213,id-222
a214,
a215,id-7326
a216,id-202
a217,
a218,id-222
a219,id-202
a220,id-222
a221,id-21
a222,id-73
a223,id-222
a224,
a225,id-221
a226,rec-221-dup-0
a227,rec-221-dup-0
a228,
a229,id-38
a230,id-222
a231,id-13
a232,id-1818
a233,id-322
a234,id-10
a235,id-72
a236,id-38
a237,id-202
a238,id-202
a239,id-81
a240,id-222
a241,id-221
a242,id-47
a243,id-222
a244,rec-67-dup-0
a245,id-222
a246,id-222
a247,id-221
a248,id-107
a249,id-107
a250,
a251,id-150
a252,id-222
a253,id-222
a254,
a255,id-81
a256,id-97
a257,
a258,
a259,id-222
a260,id-81
a261,id-176
a262,id-194
a263,
a264,id-107
a265,
a266,id-107
a267,
a268,id-221
a269,id-221
a270,id-67
a271,id-222
a272,id-87369
a273,id-222
a274,
a275,id-81
a276,id-221
a277,id-81
a278,
a279,
a280,id-221
a281,id-73
a282,
a283,id-221
a284,id-222
a285,id-214
a286,
a287,
a288,id-81
a289,id-38
a290,id-160
a291,id-14
a292,
a293,id-214
a294,id-222
a295,id-222
a296,id-84
a297,id-222
a298,
a299,id-105
a300,rec-221-dup-0
a301,id-81
a302,id-106
a303,id-222
a304,id-56
a305,
a306,id-222
a307,
a308,
a309,id-222
a310,
a311,rec-221-dup-0
a312,id-222
a313,id-222
a314,id-222
a315,id-81
a316,id-222
a317,id-81
a318,id-73
a319,
a320,id-221
a321,id-73
a322,id-21
a323,id-81
a324,
a325,
a326,id-203
a327,id-138
a328,id-150
a329,id-57
a330,id-222
a331,
a332,id-222
a333,id-81
a334,id-189
a335,
a336,id-194
a337,
a338,rec-221-dup-0
a339,rec-221-dup-0
a340,
a341,id-107
a342,id-176
a343,id-221
a344,id-222
a345,id-190
a346,rec-221-dup-0
a347,id-13
a348,
a349,id-81
a350,id-222
a351,id-221
a352,id-222
a353,
a354,
a355,
a356,
a357,rec-221-dup-0
a358,id-222
a359,id-81
a360,id-14
a361,id-14
a362,id-106
a363,id-13
a364,id-107
a365,
a366,id-222
a367,
a368,id-73
a369,id-150
a370,id-105
a371,id-203
a372,id-222
a373,id-107
a374,
a375,id-222
a376,id-222
a377,id-222
a378,id-222
a379,id-170
a380,id-222
a381,id-222
a382,
a383,id-222
a384,id-222
a385,id-13
a386,id-222
a387,id-222
a388,id-81
a389,id-81
a390,id-194
a391,id-194
a392,id-221
a393,id-153
a394,
a395,id-222
a396,
a397,id-221
a398,id-222
a399,id-222
a400,id-38
a401,id-73
a402,id-7747
a403,id-106
a404,id-222
a405,id-222
a406,
a407,
a408,id-222
a409,rec-44676-dup-0
a410,id-73
a411,id-73
a412,id-97
a413,id-33
a414,id-7288
a415,id-10
a416,id-176
a417,id-150
a418,id-105
a419,id-87369
a420,id-222
a421,id-13
a422,
a423,id-105
a424,id-30
a425,
a426,id-81
a427,id-222
a428,id-103
a429,id-81
a430,id-222
a431,id-222
a432,id-107
a433,id-170
a434,id-222
a435,id-81
a436,id-150
a437,
a438,id-8162
a439,id-221
a440,id-222
a441,id-222
a442,
a443,id-81
a444,id-222
a445,id-107
a446,id-150
a447,id-670
a448,
a449,
a450,id-73
a451,id-38
a452,id-202
a453,id-81
a454,id-72
a455,id-38
a456,id-30
a457,id-175
a458,
a459,id-221
a460,id-203
a461,id-81
a462,id-222
a463,id-38
a464,id-222
a465,id-222
a466,id-326
a467,id-150
a468,id-160
a469,id-56
a470,id-73
a471,id-222
a472,
a473,rec-271-dup-0
a474,
a475,id-38
a476,id-107
a477,id-221
a478,id-202
a479,id-106
a480,id-202
a481,id-73
a482,
a483,id-222
a484,id-222
a485,
a486,
a487,id-222
a488,id-101
a489,id-222
a490,id-222
a491,id-222
a492,
a493,id-202
a494,id-222
a495,id-222
a496,id-222
a497,id-222
a498,id-107
a499,
a500,id-107
a501,
a502,id-222
a503,id-107
a504,id-222
a505,
a506,id-72
a507,id-214
a508,id-221
a509,rec-63-dup-0
a510,id-176
a511,
a512,id-222
a513,
a514,
a515,id-222
a516,rec-221-dup-0
a517,id-221
a518,
a519,id-221
a520,id-222
a521,id-222
a522,
a523,rec-221-dup-0
a524,id-97
a525,id-222
a526,
a527,id-150
a528,id-222
a529,
a530,id-23720
a531,rec-221-dup-0
a532,id-30
a533,id-222
a534,id-38
a535,
a536,rec-221-dup-0
a537,id-222
a538,id-67
a539,id-222
a540,id-221
a541,
a542,
a543,rec-10-dup-0
a544,
a545,id-214
a546,
a547,
a548,id-105
a549,id-81
a550,id-202
a551,id-81
a552,
a553,id-221
a554,
a555,id-81
a556,id-222
a557,
a558,id-222
a559,id-221
a560,id-221
a561,id-73
a562,id-57
a563,id-160
a564,id-38
a565,id-322
a566,
a567,id-10195
a568,id-222
a569,
a570,
a571,
a572,id-117
a573,id-38
a574,id-222
a575,id-222
a576,id-222
a577,
a578,id-81
a579,id-73
a580,id-222
a581,id-214
a582,id-202
a583,id-150
a584,
a585,id-222
a586,id-222
a587,rec-221-dup-0
a588,id-222
a589,id-202
a590,id-222
a591,id-221
a592,
a593,id-56
a594,id-57
a595,id-221
a596,id-81
a597,id-222
a598,id-67
a599,id-222
a600,id-326
a601,id-81
a602,id-13
a603,id-81
a604,id-222
a605,
a606,
a607,id-107
a608,id-222
a609,id-73
a610,
a611,rec-221-dup-0
a612,id-73
a613,id-222
a614,id-81
a615,id-13
a616,
a617,id-150
a618,
a619,id-221
a620,id-222
a621,id-222
a622,id-222
a623,
a624,id-222
a625,id-243
a626,id-243
a627,id-243
a628,
a629,
a630,id-81
a631,id-44676
a632,id-81
a633,id-81
a634,id-222
a635,
a636,rec-271-dup-0
a637,
a638,
a639,id-240
a640,id-21
a641,id-222
a642,id-38
a643,id-222
a644,
a645,id-56
a646,id-81
a647,id-30
a648,rec-221-dup-0
a649,id-1812
a650,
a651,id-194
a652,id-73
a653,
a654,
a655,
a656,id-21
a657,id-21
a658,
a659,id-107
a660,
a661,
a662,
a663,id-222
a664,rec-221-dup-0
a665,
a666,
a667,
a668,rec-2759-dup-0
a669,id-73
a670,id-160
a671,id-176
a672,rec-221-dup-0
a673,id-73
a674,id-221
a675,id-81
a676,
a677,id-222
a678,
a679,
a680,
a681,id-203
a682,id-38
a683,id-38
a684,id-81
a685,id-7709
a686,rec-221-dup-0
a687,id-221
a688,
a689,id-222
a690,
a691,id-5075
a692,id-107
a693,
a694,
a695,id-56
a696,id-222
a697,id-222
a698,id-38
a699,id-105
a700,id-81
a701,id-194
a702,id-7020
a703,
a704,id-222
a705,id-81
a706,id-81
a707,rec-221-dup-0
a708,id-222
a709,id-106
a710,id-81
a711,
a712,id-10
a713,id-222
a714,id-222
a715,id-222
a716,id-222
a717,id-221
a718,id-81
a719,id-107
a720,id-222
a721,id-73
a722,id-222
a723,id-269
a724,id-2450
a725,
a726,rec-53-dup-0
a727,rec-53-dup-0
a728,id-222
a729,rec-221-dup-0
a730,rec-221-dup-0
a731,rec-221-dup-0
a732,id-73
a733,id-221
a734,id-105
a735,
a736,id-202
a737,id-221
a738,id-221
a739,id-107
a740,
a741,
a742,id-222
a743,
a744,id-72
a745,id-222
a746,
a747,
a748,id-81
a749,id-73
a750,
a751,
a752,id-222
a753,id-222
a754,id-81
a755,id-176
a756,
a757,
a758,id-221
a759,id-222
a760,id-81
a761,id-222
a762,
a763,id-38
a764,id-194
a765,id-202
a766,
a767,id-105
a768,id-21
a769,id-72
a770,id-87
a771,id-73
a772,
a773,id-105
a774,rec-221-dup-0
a775,rec-221-dup-0
a776,id-106
a777,
a778,id-221
a779,id-189
a780,id-221
a781,
a782,
a783,id-222
a784,id-221
a785,id-38
a786,id-5062
a787,rec-205-dup-0
a788,id-221
a789,
a790,
a791,
a792,
a793,id-170
a794,id-222
a795,id-160
a796,id-81
a797,id-202
a798,id-222
a799,id-171
a800,
a801,id-222
a802,id-222
a803,id-97
a804,id-72
a805,id-72
a806,id-81
a807,
a808,id-214
a809,id-107
a810,id-107
a811,id-99496
a812,id-81
a813,
a814,
a815,id-222
a816,
a817,id-13
a818,
a819,id-72
a820,id-222
a821,id-81
a822,id-118
a823,
a824,id-81
a825,
a826,
a827,id-57
a828,
a829,id-106
a830,id-222
a831,id-106
a832,
a833,id-222
a834,
a835,
a836,id-176
a837,id-150
a838,id-60
a839,id-73
a840,id-14
a841,id-60
a842,
a843,id-30
a844,
a845,id-221
a846,id-222
a847,
a848,
a849,
a850,id-222
a851,id-222
a852,id-221
a853,id-221
a854,id-72
a855,
a856,
a857,id-221
a858,
a859,id-72
a860,id-221
a861,id-7704
a862,
a863,
a864,id-222
a865,
a866,id-176
a867,id-81
a868,id-222
a869,id-107
a870,
a871,
a872,
a873,id-222
a874,id-172
a875,id-72
a876,id-73
a877,
a878,
a879,id-81
a880,id-13
a881,id-193
a882,id-222
a883,id-222
a884,id-222
a885,id-56
a886,
a887,id-202
a888,id-222
a889,
a890,id-5179
a891,
a892,id-221
a893,id-23698
a894,id-23698
a895,
a896,id-160
a897,id-222
a898,id-194
a899,id-222
a900,id-107
a901,id-14
a902,id-222
a903,id-222
a904,id-5147
a905,id-205
a906,id-222
a907,
a908,id-73
a909,id-170
a910,id-221
a911,id-30
a912,
a913,id-222
a914,id-222
a915,id-107
a916,rec-221-dup-0
a917,id-222
a918,id-21
a919,id-73
a920,rec-205-dup-0
a921,id-222
a922,id-5210
a923,id-221
a924,id-1812
a925,
a926,id-81
a927,
a928,rec-99-dup-0
a929,
a930,id-81
a931,id-73
a932,id-202
a933,id-202
a934,id-221
a935,id-81
a936,id-57
a937,id-57
a938,id-14
a939,id-2429
a940,id-326
a941,id-53
a942,
a943,id-221
a944,id-222
a945,id-222
a946,
a947,id-105
a948,id-30
a949,id-222
a950,id-153
a951,id-150
a952,
a953,id-221
a954,id-222
a955,id-81
a956,id-47
a957,id-222
a958,id-222
a959,id-72
a960,id-222
a961,id-222
a962,rec-205-dup-0
a963,id-105
a964,
a965,
a966,
a967,id-222
a968,id-222
a969,id-222
a970,id-222
a971,id-221
a972,id-73
a973,id-221
a974,id-103
a975,id-73
a976,id-221
a977,id-221
a978,id-222
a979,rec-221-dup-0
a980,id-105
a981,id-106
a982,id-202
a983,
a984,id-222
a985,id-5098
a986,
a987,
a988,id-107
a989,id-221
a990,id-105
a991,id-176
a992,id-73
a993,id-214
a994,id-105
a995,id-222
a996,id-73
a997,id-203
a998,id-214
a999,id-138
a1000,id-81
a1001,id-222
a1002,
a1003,id-38
a1004,
a1005,id-222
a1006,
a1007,id-222
a1008,id-202
a1009,
a1010,id-202
a1011,id-221
a1012,id-221
a1013,id-30
a1014,
a1015,id-84
a1016,id-222
a1017,id-153
a1018,
a1019,id-30
a1020,id-435
a1021,id-222
a1022,
a1023,id-222
a1024,id-73
a1025,id-221
a1026,id-81
a1027,
a1028,id-81
a1029,id-38
a1030,
a1031,id-221
a1032,id-202
a1033,id-222
a1034,
a1035,id-5062
a1036,id-222
a1037,id-202
a1038,id-72
a1039,rec-221-dup-0
a1040,id-221
a1041,id-222
a1042,id-222
a1043,id-222
a1044,
a1045,id-81
a1046,id-81
a1047,id-10
a1048,id-13
a1049,id-176
a1050,id-72
a1051,id-203
a1052,
a1053,id-81
a1054,id-221
a1055,
a1056,id-107
a1057,id-73
a1058,
a1059,id-222
a1060,
a1061,id-176
a1062,
a1063,id-73
a1064,id-150
a1065,id-221
a1066,id-105
a1067,id-214
a1068,id-222
a1069,id-175
a1070,id-175
a1071,id-214
a1072,id-221
a1073,
a1074,
a1075,id-81
a1076,
a1077,id-107
a1078,id-590
a1079,id-221
a1080,
a1081,id-73
a1082,id-222
a1083,id-21
a1084,id-107
a1085,
a1086,rec-10-dup-0
a1087,rec-10-dup-0
a1088,rec-221-dup-0
a1089,id-150
a1090,
a1091,id-221
a1092,id-13
a1093,id-73
a1094,
a1095,
a1096,id-150
a1097,
a1098,
a1099,id-222
a1100,id-222
a1101,id-5060
a1102,id-176
a1103,id-222
a1104,id-9655
a1105,rec-99-dup-0
a1106,
a1107,id-222
a1108,id-73
a1109,id-194
a1110,id-326
a1111,
a1112,
a1113,id-222
a1114,id-214
a1115,id-6926
a1116,id-13
a1117,
a1118,
a1119,id-202
a1120,id-222
a1121,
a1122,id-221
a1123,
a1124,id-221
a1125,rec-221-dup-0
a1126,
a1127,
a1128,id-222
a1129,id-100
a1130,id-222
a1131,
a1132,id-81
a1133,id-221
a1134,
a1135,
a1136,id-105
a1137,rec-221-dup-0
a1138,rec-221-dup-0
a1139,id-5196
a1140,id-150
a1141,id-222
a1142,id-189
a1143,
a1144,id-7493
a1145,id-222
a1146,id-60
a1147,
a1148,id-222
a1149,id-150
a1150,
a1151,
a1152,
a1153,id-72
a1154,id-222
a1155,rec-221-dup-0
a1156,
a1157,id-222
a1158,id-222
a1159,
a1160,id-222
a1161,id-5075
a1162,id-57
a1163,id-14
a1164,id-5179
a1165,id-107
a1166,id-222
a1167,rec-221-dup-0
a1168,
a1169,id-160
a1170,
a1171,id-105
a1172,id-168
a1173,
a1174,id-222
a1175,id-222
a1176,
a1177,id-73
a1178,id-222
a1179,id-105
a1180,id-105
a1181,id-81
a1182,id-202
a1183,
a1184,id-222
a1185,id-222
a1186,id-202
a1187,
a1188,id-222
a1189,id-222
a1190,
a1191,rec-10-dup-0
a1192,id-13
a1193,
a1194,id-189
a1195,id-222
a1196,id-176
a1197,
a1198,id-7703
a1199,id-81
a1200,
a1201,id-222
a1202,id-81
a1203,id-4434
a1204,id-81
a1205,rec-221-dup-0
a1206,rec-221-dup-0
a1207,
a1208,id-222
a1209,id-221
a1210,id-222
a1211,id-222
a1212,rec-221-dup-0
a1213,id-222
a1214,id-222
a1215,id-222
a1216,id-222
a1217,id-13
a1218,id-222
a1219,id-138
a1220,id-221
a1221,id-3957
a1222,id-222
a1223,
a1224,
a1225,id-222
a1226,id-160
a1227,id-67
a1228,id-221
a1229,id-10
a1230,id-222
a1231,
a1232,id-202
a1233,id-221
a1234,id-221
a1235,id-23698
a1236,
a1237,
a1238,
a1239,id-222
a1240,
a1241,id-221
a1242,id-221
a1243,id-222
a1244,id-13
a1245,id-5147
a1246,id-14
a1247,id-81
a1248,id-73
a1249,
a1250,id-7297
a1251,id-224
a1252,
a1253,id-202
a1254,id-221
a1255,
a1256,
a1257,
a1258,id-100
a1259,id-107
a1260,
a1261,
a1262,id-222
a1263,id-106
a1264,
a1265,
a1266,id-170
a1267,rec-221-dup-0
a1268,id-107
a1269,id-30
a1270,id-222
a1271,id-81
a1272,id-171
a1273,id-222
a1274,
a1275,id-81
a1276,id-107
a1277,id-46231
a1278,id-107
a1279,id-150
a1280,id-160
a1281,id-222
a1282,id-38
a1283,id-105
a1284,id-73
a1285,id-138
a1286,id-30
a1287,id-150
a1288,
a1289,
a1290,id-13
a1291,id-222
a1292,id-138
a1293,
a1294,id-222
a1295,
a1296,id-14
a1297,
a1298,
a1299,id-81
a1300,id-73
a1301,id-222
a1302,id-79463
a1303,id-202
a1304,id-221
a1305,id-222
a1306,id-107
a1307,id-107
a1308,id-84
a1309,id-107
a1310,
a1311,
a1312,id-243
a1313,id-222
a1314,id-221
a1315,id-222
a1316,id-222
a1317,rec-97-dup-0
a1318,rec-97-dup-0
a1319,id-7703
a1320,id-105
a1321,id-81
a1322,
a1323,id-5212
a1324,id-222
a1325,id-107
a1326,
a1327,id-1872
a1328,id-170
a1329,id-106
a1330,id-106
a1331,
a1332,
a1333,id-14
a1334,id-202
a1335,id-202
a1336,id-202
a1337,id-221
a1338,id-221
a1339,rec-221-dup-0
a1340,
a1341,id-13
a1342,id-105
a1343,id-176
a1344,id-176
a1345,id-222
a1346,
a1347,id-150
a1348,id-176
a1349,
a1350,id-67
a1351,id-107
a1352,
a1353,
a1354,
a1355,id-222
a1356,id-7706
a1357,id-30
a1358,id-222
a1359,id-7703
a1360,id-222
a1361,rec-221-dup-0
a1362,id-14
a1363,rec-221-dup-0
a1364,
a1365,
a1366,id-432
a1367,
a1368,id-81
a1369,id-222
a1370,id-222
a1371,id-222
a1372,id-38
a1373,id-97
a1374,id-222
a1375,id-105
a1376,id-13
a1377,id-203
a1378,id-176
a1379,id-21
a1380,
a1381,id-81
a1382,id-203
a1383,id-81
a1384,id-72
a1385,id-221
a1386,id-171
a1387,id-222
a1388,
a1389,id-13
a1390,
a1391,
a1392,id-73
a1393,
a1394,
a1395,id-73
a1396,id-222
a1397,id-170
a1398,id-222
a1399,id-222
a1400,id-222
a1401,rec-221-dup-0
a1402,
a1403,id-38
a1404,id-105
a1405,id-221
a1406,id-222
a1407,
a1408,id-105
a1409,id-107
a1410,
a1411,id-175
a1412,id-432
a1413,id-222
a1414,id-21
a1415,id-10
a1416,
a1417,
a1418,id-81
a1419,id-105
a1420,rec-2759-dup-0
a1421,
a1422,id-222
a1423,
a1424,rec-221-dup-0
a1425,id-68649
a1426,
a1427,id-222
a1428,rec-221-dup-0
a1429,id-7296
a1430,id-222
a1431,id-10
a1432,id-13
a1433,id-107
a1434,id-73
a1435,id-84003
a1436,rec-221-dup-0
a1437,id-107
a1438,id-81
a1439,id-222
a1440,id-222
a1441,id-222
a1442,
a1443,id-222
a1444,id-81
a1445,
a1446,id-14
a1447,id-81
a1448,
a1449,rec-221-dup-0
a1450,
a1451,id-170
a1452,id-81
a1453,
a1454,id-622
a1455,id-222
a1456,
a1457,
a1458,
a1459,id-57
a1460,id-117
a1461,
a1462,id-222
a1463,id-5212
a1464,id-107
a1465,id-56
a1466,
a1467,id-222
a1468,id-14
a1469,id-222
a1470,id-99
a1471,id-222
a1472,
a1473,id-81
a1474,rec-221-dup-0
a1475,id-222
a1476,id-221
a1477,id-81
a1478,id-222
a1479,
a1480,
a1481,
a1482,id-222
a1483,id-81
a1484,id-103
a1485,
a1486,
a1487,
a1488,id-81
a1489,rec-221-dup-0
a1490,
a1491,id-222
a1492,
a1493,id-221
a1494,
a1495,
a1496,id-113
a1497,id-221
a1498,id-221
a1499,id-222
a1500,
a1501,id-221
a1502,id-106
a1503,id-106
a1504,id-106
a1505,
a1506,id-222
a1507,
a1508,id-73
a1509,id-222
a1510,id-190
a1511,
a1512,id-222
a1513,id-81
a1514,
a1515,id-282
a1516,id-221
a1517,
a1518,id-222
a1519,id-222
a1520,
a1521,id-222
a1522,id-222
a1523,id-81
a1524,id-221
a1525,id-117
a1526,id-81
a1527,id-106
a1528,id-222
a1529,id-222
a1530,id-222
a1531,id-222
a1532,id-243
a1533,id-222
a1534,id-150
a1535,id-106
a1536,id-7020
a1537,id-107
a1538,id-107
a1539,id-81
a1540,id-202
a1541,id-47
a1542,rec-221-dup-0
a1543,
a1544,id-81
a1545,id-254
a1546,id-222
a1547,id-222
a1548,
a1549,id-21
a1550,id-104
a1551,
a1552,
a1553,id-221
a1554,id-222
a1555,id-104
a1556,id-107
a1557,id-221
a1558,
a1559,id-222
a1560,id-222
a1561,id-176
a1562,id-222
a1563,id-222
a1564,id-89187
a1565,
a1566,id-221
a1567,id-263
a1568,
a1569,
a1570,
a1571,id-221
a1572,id-432
a1573,id-222
a1574,id-221
a1575,id-73
a1576,id-221
a1577,id-73
a1578,id-10
a1579,id-84
a1580,id-30
a1581,
a1582,id-194
a1583,id-176
a1584,id-73
a1585,id-81
a1586,id-222
a1587,id-105
a1588,
a1589,
a1590,id-107
a1591,id-170
a1592,id-107
a1593,
a1594,
a1595,
a1596,id-81
a1597,id-73
a1598,id-435
a1599,id-222
a1600,
a1601,id-222
a1602,id-150
a1603,id-7704
a1604,id-221
a1605,id-222
a1606,id-107
a1607,id-13
a1608,id-222
a1609,id-203
a1610,id-222
a1611,id-222
a1612,id-107
a1613,id-222
a1614,
a1615,id-222
a1616,id-5147
a1617,
a1618,
a1619,id-81
a1620,id-81
a1621,id-222
a1622,id-222
a1623,id-221
a1624,id-222
a1625,id-67
a1626,id-103
a1627,
a1628,id-222
a1629,id-84
a1630,
a1631,id-73
a1632,id-222
a1633,
a1634,id-170
a1635,id-170
a1636,id-20
a1637,id-14
a1638,
a1639,id-160
a1640,id-170
a1641,id-222
a1642,
a1643,id-221
a1644,id-73
a1645,
a1646,id-202
a1647,rec-113-dup-0
a1648,rec-113-dup-0
a1649,
a1650,id-14
a1651,id-14
a1652,id-84
a1653,
a1654,id-202
a1655,id-105
a1656,id-222
a1657,id-81
a1658,id-222
a1659,id-221
a1660,id-73
a1661,id-266
a1662,id-222
a1663,id-222
a1664,id-105
a1665,id-222
a1666,id-221
a1667,id-81
a1668,id-222
a1669,id-107
a1670,id-222
a1671,
a1672,id-13
a1673,id-221
a1674,
a1675,id-160
a1676,id-221
a1677,id-202
a1678,
a1679,id-202
a1680,
a1681,id-14
a1682,id-72
a1683,id-7020
a1684,
a1685,id-222
a1686,id-202
a1687,id-81
a1688,id-81
a1689,rec-221-dup-0
a1690,
a1691,
a1692,id-38
a1693,id-194
a1694,id-150
a1695,rec-99-dup-0
a1696,
a1697,id-81
a1698,id-222
a1699,id-107
a1700,id-150
a1701,id-73
a1702,id-434
a1703,id-222
a1704,
a1705,id-107
a1706,id-222
a1707,id-117
a1708,id-222
a1709,id-222
a1710,id-202
a1711,id-3924
a1712,id-7345
a1713,
a1714,id-222
a1715,id-221
a1716,id-222
a1717,id-194
a1718,
a1719,
a1720,id-72
a1721,
a1722,rec-221-dup-0
a1723,id-221
a1724,id-105
a1725,id-222
a1726,
a1727,
a1728,id-8966
a1729,id-222
a1730,id-221
a1731,id-222
a1732,
a1733,id-222
a1734,rec-221-dup-0
a1735,id-150
a1736,id-13
a1737,id-81
a1738,rec-221-dup-0
a1739,id-222
a1740,id-13
a1741,
a1742,id-222
a1743,id-72
a1744,id-194
a1745,id-106
a1746,id-222
a1747,id-222
a1748,id-105
a1749,id-160
a1750,id-13
a1751,id-221
a1752,
a1753,id-222
a1754,id-150
a1755,id-73
a1756,id-222
a1757,id-107
a1758,
a1759,id-117235
a1760,id-113
a1761,id-222
a1762,id-103
a1763,id-653
a1764,id-222
a1765,
a1766,id-222
a1767,
a1768,id-222
a1769,rec-221-dup-0
a1770,id-221
a1771,id-73
a1772,id-221
a1773,id-221
a1774,id-221
a1775,
a1776,
a1777,id-222
a1778,rec-221-dup-0
a1779,id-222
a1780,
a1781,rec-221-dup-0
a1782,id-222
a1783,
a1784,id-81
a1785,id-13
a1786,id-222
a1787,id-107
a1788,id-214
a1789,id-105
a1790,
a1791,id-72
a1792,id-72
a1793,id-105
a1794,
a1795,
a1796,id-222
a1797,id-222
a1798,id-54
a1799,id-222
a1800,id-73
a1801,id-38
a1802,id-104
a1803,id-221
a1804,id-221
a1805,id-222
a1806,id-153
a1807,
a1808,id-107
a1809,id-653
a1810,
a1811,
a1812,id-107
a1813,id-222
a1814,id-194
a1815,id-221
a1816,
a1817,id-30
a1818,id-30
a1819,id-81
a1820,id-221
a1821,id-221
a1822,id-222
a1823,
a1824,
a1825,id-30
a1826,
a1827,
a1828,rec-221-dup-0
a1829,id-222
a1830,
a1831,id-222
a1832,id-222
a1833,id-106
a1834,id-21
a1835,id-222
a1836,id-194
a1837,id-194
a1838,id-81
a1839,id-72
a1840,id-222
a1841,id-222
a1842,id-222
a1843,id-107
a1844,id-7703
a1845,id-81
a1846,id-73
a1847,id-105
a1848,id-105
a1849,id-81
a1850,
a1851,
a1852,id-150
a1853,id-104
a1854,
a1855,id-170
a1856,id-5147
a1857,id-81
a1858,id-222
a1859,id-81
a1860,id-222
a1861,
a1862,id-84
a1863,id-221
a1864,id-13
a1865,id-222
a1866,id-81
a1867,id-84
a1868,id-13
a1869,id-81
a1870,
a1871,id-222
a1872,id-104
a1873,
a1874,id-129
a1875,id-222
a1876,id-81
a1877,id-222
a1878,id-202
a1879,id-72
a1880,id-222
a1881,id-38
a1882,
a1883,
a1884,rec-221-dup-0
a1885,id-222
a1886,id-222
a1887,id-222
a1888,id-103
a1889,
a1890,
a1891,id-222
a1892,id-73
a1893,
a1894,id-221
a1895,
a1896,id-222
a1897,id-222
a1898,id-222
a1899,
a1900,
a1901,
a1902,id-30
a1903,id-81
a1904,id-222
a1905,id-176
a1906,
a1907,
a1908,id-222
a1909,id-81
a1910,id-72
a1911,
a1912,id-222
a1913,id-107
a1914,id-170
a1915,id-222
a1916,rec-221-dup-0
a1917,id-103
a1918,id-222
a1919,id-150
a1920,id-221
a1921,id-222
a1922,id-222
a1923,id-222
a1924,id-221
a1925,id-14
a1926,
a1927,
a1928,id-222
a1929,rec-221-dup-0
a1930,rec-221-dup-0
a1931,id-100
a1932,id-222
a1933,id-150
a1934,id-4000
a1935,id-53
a1936,rec-221-dup-0
a1937,
a1938,id-60
a1939,id-221
a1940,id-222
a1941,id-222
a1942,id-240
a1943,id-222
a1944,id-222
a1945,id-221
a1946,id-222
a1947,id-172
a1948,id-222
a1949,id-5089
a1950,id-222
a1951,id-81
a1952,id-30
a1953,id-222
a1954,id-266
a1955,id-222
a1956,
a1957,id-30
a1958,id-243
a1959,id-81
a1960,id-118456
a1961,
a1962,id-222
a1963,
a1964,id-38
a1965,id-176
a1966,id-194
a1967,id-67
a1968,rec-67-dup-0
a1969,id-176
a1970,id-221
a1971,id-81
a1972,
a1973,rec-221-dup-0
a1974,
a1975,
a1976,
a1977,id-222
a1978,id-222
a1979,id-222
a1980,id-222
a1981,id-221
a1982,
a1983,id-14
a1984,id-7952
a1985,id-205
a1986,id-221
a1987,id-153
a1988,id-222
a1989,id-73
a1990,rec-221-dup-0
a1991,id-221
a1992,id-72
a1993,rec-221-dup-0
a1994,id-222
a1995,
a1996,id-38
a1997,id-81
a1998,id-194
a1999,
a2000,id-176
a2001,
a2002,id-84
a2003,
a2004,id-222
a2005,id-153
a2006,
a2007,id-222
a2008,id-202
a2009,id-44
a2010,id-222
a2011,id-27
a2012,id-176
a2013,
a2014,id-81
a2015,id-14
a2016,id-72
a2017,id-73
a2018,id-222
a2019,
a2020,id-222
a2021,id-72
a2022,
a2023,id-221
a2024,id-222
a2025,
a2026,
a2027,id-221
a2028,
a2029,
a2030,id-194
a2031,
a2032,id-38
a2033,id-105
a2034,id-222
a2035,id-222
a2036,id-73
a2037,id-73
a2038,
a2039,id-56
a2040,id-222
a2041,rec-221-dup-0
a2042,id-221
a2043,id-222
a2044,id-13
a2045,rec-221-dup-0
a2046,id-202
a2047,id-222
a2048,id-222
a2049,
a2050,id-222
a2051,
a2052,
a2053,id-222
a2054,id-170
a2055,
a2056,
a2057,id-222
a2058,id-175
a2059,
a2060,id-222
a2061,id-222
a2062,id-222
a2063,rec-221-dup-0
a2064,rec-221-dup-0
a2065,id-105
a2066,
a2067,id-81
a2068,id-222
a2069,
a2070,id-222
a2071,id-153
a2072,id-222
a2073,
a2074,id-222
a2075,rec-221-dup-0
a2076,id-221
a2077,id-202
a2078,id-7708
a2079,id-73
a2080,rec-221-dup-0
a2081,
a2082,id-107
a2083,
a2084,id-73
a2085,id-194
a2086,id-243
a2087,id-107
a2088,id-105
a2089,id-222
a2090,id-106
a2091,id-222
a2092,
a2093,id-221
a2094,id-72
a2095,id-105
a2096,id-7020
a2097,
a2098,rec-98-dup-0
a2099,id-235
a2100,id-222
a2101,id-221
a2102,
a2103,
a2104,id-221
a2105,id-222
a2106,id-221
a2107,id-21
a2108,
a2109,id-57
a2110,
a2111,
a2112,
a2113,id-222
a2114,id-221
a2115,id-194
a2116,rec-221-dup-0
a2117,id-21
a2118,id-3
a2119,id-222
a2120,
a2121,
a2122,id-30
a2123,id-222
a2124,id-203
a2125,id-38
a2126,id-30
a2127,id-14
a2128,id-30
a2129,id-222
a2130,id-138
a2131,
a2132,id-107
a2133,
a2134,id-202
a2135,id-202
a2136,id-202
a2137,
a2138,id-38
a2139,id-222
a2140,id-221
a2141,id-38
a2142,id-73
a2143,id-150
a2144,id-98
a2145,
a2146,id-30
a2147,id-205
a2148,id-205
a2149,
a2150,id-221
a2151,id-21
a2152,id-82557
a2153,id-82557
a2154,
a2155,id-63
a2156,id-222
a2157,id-222
a2158,id-5213
a2159,id-81
a2160,
a2161,id-30
a2162,id-81
a2163,id-202
a2164,id-73
a2165,id-202
a2166,
a2167,id-81
a2168,id-38
a2169,
a2170,id-106
a2171,
a2172,id-171
a2173,id-81
a2174,id-117
a2175,id-222
a2176,id-13
a2177,id-106
a2178,id-222
a2179,
a2180,id-221
a2181,id-106
a2182,id-221
a2183,id-221
a2184,id-84
a2185,id-222
a2186,id-222
a2187,id-222
a2188,id-13
a2189,id-2429
a2190,id-107
a2191,rec-221-dup-0
a2192,id-72
a2193,id-222
a2194,id-202
a2195,
a2196,id-105
a2197,id-222
a2198,id-30670
a2199,id-81
a2200,id-81
a2201,
a2202,
a2203,rec-221-dup-0
a2204,id-13
a2205,id-73
a2206,
a2207,
a2208,id-222
a2209,
a2210,id-113
a2211,id-53
a2212,
a2213,
a2214,id-150
a2215,id-221
a2216,rec-221-dup-0
a2217,rec-67-dup-0
a2218,id-222
a2219,
a2220,id-56
a2221,id-73
a2222,id-9279
a2223,
a2224,id-105
a2225,id-222
a2226,id-105
a2227,id-254
a2228,id-222
a2229,id-222
a2230,id-10195
a2231,
a2232,id-68696
a2233,id-222
a2234,
a2235,
a2236,id-222
a2237,id-221
a2238,
a2239,id-72
a2240,
a2241,
a2242,
a2243,id-222
a2244,id-107
a2245,id-205
a2246,id-222
a2247,id-224
a2248,id-153
a2249,id-105
a2250,id-221
a2251,id-81
a2252,id-72
a2253,id-105
a2254,
a2255,id-222
a2256,id-222
a2257,
a2258,
a2259,id-194
a2260,id-73
a2261,
a2262,
a2263,id-72
a2264,id-73
a2265,rec-7324-dup-0
a2266,id-222
a2267,
a2268,
a2269,id-73
a2270,id-222
a2271,id-72
a2272,rec-221-dup-0
a2273,
a2274,
a2275,id-222
a2276,
a2277,
a2278,id-81
a2279,id-222
a2280,
a2281,
a2282,id-38
a2283,id-73
a2284,id-1178
a2285,id-202
a2286,id-73
a2287,id-72
a2288,
a2289,
a2290,id-81
a2291,id-222
a2292,
a2293,
a2294,
a2295,id-221
a2296,rec-221-dup-0
a2297,id-106
a2298,
a2299,id-107
a2300,id-222
a2301,id-67
a2302,id-222
a2303,
a2304,
a2305,id-222
a2306,id-222
a2307,id-103
a2308,id-107
a2309,id-194
a2310,id-193
a2311,id-107
a2312,id-222
a2313,id-203
a2314,
a2315,id-194
a2316,
a2317,
a2318,
a2319,
a2320,id-73
a2321,id-222
a2322,id-221
a2323,
a2324,id-222
a2325,id-105
a2326,id-105
a2327,id-222
a2328,
a2329,id-222
a2330,
a2331,id-30897
a2332,rec-221-dup-0
a2333,rec-221-dup-0
a2334,
a2335,id-222
a2336,
a2337,id-73
a2338,id-221
a2339,id-432
a2340,id-56
a2341,id-5282
a2342,id-222
a2343,id-107
a2344,id-81
a2345,id-221
a2346,id-107
a2347,id-30
a2348,id-81
a2349,id-14
a2350,id-222
a2351,
a2352,id-150
a2353,
a2354,id-222
a2355,id-222
a2356,id-107
a2357,
a2358,id-222
a2359,id-72
a2360,id-170
a2361,
a2362,id-222
a2363,id-176
a2364,id-221
a2365,id-202
a2366,id-432
a2367,
a2368,id-81
a2369,id-222
a2370,
a2371,
a2372,id-221
a2373,id-10
a2374,id-81
a2375,id-57
a2376,id-222
a2377,id-222
a2378,
a2379,id-194
a2380,id-222
a2381,id-5099
a2382,id-222
a2383,id-222
a2384,id-222
a2385,id-222
a2386,
a2387,id-73
a2388,id-38
a2389,
a2390,id-14
a2391,id-221
a2392,id-282
a2393,id-282
a2394,id-221
a2395,
a2396,
a2397,
a2398,
a2399,
a2400,id-222
a2401,id-222
a2402,id-222
a2403,
a2404,id-53
a2405,id-72
a2406,
a2407,id-12930
a2408,id-221
a2409,
a2410,id-222
a2411,
a2412,id-30
a2413,id-221
a2414,rec-67-dup-0
a2415,id-73
a2416,id-222
a2417,id-73
a2418,id-44
a2419,id-160
a2420,id-222
a2421,
a2422,
a2423,id-240
a2424,id-72
a2425,
a2426,id-73
a2427,id-81
a2428,
a2429,id-222
a2430,
a2431,id-221
a2432,id-81
a2433,id-14
a2434,id-81
a2435,id-203
a2436,id-81
a2437,id-73
a2438,id-81
a2439,id-73
a2440,id-222
a2441,id-222
a2442,id-81
a2443,id-221
a2444,
a2445,
a2446,
a2447,id-222
a2448,
a2449,rec-221-dup-0
a2450,
a2451,id-222
a2452,
a2453,id-84
a2454,id-96
a2455,id-3821
a2456,
a2457,id-82618
a2458,
a2459,id-107
a2460,id-222
a2461,id-202
a2462,id-222
a2463,id-221
a2464,id-73
a2465,
a2466,id-13
a2467,id-222
a2468,id-221
a2469,id-81
a2470,
a2471,id-214
a2472,id-150
a2473,id-222
a2474,id-222
a2475,id-222
a2476,
a2477,rec-103-dup-0
a2478,
a2479,id-202
a2480,id-222
a2481,id-222
a2482,id-221
a2483,id-221
a2484,id-97
a2485,id-189
a2486,
a2487,id-189
a2488,id-138
a2489,id-72
a2490,id-204
a2491,
a2492,id-222
a2493,id-10861
a2494,id-107
a2495,id-73
a2496,id-107
a2497,id-113
a2498,
a2499,
a2500,id-202
a2501,
a2502,
a2503,id-7953
a2504,id-222
a2505,id-84
a2506,id-30
a2507,id-222
a2508,id-222
a2509,id-222
a2510,id-222
a2511,id-9625
a2512,
a2513,id-222
a2514,
a2515,id-221
a2516,id-7327
a2517,id-84
a2518,id-170
a2519,id-21
a2520,id-106
a2521,id-21
a2522,id-222
a2523,id-13
a2524,id-81
a2525,id-222
a2526,id-222
a2527,
a2528,id-73
a2529,id-73
a2530,id-73
a2531,
a2532,id-107
a2533,id-105
a2534,id-222
a2535,
a2536,
a2537,
a2538,id-105
a2539,id-107
a2540,id-222
a2541,id-150
a2542,id-150
a2543,id-150
a2544,id-30
a2545,
a2546,id-38
a2547,rec-221-dup-0
a2548,id-38
a2549,id-222
a2550,id-81
a2551,rec-221-dup-0
a2552,id-222
a2553,
a2554,
a2555,id-202
a2556,id-202
a2557,id-221
a2558,id-222
a2559,
a2560,id-81
a2561,id-222
a2562,id-222
a2563,
a2564,id-81
a2565,
a2566,
a2567,
a2568,
a2569,
a2570,id-38
a2571,id-222
a2572,id-160
a2573,id-222
a2574,id-115582
a2575,id-222
a2576,id-107
a2577,id-222
a2578,id-222
a2579,id-243
a2580,id-222
a2581,
a2582,id-5586
a2583,
a2584,id-202
a2585,id-222
a2586,id-222
a2587,id-222
a2588,id-81
a2589,
a2590,
a2591,id-222
a2592,id-202
a2593,
a2594,
a2595,
a2596,
a2597,
a2598,id-222
a2599,id-221
a2600,id-38
a2601,id-222
a2602,
a2603,id-222
a2604,id-222
a2605,id-222
a2606,id-222
a2607,
a2608,
a2609,id-81
a2610,id-222
a2611,id-73
a2612,
a2613,
a2614,
a2615,id-222
a2616,
a2617,id-222
a2618,id-222
a2619,id-67
a2620,id-222
a2621,
a2622,id-107
a2623,id-150
a2624,id-105
a2625,id-38
a2626,id-222
a2627,id-222
a2628,id-222
a2629,id-87369
a2630,
a2631,id-87369
a2632,id-222
a2633,
a2634,id-10
a2635,id-222
a2636,id-202
a2637,
a2638,id-150
a2639,
a2640,id-221
a2641,
a2642,id-12314
a2643,id-113
a2644,id-221
a2645,
a2646,id-81
a2647,id-194
a2648,id-73
a2649,id-107
a2650,
a2651,id-72
a2652,id-81
a2653,id-221
a2654,id-160
a2655,
a2656,id-73
a2657,
a2658,id-167
a2659,id-194
a2660,id-30
a2661,id-44
a2662,id-73
a2663,id-221
a2664,id-21
a2665,id-221
a2666,id-222
a2667,id-222
a2668,id-222
a2669,
a2670,rec-221-dup-0
a2671,id-30
a2672,rec-205-dup-0
a2673,id-30
a2674,id-222
a2675,
a2676,id-67
a2677,id-73
a2678,id-107
a2679,id-222
a2680,id-81
a2681,id-221
a2682,id-105
a2683,id-221
a2684,id-176
a2685,id-84
a2686,id-105
a2687,id-72
a2688,id-10861
a2689,id-432
a2690,
a2691,id-7704
a2692,id-81
a2693,id-203
a2694,id-221
a2695,id-82583
a2696,id-81
a2697,id-222
a2698,id-222
a2699,id-222
a2700,id-222
a2701,id-221
a2702,id-107
a2703,
a2704,id-107
a2705,id-13
a2706,id-13
a2707,id-13
a2708,id-105
a2709,id-56
a2710,
a2711,id-221
a2712,id-222
a2713,id-203
a2714,id-107
a2715,id-254
a2716,
a2717,
a2718,id-202
a2719,id-221
a2720,id-176
a2721,
a2722,
a2723,id-203
a2724,id-67
a2725,id-202
a2726,
a2727,id-222
a2728,id-222
a2729,
a2730,id-202
a2731,id-56
a2732,id-221
a2733,id-194
a2734,
a2735,
a2736,id-81
a2737,
a2738,id-222
a2739,id-221
a2740,id-1876
a2741,id-7326
a2742,id-81
a2743,
a2744,id-103
a2745,id-222
a2746,id-150
a2747,
a2748,id-202
a2749,id-73
a2750,rec-221-dup-0
a2751,rec-221-dup-0
a2752,
a2753,
a2754,id-38
a2755,id-222
a2756,id-222
a2757,id-81
a2758,
a2759,id-5430
a2760,id-7703
a2761,id-5060
a2762,id-38
a2763,id-222
a2764,id-222
a2765,id-72
a2766,
a2767,id-222
a2768,id-222
a2769,id-203
a2770,
a2771,id-222
a2772,id-7281
a2773,id-221
a2774,rec-221-dup-0
a2775,
a2776,id-73
a2777,
a2778,
a2779,
a2780,
a2781,
a2782,id-73
a2783,id-73
a2784,id-107
a2785,id-222
a2786,rec-221-dup-0
a2787,id-81
a2788,id-221
a2789,
a2790,id-222
a2791,id-176
a2792,
a2793,id-222
a2794,id-176
a2795,id-222
a2796,id-222
a2797,id-271
a2798,id-202
a2799,id-107
a2800,id-222
a2801,id-107
a2802,rec-221-dup-0
a2803,
a2804,id-107
a2805,
a2806,id-107
a2807,id-222
a2808,id-222
a2809,id-222
a2810,
a2811,id-105
a2812,id-99
a2813,
a2814,id-222
a2815,
a2816,id-222
a2817,
a2818,id-12030
a2819,id-194
a2820,
a2821,id-221
a2822,id-222
a2823,
a2824,id-107
a2825,rec-3821-dup-0
a2826,rec-3821-dup-0
a2827,id-222
a2828,rec-3821-dup-0
a2829,
a2830,
a2831,
a2832,
a2833,id-221
a2834,id-167
a2835,id-222
a2836,id-13
a2837,id-222
a2838,id-219
a2839,
a2840,
a2841,rec-103-dup-0
a2842,id-84
a2843,id-57
a2844,id-30
a2845,id-7703
a2846,id-72
a2847,
a2848,
a2849,id-222
a2850,id-72
a2851,id-160
a2852,id-160
a2853,id-73
a2854,
a2855,id-3831
a2856,id-222
a2857,id-222
a2858,id-105
a2859,id-222
a2860,id-105
a2861,id-5548
a2862,id-222
a2863,
a2864,id-222
a2865,id-222
a2866,
a2867,rec-99-dup-0
a2868,id-73
a2869,
a2870,id-107
a2871,id-107
a2872,
a2873,id-190
a2874,id-81
a2875,id-81
a2876,id-28126
a2877,id-105
a2878,id-221
a2879,
a2880,
a2881,
a2882,rec-221-dup-0
a2883,id-38
a2884,id-84
a2885,id-73
a2886,id-222
a2887,id-222
a2888,id-221
a2889,id-81
a2890,id-222
a2891,id-222
a2892,id-221
a2893,id-81
a2894,id-81
a2895,id-73
a2896,id-38
a2897,id-222
a2898,id-150
a2899,id-222
a2900,id-160
a2901,id-176
a2902,id-5147
a2903,id-221
a2904,
a2905,id-13
a2906,
a2907,id-222
a2908,id-81
a2909,id-81
a2910,rec-221-dup-0
a2911,
a2912,
a2913,
a2914,id-106
a2915,id-202
a2916,
a2917,id-106
a2918,id-107
a2919,
a2920,id-222
a2921,id-222
a2922,id-73
a2923,rec-221-dup-0
a2924,id-222
a2925,id-222
a2926,id-81
a2927,id-81
a2928,id-20987
a2929,id-222
a2930,id-107
a2931,id-214
a2932,id-214
a2933,
a2934,id-222
a2935,id-221
a2936,id-222
a2937,
a2938,
a2939,
a2940,
a2941,id-73
a2942,rec-221-dup-0
a2943,rec-221-dup-0
a2944,id-222
a2945,rec-221-dup-0
a2946,
a2947,id-30
a2948,id-221
a2949,id-7704
a2950,rec-63-dup-0
a2951,
a2952,id-221
a2953,id-21
a2954,id-221
a2955,id-221
a2956,id-81
a2957,id-222
a2958,id-99
a2959,id-73
a2960,id-222
a2961,id-30
a2962,
a2963,
a2964,id-97
a2965,
a2966,
a2967,
a2968,
a2969,
a2970,
a2971,id-13
a2972,id-222
a2973,
a2974,
a2975,id-222
a2976,
a2977,
a2978,id-153
a2979,
a2980,id-150
a2981,
a2982,id-81
a2983,id-56
a2984,
a2985,id-322
a2986,id-203
a2987,id-107
a2988,id-222
a2989,
a2990,id-38
a2991,id-81
a2992,id-7703
a2993,
a2994,id-38
a2995,id-105
a2996,id-81
a2997,id-433
a2998,id-105
a2999,id-222
a3000,id-194
a3001,id-3869
a3002,id-222
a3003,
a3004,id-222
a3005,
a3006,id-222
a3007,id-222
a3008,rec-221-dup-0
a3009,
a3010,id-222
a3011,id-13
a3012,
a3013,id-221
a3014,
a3015,
a3016,
a3017,id-138
a3018,id-222
a3019,id-202
a3020,id-7703
a3021,id-72
a3022,
a3023,id-221
a3024,id-72
a3025,rec-221-dup-0
a3026,id-72
a3027,id-221
a3028,id-38
a3029,
a3030,id-222
a3031,id-67
a3032,id-107
a3033,rec-10-dup-0
a3034,id-189
a3035,id-222
a3036,id-221
a3037,id-202
a3038,id-13
a3039,id-105
a3040,id-222
a3041,id-221
a3042,
a3043,
a3044,id-222
a3045,id-222
a3046,id-222
a3047,id-222
a3048,id-38
a3049,
a3050,id-243
a3051,id-81
a3052,id-107
a3053,id-222
a3054,id-107
a3055,id-170
a3056,id-105
a3057,id-222
a3058,
a3059,id-72
a3060,
a3061,id-203
a3062,rec-221-dup-0
a3063,id-194
a3064,rec-331-dup-0
a3065,id-222
a3066,id-222
a3067,
a3068,
a3069,id-194
a3070,id-222
a3071,
a3072,
a3073,
a3074,id-222
a3075,id-81
a3076,id-194
a3077,id-104
a3078,id-221
a3079,
a3080,id-221
a3081,id-7288
a3082,id-7288
a3083,id-7288
a3084,
a3085,id-222
a3086,id-81
a3087,
a3088,
a3089,rec-67-dup-0
a3090,id-150
a3091,id-221
a3092,
a3093,
a3094,id-57
a3095,id-222
a3096,
a3097,id-222
a3098,id-221
a3099,rec-47-dup-0
a3100,id-103
a3101,
a3102,id-30
a3103,id-81
a3104,id-30
a3105,id-222
a3106,
a3107,id-107
a3108,
a3109,id-150
a3110,id-107
a3111,id-73
a3112,id-81
a3113,id-105
a3114,rec-221-dup-0
a3115,id-222
a3116,id-222
a3117,id-222
a3118,id-43
a3119,id-30
a3120,rec-113-dup-0
a3121,id-214
a3122,id-81
a3123,id-10861
a3124,id-221
a3125,
a3126,id-73
a3127,id-222
a3128,id-107
a3129,id-222
a3130,
a3131,id-107
a3132,id-150
a3133,
a3134,id-81
a3135,id-160
a3136,id-222
a3137,id-81
a3138,id-222
a3139,id-107
a3140,id-72
a3141,id-81
a3142,id-202
a3143,id-222
a3144,id-72
a3145,rec-221-dup-0
a3146,id-160
a3147,
a3148,id-222
a3149,
a3150,id-73
a3151,id-52
a3152,
a3153,
a3154,
a3155,id-73
a3156,id-194
a3157,
a3158,id-2429
a3159,id-222
a3160,id-5210
a3161,id-222
a3162,id-221
a3163,rec-221-dup-0
a3164,
a3165,id-222
a3166,id-222
a3167,
a3168,
a3169,id-160
a3170,id-222
a3171,id-81
a3172,id-176
a3173,id-222
a3174,id-176
a3175,
a3176,
a3177,id-219
a3178,id-222
a3179,id-202
a3180,id-222
a3181,id-107
a3182,
a3183,id-56
a3184,id-107
a3185,
a3186,id-56
a3187,id-106
a3188,
a3189,
a3190,
a3191,id-105
a3192,
a3193,id-105
a3194,id-73
a3195,id-81
a3196,id-222
a3197,
a3198,id-105
a3199,id-214
a3200,id-81
a3201,
a3202,id-73
a3203,id-222
a3204,id-38
a3205,
a3206,
a3207,id-30
a3208,id-150
a3209,id-222
a3210,id-150
a3211,id-72
a3212,id-9563
a3213,
a3214,id-176
a3215,id-221
a3216,
a3217,id-222
a3218,id-73
a3219,id-202
a3220,
a3221,
a3222,id-222
a3223,id-175
a3224,
a3225,id-221
a3226,id-221
a3227,id-107
a3228,id-38
a3229,id-193
a3230,id-107
a3231,id-150
a3232,id-30
a3233,id-105
a3234,id-107
a3235,id-176
a3236,id-222
a3237,id-176
a3238,id-222
a3239,id-72
a3240,id-150
a3241,id-54
a3242,id-176
a3243,id-222
a3244,id-168
a3245,rec-205-dup-0
a3246,
a3247,id-221
a3248,
a3249,id-150
a3250,id-221
a3251,id-221
a3252,id-38
a3253,id-103
a3254,id-222
a3255,id-222
a3256,id-30
a3257,id-222
a3258,
a3259,id-7326
a3260,id-222
a3261,id-221
a3262,id-160
a3263,id-222
a3264,id-81
a3265,id-81
a3266,
a3267,id-327
a3268,id-222
a3269,id-222
a3270,id-222
a3271,id-222
a3272,id-73
a3273,id-81
a3274,id-222
a3275,id-222
a3276,id-222
a3277,id-160
a3278,id-7703
a3279,id-106
a3280,id-81
a3281,id-222
a3282,
a3283,id-222
a3284,rec-221-dup-0
a3285,id-202
a3286,id-81
a3287,id-221
a3288,id-434
a3289,id-432
a3290,id-81
a3291,id-107
a3292,id-56
a3293,
a3294,id-221
a3295,
a3296,id-222
a3297,id-202
a3298,id-107
a3299,id-202
a3300,id-203
a3301,
a3302,id-222
a3303,
a3304,id-202
a3305,id-2450
a3306,id-222
a3307,
a3308,id-21
a3309,id-194
a3310,id-221
a3311,id-162
a3312,id-222
a3313,id-105
a3314,id-72
a3315,id-81
a3316,id-222
a3317,
a3318,
a3319,id-222
a3320,id-222
a3321,id-221
a3322,id-7454
a3323,id-222
a3324,id-221
a3325,id-221
a3326,id-38
a3327,id-107
a3328,id-222
a3329,id-72
a3330,id-67
a3331,id-222
a3332,id-222
a3333,rec-221-dup-0
a3334,id-222
a3335,id-73
a3336,
a3337,id-221
a3338,id-222
a3339,
a3340,
a3341,id-113
a3342,id-100
a3343,rec-97-dup-0
a3344,id-150
a3345,id-81
a3346,
a3347,id-222
a3348,id-97
a3349,
a3350,
a3351,id-221
a3352,id-107
a3353,id-72
a3354,id-222
a3355,
a3356,id-176
a3357,id-103
a3358,id-107
a3359,id-150
a3360,id-13
a3361,id-30
a3362,id-222
a3363,id-222
a3364,
a3365,id-222
a3366,
a3367,id-221
a3368,id-13
a3369,id-222
a3370,rec-221-dup-0
a3371,id-21
a3372,id-176
a3373,rec-221-dup-0
a3374,id-23698
a3375,rec-221-dup-0
a3376,
a3377,id-222
a3378,rec-221-dup-0
a3379,
a3380,id-107
a3381,id-150
a3382,id-222
a3383,id-222
a3384,id-103
a3385,id-73
a3386,
a3387,id-284
a3388,id-222
a3389,id-222
a3390,id-1178
a3391,id-222
a3392,id-222
a3393,id-13
a3394,id-434
a3395,id-103
a3396,id-38
a3397,id-73
a3398,id-73
a3399,id-73
a3400,
a3401,
a3402,
a3403,id-7326
a3404,
a3405,
a3406,id-222
a3407,id-221
a3408,
a3409,
a3410,
a3411,id-222
a3412,id-222
a3413,
a3414,id-72
a3415,
a3416,id-81
a3417,id-72
a3418,id-150
a3419,id-38
a3420,id-222
a3421,
a3422,id-250
a3423,id-38
a3424,id-222
a3425,id-222
a3426,id-38
a3427,id-57
a3428,id-57
a3429,id-222
a3430,id-222
a3431,id-222
a3432,id-331
a3433,
a3434,id-222
a3435,
a3436,id-202
a3437,rec-113-dup-0
a3438,id-222
a3439,
a3440,id-222
a3441,
a3442,
a3443,id-194
a3444,id-81
a3445,id-107
a3446,rec-113-dup-0
a3447,rec-113-dup-0
a3448,id-5179
a3449,id-73
a3450,id-107
a3451,id-326
a3452,
a3453,
a3454,id-150
a3455,rec-221-dup-0
a3456,
a3457,
a3458,
a3459,id-81
a3460,
a3461,id-107
a3462,id-81
a3463,id-81
a3464,id-170
a3465,id-202
a3466,id-222
a3467,rec-99-dup-0
a3468,
a3469,id-222
a3470,id-56
a3471,id-38
a3472,id-222
a3473,id-73
a3474,id-221
a3475,id-222
a3476,id-73
a3477,id-98
a3478,id-81
a3479,id-160
a3480,id-222
a3481,id-81
a3482,id-10
a3483,id-176
a3484,id-176
a3485,id-222
a3486,
a3487,id-72
a3488,id-150
a3489,id-222
a3490,id-202
a3491,id-222
a3492,
a3493,id-222
a3494,id-81
a3495,id-222
a3496,id-221
a3497,id-221
a3498,id-13
a3499,id-240
a3500,id-222
a3501,id-222
a3502,id-57
a3503,id-221
a3504,id-221
a3505,id-222
a3506,id-222
a3507,id-83392
a3508,
a3509,
a3510,id-117
a3511,id-222
a3512,
a3513,id-81
a3514,id-56
a3515,id-72
a3516,id-73
a3517,id-222
a3518,
a3519,id-81
a3520,id-222
a3521,id-81
a3522,id-107
a3523,id-222
a3524,id-221
a3525,id-189
a3526,id-103
a3527,id-222
a3528,id-84
a3529,id-150
a3530,rec-53-dup-0
a3531,
a3532,id-73
a3533,
a3534,id-221
a3535,id-81
a3536,id-221
a3537,
a3538,id-222
a3539,id-222
a3540,id-214
a3541,id-434
a3542,id-30
a3543,id-221
a3544,
a3545,rec-113-dup-0
a3546,id-81
a3547,id-222
a3548,id-176
a3549,id-106
a3550,id-38
a3551,id-194
a3552,id-222
a3553,id-5071
a3554,id-113
a3555,
a3556,id-105
a3557,id-72
a3558,id-222
a3559,id-222
a3560,
a3561,id-222
a3562,id-98
a3563,id-7022
a3564,id-432
a3565,id-81
a3566,
a3567,id-222
a3568,
a3569,rec-221-dup-0
a3570,rec-221-dup-0
a3571,
a3572,rec-10-dup-0
a3573,id-221
a3574,id-14
a3575,id-221
a3576,id-72
a3577,id-203
a3578,id-107
a3579,
a3580,id-84
a3581,id-222
a3582,id-221
a3583,
a3584,id-30
a3585,
a3586,id-221
a3587,
a3588,id-222
a3589,id-222
a3590,
a3591,
a3592,id-221
a3593,id-105
a3594,id-170
a3595,id-222
a3596,
a3597,id-222
a3598,id-176
a3599,id-202
a3600,id-221
a3601,id-222
a3602,id-30
a3603,id-222
a3604,
a3605,id-84
a3606,id-81
a3607,id-221
a3608,id-107
a3609,
a3610,id-222
a3611,id-84
a3612,id-222
a3613,id-222
a3614,id-105
a3615,id-13
a3616,
a3617,id-222
a3618,id-73
a3619,id-73
a3620,id-189
a3621,id-222
a3622,id-222
a3623,
a3624,id-222
a3625,
a3626,id-222
a3627,id-2429
a3628,id-222
a3629,id-107
a3630,id-170
a3631,
a3632,
a3633,
a3634,id-222
a3635,id-222
a3636,id-73
a3637,id-222
a3638,id-107
a3639,id-105
a3640,id-30
a3641,id-107
a3642,id-222
a3643,id-222
a3644,id-7281
a3645,id-221
a3646,id-222
a3647,id-203
a3648,id-2429
a3649,id-222
a3650,id-222
a3651,id-222
a3652,id-222
a3653,id-222
a3654,rec-221-dup-0
a3655,id-222
a3656,id-194
a3657,id-222
a3658,rec-99-dup-0
a3659,id-221
a3660,id-202
a3661,id-73
a3662,id-176
a3663,id-202
a3664,id-222
a3665,id-171
a3666,id-222
a3667,id-7324
a3668,rec-99-dup-0
a3669,id-105
a3670,
a3671,id-222
a3672,rec-3-dup-0
a3673,id-222
a3674,
a3675,
a3676,id-57
a3677,rec-3-dup-0
a3678,id-222
a3679,rec-5147-dup-0
a3680,id-81
a3681,rec-3-dup-0
a3682,id-221
a3683,
a3684,id-170
a3685,id-81
a3686,
a3687,
a3688,id-7704
a3689,
a3690,id-30
a3691,id-31088
a3692,
a3693,id-107
a3694,id-188
a3695,id-193
a3696,id-222
a3697,id-150
a3698,id-203
a3699,id-81
a3700,id-160
a3701,
a3702,id-202
a3703,id-222
a3704,id-222
a3705,id-222
a3706,id-222
a3707,
a3708,id-221
a3709,rec-221-dup-0
a3710,
a3711,id-221
a3712,id-221
a3713,id-222
a3714,id-105
a3715,id-214
a3716,id-107
a3717,id-203
a3718,id-105
a3719,id-221
a3720,id-194
a3721,id-221
a3722,
a3723,id-222
a3724,id-107
a3725,id-38
a3726,id-14
a3727,id-81
a3728,id-73
a3729,id-150
a3730,id-14
a3731,id-1178
a3732,id-89455
a3733,id-10861
a3734,
a3735,id-222
a3736,id-202
a3737,
a3738,id-221
a3739,id-73
a3740,id-73
a3741,id-107
a3742,id-222
a3743,id-13
a3744,id-57
a3745,id-222
a3746,
a3747,
a3748,id-202
a3749,id-202
a3750,id-205
a3751,id-38
a3752,id-107
a3753,id-222
a3754,id-7288
a3755,id-222
a3756,id-222
a3757,id-222
a3758,
a3759,id-107
a3760,id-222
a3761,id-202
a3762,id-21
a3763,id-222
a3764,
a3765,id-73
a3766,id-176
a3767,
a3768,id-222
a3769,
a3770,
a3771,id-38
a3772,id-222
a3773,id-43
a3774,id-73
a3775,id-222
a3776,
a3777,
a3778,
a3779,
a3780,
a3781,id-107
a3782,
a3783,
a3784,rec-221-dup-0
a3785,id-56
a3786,
a3787,id-222
a3788,id-2759
a3789,id-221
a3790,
a3791,id-222
a3792,id-107
a3793,id-222
a3794,id-202
a3795,
a3796,id-221
a3797,id-222
a3798,id-24
a3799,id-73
a3800,id-222
a3801,
a3802,id-222
a3803,id-221
a3804,id-150
a3805,id-160
a3806,
a3807,id-73
a3808,
a3809,id-81
a3810,id-176
a3811,
a3812,id-81
a3813,id-221
a3814,id-222
a3815,
a3816,id-222
a3817,id-221
a3818,id-105
a3819,id-222
a3820,id-202
a3821,id-194
a3822,
a3823,id-72
a3824,id-222
a3825,
a3826,id-222
a3827,id-73
a3828,id-171
a3829,id-171
a3830,id-105
a3831,id-221
a3832,id-222
a3833,id-222
a3834,id-222
a3835,id-222
a3836,
a3837,
a3838,
a3839,id-434
a3840,id-434
a3841,
a3842,
a3843,id-221
a3844,id-214
a3845,id-214
a3846,id-84
a3847,id-222
a3848,id-221
a3849,id-322
a3850,
a3851,id-72
a3852,id-81
a3853,id-213
a3854,id-160
a3855,
a3856,id-221
a3857,id-81
a3858,id-30
a3859,id-221
a3860,id-221
a3861,id-222
a3862,id-81
a3863,
a3864,rec-221-dup-0
a3865,id-222
a3866,id-81
a3867,id-222
a3868,
a3869,
a3870,id-222
a3871,id-222
a3872,id-222
a3873,
a3874,id-160
a3875,
a3876,id-222
a3877,id-107
a3878,id-13
a3879,
a3880,
a3881,id-221
a3882,id-222
a3883,id-107
a3884,id-222
a3885,id-97
a3886,id-160
a3887,id-222
a3888,id-14
a3889,
a3890,id-72
a3891,rec-221-dup-0
a3892,id-222
a3893,id-72
a3894,id-72
a3895,id-13
a3896,id-7020
a3897,id-81
a3898,rec-47-dup-0
a3899,rec-47-dup-0
a3900,id-222
a3901,id-73
a3902,id-222
a3903,id-221
a3904,id-221
a3905,id-221
a3906,id-107
a3907,id-222
a3908,id-105
a3909,id-222
a3910,id-221
a3911,id-222
a3912,
a3913,
a3914,id-222
a3915,id-222
a3916,
a3917,
a3918,id-30
a3919,id-107
a3920,id-13
a3921,id-221
a3922,id-221
a3923,id-13
a3924,id-105
a3925,id-21
a3926,
a3927,
a3928,id-72
a3929,id-99854
a3930,id-81
a3931,id-73
a3932,
a3933,
a3934,id-222
a3935,id-222
a3936,id-73
a3937,id-81
a3938,
a3939,id-107
a3940,id-222
a3941,
a3942,id-221
a3943,id-107
a3944,id-72
a3945,id-81
a3946,id-81
a3947,id-222
a3948,
a3949,id-222
a3950,id-221
a3951,id-72
a3952,id-222
a3953,id-202
a3954,
a3955,id-222
a3956,id-222
a3957,id-221
a3958,id-153
a3959,id-189
a3960,
a3961,id-221
a3962,id-81
a3963,id-117
a3964,
a3965,id-13
a3966,
a3967,id-222
a3968,
a3969,id-81
a3970,id-222
a3971,id-82557
a3972,id-221
a3973,id-222
a3974,id-222
a3975,id-150
a3976,
a3977,
a3978,id-221
a3979,id-222
a3980,
a3981,id-222
a3982,
a3983,id-73
a3984,id-175
a3985,id-222
a3986,id-221
a3987,id-222
a3988,id-222
a3989,id-222
a3990,id-222
a3991,id-222
a3992,id-107
a3993,id-81
a3994,id-57
a3995,id-170
a3996,id-5244
a3997,id-222
a3998,
a3999,
a4000,
a4001,
a4002,
a4003,id-81
a4004,
a4005,id-222
a4006,id-222
a4007,id-221
a4008,id-222
a4009,id-160
a4010,id-105
a4011,id-221
a4012,id-222
a4013,id-221
a4014,id-153
a4015,id-221
a4016,rec-221-dup-0
a4017,rec-221-dup-0
a4018,rec-221-dup-0
a4019,id-81
a4020,id-222
a4021,id-81
a4022,id-81
a4023,id-38
a4024,id-222
a4025,
a4026,id-150
a4027,id-56
a4028,id-222
a4029,id-67
a4030,
a4031,id-106
a4032,rec-7703-dup-0
a4033,id-222
a4034,id-222
a4035,id-30
a4036,id-30
a4037,id-30
a4038,id-221
a4039,
a4040,id-222
a4041,id-150
a4042,id-81
a4043,id-81
a4044,id-221
a4045,id-13
a4046,id-222
a4047,
a4048,id-5099
a4049,
a4050,id-72
a4051,id-107
a4052,
a4053,rec-205-dup-0
a4054,id-176
a4055,id-7020
a4056,
a4057,id-5586
a4058,
a4059,id-107
a4060,
a4061,
a4062,
a4063,id-222
a4064,id-222
a4065,id-222
a4066,id-81
a4067,id-81
a4068,rec-221-dup-0
a4069,
a4070,id-5198
a4071,id-84
a4072,id-222
a4073,
a4074,id-13
a4075,id-10
a4076,id-81
a4077,id-106
a4078,id-72
a4079,id-56
a4080,id-56
a4081,id-10
a4082,
a4083,
a4084,id-222
a4085,id-222
a4086,id-13
a4087,id-222
a4088,
a4089,
a4090,id-222
a4091,
a4092,id-8162
a4093,id-150
a4094,id-221
a4095,id-221
a4096,id-138
a4097,id-105
a4098,id-103
a4099,
a4100,
a4101,id-176
a4102,id-222
a4103,
a4104,id-221
a4105,
a4106,id-222
a4107,id-221
a4108,rec-221-dup-0
a4109,id-221
a4110,
a4111,id-221
a4112,id-222
a4113,id-222
a4114,
a4115,
a4116,
a4117,id-38
a4118,id-222
a4119,
a4120,id-222
a4121,id-194
a4122,id-202
a4123,
a4124,id-73
a4125,
a4126,id-56
a4127,id-81
a4128,id-107
a4129,id-222
a4130,id-222
a4131,id-222
a4132,
a4133,id-222
a4134,id-5244
a4135,
a4136,id-222
a4137,
a4138,id-138
a4139,id-81
a4140,id-81
a4141,id-81
a4142,id-56
a4143,id-170
a4144,id-81
a4145,rec-221-dup-0
a4146,id-222
a4147,id-222
a4148,id-222
a4149,id-222
a4150,id-222
a4151,
a4152,id-38
a4153,
a4154,id-222
a4155,id-99
a4156,id-123
a4157,id-222
a4158,
a4159,id-73
a4160,
a4161,id-107
a4162,id-13
a4163,id-222
a4164,id-21
a4165,id-107
a4166,
a4167,id-326
a4168,
a4169,
a4170,
a4171,id-221
a4172,rec-221-dup-0
a4173,id-73
a4174,
a4175,
a4176,id-81
a4177,id-30
a4178,rec-221-dup-0
a4179,id-106
a4180,id-106
a4181,id-106
a4182,
a4183,id-222
a4184,id-190
a4185,id-103
a4186,id-222
a4187,
a4188,rec-5198-dup-0
a4189,id-56
a4190,
a4191,
a4192,id-222
a4193,id-222
a4194,id-81
a4195,id-73
a4196,id-222
a4197,id-81
a4198,id-107
a4199,
a4200,
a4201,rec-7703-dup-0
a4202,id-202
a4203,rec-113-dup-0
a4204,id-150
a4205,
a4206,id-221
a4207,id-73
a4208,id-222
a4209,id-222
a4210,id-107
a4211,id-129
a4212,
a4213,
a4214,id-81
a4215,
a4216,id-222
a4217,id-81
a4218,id-222
a4219,id-73
a4220,id-222
a4221,id-30
a4222,rec-221-dup-0
a4223,id-5056
a4224,
a4225,rec-10-dup-0
a4226,id-30
a4227,id-81
a4228,id-30
a4229,id-221
a4230,id-222
a4231,id-81
a4232,id-150
a4233,id-67
a4234,
a4235,id-222
a4236,id-222
a4237,
a4238,id-107
a4239,id-222
a4240,id-221
a4241,
a4242,id-222
a4243,id-105
a4244,id-176
a4245,id-105
a4246,id-150
a4247,id-81
a4248,id-222
a4249,
a4250,id-107
a4251,id-68486
a4252,id-73
a4253,id-222
a4254,id-73
a4255,id-30897
a4256,id-222
a4257,id-38
a4258,
a4259,id-105
a4260,rec-221-dup-0
a4261,id-222
a4262,id-222
a4263,id-13
a4264,id-222
a4265,id-30897
a4266,id-81
a4267,id-57
a4268,
a4269,id-222
a4270,id-222
a4271,id-99
a4272,
a4273,
a4274,id-221
a4275,id-150
a4276,id-107
a4277,
a4278,
a4279,id-7345
a4280,id-222
a4281,id-21
a4282,id-176
a4283,id-222
a4284,id-107
a4285,id-214
a4286,
a4287,
a4288,rec-221-dup-0
a4289,
a4290,id-13
a4291,rec-221-dup-0
a4292,
a4293,
a4294,id-13
a4295,
a4296,id-72
a4297,
a4298,id-222
a4299,id-222
a4300,id-5548
a4301,id-221
a4302,id-193
a4303,id-193
a4304,id-193
a4305,
a4306,id-222
a4307,id-5548
a4308,id-202
a4309,rec-221-dup-0
a4310,id-13
a4311,
a4312,id-222
a4313,id-222
a4314,id-222
a4315,id-222
a4316,id-106
a4317,id-138
a4318,id-107
a4319,id-222
a4320,rec-221-dup-0
a4321,id-150
a4322,id-222
a4323,
a4324,
a4325,id-222
a4326,id-222
a4327,
a4328,rec-67-dup-0
a4329,id-202
a4330,id-81
a4331,id-222
a4332,
a4333,id-107
a4334,id-7711
a4335,id-221
a4336,id-1805
a4337,id-81
a4338,
a4339,id-222
a4340,id-222
a4341,id-222
a4342,id-222
a4343,id-73
a4344,id-105
a4345,id-107
a4346,id-222
a4347,id-222
a4348,id-81
a4349,id-222
a4350,id-222
a4351,id-222
a4352,
a4353,id-221
a4354,id-26
a4355,
a4356,id-2429
a4357,
a4358,id-222
a4359,rec-221-dup-0
a4360,id-222
a4361,id-160
a4362,id-222
a4363,id-203
a4364,id-221
a4365,id-222
a4366,id-73
a4367,
a4368,id-9541
a4369,id-221
a4370,
a4371,id-221
a4372,
a4373,id-221
a4374,
a4375,
a4376,id-150
a4377,id-222
a4378,
a4379,
a4380,
a4381,id-222
a4382,
a4383,id-222
a4384,id-221
a4385,id-214
a4386,
a4387,id-44
a4388,id-13
a4389,
a4390,id-72
a4391,id-222
a4392,id-222
a4393,id-107
a4394,id-222
a4395,id-222
a4396,
a4397,id-81
a4398,id-30
a4399,id-107
a4400,id-383
a4401,
a4402,id-150
a4403,id-202
a4404,id-81
a4405,id-222
a4406,id-222
a4407,
a4408,rec-221-dup-0
a4409,
a4410,id-81
a4411,rec-221-dup-0
a4412,id-150
a4413,id-221
a4414,id-222
a4415,id-222
a4416,id-222
a4417,id-73
a4418,id-21
a4419,
a4420,id-72
a4421,
a4422,id-57
a4423,
a4424,id-81
a4425,
a4426,id-73
a4427,id-105
a4428,rec-221-dup-0
a4429,rec-221-dup-0
a4430,
a4431,
a4432,id-202
a4433,id-38
a4434,id-221
a4435,
a4436,id-38
a4437,id-81
a4438,id-221
a4439,id-57
a4440,
a4441,
a4442,id-222
a4443,id-73
a4444,id-221
a4445,id-222
a4446,id-222
a4447,id-222
a4448,id-222
a4449,id-222
a4450,id-176
a4451,rec-221-dup-0
a4452,id-221
a4453,
a4454,id-222
a4455,
a4456,
a4457,
a4458,id-176
a4459,id-222
a4460,id-5099
a4461,id-222
a4462,
a4463,id-176
a4464,id-107
a4465,rec-221-dup-0
a4466,id-221
a4467,id-107
a4468,id-221
a4469,rec-221-dup-0
a4470,
a4471,id-222
a4472,id-222
a4473,
a4474,id-81
a4475,
a4476,id-221
a4477,id-5210
a4478,rec-221-dup-0
a4479,rec-103-dup-0
a4480,id-203
a4481,id-73
a4482,id-67754
a4483,id-98
a4484,
a4485,id-222
a4486,id-5076
a4487,id-105
a4488,id-222
a4489,id-72
a4490,
a4491,
a4492,id-107
a4493,rec-221-dup-0
a4494,id-222
a4495,id-221
a4496,id-222
a4497,id-81
a4498,
a4499,id-221
a4500,id-202
a4501,id-176
a4502,id-81
a4503,id-105
a4504,id-7288
a4505,id-221
a4506,id-7450
a4507,id-222
a4508,id-203
a4509,id-222
a4510,id-81
a4511,
a4512,id-107
a4513,id-221
a4514,id-221
a4515,id-222
a4516,id-222
a4517,id-222
a4518,
a4519,id-176
a4520,id-104
a4521,
a4522,
a4523,id-222
a4524,id-13
a4525,id-72
a4526,id-222
a4527,
a4528,id-81
a4529,id-202
a4530,id-30
a4531,id-67743
a4532,id-194
a4533,
a4534,
a4535,
a4536,id-116782
a4537,id-221
a4538,
a4539,
a4540,id-222
a4541,id-214
a4542,rec-103-dup-0
a4543,rec-103-dup-0
a4544,rec-103-dup-0
a4545,id-81
a4546,rec-221-dup-0
a4547,id-170
a4548,id-176
a4549,id-13
a4550,id-221
a4551,id-222
a4552,
a4553,id-107
a4554,id-105
a4555,id-222
a4556,id-104
a4557,
a4558,id-222
a4559,
a4560,id-221
a4561,id-222
a4562,
a4563,id-221
a4564,id-72
a4565,id-222
a4566,id-205
a4567,id-107
a4568,
a4569,id-222
a4570,id-188
a4571,
a4572,
a4573,
a4574,id-194
a4575,
a4576,id-222
a4577,id-222
a4578,id-30
a4579,id-81
a4580,id-194
a4581,id-67743
a4582,id-222
a4583,id-222
a4584,rec-83392-dup-0
a4585,id-222
a4586,
a4587,id-222
a4588,rec-221-dup-0
a4589,rec-221-dup-0
a4590,id-222
a4591,id-221
a4592,id-222
a4593,rec-99-dup-0
a4594,id-202
a4595,id-13
a4596,id-222
a4597,id-221
a4598,id-73
a4599,id-104
a4600,id-221
a4601,id-202
a4602,id-104
a4603,id-222
a4604,id-81
a4605,id-38
a4606,id-221
a4607,
a4608,id-63
a4609,rec-221-dup-0
a4610,
a4611,id-107
a4612,id-5548
a4613,id-107
a4614,id-150
a4615,id-21
a4616,
a4617,id-107
a4618,id-21
a4619,id-7710
a4620,id-81
a4621,id-153
a4622,id-153
a4623,
a4624,
a4625,id-222
a4626,
a4627,rec-99-dup-0
a4628,id-222
a4629,
a4630,
a4631,id-221
a4632,id-221
a4633,id-106
a4634,id-222
a4635,
a4636,id-176
a4637,id-222
a4638,id-81
a4639,id-221
a4640,id-222
a4641,id-222
a4642,
a4643,
a4644,id-222
a4645,id-222
a4646,
a4647,id-222
a4648,rec-221-dup-0
a4649,id-150
a4650,id-205
a4651,
a4652,id-162
a4653,
a4654,
a4655,
a4656,id-38
a4657,id-222
a4658,id-222
a4659,
a4660,id-221
a4661,id-222
a4662,id-5126
a4663,id-107
a4664,id-172
a4665,id-221
a4666,
a4667,id-222
a4668,id-222
a4669,id-21
a4670,id-221
a4671,id-10
a4672,
a4673,id-222
a4674,id-222
a4675,id-222
a4676,rec-10-dup-0
a4677,id-38
a4678,
a4679,id-107
a4680,rec-10-dup-0
a4681,id-81
a4682,rec-67-dup-0
a4683,rec-67-dup-0
a4684,id-10
a4685,id-176
a4686,id-222
a4687,id-222
a4688,id-222
a4689,
a4690,id-26
a4691,id-222
a4692,id-221
a4693,id-10
a4694,id-432
a4695,
a4696,id-221
a4697,id-27
a4698,
a4699,id-176
a4700,id-221
a4701,id-153
a4702,id-153
a4703,id-153
a4704,rec-5147-dup-0
a4705,
a4706,id-222
a4707,id-222
a4708,id-105
a4709,id-24
a4710,id-81
a4711,
a4712,
a4713,id-222
a4714,
a4715,
a4716,id-30
a4717,id-107
a4718,id-222
a4719,id-222
a4720,id-100
a4721,id-38
a4722,id-222
a4723,id-176
a4724,id-222
a4725,id-222
a4726,id-107
a4727,
a4728,id-176
a4729,id-222
a4730,id-170
a4731,id-38
a4732,
a4733,
a4734,id-213
a4735,id-213
a4736,
a4737,id-222
a4738,
a4739,rec-221-dup-0
a4740,id-221
a4741,
a4742,id-222
a4743,id-222
a4744,id-222
a4745,id-221
a4746,rec-221-dup-0
a4747,id-222
a4748,
a4749,
a4750,id-105
a4751,id-222
a4752,id-81
a4753,id-81
a4754,id-81
a4755,id-13
a4756,id-81
a4757,id-222
a4758,id-190
a4759,
a4760,id-81
a4761,id-56
a4762,
a4763,id-81
a4764,id-105
a4765,id-150
a4766,id-150
a4767,id-81
a4768,id-176
a4769,id-222
a4770,id-222
a4771,id-222
a4772,id-21
a4773,rec-10-dup-0
a4774,rec-10-dup-0
a4775,id-222
a4776,id-222
a4777,id-107
a4778,id-107
a4779,id-214
a4780,
a4781,id-107
a4782,
a4783,id-222
a4784,id-221
a4785,id-222
a4786,id-9622
a4787,id-222
a4788,id-222
a4789,
a4790,id-73
a4791,
a4792,id-1178
a4793,id-222
a4794,id-222
a4795,id-73
a4796,
a4797,id-170
a4798,
a4799,id-212
a4800,id-5244
a4801,
a4802,id-222
a4803,id-222
a4804,id-81
a4805,id-222
a4806,id-107
a4807,id-432
a4808,id-107
a4809,id-175
a4810,id-72
a4811,id-13
a4812,id-222
a4813,id-222
a4814,id-7323
a4815,id-67
a4816,id-73
a4817,id-202
a4818,
a4819,id-222
a4820,
a4821,id-222
a4822,id-221
a4823,id-81
a4824,id-222
a4825,id-68939
a4826,id-105
a4827,id-222
a4828,id-73
a4829,
a4830,id-222
a4831,id-150
a4832,id-7323
a4833,id-222
a4834,id-222
a4835,
a4836,id-81
a4837,id-107
a4838,id-13
a4839,id-150
a4840,id-57
a4841,id-222
a4842,id-81
a4843,id-150
a4844,id-38
a4845,id-6926
a4846,id-107
a4847,
a4848,
a4849,
a4850,id-221
a4851,id-107
a4852,id-176
a4853,id-221
a4854,id-214
a4855,id-214
a4856,id-38
a4857,id-150
a4858,id-221
a4859,id-47
a4860,id-81
a4861,id-222
a4862,id-222
a4863,id-221
a4864,
a4865,id-214
a4866,id-57
a4867,id-81
a4868,
a4869,id-107
a4870,id-222
a4871,id-221
a4872,id-107
