track,artist
t0,a4684
t1,a2400
t1,a1761
t1,a2618
t1,a2620
t2,a4721
t3,a2383
t3,a1178
t4,a420
t5,a2400
t5,a1761
t5,a2618
t5,a2620
t6,a3217
t7,a3751
t8,a679
t9,a2040
t10,a560
t11,a4121
t12,a1530
t12,a1658
t13,a1657
t13,a4231
t14,a2413
t14,a3378
t15,a1994
t15,a2129
t16,a2379
t17,a590
t18,a4111
t18,a3864
t19,a210
t20,a418
t21,a4268
t22,a3499
t23,a2278
t24,a4224
t24,a514
t24,a1830
t24,a522
t25,a4095
t26,a4095
t27,a2170
t27,a1330
t27,a1329
t28,a1844
t29,a641
t29,a1467
t30,a4687
t31,a3125
t32,a4301
t33,a4301
t34,a3577
t34,a2986
t34,a3698
t35,a2928
t36,a2836
t37,a4690
t38,a4714
t39,a1557
t40,a2695
t41,a4528
t42,a2469
t42,a1383
t43,a3584
t43,a2146
t44,a7
t44,a460
t44,a3300
t45,a1934
t46,a1297
t47,a2389
t48,a4437
t49,a2248
t50,a3948
t51,a3206
t52,a288
t53,a4048
t54,a994
t55,a3644
t56,a3944
t56,a2263
t57,a463
t57,a1996
t57,a2141
t57,a2138
t58,a2119
t59,a4812
t60,a4257
t61,a4745
t62,a2285
t62,a3436
t63,a886
t64,a3825
t65,a843
t66,a2018
t67,a3758
t68,a4410
t69,a352
t69,a914
t69,a2507
t70,a1526
t71,a4698
t72,a1528
t73,a2172
t74,a4585
t75,a4099
t75,a2911
t76,a814
t77,a4169
t77,a1861
t78,a2977
t79,a2031
t80,a35
t81,a1849
t82,a3628
t83,a3281
t84,a1210
t85,a3289
t86,a363
t87,a4381
t88,a76
t89,a2160
t89,a1570
t90,a576
t91,a3592
t92,a4094
t93,a3689
t94,a1885
t95,a4012
t96,a4653
t97,a4153
t98,a4653
t99,a1870
t100,a1870
t101,a146
t102,a4109
t103,a2124
t104,a437
t105,a615
t106,a276
t107,a1799
t108,a669
t109,a3812
t109,a2255
t109,a3567
t110,a3642
t111,a1535
t112,a4268
t113,a1065
t114,a1831
t115,a168
t115,a3828
t115,a3829
t115,a3665
t116,a3853
t117,a443
t118,a3503
t119,a2161
t119,a2128
t119,a2947
t120,a2104
t121,a1954
t122,a4135
t123,a3315
t124,a1234
t124,a1916
t124,a1990
t125,a4177
t126,a1273
t127,a1493
t127,a1401
t127,a2203
t127,a4260
t128,a1711
t129,a3629
t130,a3491
t131,a36
t132,a4305
t133,a97
t133,a990
t134,a283
t135,a283
t136,a1840
t137,a4537
t138,a4033
t139,a3294
t140,a4033
t141,a1131
t142,a3554
t142,a3447
t142,a3446
t142,a3437
t143,a273
t144,a1617
t144,a674
t145,a1617
t145,a674
t146,a1196
t147,a1148
t148,a3516
t149,a3452
t149,a605
t150,a595
t151,a3234
t151,a1084
t152,a2051
t152,a2810
t153,a4077
t154,a2329
t155,a999
t156,a2368
t157,a807
t157,a1553
t158,a817
t159,a1579
t160,a2404
t161,a2534
t162,a464
t163,a4099
t163,a2911
t164,a99
t164,a2666
t164,a913
t165,a22
t166,a830
t167,a830
t168,a3538
t169,a4604
t170,a4638
t171,a4265
t172,a1992
t173,a4235
t174,a1775
t175,a2688
t176,a3513
t177,a3645
t178,a3310
t178,a1734
t178,a516
t178,a3455
t179,a4075
t180,a3523
t181,a3334
t182,a1851
t182,a21
t182,a4490
t183,a3561
t184,a3043
t184,a4847
t184,a4435
t185,a4625
t186,a2478
t187,a1680
t188,a3136
t188,a2921
t189,a3136
t189,a2921
t190,a2921
t190,a3136
t191,a98
t192,a1426
t192,a3072
t193,a230
t194,a4518
t195,a4858
t196,a1893
t197,a3947
t198,a2674
t199,a1791
t200,a2031
t201,a3088
t201,a2345
t202,a3368
t202,a4524
t202,a4811
t202,a121
t203,a1880
t204,a4658
t205,a4489
t206,a2169
t207,a3328
t208,a3586
t208,a1155
t208,a707
t208,a648
t209,a2416
t210,a3968
t211,a699
t212,a3046
t213,a2343
t214,a4769
t215,a3624
t216,a2657
t217,a1447
t218,a669
t219,a3624
t220,a1129
t221,a2554
t222,a2235
t223,a1384
t224,a3624
t225,a1638
t226,a3469
t227,a1408
t228,a4289
t229,a187
t230,a1260
t230,a3442
t230,a1458
t230,a3441
t231,a3687
t231,a2318
t232,a3911
t232,a3392
t233,a2313
t234,a2313
t235,a4073
t236,a3726
t237,a4263
t238,a4673
t239,a4632
t240,a4799
t241,a3573
t242,a1328
t243,a3573
t244,a294
t245,a2053
t245,a4146
t245,a4713
t246,a1106
t247,a2171
t248,a3319
t248,a49
t248,a50
t249,a4138
t250,a11
t250,a3008
t250,a1363
t250,a1361
t251,a2100
t252,a2244
t252,a3693
t253,a4736
t253,a592
t253,a1098
t254,a4456
t255,a4803
t256,a4289
t257,a2042
t257,a2216
t258,a2578
t259,a4705
t260,a2516
t261,a2130
t262,a2584
t262,a1646
t263,a1228
t263,a2750
t263,a2751
t263,a3145
t264,a4007
t265,a520
t266,a3261
t267,a2313
t268,a3141
t269,a3124
t270,a1181
t270,a3704
t271,a2626
t272,a1020
t273,a3711
t274,a2328
t275,a3510
t275,a1707
t276,a196
t277,a793
t278,a1702
t279,a345
t280,a2275
t281,a1193
t281,a2025
t282,a3395
t283,a2616
t284,a1410
t284,a1190
t284,a169
t284,a1152
t285,a479
t286,a3055
t287,a765
t288,a3906
t289,a4070
t289,a4188
t290,a445
t291,a3075
t292,a1041
t292,a3254
t293,a2368
t294,a1858
t295,a640
t295,a808
t296,a3624
t297,a2465
t297,a662
t297,a661
t298,a3656
t298,a3063
t298,a651
t299,a286
t300,a3983
t301,a4575
t302,a597
t302,a4339
t302,a1842
t302,a4340
t303,a1122
t304,a608
t305,a1628
t305,a2302
t306,a561
t307,a4373
t308,a1051
t309,a4852
t309,a3242
t309,a38
t309,a1061
t310,a3719
t311,a2766
t312,a3433
t313,a3223
t314,a1069
t314,a1070
t314,a3223
t315,a4277
t316,a1872
t317,a4277
t318,a3257
t319,a10
t320,a599
t320,a3643
t320,a13
t321,a2071
t322,a598
t323,a850
t324,a4783
t324,a621
t324,a1608
t325,a1577
t326,a508
t327,a4143
t328,a367
t329,a4829
t330,a3998
t330,a3747
t330,a1569
t330,a3746
t331,a337
t332,a3121
t333,a80
t334,a4708
t335,a3108
t336,a2493
t336,a3123
t336,a3733
t337,a84
t338,a2052
t339,a4120
t340,a270
t340,a2217
t340,a1968
t341,a1980
t342,a4166
t343,a470
t344,a3992
t344,a2801
t344,a2871
t344,a2870
t345,a4126
t346,a734
t347,a2357
t348,a1026
t349,a3078
t350,a4056
t351,a3158
t351,a4519
t351,a4101
t351,a4685
t351,a4723
t352,a4778
t353,a4081
t353,a1086
t353,a1087
t354,a2715
t354,a1545
t355,a2074
t356,a2295
t357,a2715
t357,a1545
t358,a756
t358,a3625
t359,a947
t360,a1359
t361,a2163
t362,a2163
t363,a1710
t363,a3599
t364,a1878
t365,a1815
t366,a4003
t367,a3726
t368,a3304
t368,a3299
t368,a3297
t369,a2189
t369,a3648
t369,a4356
t369,a3627
t370,a54
t371,a714
t372,a1945
t373,a1687
t374,a3734
t375,a1822
t376,a1414
t376,a657
t376,a656
t377,a2534
t378,a246
t378,a2475
t378,a2474
t379,a980
t380,a4736
t380,a592
t380,a1098
t381,a3927
t381,a870
t381,a2137
t382,a246
t382,a2475
t382,a2474
t383,a649
t384,a3478
t385,a2638
t386,a1298
t387,a4731
t388,a2266
t389,a4299
t389,a3934
t390,a1372
t391,a2119
t392,a4481
t392,a2036
t392,a2387
t392,a2037
t393,a1554
t394,a733
t395,a2587
t396,a1568
t397,a2341
t398,a2861
t399,a1200
t400,a2960
t401,a624
t401,a575
t402,a2623
t403,a52
t404,a2246
t405,a3382
t406,a2246
t407,a3662
t408,a1731
t408,a3170
t409,a1203
t410,a2884
t411,a4835
t412,a2249
t413,a1419
t414,a1419
t415,a1419
t416,a3825
t417,a1068
t418,a1395
t419,a4616
t419,a4142
t420,a4318
t420,a3131
t421,a3932
t421,a1975
t421,a4678
t422,a1340
t423,a1867
t424,a1001
t425,a4204
t425,a837
t426,a3218
t427,a840
t428,a825
t429,a1864
t430,a2300
t430,a2698
t430,a1685
t430,a2697
t431,a2237
t432,a180
t433,a2652
t434,a1612
t435,a956
t435,a3899
t435,a3099
t435,a3898
t436,a3659
t437,a1755
t438,a593
t439,a149
t440,a2288
t440,a1551
t441,a4335
t442,a3056
t442,a4243
t442,a1320
t442,a4245
t443,a2120
t444,a2797
t444,a636
t444,a473
t445,a1099
t446,a4013
t447,a2228
t448,a2270
t449,a1709
t450,a3031
t451,a3734
t452,a1404
t453,a3775
t454,a4096
t454,a2488
t455,a583
t456,a2040
t457,a3974
t457,a3688
t458,a1306
t459,a2307
t460,a1068
t461,a1068
t462,a2886
t463,a1468
t464,a299
t465,a4342
t466,a3822
t467,a3614
t468,a417
t469,a2628
t470,a1093
t471,a4334
t472,a4679
t473,a319
t473,a2403
t473,a1402
t474,a4679
t475,a2014
t476,a1077
t477,a2980
t478,a4072
t479,a609
t479,a2529
t479,a2528
t480,a910
t481,a4706
t481,a713
t482,a1154
t483,a1680
t484,a1541
t485,a2311
t485,a1409
t485,a4345
t485,a2308
t485,a2803
t485,a88
t485,a90
t485,a89
t485,a1538
t485,a1537
t485,a1765
t485,a4539
t485,a4165
t486,a4212
t487,a2974
t488,a1835
t489,a148
t490,a1451
t491,a2284
t491,a3390
t492,a3827
t493,a1984
t494,a2383
t494,a1178
t495,a4377
t496,a3924
t497,a910
t498,a3732
t499,a1578
t500,a3928
t501,a4427
t502,a614
t503,a2158
t504,a1314
t505,a3053
t505,a4819
t506,a2399
t507,a2195
t508,a1425
t509,a3578
t510,a4657
t511,a1994
t511,a2129
t512,a37
t513,a37
t514,a3793
t515,a3078
t516,a2473
t517,a2059
t518,a2934
t518,a4667
t519,a817
t520,a1715
t521,a3475
t522,a2726
t522,a355
t522,a2066
t522,a2073
t523,a709
t524,a4023
t525,a3335
t526,a2209
t527,a4267
t528,a1480
t529,a4191
t530,a324
t530,a3365
t531,a69
t531,a3004
t531,a378
t532,a4354
t533,a307
t534,a1308
t535,a4528
t536,a604
t537,a4399
t537,a4611
t538,a704
t538,a537
t539,a840
t540,a2895
t541,a2523
t541,a1376
t541,a1192
t541,a880
t542,a858
t543,a311
t543,a1936
t544,a3919
t545,a3980
t546,a475
t547,a4850
t547,a1609
t548,a2913
t549,a2417
t549,a1300
t549,a2662
t550,a3225
t551,a2437
t551,a3202
t552,a586
t552,a960
t552,a399
t553,a402
t554,a2192
t555,a3349
t556,a432
t557,a1368
t558,a3824
t559,a2327
t560,a2718
t561,a695
t562,a622
t563,a1895
t563,a4871
t564,a4585
t565,a4234
t565,a353
t565,a354
t566,a2734
t566,a2993
t567,a1794
t567,a2965
t567,a4630
t568,a1160
t569,a3830
t570,a2372
t570,a3570
t570,a2786
t570,a3569
t571,a2844
t572,a77
t573,a2278
t574,a2278
t575,a2886
t576,a3239
t577,a2839
t578,a2441
t579,a1696
t579,a4114
t580,a892
t581,a3393
t582,a2271
t583,a1617
t583,a674
t584,a3953
t585,a2514
t586,a504
t586,a3646
t587,a4738
t588,a1164
t588,a3391
t589,a3573
t590,a2268
t591,a464
t592,a1485
t593,a1485
t594,a2033
t595,a2367
t596,a2183
t597,a3166
t598,a3730
t599,a1366
t600,a3621
t601,a2884
t602,a4215
t603,a1456
t604,a4595
t605,a4346
t606,a3500
t607,a521
t608,a1724
t608,a1664
t608,a2708
t609,a154
t610,a1806
t610,a4621
t610,a4622
t611,a4708
t612,a92
t613,a4843
t614,a3615
t615,a1142
t615,a3034
t615,a0
t616,a4863
t616,a4058
t616,a4145
t616,a672
t617,a4863
t617,a4058
t617,a4145
t617,a672
t618,a4863
t618,a4058
t618,a4145
t618,a672
t619,a3092
t619,a2456
t619,a2450
t619,a1423
t620,a4752
t620,a4760
t620,a1903
t621,a995
t622,a3766
t623,a3884
t624,a2096
t625,a3841
t626,a4560
t627,a3203
t628,a3499
t629,a3691
t630,a4653
t631,a1783
t632,a758
t633,a3070
t634,a554
t635,a1261
t636,a2777
t637,a2232
t637,a2742
t638,a4127
t639,a3481
t640,a2677
t641,a435
t641,a1997
t642,a1184
t643,a4787
t644,a4732
t645,a2061
t645,a4394
t646,a3793
t647,a4358
t648,a4358
t649,a4358
t650,a4732
t651,a3230
t652,a2172
t653,a840
t654,a2499
t654,a2498
t655,a1214
t656,a4750
t657,a210
t658,a646
t659,a1509
t660,a4851
t661,a3451
t662,a4424
t662,a2875
t662,a2874
t663,a1108
t664,a3560
t665,a2428
t666,a1095
t667,a141
t668,a4853
t669,a3119
t670,a3341
t670,a1647
t670,a1648
t671,a1802
t672,a2553
t672,a4796
t672,a4791
t673,a4082
t674,a2553
t674,a4796
t674,a4791
t675,a1183
t676,a1507
t677,a3919
t678,a3732
t679,a4014
t680,a4082
t681,a3377
t681,a3954
t681,a2029
t681,a3275
t681,a873
t682,a3512
t682,a2710
t683,a1626
t684,a2341
t685,a2347
t686,a219
t687,a2760
t688,a2276
t688,a3585
t688,a3408
t688,a1691
t689,a3069
t689,a3000
t689,a1582
t690,a4087
t691,a2902
t692,a4425
t693,a2293
t694,a4757
t695,a559
t696,a2223
t697,a2588
t697,a3267
t698,a262
t699,a3550
t700,a97
t700,a990
t701,a4818
t701,a1073
t702,a1776
t702,a688
t703,a2952
t704,a4362
t705,a307
t706,a1264
t707,a268
t708,a213
t709,a1879
t710,a3526
t711,a647
t712,a1196
t713,a3400
t714,a984
t715,a2430
t716,a3471
t717,a397
t718,a1889
t719,a221
t720,a2400
t720,a1761
t720,a2618
t720,a2620
t721,a4195
t721,a3449
t722,a156
t722,a2589
t722,a2069
t723,a2028
t723,a740
t724,a3885
t724,a3343
t725,a3141
t726,a2795
t727,a2822
t728,a4528
t729,a2702
t730,a4127
t731,a1352
t731,a3303
t732,a3411
t733,a3411
t734,a3338
t735,a3617
t735,a4350
t735,a4349
t735,a1887
t736,a3338
t737,a4183
t737,a3872
t738,a3963
t739,a1019
t739,a3266
t740,a919
t741,a4266
t741,a3673
t741,a3674
t742,a2320
t743,a4580
t744,a3058
t745,a4195
t745,a3449
t746,a3151
t747,a4636
t747,a342
t748,a4515
t749,a1302
t750,a1050
t751,a4636
t751,a342
t752,a1037
t753,a2167
t754,a3543
t755,a4705
t756,a3036
t757,a4722
t757,a4517
t757,a783
t758,a3852
t758,a2757
t759,a1071
t760,a3833
t761,a4233
t762,a1324
t762,a4771
t762,a1573
t762,a39
t763,a2623
t764,a4861
t765,a4485
t766,a1864
t767,a347
t768,a2573
t769,a966
t770,a3325
t771,a4625
t772,a922
t772,a4477
t773,a3477
t773,a2144
t774,a2992
t775,a4233
t776,a1312
t777,a4104
t778,a2754
t778,a1403
t779,a4507
t779,a4775
t779,a4776
t780,a4038
t781,a4794
t782,a1524
t782,a357
t783,a529
t784,a4707
t784,a1768
t785,a563
t786,a1285
t787,a4038
t788,a3164
t789,a1271
t790,a1493
t790,a1401
t790,a2203
t790,a4260
t791,a2496
t792,a4603
t793,a2925
t793,a1270
t794,a3328
t795,a747
t796,a1763
t797,a2368
t798,a2368
t799,a3192
t799,a4534
t799,a4535
t799,a4533
t800,a3222
t801,a4211
t802,a3406
t803,a2735
t804,a3659
t805,a3659
t806,a2628
t807,a572
t808,a572
t809,a4457
t809,a3079
t809,a2830
t809,a4712
t809,a983
t809,a2566
t809,a2569
t809,a2568
t809,a1004
t810,a835
t811,a3349
t812,a1349
t813,a2791
t814,a190
t815,a221
t816,a3928
t817,a3013
t818,a3261
t819,a3261
t820,a292
t820,a4088
t821,a3510
t821,a1707
t822,a3510
t822,a1707
t823,a298
t824,a3510
t824,a1707
t825,a4392
t826,a3838
t827,a850
t828,a4162
t829,a11
t829,a3008
t829,a1363
t829,a1361
t830,a4528
t831,a2310
t832,a2997
t833,a2083
t834,a3720
t835,a4422
t835,a3427
t835,a3744
t835,a3428
t836,a2977
t837,a1932
t838,a1492
t838,a855
t839,a3551
t840,a2279
t841,a1078
t842,a2553
t842,a4796
t842,a4791
t843,a2936
t844,a2647
t844,a1998
t845,a180
t846,a1346
t847,a1252
t847,a70
t848,a180
t849,a754
t849,a4330
t850,a4377
t851,a1644
t852,a906
t853,a3634
t854,a3942
t855,a1911
t856,a1680
t857,a570
t857,a184
t858,a4469
t859,a4156
t860,a4646
t860,a2979
t860,a2650
t861,a3144
t862,a4232
t863,a1362
t864,a2484
t865,a2671
t865,a2122
t865,a4398
t865,a2126
t866,a2964
t867,a3725
t868,a3725
t869,a1010
t869,a2556
t869,a3748
t869,a2730
t869,a478
t869,a480
t869,a2555
t870,a1448
t871,a4516
t872,a165
t873,a3379
t874,a491
t875,a2395
t876,a4868
t877,a3172
t877,a3921
t877,a2492
t877,a761
t878,a2899
t879,a1001
t880,a3981
t881,a382
t881,a340
t881,a2294
t882,a2374
t883,a3814
t884,a1024
t885,a1947
t886,a2722
t887,a3610
t888,a4722
t888,a4517
t888,a783
t889,a1114
t890,a4599
t891,a919
t892,a919
t893,a2114
t893,a3709
t894,a4575
t895,a2842
t896,a1405
t897,a124
t897,a4582
t898,a4540
t898,a3655
t899,a1617
t899,a674
t900,a4695
t901,a1947
t902,a3253
t903,a1533
t903,a350
t903,a2020
t904,a1437
t905,a3292
t905,a2039
t906,a3983
t907,a1965
t908,a2309
t909,a811
t910,a728
t910,a2324
t911,a2649
t912,a1451
t913,a164
t914,a3959
t914,a2487
t914,a2485
t914,a334
t915,a923
t916,a3817
t917,a643
t918,a3001
t919,a923
t920,a1068
t921,a4185
t922,a4335
t923,a2948
t924,a684
t925,a3157
t926,a2313
t927,a3801
t928,a471
t929,a1174
t930,a3196
t931,a2971
t932,a3196
t933,a2090
t934,a3971
t934,a2153
t934,a2152
t935,a4070
t935,a4188
t936,a3610
t937,a1024
t938,a3328
t939,a3196
t940,a1506
t941,a1800
t942,a1092
t943,a1640
t944,a1715
t945,a2108
t945,a3701
t946,a1989
t947,a2375
t947,a1162
t948,a1579
t949,a829
t950,a303
t950,a2511
t951,a2223
t952,a303
t952,a2511
t953,a2570
t954,a2196
t955,a4537
t956,a968
t956,a4391
t956,a3949
t957,a3640
t958,a3338
t959,a3507
t959,a4584
t960,a4448
t961,a437
t962,a407
t963,a3009
t964,a3130
t965,a1233
t966,a3708
t966,a2041
t966,a2045
t966,a1125
t967,a721
t968,a687
t969,a1826
t970,a2237
t971,a755
t972,a2534
t973,a3804
t974,a2858
t975,a3439
t976,a2174
t977,a2788
t978,a2530
t979,a3825
t980,a1371
t981,a1117
t982,a1117
t983,a2534
t984,a2575
t985,a3716
t986,a1379
t987,a4227
t988,a4661
t989,a1278
t989,a2539
t989,a3883
t990,a597
t990,a4339
t990,a1842
t990,a4340
t991,a1481
t992,a2920
t992,a2603
t993,a2736
t994,a1031
t995,a3422
t996,a4070
t996,a4188
t997,a4649
t997,a251
t998,a1468
t999,a384
t1000,a2847
t1000,a3986
t1000,a4495
t1000,a2670
t1001,a4491
t1002,a4491
t1003,a166
t1003,a528
t1003,a2975
t1004,a166
t1004,a528
t1004,a2975
t1005,a3547
t1006,a1655
t1007,a1890
t1008,a3201
t1008,a4187
t1009,a725
t1010,a2865
t1010,a3434
t1011,a1631
t1012,a3962
t1013,a2859
t1014,a890
t1015,a1099
t1016,a4485
t1017,a3374
t1018,a265
t1019,a772
t1020,a2099
t1021,a3766
t1022,a214
t1023,a3128
t1024,a4154
t1025,a773
t1026,a635
t1026,a3005
t1026,a3415
t1027,a3514
t1028,a128
t1029,a4623
t1030,a2516
t1031,a3976
t1032,a1
t1033,a1552
t1033,a3596
t1034,a562
t1035,a2448
t1035,a3068
t1035,a4352
t1035,a1883
t1036,a1021
t1037,a3573
t1038,a1732
t1038,a3126
t1038,a411
t1038,a410
t1039,a1336
t1039,a1334
t1039,a1335
t1040,a4470
t1041,a757
t1041,a2013
t1042,a534
t1043,a682
t1044,a1843
t1045,a2792
t1046,a1642
t1046,a2231
t1046,a115
t1046,a1421
t1047,a1301
t1047,a1782
t1048,a3474
t1048,a1339
t1049,a86
t1050,a3645
t1051,a4807
t1052,a4629
t1053,a4525
t1053,a875
t1054,a4378
t1055,a1263
t1056,a3594
t1057,a4049
t1058,a4551
t1059,a297
t1060,a1760
t1061,a4770
t1062,a2401
t1062,a3010
t1062,a1904
t1062,a31
t1063,a4528
t1064,a3805
t1064,a1226
t1065,a4379
t1066,a717
t1067,a4230
t1068,a503
t1069,a3414
t1070,a2522
t1070,a1023
t1071,a540
t1072,a4547
t1073,a198
t1074,a655
t1075,a591
t1076,a1041
t1076,a3254
t1077,a2831
t1078,a290
t1079,a3023
t1080,a541
t1081,a4365
t1082,a794
t1083,a3220
t1084,a4262
t1085,a876
t1086,a1974
t1087,a1171
t1088,a2880
t1089,a326
t1089,a2723
t1089,a2713
t1089,a681
t1090,a2321
t1091,a92
t1092,a1860
t1093,a1013
t1093,a2412
t1094,a3849
t1095,a2196
t1096,a3874
t1097,a2476
t1098,a2383
t1098,a1178
t1099,a3724
t1099,a4726
t1100,a2700
t1100,a4351
t1101,a2864
t1102,a788
t1102,a2410
t1103,a68
t1104,a554
t1105,a1875
t1106,a1444
t1107,a3209
t1108,a762
t1109,a4581
t1110,a2608
t1111,a1663
t1112,a584
t1113,a856
t1114,a3315
t1115,a2969
t1116,a3942
t1117,a1453
t1117,a3633
t1117,a59
t1118,a2960
t1119,a1556
t1119,a2714
t1120,a3362
t1121,a2250
t1122,a336
t1122,a1836
t1122,a1837
t1123,a4371
t1124,a4122
t1125,a4848
t1125,a3623
t1126,a1601
t1127,a1601
t1128,a139
t1129,a493
t1130,a3426
t1131,a2261
t1132,a2807
t1133,a3761
t1133,a2915
t1133,a2008
t1134,a417
t1135,a1857
t1136,a1567
t1137,a4670
t1138,a1567
t1139,a3781
t1140,a450
t1141,a945
t1141,a4644
t1141,a3527
t1142,a1898
t1142,a539
t1142,a495
t1142,a496
t1143,a1188
t1144,a1082
t1145,a3745
t1145,a1469
t1145,a3705
t1146,a1679
t1146,a2636
t1146,a1232
t1146,a2461
t1147,a3961
t1147,a300
t1148,a2357
t1149,a509
t1150,a2649
t1151,a407
t1152,a3287
t1153,a2649
t1154,a2725
t1155,a1667
t1156,a921
t1157,a859
t1158,a921
t1159,a3395
t1160,a2301
t1160,a538
t1160,a4682
t1160,a3089
t1160,a4683
t1161,a2733
t1161,a2085
t1161,a2659
t1162,a4197
t1163,a1146
t1164,a2113
t1164,a2378
t1164,a2425
t1164,a151
t1164,a150
t1164,a846
t1165,a2960
t1166,a779
t1167,a3544
t1168,a465
t1168,a1683
t1168,a2574
t1168,a494
t1168,a3160
t1168,a4055
t1168,a1536
t1169,a3697
t1170,a2502
t1170,a4367
t1171,a3101
t1172,a3221
t1172,a4459
t1173,a844
t1174,a3435
t1175,a4625
t1176,a2139
t1176,a366
t1177,a40
t1178,a4322
t1179,a3496
t1179,a1138
t1180,a639
t1180,a1942
t1180,a2423
t1181,a3187
t1182,a226
t1182,a227
t1183,a658
t1183,a2110
t1184,a3508
t1185,a1479
t1186,a2017
t1187,a3588
t1188,a327
t1189,a2661
t1189,a2009
t1190,a995
t1191,a995
t1192,a1195
t1193,a133
t1194,a1131
t1195,a178
t1195,a4100
t1196,a4594
t1197,a2107
t1198,a419
t1198,a2629
t1198,a272
t1198,a2631
t1199,a1737
t1200,a1598
t1201,a995
t1202,a4008
t1203,a2237
t1204,a4677
t1205,a4528
t1206,a2534
t1207,a2749
t1208,a4402
t1209,a4185
t1210,a4185
t1211,a3953
t1212,a845
t1213,a649
t1214,a3270
t1214,a1559
t1214,a4280
t1215,a3219
t1216,a4514
t1216,a1939
t1217,a4858
t1218,a2878
t1219,a2463
t1220,a2916
t1221,a3967
t1222,a992
t1223,a3796
t1223,a4428
t1223,a4429
t1224,a393
t1225,a114
t1226,a788
t1226,a2410
t1227,a3494
t1228,a4833
t1229,a284
t1230,a2100
t1231,a1928
t1232,a3466
t1233,a247
t1233,a2945
t1233,a2943
t1233,a2942
t1234,a1529
t1235,a253
t1236,a3438
t1236,a3603
t1236,a2312
t1236,a2225
t1237,a2195
t1238,a1303
t1239,a1255
t1240,a3544
t1241,a1549
t1241,a322
t1242,a3601
t1243,a1863
t1244,a1394
t1245,a4186
t1246,a533
t1247,a2043
t1248,a612
t1248,a257
t1249,a815
t1250,a2335
t1250,a1237
t1250,a4834
t1250,a2745
t1251,a535
t1252,a551
t1253,a1994
t1253,a2129
t1254,a1475
t1255,a4211
t1256,a4585
t1257,a4832
t1258,a293
t1258,a507
t1259,a3669
t1260,a2319
t1260,a3977
t1260,a486
t1261,a4436
t1262,a1577
t1263,a1572
t1263,a2644
t1264,a1076
t1265,a4013
t1266,a4251
t1267,a3204
t1268,a4025
t1269,a3495
t1270,a961
t1270,a1877
t1270,a1370
t1270,a1387
t1271,a1296
t1272,a3473
t1272,a3150
t1272,a3252
t1273,a732
t1274,a1743
t1275,a4374
t1276,a3871
t1277,a2835
t1278,a3940
t1279,a1757
t1280,a2700
t1280,a4351
t1281,a3318
t1282,a3725
t1283,a1775
t1284,a2250
t1285,a1415
t1285,a543
t1285,a4774
t1285,a4773
t1286,a4679
t1287,a3042
t1288,a3411
t1289,a4103
t1290,a2837
t1291,a2495
t1291,a4159
t1292,a888
t1292,a2679
t1292,a4442
t1292,a1560
t1293,a3812
t1293,a2255
t1293,a3567
t1294,a408
t1295,a1721
t1296,a3419
t1297,a3566
t1298,a71
t1299,a4034
t1300,a3156
t1301,a3836
t1302,a3559
t1303,a476
t1303,a266
t1303,a1812
t1304,a964
t1305,a748
t1306,a1501
t1307,a1501
t1308,a225
t1309,a1127
t1310,a3761
t1310,a2915
t1310,a2008
t1311,a767
t1311,a3714
t1312,a3327
t1313,a1873
t1313,a2207
t1314,a1055
t1314,a96
t1314,a2111
t1315,a1774
t1316,a2813
t1317,a1805
t1318,a712
t1319,a4110
t1320,a2018
t1321,a2859
t1322,a1729
t1322,a634
t1323,a1729
t1323,a634
t1324,a4424
t1324,a2875
t1324,a2874
t1325,a4090
t1326,a4313
t1326,a3105
t1327,a3539
t1327,a944
t1327,a4576
t1328,a3308
t1328,a1834
t1329,a4099
t1329,a2911
t1330,a1142
t1330,a3034
t1330,a0
t1331,a4817
t1332,a2906
t1333,a4619
t1333,a863
t1334,a2752
t1334,a2879
t1335,a3522
t1336,a2047
t1337,a1846
t1338,a3960
t1339,a4792
t1340,a788
t1340,a2410
t1341,a4194
t1341,a1132
t1342,a3332
t1343,a85
t1344,a318
t1345,a1198
t1346,a1646
t1346,a2584
t1347,a4491
t1348,a4602
t1349,a976
t1350,a4466
t1351,a599
t1351,a1746
t1352,a4526
t1353,a2907
t1354,a4024
t1354,a708
t1354,a4405
t1355,a4024
t1355,a708
t1355,a4405
t1356,a1477
t1356,a1619
t1356,a277
t1356,a275
t1357,a2564
t1358,a2564
t1359,a3211
t1360,a4026
t1361,a435
t1361,a1997
t1362,a435
t1362,a1997
t1363,a435
t1363,a1997
t1364,a3293
t1365,a1236
t1366,a1604
t1367,a953
t1368,a1287
t1369,a2130
t1370,a171
t1371,a1209
t1372,a1907
t1373,a2430
t1374,a945
t1374,a4644
t1374,a3527
t1375,a2429
t1376,a676
t1377,a3726
t1378,a1460
t1379,a1900
t1380,a1372
t1381,a3403
t1381,a215
t1381,a3259
t1381,a2741
t1382,a3215
t1383,a1014
t1384,a112
t1385,a3502
t1386,a3182
t1387,a2576
t1388,a4577
t1389,a1584
t1390,a4223
t1391,a3614
t1392,a4727
t1393,a3614
t1394,a4279
t1394,a1712
t1395,a2700
t1395,a4351
t1396,a1977
t1397,a1878
t1398,a3249
t1399,a236
t1400,a3534
t1401,a1790
t1402,a3279
t1402,a1503
t1402,a1504
t1402,a1502
t1403,a3134
t1404,a227
t1405,a3048
t1405,a2762
t1406,a3048
t1406,a2762
t1407,a3773
t1408,a4377
t1409,a2262
t1410,a4395
t1410,a2380
t1410,a2382
t1410,a4565
t1411,a3795
t1412,a646
t1413,a646
t1414,a4275
t1415,a4657
t1416,a3323
t1417,a14
t1418,a331
t1419,a3796
t1419,a4428
t1419,a4429
t1420,a2720
t1421,a3925
t1421,a4418
t1421,a768
t1422,a3065
t1423,a2499
t1423,a2498
t1424,a3776
t1424,a3093
t1425,a3200
t1425,a33
t1425,a8
t1425,a158
t1426,a2230
t1426,a567
t1427,a2843
t1428,a3511
t1429,a229
t1430,a229
t1431,a4003
t1432,a1636
t1433,a1591
t1434,a2904
t1434,a3278
t1435,a3672
t1435,a3681
t1435,a2464
t1436,a4198
t1437,a1633
t1438,a1980
t1439,a3499
t1440,a4481
t1440,a2036
t1440,a2387
t1440,a2037
t1441,a3491
t1442,a3406
t1443,a1639
t1443,a2851
t1443,a2852
t1444,a351
t1445,a3807
t1446,a2431
t1447,a3600
t1448,a3874
t1449,a4752
t1449,a4760
t1449,a1903
t1450,a1894
t1451,a2681
t1452,a1414
t1452,a657
t1452,a656
t1453,a1414
t1453,a657
t1453,a656
t1454,a1414
t1454,a657
t1454,a656
t1455,a1688
t1456,a890
t1457,a4476
t1458,a1239
t1458,a2914
t1458,a1243
t1458,a4824
t1458,a1440
t1458,a4596
t1458,a1605
t1458,a1439
t1459,a2577
t1460,a237
t1461,a168
t1461,a3828
t1461,a3829
t1461,a3665
t1462,a1932
t1463,a4137
t1464,a4423
t1464,a163
t1464,a3604
t1464,a1034
t1465,a3575
t1466,a1278
t1466,a2539
t1466,a3883
t1467,a58
t1468,a4656
t1469,a1438
t1470,a1820
t1470,a2882
t1470,a2116
t1470,a103
t1471,a638
t1471,a2970
t1472,a2959
t1473,a1444
t1474,a1468
t1475,a4220
t1476,a663
t1477,a3292
t1477,a2039
t1478,a137
t1479,a2443
t1480,a3499
t1481,a3995
t1482,a632
t1482,a1275
t1483,a652
t1484,a3168
t1485,a4038
t1486,a909
t1486,a1634
t1486,a1635
t1487,a1095
t1488,a2376
t1489,a4161
t1489,a3450
t1489,a4808
t1489,a4846
t1490,a4434
t1491,a1028
t1492,a1475
t1493,a2962
t1493,a94
t1493,a95
t1494,a287
t1494,a2832
t1495,a4006
t1495,a4523
t1495,a3973
t1495,a3970
t1496,a1228
t1496,a2750
t1496,a2751
t1496,a3145
t1497,a1494
t1498,a3751
t1499,a197
t1499,a2220
t1499,a2340
t1500,a2218
t1500,a716
t1501,a1153
t1502,a254
t1503,a4197
t1504,a965
t1504,a884
t1505,a3216
t1505,a1224
t1506,a4764
t1506,a1180
t1506,a2224
t1506,a1179
t1507,a4637
t1507,a3756
t1507,a3755
t1508,a2527
t1509,a4362
t1510,a4139
t1510,a3122
t1511,a4591
t1512,a2314
t1513,a2654
t1513,a3135
t1513,a3169
t1513,a3146
t1514,a4197
t1515,a3407
t1516,a4109
t1517,a232
t1518,a3468
t1518,a4279
t1518,a1445
t1519,a2925
t1519,a1270
t1520,a4061
t1521,a3124
t1522,a3165
t1523,a2149
t1523,a891
t1524,a1239
t1524,a2914
t1524,a1243
t1524,a4824
t1524,a1440
t1524,a4596
t1524,a1605
t1524,a1439
t1525,a1153
t1526,a850
t1527,a2912
t1528,a1713
t1529,a3964
t1530,a1310
t1531,a2558
t1532,a220
t1533,a2451
t1534,a2451
t1535,a3999
t1535,a4864
t1536,a2372
t1536,a3570
t1536,a2786
t1536,a3569
t1537,a505
t1537,a1240
t1537,a3421
t1537,a46
t1538,a2753
t1539,a2643
t1539,a3120
t1539,a4203
t1540,a2737
t1541,a164
t1542,a3791
t1543,a4057
t1543,a2582
t1544,a3452
t1544,a605
t1545,a1377
t1545,a3647
t1546,a1020
t1547,a4837
t1548,a597
t1548,a4339
t1548,a1842
t1548,a4340
t1549,a926
t1549,a1513
t1549,a333
t1549,a260
t1550,a4401
t1551,a1025
t1552,a546
t1553,a512
t1553,a3148
t1554,a4693
t1555,a4512
t1556,a3861
t1556,a4174
t1557,a735
t1558,a952
t1559,a821
t1560,a3825
t1561,a3980
t1562,a1314
t1563,a915
t1564,a1921
t1565,a1654
t1566,a1820
t1566,a2882
t1566,a2116
t1566,a103
t1567,a4119
t1568,a2777
t1569,a963
t1570,a818
t1571,a3042
t1572,a452
t1573,a735
t1574,a3268
t1575,a3403
t1575,a215
t1575,a3259
t1575,a2741
t1576,a743
t1577,a2840
t1578,a2702
t1579,a3939
t1580,a2805
t1581,a1982
t1581,a3764
t1582,a640
t1582,a808
t1583,a1599
t1584,a3357
t1585,a2188
t1586,a197
t1586,a2220
t1586,a2340
t1587,a2188
t1588,a1488
t1589,a738
t1590,a1706
t1591,a157
t1592,a4301
t1593,a653
t1594,a3727
t1595,a1952
t1595,a3232
t1595,a3361
t1596,a653
t1597,a2606
t1598,a1264
t1599,a3980
t1600,a3317
t1600,a782
t1601,a3758
t1602,a4179
t1603,a1429
t1604,a4216
t1604,a2632
t1605,a1269
t1605,a4578
t1605,a3542
t1606,a4098
t1607,a4602
t1608,a871
t1608,a1588
t1608,a1589
t1609,a2056
t1610,a3161
t1611,a586
t1611,a960
t1611,a399
t1612,a2580
t1613,a2580
t1614,a973
t1615,a196
t1616,a3006
t1617,a606
t1617,a1326
t1617,a4249
t1617,a2330
t1617,a2022
t1618,a852
t1619,a433
t1620,a4852
t1620,a3242
t1620,a38
t1620,a1061
t1621,a196
t1622,a3645
t1623,a4098
t1624,a1196
t1625,a1720
t1625,a2846
t1625,a2489
t1626,a231
t1627,a3431
t1628,a868
t1629,a1040
t1630,a4694
t1630,a1412
t1631,a566
t1632,a47
t1633,a2924
t1634,a3499
t1635,a2996
t1636,a3091
t1636,a4116
t1636,a1500
t1637,a3958
t1637,a4703
t1637,a4702
t1637,a4701
t1638,a3671
t1639,a1661
t1640,a3953
t1641,a1181
t1641,a3704
t1642,a418
t1643,a2709
t1644,a4029
t1644,a1967
t1644,a3330
t1645,a4400
t1646,a382
t1646,a340
t1646,a2294
t1647,a382
t1647,a340
t1647,a2294
t1648,a4097
t1649,a769
t1649,a2651
t1650,a3226
t1651,a1511
t1652,a54
t1653,a2553
t1653,a4796
t1653,a4791
t1654,a4008
t1654,a2388
t1655,a3965
t1656,a808
t1656,a640
t1657,a4526
t1658,a3763
t1658,a1441
t1659,a4497
t1660,a4497
t1661,a939
t1662,a2700
t1662,a4351
t1663,a4751
t1664,a3728
t1665,a180
t1666,a3785
t1667,a3785
t1668,a2188
t1669,a1354
t1669,a2845
t1669,a703
t1669,a3553
t1670,a4468
t1671,a1410
t1671,a1190
t1671,a169
t1671,a1152
t1672,a1965
t1673,a1631
t1674,a1631
t1675,a1080
t1676,a1803
t1677,a2454
t1678,a3992
t1678,a2801
t1678,a2871
t1678,a2870
t1679,a512
t1679,a3148
t1680,a2229
t1681,a385
t1682,a2087
t1683,a1999
t1684,a1183
t1685,a645
t1686,a4379
t1687,a4800
t1688,a2572
t1689,a2572
t1690,a4638
t1691,a3536
t1692,a3125
t1693,a147
t1693,a3463
t1693,a675
t1694,a3821
t1695,a3125
t1696,a2404
t1697,a2404
t1698,a4699
t1699,a3426
t1700,a3426
t1701,a4841
t1702,a3695
t1703,a4208
t1704,a4800
t1705,a1892
t1706,a3875
t1707,a2505
t1708,a2505
t1709,a3175
t1710,a3175
t1711,a166
t1711,a528
t1711,a2975
t1712,a4270
t1713,a3237
t1713,a1378
t1713,a4450
t1714,a4558
t1714,a1962
t1715,a3387
t1716,a10
t1717,a2855
t1718,a4740
t1719,a3499
t1720,a4229
t1721,a2194
t1722,a380
t1723,a2166
t1724,a2599
t1725,a857
t1726,a2964
t1727,a4486
t1727,a16
t1728,a1118
t1729,a3291
t1730,a2494
t1731,a2027
t1732,a4036
t1732,a4037
t1732,a4035
t1733,a3229
t1733,a4302
t1733,a4303
t1733,a4304
t1734,a4769
t1735,a1728
t1736,a4050
t1736,a2287
t1737,a3717
t1737,a371
t1738,a3742
t1739,a618
t1740,a4706
t1740,a713
t1741,a2525
t1742,a2718
t1743,a4038
t1744,a4716
t1744,a2506
t1745,a1124
t1746,a2808
t1746,a1562
t1746,a4005
t1746,a1522
t1747,a4379
t1748,a37
t1749,a387
t1749,a851
t1750,a1915
t1751,a3338
t1752,a4441
t1753,a617
t1754,a1668
t1755,a2196
t1756,a4770
t1757,a739
t1757,a2806
t1758,a4460
t1759,a3614
t1760,a3438
t1760,a3603
t1760,a2312
t1760,a2225
t1761,a3529
t1762,a4085
t1763,a3826
t1764,a2397
t1764,a2973
t1764,a2981
t1764,a2563
t1765,a4652
t1766,a2490
t1767,a3501
t1768,a1422
t1769,a4434
t1770,a887
t1771,a4434
t1772,a2344
t1772,a4348
t1772,a461
t1773,a4513
t1774,a4745
t1775,a1239
t1775,a2914
t1775,a1243
t1775,a4824
t1775,a1440
t1775,a4596
t1775,a1605
t1775,a1439
t1776,a2376
t1777,a475
t1778,a439
t1778,a2063
t1778,a2547
t1778,a2064
t1779,a3452
t1779,a605
t1780,a588
t1781,a67
t1781,a414
t1782,a4310
t1783,a387
t1783,a851
t1784,a2586
t1785,a1852
t1786,a4660
t1787,a2820
t1788,a3728
t1789,a308
t1790,a4261
t1791,a3754
t1792,a2101
t1793,a1145
t1794,a4526
t1795,a2270
t1796,a1820
t1796,a2882
t1796,a2116
t1796,a103
t1797,a1820
t1797,a2882
t1797,a2116
t1797,a103
t1798,a3443
t1799,a3555
t1800,a3592
t1801,a1459
t1802,a1678
t1802,a4747
t1802,a1948
t1802,a1813
t1803,a2669
t1804,a777
t1805,a1915
t1806,a633
t1807,a3641
t1808,a2639
t1808,a2621
t1808,a1727
t1809,a2639
t1809,a2621
t1809,a1727
t1810,a4616
t1810,a4142
t1811,a2219
t1812,a197
t1812,a2220
t1812,a2340
t1813,a4020
t1814,a1
t1815,a3152
t1816,a915
t1817,a3192
t1817,a4534
t1817,a4535
t1817,a4533
t1818,a2341
t1819,a1236
t1820,a532
t1821,a114
t1822,a4851
t1823,a4815
t1824,a4014
t1825,a4508
t1826,a2655
t1827,a3166
t1828,a938
t1829,a4278
t1830,a573
t1830,a2600
t1831,a3901
t1831,a3636
t1832,a3158
t1832,a4519
t1832,a4101
t1832,a4685
t1832,a4723
t1833,a3224
t1834,a2133
t1835,a329
t1836,a3228
t1836,a564
t1836,a642
t1836,a683
t1837,a2962
t1837,a94
t1837,a95
t1838,a3230
t1839,a2940
t1840,a332
t1841,a2819
t1841,a1744
t1841,a1966
t1842,a1915
t1843,a4277
t1844,a2298
t1845,a4708
t1846,a2428
t1847,a4413
t1848,a4658
t1849,a1410
t1849,a1190
t1849,a169
t1849,a1152
t1850,a1953
t1851,a3715
t1852,a3090
t1853,a2612
t1854,a822
t1855,a4144
t1856,a1912
t1856,a3040
t1857,a3430
t1858,a1865
t1859,a4444
t1860,a2360
t1861,a3395
t1862,a1112
t1862,a4552
t1862,a3722
t1863,a3857
t1864,a2608
t1865,a1980
t1866,a234
t1866,a4225
t1866,a1191
t1867,a645
t1868,a3021
t1869,a3699
t1870,a164
t1871,a3731
t1872,a1889
t1873,a3461
t1874,a1808
t1875,a4444
t1876,a4559
t1876,a2258
t1876,a4421
t1877,a4283
t1878,a1910
t1879,a2615
t1880,a161
t1881,a1200
t1882,a2273
t1883,a2293
t1884,a1036
t1884,a2605
t1884,a2604
t1885,a3321
t1886,a1656
t1886,a4218
t1887,a3687
t1887,a2318
t1888,a261
t1889,a1987
t1890,a3307
t1890,a4004
t1890,a4002
t1890,a3707
t1891,a578
t1892,a2988
t1893,a1797
t1894,a2236
t1895,a919
t1896,a2077
t1897,a4744
t1898,a1389
t1899,a4802
t1900,a2151
t1901,a2140
t1901,a4465
t1902,a2156
t1903,a453
t1904,a2119
t1905,a863
t1905,a4619
t1906,a2925
t1906,a1270
t1907,a2483
t1907,a2910
t1907,a2903
t1908,a1290
t1909,a4399
t1909,a4611
t1910,a3078
t1911,a2015
t1912,a2015
t1913,a1496
t1914,a4293
t1915,a4488
t1916,a3956
t1917,a449
t1917,a3282
t1917,a4105
t1918,a660
t1919,a4223
t1920,a3315
t1921,a67
t1921,a414
t1922,a517
t1923,a1786
t1924,a4157
t1925,a2021
t1926,a513
t1927,a3480
t1928,a2784
t1928,a2622
t1929,a4173
t1929,a302
t1929,a1274
t1930,a3285
t1931,a1091
t1932,a3241
t1933,a827
t1934,a2946
t1935,a148
t1936,a4550
t1937,a3380
t1937,a264
t1937,a1699
t1937,a1351
t1938,a2052
t1939,a2680
t1940,a3205
t1940,a1231
t1940,a4089
t1940,a4091
t1941,a1273
t1942,a2406
t1943,a3505
t1944,a902
t1945,a1606
t1946,a1013
t1946,a2412
t1947,a4836
t1948,a3824
t1949,a801
t1950,a9
t1950,a2221
t1950,a1248
t1951,a3783
t1951,a3376
t1951,a3770
t1951,a3769
t1952,a4223
t1953,a4637
t1953,a3756
t1953,a3755
t1954,a1362
t1955,a2130
t1956,a2775
t1956,a4664
t1957,a3091
t1957,a4116
t1957,a1500
t1958,a140
t1959,a2131
t1959,a2596
t1959,a2595
t1959,a2593
t1960,a4081
t1960,a1086
t1960,a1087
t1961,a4081
t1961,a1086
t1961,a1087
t1962,a2298
t1963,a2567
t1964,a2784
t1964,a2622
t1965,a2476
t1966,a3364
t1967,a1742
t1967,a3985
t1968,a4415
t1969,a877
t1970,a2476
t1971,a4521
t1972,a4354
t1973,a3785
t1974,a4052
t1974,a4419
t1974,a2559
t1975,a1796
t1976,a2218
t1976,a716
t1977,a2350
t1978,a4045
t1979,a744
t1980,a3067
t1981,a3518
t1981,a3780
t1981,a3779
t1981,a3778
t1982,a296
t1982,a2002
t1983,a4154
t1984,a4732
t1985,a2866
t1986,a3843
t1986,a700
t1986,a4254
t1987,a454
t1988,a2699
t1988,a2756
t1988,a2755
t1989,a596
t1990,a588
t1991,a434
t1991,a1499
t1991,a3440
t1992,a1104
t1993,a3873
t1993,a501
t1993,a3855
t1994,a3855
t1995,a3818
t1995,a3908
t1995,a1283
t1996,a3818
t1996,a3908
t1996,a1283
t1997,a3854
t1998,a3514
t1999,a2578
t2000,a2578
t2001,a2578
t2002,a1576
t2003,a908
t2004,a4616
t2004,a4142
t2005,a4616
t2005,a4142
t2006,a2437
t2006,a3202
t2007,a4438
t2008,a3337
t2009,a1026
t2010,a1304
t2011,a3324
t2011,a4408
t2011,a4411
t2011,a1489
t2012,a3738
t2013,a499
t2014,a2835
t2015,a3324
t2015,a4408
t2015,a4411
t2015,a1489
t2016,a1779
t2017,a404
t2018,a2877
t2019,a631
t2019,a409
t2020,a4566
t2021,a1322
t2022,a2125
t2023,a1438
t2024,a212
t2025,a1693
t2026,a4098
t2027,a1642
t2027,a2231
t2027,a115
t2027,a1421
t2028,a4476
t2029,a4365
t2030,a2531
t2031,a1095
t2032,a4098
t2033,a824
t2034,a1100
t2035,a2913
t2036,a4626
t2037,a2834
t2038,a2355
t2039,a1571
t2039,a2241
t2039,a730
t2039,a729
t2039,a731
t2040,a2833
t2040,a1566
t2041,a1876
t2042,a2885
t2042,a2776
t2043,a2031
t2044,a3742
t2045,a1341
t2046,a4801
t2046,a3880
t2046,a4292
t2046,a4272
t2047,a424
t2048,a1814
t2048,a3355
t2049,a4071
t2050,a60
t2051,a3558
t2052,a1144
t2053,a4286
t2053,a4287
t2054,a122
t2055,a448
t2056,a3525
t2057,a2164
t2057,a2118
t2058,a1905
t2058,a3483
t2058,a3484
t2059,a3499
t2060,a1223
t2061,a1820
t2061,a2882
t2061,a2116
t2061,a103
t2062,a1957
t2062,a3207
t2063,a1591
t2064,a3509
t2065,a525
t2066,a1265
t2067,a2557
t2068,a3096
t2069,a4745
t2070,a3472
t2071,a330
t2072,a2455
t2072,a2826
t2072,a2828
t2072,a2825
t2073,a3886
t2074,a1250
t2075,a167
t2076,a3183
t2077,a167
t2078,a1030
t2078,a826
t2079,a4606
t2080,a737
t2081,a4015
t2082,a4015
t2083,a2990
t2084,a2397
t2084,a2973
t2084,a2981
t2084,a2563
t2085,a2397
t2085,a2973
t2085,a2981
t2085,a2563
t2086,a2397
t2086,a2973
t2086,a2981
t2086,a2563
t2087,a3524
t2088,a3524
t2089,a4397
t2090,a961
t2090,a1877
t2090,a1370
t2090,a1387
t2091,a2035
t2092,a1725
t2092,a4449
t2092,a3955
t2093,a3523
t2094,a3523
t2095,a176
t2095,a177
t2096,a1067
t2097,a4433
t2098,a2687
t2098,a1038
t2099,a2508
t2099,a1413
t2099,a1281
t2100,a69
t2100,a3004
t2100,a378
t2101,a2895
t2102,a3905
t2102,a4493
t2103,a4410
t2104,a2681
t2105,a1520
t2106,a2373
t2107,a2454
t2108,a2976
t2109,a4681
t2109,a2909
t2110,a4830
t2111,a93
t2112,a987
t2112,a3405
t2113,a1341
t2114,a3682
t2115,a4640
t2115,a3816
t2116,a3357
t2117,a3342
t2118,a4583
t2119,a3381
t2120,a3454
t2121,a1674
t2122,a2645
t2123,a76
t2124,a613
t2125,a76
t2126,a806
t2127,a3387
t2128,a368
t2129,a739
t2129,a2806
t2130,a2274
t2131,a2274
t2132,a2500
t2133,a4661
t2134,a1755
t2135,a4497
t2136,a3961
t2136,a300
t2137,a3635
t2138,a4813
t2139,a10
t2140,a2859
t2141,a2322
t2142,a4393
t2143,a4393
t2144,a3590
t2144,a2501
t2144,a1159
t2145,a3813
t2146,a2683
t2147,a596
t2148,a1350
t2149,a1736
t2149,a2905
t2149,a1868
t2150,a2619
t2151,a4176
t2151,a105
t2151,a1204
t2152,a166
t2152,a528
t2152,a2975
t2153,a1006
t2154,a3229
t2154,a4302
t2154,a4303
t2154,a4304
t2155,a3231
t2156,a540
t2157,a1196
t2158,a558
t2159,a2954
t2160,a3180
t2161,a2055
t2162,a79
t2163,a2071
t2164,a2497
t2165,a4707
t2165,a1768
t2166,a3637
t2167,a2561
t2168,a597
t2168,a4339
t2168,a1842
t2168,a4340
t2169,a2523
t2169,a1376
t2169,a1192
t2169,a880
t2170,a1479
t2171,a34
t2172,a3981
t2173,a776
t2174,a398
t2175,a1242
t2176,a525
t2177,a2070
t2178,a3166
t2179,a2891
t2180,a3580
t2181,a2531
t2182,a4195
t2182,a3449
t2183,a1680
t2184,a1429
t2185,a2190
t2186,a3565
t2187,a3803
t2188,a2872
t2189,a1188
t2190,a192
t2190,a2173
t2191,a697
t2192,a457
t2193,a3154
t2194,a2513
t2195,a3576
t2196,a41
t2197,a2505
t2198,a2811
t2199,a1615
t2200,a1507
t2201,a1694
t2201,a4093
t2202,a3957
t2203,a98
t2204,a2245
t2205,a3196
t2206,a1392
t2207,a3565
t2208,a4038
t2209,a1264
t2210,a571
t2211,a2924
t2212,a4242
t2213,a4669
t2214,a3922
t2215,a2570
t2216,a3930
t2217,a3783
t2217,a3376
t2217,a3770
t2217,a3769
t2218,a917
t2219,a1375
t2220,a2777
t2221,a556
t2221,a3236
t2222,a2536
t2223,a2201
t2223,a3073
t2224,a4354
t2225,a1393
t2225,a2206
t2225,a1246
t2225,a2590
t2226,a1864
t2227,a3612
t2227,a4793
t2227,a3074
t2228,a1714
t2229,a3886
t2230,a195
t2231,a3137
t2232,a4296
t2233,a3110
t2234,a1668
t2235,a1668
t2236,a3574
t2237,a1960
t2238,a4052
t2238,a4419
t2238,a2559
t2239,a4052
t2239,a4419
t2239,a2559
t2240,a1357
t2241,a3642
t2242,a1215
t2243,a1941
t2244,a1215
t2245,a1819
t2246,a2701
t2247,a2771
t2248,a4460
t2249,a3539
t2249,a944
t2249,a4576
t2250,a1567
t2251,a2396
t2252,a2780
t2252,a781
t2252,a3492
t2253,a2243
t2254,a4044
t2254,a1778
t2255,a398
t2256,a418
t2257,a2685
t2258,a1043
t2259,a418
t2260,a3210
t2260,a175
t2260,a173
t2260,a174
t2261,a153
t2262,a4433
t2263,a2897
t2264,a1316
t2264,a2763
t2264,a2764
t2265,a1618
t2266,a1166
t2267,a1166
t2268,a1166
t2269,a269
t2269,a3062
t2270,a1082
t2271,a908
t2272,a2048
t2273,a1659
t2274,a1110
t2275,a2030
t2276,a2458
t2277,a3914
t2277,a1716
t2278,a4117
t2279,a2273
t2280,a2273
t2281,a1082
t2282,a3652
t2283,a429
t2284,a4283
t2285,a3493
t2286,a4862
t2287,a1584
t2288,a3881
t2289,a1751
t2290,a637
t2290,a4151
t2290,a458
t2290,a2613
t2291,a1675
t2292,a1257
t2293,a4387
t2294,a162
t2295,a3012
t2296,a1294
t2296,a1262
t2297,a547
t2298,a702
t2298,a3896
t2299,a4639
t2300,a1091
t2301,a959
t2301,a2850
t2302,a3719
t2303,a3583
t2303,a3197
t2304,a3263
t2305,a226
t2305,a227
t2306,a2024
t2307,a3606
t2308,a1881
t2309,a770
t2310,a393
t2311,a3258
t2312,a3497
t2312,a1385
t2312,a2774
t2313,a4244
t2314,a3699
t2315,a4677
t2316,a4677
t2317,a3210
t2317,a175
t2317,a173
t2317,a174
t2318,a2212
t2319,a1310
t2320,a3699
t2321,a721
t2322,a512
t2322,a3148
t2323,a745
t2324,a3998
t2324,a3747
t2324,a1569
t2324,a3746
t2325,a56
t2326,a4239
t2327,a4715
t2328,a3171
t2329,a3852
t2329,a2757
t2330,a1169
t2331,a747
t2332,a2728
t2333,a4182
t2334,a591
t2335,a2044
t2336,a2157
t2337,a4095
t2338,a784
t2339,a423
t2340,a1450
t2341,a2323
t2342,a1049
t2342,a4768
t2342,a3548
t2343,a3561
t2344,a3969
t2345,a4049
t2346,a2010
t2346,a1940
t2347,a653
t2348,a10
t2349,a3868
t2350,a3868
t2351,a950
t2352,a4413
t2353,a1714
t2354,a1208
t2355,a3321
t2356,a545
t2356,a3844
t2356,a3845
t2357,a3838
t2358,a1615
t2359,a4569
t2360,a4360
t2361,a3901
t2361,a3636
t2362,a3901
t2362,a3636
t2363,a2576
t2364,a4133
t2365,a3768
t2366,a168
t2366,a3828
t2366,a3829
t2366,a3665
t2367,a294
t2368,a3313
t2369,a4567
t2370,a310
t2371,a1253
t2371,a4500
t2372,a535
t2373,a3091
t2373,a4116
t2373,a1500
t2374,a84
t2375,a1514
t2375,a1461
t2375,a1457
t2375,a3458
t2376,a284
t2377,a3091
t2377,a4116
t2377,a1500
t2378,a1548
t2379,a2912
t2380,a1961
t2380,a2445
t2380,a4759
t2381,a4273
t2381,a848
t2381,a485
t2382,a1845
t2382,a2331
t2383,a1941
t2384,a1941
t2385,a2034
t2386,a2960
t2387,a328
t2388,a892
t2389,a1932
t2390,a3044
t2391,a1801
t2391,a1964
t2391,a2994
t2392,a1580
t2393,a2246
t2394,a285
t2394,a2932
t2394,a2931
t2395,a2015
t2396,a433
t2397,a3924
t2398,a1516
t2398,a1723
t2399,a2026
t2399,a1147
t2399,a1704
t2400,a817
t2401,a2026
t2401,a1147
t2401,a1704
t2402,a187
t2403,a187
t2404,a1810
t2405,a2005
t2406,a4646
t2406,a2979
t2406,a2650
t2407,a1360
t2407,a4148
t2407,a4147
t2407,a4149
t2408,a3943
t2409,a2205
t2410,a1955
t2411,a3589
t2412,a1751
t2413,a1478
t2414,a303
t2414,a2511
t2415,a2061
t2415,a4394
t2416,a2061
t2416,a4394
t2417,a2540
t2418,a111
t2419,a1980
t2420,a376
t2421,a87
t2422,a1238
t2423,a3499
t2424,a764
t2424,a1109
t2424,a4532
t2425,a2210
t2425,a3545
t2426,a635
t2426,a3005
t2426,a3415
t2427,a2252
t2428,a1018
t2429,a1554
t2430,a4274
t2431,a1094
t2432,a541
t2433,a3802
t2434,a958
t2435,a3565
t2436,a746
t2437,a3831
t2438,a3188
t2439,a929
t2440,a65
t2441,a3731
t2442,a2040
t2443,a3692
t2444,a3743
t2445,a1754
t2446,a1031
t2447,a1941
t2448,a4643
t2448,a123
t2449,a1705
t2450,a3683
t2451,a4384
t2452,a1031
t2453,a2187
t2454,a2187
t2455,a2233
t2456,a552
t2457,a1157
t2458,a3866
t2459,a4192
t2459,a3061
t2459,a4590
t2460,a3403
t2460,a215
t2460,a3259
t2460,a2741
t2461,a148
t2462,a1278
t2462,a2539
t2462,a3883
t2463,a3916
t2464,a926
t2464,a1513
t2464,a333
t2464,a260
t2465,a3757
t2465,a252
t2466,a1534
t2466,a1933
t2467,a3621
t2468,a2211
t2469,a2746
t2470,a1941
t2471,a149
t2472,a1327
t2473,a1786
t2474,a3686
t2475,a890
t2476,a3848
t2477,a1161
t2478,a905
t2479,a63
t2480,a2700
t2480,a4351
t2481,a249
t2482,a2117
t2483,a3018
t2483,a4668
t2483,a462
t2484,a3730
t2485,a3499
t2486,a2478
t2487,a3443
t2488,a1393
t2488,a2206
t2488,a1246
t2488,a2590
t2489,a4504
t2490,a1639
t2490,a2851
t2490,a2852
t2491,a1336
t2491,a1334
t2491,a1335
t2492,a1947
t2493,a2276
t2493,a3585
t2493,a3408
t2493,a1691
t2494,a1066
t2495,a3367
t2496,a802
t2497,a453
t2498,a2503
t2498,a1305
t2498,a3316
t2499,a403
t2500,a4265
t2501,a463
t2501,a1996
t2501,a2141
t2501,a2138
t2502,a463
t2502,a1996
t2502,a2141
t2502,a2138
t2503,a1533
t2503,a350
t2503,a2020
t2504,a1533
t2504,a350
t2504,a2020
t2505,a1533
t2505,a350
t2505,a2020
t2506,a135
t2507,a200
t2508,a2883
t2509,a2898
t2510,a4661
t2511,a4661
t2512,a2624
t2513,a2290
t2514,a805
t2515,a3811
t2516,a2612
t2517,a4347
t2518,a1525
t2519,a2505
t2520,a816
t2520,a78
t2520,a1811
t2521,a4522
t2522,a574
t2523,a4636
t2523,a342
t2524,a1610
t2525,a3369
t2525,a1747
t2526,a1974
t2527,a1113
t2528,a2754
t2528,a1403
t2529,a1797
t2530,a3992
t2530,a2801
t2530,a2871
t2530,a2870
t2531,a3803
t2532,a1417
t2533,a2580
t2534,a2643
t2534,a3120
t2534,a4203
t2535,a1805
t2536,a4690
t2537,a274
t2538,a1476
t2539,a3499
t2540,a2508
t2540,a1413
t2540,a1281
t2541,a3706
t2542,a1227
t2542,a2724
t2542,a2414
t2543,a856
t2544,a2968
t2545,a3192
t2545,a4534
t2545,a4535
t2545,a4533
t2546,a3192
t2546,a4534
t2546,a4535
t2546,a4533
t2547,a1211
t2548,a597
t2548,a4339
t2548,a1842
t2548,a4340
t2549,a3102
t2550,a2985
t2551,a955
t2551,a2432
t2551,a5
t2552,a735
t2553,a1889
t2554,a2512
t2555,a2495
t2555,a4159
t2556,a3762
t2557,a4753
t2558,a1104
t2559,a3680
t2560,a541
t2561,a763
t2561,a2282
t2562,a923
t2563,a445
t2564,a3650
t2564,a970
t2564,a969
t2565,a2083
t2566,a2468
t2567,a2816
t2568,a415
t2569,a1003
t2570,a66
t2571,a1717
t2572,a588
t2573,a2656
t2573,a4598
t2574,a2663
t2575,a1375
t2576,a865
t2577,a879
t2578,a3273
t2579,a526
t2580,a1606
t2581,a3761
t2581,a2915
t2581,a2008
t2582,a4823
t2583,a3223
t2584,a3075
t2585,a2140
t2585,a4465
t2586,a1514
t2586,a1461
t2586,a1457
t2586,a3458
t2587,a4044
t2587,a1778
t2588,a735
t2589,a852
t2590,a4444
t2591,a1282
t2592,a2147
t2592,a2148
t2592,a787
t2593,a2472
t2594,a1941
t2595,a2059
t2596,a3742
t2597,a1557
t2598,a1557
t2599,a4009
t2600,a3966
t2601,a3538
t2602,a1878
t2603,a910
t2604,a1088
t2605,a285
t2605,a2932
t2605,a2931
t2606,a3917
t2606,a2452
t2606,a2011
t2606,a4697
t2606,a100
t2607,a3106
t2608,a2570
t2609,a3562
t2610,a4185
t2611,a1876
t2612,a2840
t2613,a91
t2614,a160
t2615,a4425
t2616,a3050
t2617,a649
t2618,a3157
t2619,a2716
t2620,a2451
t2621,a710
t2622,a864
t2623,a1338
t2624,a2371
t2625,a2429
t2626,a2027
t2627,a4011
t2628,a4200
t2629,a3533
t2630,a4528
t2631,a1597
t2631,a1029
t2631,a3473
t2632,a2499
t2632,a2498
t2633,a723
t2634,a2418
t2635,a2685
t2636,a2972
t2636,a1519
t2636,a4587
t2636,a1518
t2637,a3836
t2638,a1771
t2639,a2026
t2639,a1147
t2639,a1704
t2640,a230
t2641,a3967
t2642,a2829
t2643,a4563
t2643,a1428
t2644,a2182
t2644,a2180
t2645,a4256
t2645,a2381
t2645,a1400
t2646,a64
t2647,a3384
t2648,a1126
t2649,a475
t2650,a4607
t2651,a2933
t2652,a2908
t2653,a760
t2654,a3971
t2654,a2153
t2654,a2152
t2655,a1950
t2656,a1759
t2657,a4753
t2658,a3879
t2659,a278
t2660,a2119
t2661,a3703
t2661,a2668
t2661,a1455
t2662,a3927
t2662,a870
t2662,a2137
t2663,a4141
t2663,a317
t2663,a2524
t2664,a4528
t2665,a2925
t2665,a1270
t2666,a1602
t2667,a2925
t2667,a1270
t2668,a3048
t2668,a2762
t2669,a3329
t2670,a1345
t2671,a2853
t2672,a3023
t2673,a3023
t2674,a4233
t2675,a4007
t2676,a1626
t2677,a511
t2678,a3998
t2678,a3747
t2678,a1569
t2678,a3746
t2679,a1217
t2680,a4813
t2681,a1901
t2681,a1411
t2682,a4233
t2683,a1748
t2684,a1628
t2684,a2302
t2685,a4822
t2685,a1212
t2685,a3654
t2685,a531
t2686,a1301
t2686,a1782
t2687,a2738
t2688,a4453
t2689,a2446
t2690,a4357
t2690,a3383
t2690,a3047
t2691,a2956
t2691,a4043
t2691,a4042
t2692,a2086
t2692,a625
t2692,a627
t2692,a626
t2693,a3237
t2693,a1378
t2693,a4450
t2694,a3319
t2694,a49
t2694,a50
t2695,a3933
t2696,a3639
t2697,a788
t2697,a2410
t2698,a3546
t2699,a138
t2700,a138
t2701,a2727
t2702,a3712
t2703,a639
t2703,a1942
t2703,a2423
t2704,a1793
t2705,a3897
t2706,a423
t2707,a1468
t2708,a2564
t2709,a2407
t2710,a1120
t2711,a859
t2712,a859
t2713,a2119
t2714,a1183
t2715,a1406
t2715,a828
t2716,a1631
t2717,a1142
t2717,a3034
t2717,a0
t2718,a2163
t2719,a63
t2720,a4013
t2721,a1345
t2722,a2673
t2723,a4109
t2724,a28
t2725,a2642
t2725,a1690
t2726,a1875
t2727,a3915
t2727,a1521
t2727,a3302
t2727,a259
t2728,a948
t2729,a4426
t2730,a2348
t2731,a3394
t2731,a3840
t2731,a3839
t2732,a3740
t2733,a4634
t2734,a3741
t2735,a4199
t2736,a2773
t2737,a2218
t2737,a716
t2738,a1899
t2739,a557
t2740,a1340
t2741,a1225
t2742,a348
t2743,a3886
t2744,a3833
t2745,a4422
t2745,a3427
t2745,a3744
t2745,a3428
t2746,a1292
t2747,a1001
t2748,a1001
t2749,a4000
t2750,a773
t2751,a3675
t2752,a572
t2753,a773
t2754,a4264
t2755,a4264
t2756,a1158
t2757,a4264
t2758,a3422
t2759,a1767
t2760,a4295
t2761,a1114
t2762,a3716
t2763,a1858
t2764,a1366
t2765,a1627
t2766,a4556
t2767,a2435
t2768,a4515
t2769,a892
t2770,a3618
t2771,a4631
t2772,a590
t2773,a4388
t2774,a4728
t2775,a1854
t2776,a4722
t2776,a4517
t2776,a783
t2777,a2278
t2778,a2280
t2779,a2958
t2779,a4627
t2779,a928
t2780,a1287
t2781,a3271
t2782,a2557
t2783,a4107
t2783,a2191
t2784,a1187
t2784,a1022
t2784,a1027
t2784,a1249
t2785,a1187
t2785,a1022
t2785,a1027
t2785,a1249
t2786,a3199
t2787,a2055
t2788,a4157
t2789,a4433
t2790,a289
t2790,a785
t2791,a776
t2792,a2785
t2792,a3138
t2793,a2361
t2794,a776
t2795,a1245
t2796,a747
t2797,a2227
t2798,a2227
t2799,a2999
t2800,a3499
t2801,a1144
t2802,a2635
t2803,a4409
t2804,a1523
t2805,a2035
t2806,a3426
t2807,a1101
t2808,a616
t2809,a4069
t2809,a4741
t2810,a3046
t2811,a816
t2811,a78
t2811,a1811
t2812,a2760
t2813,a1094
t2814,a747
t2815,a2606
t2816,a3419
t2817,a2391
t2818,a1107
t2819,a3657
t2820,a736
t2820,a4529
t2820,a4329
t2820,a1008
t2821,a3999
t2821,a4864
t2822,a3310
t2822,a1734
t2822,a516
t2822,a3455
t2823,a1119
t2824,a1667
t2825,a420
t2826,a1667
t2827,a1667
t2828,a1870
t2829,a2205
t2830,a4464
t2830,a4467
t2830,a1325
t2831,a2740
t2832,a3277
t2833,a3524
t2834,a2408
t2835,a4498
t2836,a1855
t2837,a2476
t2838,a2772
t2839,a1800
t2840,a3077
t2841,a4624
t2842,a859
t2843,a2004
t2844,a4868
t2845,a3195
t2846,a137
t2847,a137
t2848,a655
t2849,a655
t2850,a1561
t2851,a1313
t2852,a3029
t2853,a1931
t2854,a3194
t2855,a3020
t2856,a1328
t2857,a2143
t2858,a3617
t2858,a4350
t2858,a4349
t2858,a1887
t2859,a3617
t2859,a4350
t2859,a4349
t2859,a1887
t2860,a596
t2861,a2109
t2862,a188
t2863,a734
t2864,a1856
t2865,a3315
t2866,a3248
t2866,a1829
t2867,a3315
t2868,a2641
t2869,a2465
t2869,a662
t2869,a661
t2870,a1874
t2871,a1037
t2872,a2758
t2873,a4284
t2874,a1037
t2875,a2841
t2876,a430
t2876,a1918
t2877,a2841
t2877,a2477
t2878,a2113
t2878,a2378
t2878,a2425
t2878,a151
t2878,a150
t2878,a846
t2879,a4046
t2879,a126
t2880,a2113
t2880,a2378
t2880,a2425
t2880,a151
t2880,a150
t2880,a846
t2881,a243
t2882,a921
t2883,a4848
t2883,a3623
t2884,a4636
t2884,a342
t2885,a4528
t2886,a4416
t2887,a2088
t2888,a3730
t2889,a3730
t2890,a407
t2891,a3517
t2892,a427
t2892,a2007
t2892,a344
t2892,a3552
t2893,a3091
t2893,a4116
t2893,a1500
t2894,a1731
t2894,a3170
t2895,a1786
t2896,a4030
t2897,a4030
t2898,a1788
t2899,a2150
t2900,a2984
t2900,a2966
t2901,a1373
t2902,a2736
t2903,a2984
t2903,a2966
t2904,a459
t2904,a2449
t2904,a4288
t2904,a4291
t2905,a464
t2906,a488
t2907,a2984
t2907,a2966
t2908,a2354
t2909,a1181
t2909,a3865
t2910,a1495
t2911,a1839
t2912,a1181
t2912,a3704
t2913,a3591
t2914,a4568
t2915,a1074
t2916,a1517
t2916,a2719
t2917,a4332
t2917,a2336
t2917,a4115
t2918,a1758
t2919,a3630
t2920,a1835
t2921,a3035
t2922,a493
t2923,a221
t2924,a107
t2925,a4062
t2926,a752
t2926,a2510
t2926,a1185
t2927,a3479
t2928,a2266
t2929,a2274
t2930,a106
t2931,a1088
t2932,a3389
t2933,a4816
t2934,a1269
t2934,a4578
t2934,a3542
t2935,a456
t2936,a30
t2937,a3858
t2938,a872
t2938,a396
t2938,a1156
t2938,a1135
t2939,a771
t2940,a3424
t2941,a4059
t2942,a815
t2943,a1586
t2943,a20
t2943,a1871
t2944,a975
t2945,a2628
t2946,a2156
t2947,a4473
t2948,a4268
t2949,a1024
t2950,a3286
t2951,a2491
t2951,a791
t2951,a792
t2952,a1024
t2953,a1054
t2954,a859
t2955,a1832
t2955,a245
t2956,a2123
t2957,a1435
t2958,a1606
t2959,a4737
t2960,a37
t2961,a1427
t2961,a3347
t2962,a2053
t2962,a4146
t2962,a4713
t2963,a442
t2964,a1586
t2964,a20
t2964,a1871
t2965,a4681
t2965,a2909
t2966,a2633
t2967,a2032
t2968,a2306
t2969,a3793
t2970,a301
t2970,a1418
t2971,a1528
t2972,a4553
t2972,a3737
t2973,a1653
t2973,a1254
t2974,a1200
t2975,a2356
t2976,a449
t2976,a3282
t2976,a4105
t2977,a943
t2977,a208
t2977,a209
t2977,a207
t2978,a3272
t2979,a3675
t2980,a4284
t2981,a3173
t2982,a4481
t2982,a2036
t2982,a2387
t2982,a2037
t2983,a4118
t2984,a4481
t2984,a2036
t2984,a2387
t2984,a2037
t2985,a2172
t2986,a4722
t2986,a4517
t2986,a783
t2987,a4382
t2988,a671
t2989,a663
t2990,a3349
t2991,a2407
t2992,a3486
t2993,a4553
t2993,a3737
t2994,a52
t2995,a3819
t2996,a2835
t2997,a2549
t2997,a2420
t2998,a542
t2999,a4430
t3000,a197
t3000,a2220
t3000,a2340
t3001,a77
t3002,a4012
t3003,a4012
t3004,a67
t3004,a414
t3005,a750
t3005,a4756
t3006,a2675
t3007,a3292
t3007,a2039
t3008,a1784
t3008,a1321
t3009,a2165
t3009,a4403
t3010,a283
t3011,a335
t3012,a17
t3013,a2918
t3013,a4872
t3013,a2987
t3013,a4869
t3014,a4038
t3015,a1348
t3016,a2601
t3017,a544
t3018,a658
t3018,a2110
t3019,a719
t3020,a134
t3020,a2384
t3021,a1133
t3022,a4060
t3023,a4610
t3023,a790
t3024,a4155
t3024,a2867
t3025,a2516
t3026,a557
t3027,a3208
t3028,a3813
t3029,a1120
t3030,a4528
t3031,a4528
t3032,a830
t3033,a3870
t3033,a497
t3034,a2209
t3035,a795
t3035,a4361
t3035,a1280
t3036,a4264
t3037,a4432
t3038,a3087
t3039,a3974
t3039,a3688
t3040,a2209
t3041,a1016
t3042,a4025
t3043,a69
t3043,a3004
t3043,a378
t3044,a2796
t3045,a2739
t3045,a1436
t3046,a3934
t3046,a3935
t3047,a4299
t3047,a3934
t3048,a3246
t3049,a3870
t3049,a497
t3050,a1158
t3051,a1698
t3052,a4503
t3052,a1848
t3052,a1136
t3053,a4367
t3053,a2502
t3054,a4367
t3054,a2502
t3055,a4367
t3055,a2502
t3056,a2607
t3057,a1475
t3058,a1920
t3059,a949
t3060,a4335
t3061,a813
t3061,a1821
t3062,a2277
t3062,a741
t3063,a2277
t3063,a741
t3064,a2627
t3065,a2627
t3066,a1009
t3066,a4733
t3066,a3084
t3066,a4538
t3067,a2227
t3068,a2481
t3069,a998
t3069,a2471
t3069,a4385
t3070,a141
t3071,a262
t3072,a3924
t3073,a2454
t3074,a1623
t3074,a4222
t3075,a1464
t3076,a2597
t3076,a4321
t3076,a3240
t3076,a199
t3077,a2079
t3078,a4297
t3078,a4782
t3078,a3213
t3078,a4789
t3079,a720
t3080,a3057
t3081,a2284
t3081,a3390
t3082,a3877
t3082,a1309
t3082,a2678
t3082,a1307
t3083,a593
t3084,a4527
t3085,a3244
t3085,a1172
t3086,a318
t3087,a464
t3088,a4698
t3089,a1800
t3090,a1099
t3091,a4052
t3091,a4419
t3091,a2559
t3092,a2611
t3093,a4150
t3094,a1075
t3094,a3946
t3094,a3945
t3095,a860
t3096,a2189
t3096,a3648
t3096,a4356
t3096,a3627
t3097,a3723
t3098,a2162
t3099,a1407
t3100,a4816
t3101,a1111
t3102,a2027
t3103,a4311
t3103,a1002
t3103,a3386
t3104,a250
t3105,a3721
t3106,a4082
t3107,a3499
t3108,a4752
t3108,a4760
t3108,a1903
t3109,a4380
t3110,a4062
t3111,a2109
t3112,a2534
t3113,a3863
t3114,a2402
t3115,a2240
t3116,a18
t3117,a4753
t3118,a2951
t3119,a2229
t3120,a633
t3121,a2789
t3122,a3309
t3123,a2944
t3124,a1784
t3124,a1321
t3125,a1626
t3126,a4469
t3127,a1158
t3128,a849
t3128,a2963
t3128,a4455
t3129,a3620
t3130,a3841
t3131,a1399
t3132,a1936
t3132,a1828
t3133,a1306
t3134,a4
t3135,a645
t3136,a3868
t3137,a2106
t3138,a645
t3139,a296
t3139,a2002
t3140,a1624
t3141,a1703
t3141,a1491
t3141,a1979
t3141,a2197
t3142,a4537
t3143,a4537
t3144,a4858
t3145,a2139
t3145,a366
t3146,a1985
t3146,a3750
t3146,a2672
t3146,a4053
t3146,a920
t3146,a962
t3146,a3245
t3147,a1626
t3148,a1629
t3149,a1103
t3150,a1121
t3151,a2047
t3152,a265
t3153,a2560
t3154,a4205
t3154,a2386
t3154,a2823
t3154,a2267
t3155,a265
t3156,a3238
t3157,a2790
t3158,a3019
t3159,a4440
t3159,a2409
t3159,a4748
t3159,a2411
t3160,a2103
t3161,a733
t3162,a3794
t3163,a3869
t3164,a784
t3165,a4502
t3165,a1697
t3166,a1876
t3167,a2089
t3168,a4511
t3169,a240
t3169,a4253
t3169,a4248
t3170,a2446
t3171,a2097
t3172,a4375
t3173,a540
t3174,a3982
t3175,a3161
t3176,a1471
t3176,a3423
t3177,a911
t3178,a4372
t3178,a610
t3178,a623
t3179,a907
t3180,a2226
t3181,a4689
t3181,a2179
t3181,a4323
t3182,a1757
t3183,a3324
t3183,a4408
t3183,a4411
t3183,a1489
t3184,a4628
t3184,a853
t3185,a4285
t3186,a945
t3186,a4644
t3186,a3527
t3187,a945
t3187,a4644
t3187,a3527
t3188,a4018
t3188,a4016
t3188,a4017
t3189,a4018
t3189,a4016
t3189,a4017
t3190,a1741
t3191,a904
t3192,a518
t3193,a1493
t3193,a1401
t3193,a2203
t3193,a4260
t3194,a2256
t3195,a1687
t3196,a1117
t3197,a624
t3197,a575
t3198,a3435
t3199,a3435
t3200,a3435
t3201,a2544
t3202,a4327
t3203,a379
t3204,a3613
t3205,a3048
t3205,a2762
t3206,a2856
t3207,a4812
t3208,a859
t3209,a3002
t3210,a4383
t3210,a406
t3210,a4592
t3210,a145
t3210,a440
t3210,a441
t3211,a2174
t3212,a3830
t3213,a1209
t3214,a4063
t3215,a3305
t3215,a724
t3216,a2957
t3217,a4271
t3217,a2960
t3217,a1695
t3217,a1105
t3217,a3467
t3218,a4247
t3218,a940
t3219,a967
t3220,a2048
t3221,a606
t3221,a1326
t3221,a4249
t3221,a2330
t3221,a2022
t3222,a632
t3222,a1275
t3223,a2983
t3224,a644
t3224,a2470
t3224,a228
t3225,a32
t3225,a159
t3226,a32
t3226,a159
t3227,a602
t3228,a3499
t3229,a97
t3229,a990
t3230,a3345
t3231,a3438
t3231,a3603
t3231,a2312
t3231,a2225
t3232,a2424
t3232,a2094
t3232,a3487
t3233,a3800
t3234,a3520
t3235,a142
t3236,a3833
t3237,a1116
t3237,a3038
t3237,a3895
t3238,a2209
t3239,a1026
t3240,a3113
t3240,a2562
t3240,a4554
t3240,a4344
t3240,a4487
t3240,a2065
t3240,a1847
t3241,a4814
t3242,a3549
t3242,a2917
t3243,a2300
t3243,a2698
t3243,a1685
t3243,a2697
t3244,a60
t3245,a4710
t3246,a4154
t3247,a508
t3248,a4209
t3249,a433
t3250,a2274
t3251,a2198
t3252,a4692
t3253,a1810
t3254,a4633
t3255,a3142
t3256,a2637
t3256,a1168
t3257,a2305
t3258,a1294
t3258,a1262
t3259,a3247
t3260,a1787
t3261,a3793
t3262,a4514
t3262,a1939
t3263,a18
t3264,a1244
t3265,a1215
t3266,a2699
t3266,a2756
t3266,a2755
t3267,a4752
t3267,a4760
t3267,a1903
t3268,a2726
t3268,a355
t3268,a2066
t3268,a2073
t3269,a4838
t3270,a18
t3271,a1917
t3272,a4317
t3273,a1130
t3274,a2922
t3275,a2515
t3275,a1449
t3276,a529
t3277,a1442
t3278,a1446
t3279,a4754
t3280,a4177
t3281,a4662
t3282,a4581
t3283,a3499
t3284,a3795
t3285,a4152
t3285,a2546
t3285,a2548
t3285,a698
t3286,a1392
t3287,a3045
t3288,a3918
t3289,a4144
t3290,a1031
t3291,a2964
t3292,a1143
t3293,a949
t3294,a1291
t3295,a949
t3296,a949
t3297,a3903
t3298,a4788
t3299,a1359
t3300,a3782
t3300,a1614
t3300,a4659
t3301,a437
t3302,a4111
t3302,a3864
t3303,a2208
t3304,a3761
t3304,a2915
t3304,a2008
t3305,a1636
t3306,a1117
t3307,a148
t3308,a1671
t3309,a4092
t3309,a438
t3309,a2
t3309,a132
t3310,a365
t3311,a585
t3312,a4284
t3313,a3667
t3313,a4506
t3313,a2265
t3314,a2084
t3315,a1104
t3316,a1104
t3317,a19
t3317,a1991
t3317,a686
t3318,a1095
t3319,a694
t3320,a4719
t3320,a1059
t3321,a4164
t3322,a4666
t3323,a1265
t3324,a4378
t3325,a1795
t3326,a2885
t3326,a2776
t3327,a395
t3328,a831
t3329,a2369
t3330,a2667
t3331,a1292
t3332,a3611
t3333,a3611
t3334,a3147
t3335,a1146
t3336,a2694
t3337,a2694
t3338,a4396
t3339,a2694
t3340,a2364
t3341,a1564
t3342,a3310
t3342,a1734
t3342,a516
t3342,a3455
t3343,a1102
t3343,a510
t3343,a4463
t3343,a4501
t3344,a282
t3345,a2841
t3345,a2477
t3346,a3913
t3347,a2824
t3347,a4781
t3347,a3054
t3348,a3179
t3349,a3749
t3350,a390
t3351,a4488
t3352,a1188
t3353,a3941
t3354,a732
t3355,a1893
t3356,a759
t3357,a1893
t3358,a1893
t3359,a2799
t3360,a776
t3361,a1268
t3362,a1225
t3363,a1770
t3364,a921
t3365,a4414
t3365,a2814
t3365,a4112
t3366,a4414
t3366,a2814
t3366,a4112
t3367,a1201
t3368,a2693
t3369,a1789
t3370,a3837
t3371,a2454
t3372,a4633
t3373,a4358
t3374,a847
t3374,a2535
t3374,a3806
t3375,a489
t3376,a4283
t3377,a4283
t3378,a1389
t3379,a116
t3380,a3499
t3381,a4276
t3382,a4062
t3383,a3100
t3384,a1431
t3384,a3572
t3385,a1597
t3385,a1029
t3385,a3473
t3386,a3199
t3387,a3950
t3388,a3321
t3389,a3900
t3390,a2376
t3391,a1729
t3391,a634
t3392,a2054
t3393,a801
t3394,a464
t3395,a22
t3396,a1745
t3397,a3366
t3398,a4859
t3399,a4033
t3400,a1591
t3401,a1199
t3402,a1005
t3403,a3660
t3404,a4443
t3404,a202
t3404,a201
t3404,a2337
t3405,a635
t3405,a3005
t3405,a3415
t3406,a3317
t3406,a782
t3407,a3433
t3408,a9
t3408,a2221
t3408,a1248
t3409,a4439
t3410,a291
t3410,a2433
t3411,a3759
t3412,a3433
t3413,a4308
t3414,a1807
t3414,a832
t3414,a1649
t3414,a4798
t3415,a890
t3416,a3298
t3417,a2076
t3418,a4195
t3418,a3449
t3419,a2754
t3419,a1403
t3420,a3611
t3421,a3129
t3422,a2810
t3422,a204
t3423,a4163
t3424,a784
t3425,a1482
t3426,a2769
t3427,a1858
t3428,a1858
t3429,a4784
t3430,a1784
t3430,a1321
t3431,a2860
t3432,a3771
t3433,a3103
t3434,a4786
t3435,a1625
t3436,a1083
t3436,a918
t3436,a3371
t3437,a229
t3438,a3468
t3438,a4279
t3438,a1445
t3439,a3468
t3439,a4279
t3439,a1445
t3440,a2317
t3441,a4691
t3442,a773
t3443,a447
t3443,a3790
t3443,a1470
t3443,a3788
t3443,a3453
t3443,a3786
t3444,a2734
t3444,a2993
t3445,a3605
t3446,a1944
t3447,a3080
t3447,a1930
t3447,a1929
t3447,a1039
t3448,a1142
t3448,a3034
t3448,a0
t3449,a2754
t3449,a1403
t3450,a3925
t3450,a4418
t3450,a768
t3451,a548
t3452,a1943
t3453,a3210
t3453,a175
t3453,a173
t3453,a174
t3454,a4051
t3455,a619
t3455,a2682
t3456,a1701
t3457,a4054
t3458,a3488
t3459,a2767
t3459,a3274
t3460,a2734
t3460,a2993
t3461,a2976
t3462,a3017
t3463,a2398
t3464,a3066
t3465,a4595
t3466,a1543
t3467,a3464
t3468,a4595
t3469,a677
t3470,a4828
t3471,a241
t3472,a2178
t3473,a4619
t3473,a863
t3474,a4520
t3475,a3830
t3476,a1286
t3476,a1825
t3476,a4226
t3476,a4228
t3477,a2890
t3478,a3710
t3478,a2304
t3478,a4083
t3479,a1866
t3480,a2119
t3481,a258
t3482,a176
t3482,a177
t3483,a1906
t3484,a15
t3485,a3666
t3486,a1466
t3486,a2292
t3487,a693
t3488,a3385
t3488,a4366
t3489,a3424
t3490,a3424
t3491,a1189
t3492,a2486
t3493,a2508
t3493,a1413
t3493,a1281
t3494,a692
t3495,a1141
t3496,a377
t3496,a2105
t3497,a4270
t3498,a4270
t3499,a971
t3500,a3013
t3501,a1941
t3502,a3417
t3502,a3140
t3503,a4433
t3504,a2821
t3505,a3424
t3506,a1760
t3507,a4387
t3508,a1099
t3509,a3409
t3510,a1924
t3510,a1689
t3511,a4070
t3511,a4188
t3512,a377
t3512,a2105
t3513,a2154
t3514,a1835
t3515,a551
t3516,a1855
t3517,a4444
t3518,a3317
t3518,a782
t3519,a1725
t3519,a4449
t3519,a3955
t3520,a2560
t3521,a2560
t3522,a479
t3523,a1080
t3524,a60
t3525,a3078
t3526,a1596
t3527,a1529
t3528,a1529
t3529,a1995
t3530,a3112
t3531,a1398
t3532,a2580
t3533,a4669
t3534,a4669
t3535,a4541
t3536,a372
t3536,a3136
t3537,a402
t3538,a524
t3538,a1318
t3538,a1317
t3539,a3424
t3540,a1938
t3540,a841
t3540,a838
t3541,a4863
t3541,a4058
t3541,a4145
t3541,a672
t3542,a2572
t3543,a3059
t3544,a1941
t3545,a3723
t3546,a1520
t3547,a1673
t3547,a338
t3547,a339
t3547,a1973
t3548,a718
t3549,a1389
t3550,a2118
t3550,a3672
t3550,a3681
t3550,a3677
t3551,a2669
t3552,a3139
t3552,a2132
t3553,a3354
t3554,a2521
t3555,a4743
t3555,a306
t3555,a1007
t3555,a1891
t3556,a3846
t3557,a4051
t3558,a189
t3559,a3076
t3559,a2315
t3559,a3
t3559,a898
t3560,a3226
t3561,a4306
t3562,a3723
t3563,a2215
t3564,a4772
t3565,a3792
t3566,a162
t3567,a3185
t3568,a4389
t3569,a73
t3570,a1816
t3571,a2565
t3572,a3975
t3572,a1279
t3573,a635
t3573,a3005
t3573,a3415
t3574,a119
t3575,a3696
t3576,a1082
t3577,a130
t3578,a2058
t3578,a3984
t3579,a2060
t3580,a4515
t3581,a2640
t3581,a1315
t3582,a2793
t3583,a3305
t3583,a724
t3584,a240
t3584,a4253
t3584,a4248
t3585,a663
t3586,a3862
t3587,a3349
t3588,a316
t3589,a2731
t3590,a2526
t3591,a4518
t3592,a4564
t3593,a128
t3594,a128
t3595,a2389
t3596,a2389
t3597,a2446
t3598,a2277
t3598,a741
t3599,a3541
t3599,a127
t3599,a131
t3600,a2499
t3600,a2498
t3601,a4120
t3602,a2119
t3603,a223
t3604,a3577
t3604,a2986
t3604,a3698
t3605,a4170
t3606,a434
t3606,a1499
t3606,a3440
t3607,a4025
t3608,a482
t3609,a4513
t3610,a3425
t3611,a1567
t3612,a963
t3613,a4499
t3613,a4674
t3613,a4724
t3613,a4725
t3613,a3952
t3614,a1913
t3615,a3978
t3615,a2854
t3616,a1606
t3617,a2388
t3617,a4008
t3618,a4028
t3618,a1216
t3618,a1218
t3618,a1988
t3619,a2787
t3620,a3264
t3621,a3372
t3622,a1175
t3623,a4009
t3624,a633
t3625,a4347
t3626,a3732
t3627,a4767
t3627,a3444
t3628,a2015
t3629,a2594
t3630,a835
t3631,a3350
t3632,a2202
t3633,a1971
t3634,a1523
t3635,a1740
t3636,a4663
t3637,a2342
t3637,a3030
t3638,a2564
t3639,a400
t3639,a3028
t3639,a3326
t3640,a4574
t3640,a1798
t3641,a206
t3642,a3979
t3642,a883
t3643,a2176
t3644,a1832
t3644,a375
t3644,a245
t3645,a3979
t3645,a883
t3646,a294
t3647,a4073
t3648,a4494
t3649,a981
t3650,a1404
t3651,a76
t3652,a248
t3653,a1197
t3654,a3721
t3655,a3721
t3656,a1591
t3657,a2686
t3658,a959
t3658,a2850
t3659,a815
t3660,a2093
t3661,a1632
t3662,a606
t3662,a1326
t3662,a4249
t3662,a2330
t3662,a2022
t3663,a3432
t3663,a3064
t3664,a806
t3665,a755
t3666,a806
t3667,a819
t3668,a1276
t3669,a4770
t3670,a804
t3671,a1981
t3672,a305
t3673,a2159
t3674,a4549
t3674,a3878
t3674,a4290
t3675,a2537
t3676,a152
t3677,a1314
t3678,a3069
t3678,a3000
t3678,a1582
t3679,a1702
t3680,a942
t3681,a3400
t3682,a1480
t3683,a4610
t3683,a790
t3684,a4696
t3684,a2333
t3684,a2332
t3685,a1480
t3686,a3071
t3687,a335
t3688,a885
t3689,a197
t3689,a2220
t3689,a2340
t3690,a3719
t3691,a1756
t3692,a553
t3693,a3694
t3694,a417
t3695,a2676
t3696,a4144
t3697,a3996
t3697,a4134
t3698,a3616
t3699,a4625
t3700,a4144
t3701,a971
t3702,a197
t3702,a2220
t3702,a2340
t3703,a2377
t3704,a1579
t3705,a4491
t3706,a3951
t3707,a843
t3708,a1501
t3709,a1702
t3710,a3907
t3711,a2439
t3712,a4528
t3713,a2413
t3713,a3378
t3714,a3712
t3715,a4410
t3716,a1785
t3717,a4410
t3718,a349
t3719,a860
t3720,a1771
t3721,a196
t3722,a1771
t3723,a4232
t3724,a4001
t3724,a766
t3725,a3497
t3725,a1385
t3725,a2774
t3726,a3404
t3727,a952
t3728,a4142
t3729,a1807
t3729,a832
t3729,a1649
t3729,a4798
t3730,a1807
t3730,a832
t3730,a1649
t3730,a4798
t3731,a896
t3732,a295
t3733,a3037
t3733,a582
t3733,a550
t3734,a823
t3735,a2057
t3736,a4461
t3737,a4515
t3738,a586
t3738,a960
t3738,a399
t3739,a4868
t3740,a4653
t3741,a590
t3742,a2370
t3743,a467
t3743,a4614
t3743,a3344
t3743,a3418
t3744,a4271
t3744,a2960
t3744,a1695
t3744,a1105
t3744,a3467
t3745,a1297
t3746,a1297
t3747,a4099
t3747,a2911
t3748,a2743
t3749,a4109
t3750,a62
t3751,a4319
t3751,a2068
t3752,a2246
t3753,a4790
t3753,a4124
t3754,a1213
t3755,a3772
t3756,a1187
t3756,a1022
t3756,a1027
t3756,a1249
t3757,a469
t3758,a3676
t3759,a1487
t3759,a4235
t3759,a3243
t3760,a4039
t3761,a836
t3761,a3356
t3762,a4617
t3763,a1247
t3764,a4613
t3765,a1621
t3766,a1941
t3767,a1548
t3768,a1319
t3769,a3107
t3770,a98
t3771,a98
t3772,a3550
t3773,a769
t3773,a2651
t3774,a3489
t3775,a3352
t3776,a1480
t3777,a2467
t3778,a2329
t3779,a1815
t3780,a279
t3781,a4828
t3782,a972
t3783,a882
t3784,a4338
t3784,a1060
t3785,a1221
t3786,a4434
t3787,a1788
t3788,a1923
t3789,a51
t3789,a3653
t3790,a3571
t3791,a515
t3792,a1328
t3793,a586
t3793,a960
t3793,a399
t3794,a3789
t3794,a4478
t3795,a4531
t3796,a3886
t3797,a2012
t3798,a732
t3799,a4647
t3799,a3626
t3800,a2760
t3801,a1687
t3802,a268
t3803,a1687
t3804,a1941
t3805,a1368
t3806,a2896
t3807,a4393
t3808,a2031
t3809,a906
t3810,a2006
t3811,a1340
t3812,a3684
t3812,a1397
t3812,a1914
t3813,a2610
t3813,a3595
t3814,a4076
t3815,a732
t3816,a1158
t3817,a1896
t3818,a4482
t3819,a1183
t3820,a4657
t3821,a4117
t3822,a1586
t3822,a20
t3822,a1871
t3823,a1586
t3823,a20
t3823,a1871
t3824,a3252
t3824,a1029
t3825,a4717
t3826,a3125
t3827,a1820
t3827,a2882
t3827,a2116
t3827,a103
t3828,a3250
t3829,a1186
t3830,a3077
t3831,a3077
t3832,a239
t3833,a2506
t3833,a4716
t3834,a1898
t3834,a539
t3834,a495
t3834,a496
t3835,a222
t3836,a985
t3837,a194
t3838,a2334
t3838,a1207
t3839,a4555
t3840,a4008
t3841,a4715
t3842,a1841
t3842,a1033
t3842,a1042
t3842,a4805
t3843,a3176
t3844,a1598
t3845,a4810
t3846,a3499
t3847,a453
t3848,a1579
t3849,a3191
t3850,a3039
t3851,a1047
t3852,a2186
t3853,a4324
t3854,a2821
t3855,a2900
t3856,a927
t3857,a2684
t3858,a1362
t3859,a2734
t3859,a2993
t3860,a803
t3861,a211
t3862,a2172
t3863,a1266
t3864,a2234
t3864,a3912
t3864,a925
t3865,a1194
t3866,a4190
t3866,a3609
t3867,a1123
t3868,a1323
t3869,a2949
t3869,a1603
t3870,a659
t3871,a3481
t3872,a4812
t3873,a1600
t3874,a549
t3875,a2496
t3876,a3051
t3876,a2067
t3877,a963
t3878,a3821
t3879,a715
t3880,a4679
t3881,a2185
t3882,a4327
t3883,a1864
t3884,a2957
t3885,a2213
t3886,a4485
t3887,a2715
t3887,a1545
t3888,a4856
t3889,a2602
t3890,a1355
t3890,a978
t3890,a2598
t3891,a4452
t3892,a749
t3893,a345
t3894,a4762
t3895,a3022
t3896,a3797
t3896,a3989
t3897,a4169
t3897,a1861
t3898,a1166
t3899,a3972
t3900,a1368
t3901,a2481
t3902,a4694
t3902,a1412
t3903,a4485
t3904,a881
t3905,a2953
t3906,a670
t3907,a4335
t3908,a1336
t3908,a1334
t3908,a1335
t3909,a210
t3910,a3173
t3911,a806
t3912,a924
t3913,a1041
t3913,a3254
t3914,a4651
t3914,a4175
t3914,a4160
t3914,a4123
t3915,a1041
t3915,a3254
t3916,a92
t3917,a92
t3918,a1473
t3919,a646
t3920,a4561
t3921,a2113
t3921,a2378
t3921,a2425
t3921,a151
t3921,a150
t3921,a846
t3922,a2744
t3923,a609
t3923,a2529
t3923,a2528
t3924,a609
t3924,a2529
t3924,a2528
t3925,a1353
t3926,a1641
t3927,a3675
t3928,a2924
t3929,a3051
t3929,a2067
t3930,a3231
t3931,a2023
t3932,a4825
t3933,a4503
t3933,a1848
t3933,a1136
t3934,a3979
t3934,a883
t3935,a1586
t3935,a20
t3935,a1871
t3936,a3593
t3937,a4170
t3938,a1752
t3939,a1259
t3940,a4368
t3941,a3416
t3942,a167
t3943,a4709
t3944,a4836
t3945,a3687
t3945,a2318
t3946,a2154
t3947,a2154
t3948,a1404
t3949,a3874
t3950,a4761
t3950,a304
t3950,a4080
t3950,a4079
t3951,a3581
t3952,a2690
t3953,a1145
t3954,a3507
t3954,a4584
t3955,a3787
t3956,a3330
t3956,a1967
t3956,a4029
t3957,a130
t3958,a2703
t3959,a2047
t3960,a3261
t3961,a3607
t3961,a4546
t3962,a1646
t3962,a2584
t3963,a4660
t3964,a3876
t3965,a3499
t3966,a2849
t3967,a1927
t3968,a4396
t3969,a2130
t3970,a3893
t3971,a2511
t3971,a1622
t3972,a3127
t3972,a3296
t3973,a1404
t3974,a27
t3975,a1669
t3976,a3411
t3977,a4484
t3978,a139
t3979,a139
t3980,a718
t3981,a4557
t3982,a3670
t3983,a3861
t3983,a4174
t3984,a2181
t3985,a1484
t3985,a1486
t3986,a4285
t3987,a2694
t3988,a4081
t3988,a1086
t3988,a1087
t3989,a444
t3990,a933
t3991,a2880
t3992,a3587
t3993,a3288
t3994,a2798
t3995,a2627
t3996,a1645
t3997,a1483
t3997,a4763
t3997,a4214
t3997,a4217
t3998,a1497
t3999,a3162
t4000,a1198
t4001,a3870
t4001,a497
t4002,a1621
t4003,a4106
t4003,a3563
t4004,a653
t4005,a2281
t4006,a2003
t4006,a413
t4007,a2447
t4008,a3531
t4008,a2779
t4008,a2778
t4009,a4806
t4010,a1772
t4011,a2747
t4011,a912
t4012,a4258
t4013,a906
t4014,a2362
t4015,a1766
t4015,a689
t4015,a55
t4016,a4102
t4017,a265
t4018,a4334
t4019,a4010
t4020,a589
t4020,a2134
t4020,a2136
t4020,a2135
t4021,a4047
t4022,a4142
t4023,a1958
t4024,a4036
t4024,a4037
t4024,a4035
t4025,a2660
t4026,a4036
t4026,a4037
t4026,a4035
t4027,a1265
t4028,a1719
t4029,a2961
t4030,a2427
t4031,a3620
t4032,a3620
t4033,a742
t4034,a2704
t4035,a4420
t4036,a3796
t4036,a4428
t4036,a4429
t4037,a843
t4038,a633
t4039,a633
t4040,a1676
t4040,a2303
t4041,a3859
t4042,a1586
t4042,a20
t4042,a1871
t4043,a595
t4044,a2634
t4045,a1833
t4046,a4281
t4047,a358
t4047,a2768
t4047,a753
t4048,a2571
t4049,a2518
t4050,a4300
t4051,a3767
t4052,a3996
t4052,a4134
t4053,a2405
t4053,a3026
t4053,a3024
t4053,a3515
t4054,a4297
t4054,a4782
t4054,a3213
t4054,a4789
t4055,a1729
t4055,a634
t4056,a3377
t4056,a3954
t4056,a2029
t4056,a3275
t4056,a873
t4057,a4440
t4057,a2409
t4057,a4748
t4057,a2411
t4058,a4313
t4058,a3105
t4059,a4489
t4060,a3149
t4061,a2989
t4062,a4581
t4063,a4581
t4064,a83
t4065,a4125
t4066,a3650
t4066,a970
t4066,a969
t4067,a3650
t4067,a970
t4067,a969
t4068,a3650
t4068,a970
t4068,a969
t4069,a1011
t4069,a3373
t4069,a3375
t4069,a1738
t4070,a3617
t4070,a4350
t4070,a4349
t4070,a1887
t4071,a4605
t4072,a3804
t4073,a2770
t4074,a2072
t4075,a2519
t4076,a2681
t4077,a4688
t4078,a3396
t4079,a4528
t4080,a2351
t4081,a2035
t4082,a2238
t4082,a4780
t4083,a2955
t4084,a2607
t4085,a3340
t4086,a4197
t4087,a3723
t4088,a2060
t4089,a3799
t4090,a2049
t4091,a3663
t4092,a2407
t4093,a3994
t4094,a1479
t4095,a4573
t4096,a1750
t4097,a3003
t4097,a3339
t4097,a3336
t4098,a74
t4099,a1565
t4100,a3181
t4101,a1222
t4101,a696
t4101,a957
t4101,a2504
t4102,a1563
t4103,a1269
t4103,a4578
t4103,a3542
t4104,a1269
t4104,a4578
t4104,a3542
t4105,a2276
t4105,a3585
t4105,a3408
t4105,a1691
t4106,a3589
t4107,a4492
t4107,a2299
t4108,a2962
t4108,a94
t4108,a95
t4109,a24
t4110,a673
t4111,a4406
t4112,a3224
t4113,a3224
t4114,a285
t4114,a2932
t4114,a2931
t4115,a1241
t4116,a2223
t4117,a470
t4118,a718
t4119,a1735
t4120,a718
t4121,a606
t4121,a1326
t4121,a4249
t4121,a2330
t4121,a2022
t4122,a4098
t4123,a3775
t4124,a1684
t4125,a3499
t4126,a1197
t4127,a1908
t4128,a1360
t4128,a4148
t4128,a4147
t4128,a4149
t4129,a3322
t4130,a3118
t4131,a3091
t4131,a4116
t4131,a1500
t4132,a1230
t4133,a982
t4133,a238
t4133,a2046
t4133,a216
t4134,a1970
t4135,a3314
t4136,a3433
t4137,a1601
t4138,a4236
t4138,a386
t4138,a4718
t4139,a2107
t4140,a2107
t4141,a4440
t4141,a2409
t4141,a4748
t4141,a2411
t4142,a1140
t4143,a1012
t4144,a3823
t4145,a2112
t4146,a129
t4147,a946
t4148,a1558
t4149,a4721
t4150,a4721
t4151,a3523
t4152,a1827
t4153,a4708
t4154,a487
t4155,a2429
t4156,a4024
t4156,a708
t4156,a4405
t4157,a2859
t4158,a3713
t4159,a4844
t4160,a1838
t4160,a1959
t4160,a4804
t4160,a4842
t4161,a1374
t4162,a3075
t4163,a4749
t4164,a1090
t4165,a974
t4166,a2364
t4167,a3632
t4168,a166
t4168,a528
t4168,a2975
t4169,a3902
t4170,a975
t4171,a2516
t4172,a2876
t4173,a1730
t4174,a4189
t4175,a1062
t4176,a1702
t4177,a854
t4178,a3760
t4179,a833
t4179,a3306
t4180,a1160
t4181,a53
t4182,a2863
t4183,a108
t4184,a2329
t4185,a2329
t4186,a4813
t4187,a3413
t4188,a1151
t4188,a1976
t4188,a1972
t4189,a2955
t4190,a1454
t4191,a3960
t4192,a2248
t4193,a799
t4194,a795
t4194,a4361
t4194,a1280
t4195,a3521
t4196,a3324
t4196,a4408
t4196,a4411
t4196,a1489
t4197,a224
t4198,a2664
t4199,a691
t4200,a3069
t4200,a3000
t4200,a1582
t4201,a233
t4201,a2316
t4201,a3926
t4202,a2532
t4203,a4462
t4204,a1888
t4204,a4479
t4205,a1925
t4206,a1333
t4207,a780
t4208,a4337
t4209,a2248
t4210,a4259
t4211,a60
t4212,a4113
t4213,a3592
t4214,a394
t4214,a1718
t4215,a4475
t4216,a261
t4217,a1575
t4218,a1037
t4219,a2358
t4220,a3331
t4220,a2509
t4221,a4132
t4222,a2155
t4223,a2765
t4223,a506
t4224,a2291
t4225,a2091
t4226,a3264
t4227,a1733
t4228,a2228
t4229,a2187
t4230,a468
t4231,a1937
t4232,a4015
t4233,a167
t4234,a3269
t4234,a3506
t4235,a3874
t4236,a847
t4236,a2535
t4236,a3806
t4237,a2177
t4237,a362
t4237,a2520
t4238,a1792
t4239,a4510
t4240,a2683
t4241,a1277
t4242,a1527
t4243,a3204
t4244,a1591
t4245,a4328
t4246,a14
t4247,a2101
t4248,a2119
t4249,a1481
t4250,a4832
t4251,a3301
t4252,a3459
t4253,a3289
t4254,a632
t4254,a1275
t4255,a3175
t4256,a1272
t4257,a3831
t4258,a2102
t4259,a316
t4260,a3753
t4261,a3597
t4261,a1531
t4262,a4322
t4263,a1292
t4264,a2391
t4265,a769
t4265,a2651
t4266,a446
t4267,a2280
t4268,a4650
t4269,a3276
t4270,a1389
t4271,a1295
t4271,a193
t4271,a4386
t4272,a2533
t4273,a3498
t4274,a639
t4274,a1942
t4274,a2423
t4275,a639
t4275,a1942
t4275,a2423
t4276,a639
t4276,a1942
t4276,a2423
t4277,a2346
t4278,a3539
t4278,a944
t4278,a4576
t4279,a2866
t4280,a3256
t4280,a3690
t4280,a3602
t4281,a1515
t4281,a2393
t4281,a2392
t4282,a279
t4283,a579
t4283,a3619
t4284,a4200
t4285,a1392
t4286,a4087
t4287,a104
t4288,a3783
t4288,a3376
t4288,a3770
t4288,a3769
t4289,a2759
t4289,a29
t4290,a3712
t4291,a2912
t4292,a1606
t4293,a3255
t4293,a4167
t4293,a4084
t4294,a1935
t4295,a72
t4296,a4082
t4297,a2754
t4297,a1403
t4298,a2754
t4298,a1403
t4299,a2168
t4300,a1245
t4301,a4838
t4302,a358
t4302,a2768
t4302,a753
t4303,a3777
t4304,a4024
t4304,a708
t4304,a4405
t4305,a3579
t4306,a3800
t4307,a1453
t4307,a3633
t4307,a59
t4308,a4364
t4308,a979
t4308,a3284
t4308,a1781
t4309,a2761
t4310,a2523
t4310,a1376
t4310,a1192
t4310,a880
t4311,a1835
t4312,a4012
t4313,a4865
t4313,a993
t4313,a581
t4314,a576
t4315,a1714
t4316,a1815
t4317,a2809
t4318,a2575
t4319,a3818
t4319,a3908
t4319,a1283
t4320,a4570
t4321,a2188
t4322,a138
t4323,a428
t4324,a2293
t4325,a3298
t4326,a2416
t4327,a3148
t4327,a512
t4328,a2677
t4329,a2105
t4329,a3867
t4330,a1053
t4331,a789
t4332,a1729
t4332,a634
t4333,a4671
t4333,a364
t4334,a1905
t4334,a3483
t4334,a3484
t4335,a4065
t4336,a1544
t4337,a425
t4338,a3091
t4338,a4116
t4338,a1500
t4339,a1505
t4340,a4505
t4341,a217
t4342,a1091
t4343,a4711
t4343,a1332
t4343,a1331
t4343,a2848
t4344,a3193
t4344,a3233
t4345,a862
t4345,a2242
t4346,a1220
t4347,a852
t4348,a4458
t4349,a3904
t4350,a2522
t4350,a1023
t4351,a4580
t4352,a3712
t4353,a14
t4354,a2352
t4355,a1017
t4356,a2729
t4357,a4379
t4358,a3265
t4358,a3535
t4358,a388
t4358,a389
t4359,a842
t4360,a3490
t4361,a3991
t4362,a3031
t4363,a3031
t4364,a3260
t4365,a2736
t4366,a3381
t4367,a3377
t4367,a3954
t4367,a2029
t4367,a3275
t4367,a873
t4368,a1490
t4369,a3097
t4370,a4681
t4370,a2909
t4371,a3148
t4371,a512
t4372,a2273
t4373,a3815
t4373,a3457
t4373,a3456
t4374,a3094
t4374,a936
t4374,a594
t4374,a937
t4375,a1091
t4376,a2869
t4377,a2095
t4378,a4223
t4379,a751
t4380,a3824
t4381,a255
t4382,a1173
t4383,a1771
t4384,a4333
t4384,a183
t4384,a1056
t4385,a4434
t4386,a1229
t4387,a3730
t4388,a1926
t4389,a2502
t4390,a168
t4390,a3828
t4390,a3829
t4390,a3665
t4391,a2264
t4391,a2260
t4391,a3774
t4392,a905
t4393,a2570
t4394,a1878
t4395,a3042
t4396,a2482
t4396,a2802
t4396,a4108
t4397,a1974
t4398,a4120
t4399,a650
t4400,a270
t4400,a2217
t4400,a1968
t4401,a2609
t4402,a1215
t4403,a3229
t4403,a4302
t4403,a4303
t4403,a4304
t4404,a3229
t4404,a4302
t4404,a4303
t4404,a4304
t4405,a3675
t4406,a4343
t4406,a281
t4406,a1660
t4407,a2760
t4408,a3922
t4409,a4179
t4410,a4268
t4411,a4440
t4411,a2409
t4411,a4748
t4411,a2411
t4412,a2228
t4413,a2995
t4413,a1149
t4414,a1256
t4415,a4512
t4416,a4595
t4417,a2169
t4418,a565
t4419,a3161
t4420,a2000
t4421,a4870
t4422,a2352
t4423,a2344
t4423,a4348
t4423,a461
t4424,a4333
t4424,a183
t4424,a1056
t4425,a4074
t4426,a1481
t4427,a3314
t4428,a3411
t4429,a2732
t4430,a449
t4430,a3282
t4430,a4105
t4431,a2040
t4432,a2374
t4433,a2374
t4434,a120
t4435,a3540
t4436,a1965
t4437,a685
t4438,a667
t4439,a3283
t4439,a436
t4440,a1807
t4440,a832
t4440,a1649
t4440,a4798
t4441,a641
t4441,a1467
t4442,a1587
t4443,a4522
t4444,a1800
t4445,a811
t4446,a811
t4447,a1163
t4447,a1637
t4448,a811
t4449,a1058
t4449,a1581
t4450,a4686
t4450,a1886
t4450,a4496
t4450,a218
t4451,a4530
t4452,a4431
t4453,a2550
t4454,a2490
t4455,a3593
t4456,a3920
t4456,a421
t4456,a3360
t4457,a685
t4458,a2728
