nconst,primaryName
nm21967423,Camille ParentG
nm21965574,Jus Riddickm
nm21964643,Christina Filippidis
nm0056249,Joanne Baron
nm21961601,Dave Shueya
nm21956745,Willy Goldberger
nm0564947,Brian McCardie
nm0223119,Christopher C Dewey
nm21962780,Ron Selmoura
nm21960805,Dan Drillingn
nm21960142,Bryan SmithC
nm21969422,Ettore Maria Fizzarotti
nm21966129,Daphne Sheldrick
nm9111139,Bruno Delahaye
nm21955437,Sarah Young
nm21962011,Rajaa YousefP
nm0850187,Alberto Tarallo
nm21968544,JB Rogers
nm2732493,Trevor Ilesley
nm1879199,Stern Bigot
nm21962657,Miriam Cutler
nm0018145,Alessandro Alessandroni
nm21964909,Irina Mazingr
nm21966981,Eloïse GenetA
nm0684929,Roddy Piper
nm0421314,Anders Thomas Jensen
nm3264655,Michael C Alvarez
nm21960352,Alemdo Prado
nm0001618,Joaquin Phoenix
nm21962721,Sidney M Goldin
nm21960200,Tom HubbardT
nm21966022,Anirban BhattacharyaO
nm21954875,Colin ClercF
nm21968303,Jim DeloyeS
nm8466651,Nicolas Przygoda
nm0362027,Will B Hard
nm4554005,Bobby Chakraborty
nm0674098,ColeridgeTaylor Perkinson
nm0192325,Jack Cunningham
nm21962152,Al Morrow
nm21959478,Miklós Kapácsy
nm1051220,Yoshiko Asai
nm21963955,Jade ChengK
nm21963905,Michael J HartnettD
nm21967636,Lamberto V AvellanaC
nm0005787,Stelvio Massi
nm4463092,Will LP
nm0259906,Ismet Erten
nm0205802,Joone
nm1027089,Reiko Yoshida
nm21968499,Mark Burman
nm21958289,Miryam Zohar\\
nm21969057,Rajan P Dev
nm0434654,Hannu Kahakorpi
nm0111612,Clive Brook
nm21966386,James Bushe
nm3970873,Zak Shy
nm21966232,Robert Allen Mukesx
nm2063773,Andrew Halliwell
nm21964347,Phillip G Carroll Jrt
nm21956136,Joseph Sistrom
nm0013566,Luis Aguilar
nm21965632,Stan Freberg
nm21955211,ChiranjeeviP
nm21966576,Antônio Fagundes
nm21969385,Rolf Bergn
nm21958240,Dwier Brown
nm2012991,Pedro Pablo Picazo Pérez
nm5474724,Dennis Pickett
nm2437691,Ceyda Ates
nm1092280,Ti Ou
nm21964073,Martijn Schinkel
nm9716243,Darren Mcmeckan
nm21963924,Guy Glovere
nm21961650,Robert F Blumofef
nm21966949,Nripati Chatterjee
nm2669252,Hans von Petersdorff
nm1627175,Fabien Bouillaud
nm21967837,Matt Day
nm0266813,Michael P Flannigan
nm0162737,Gabriele Cirilli
nm21958741,Rosamund KwanB
nm7405864,Vivian Dorsett
nm21955150,Sophie Leblond
nm21969585,Axel Skovdal RoelofsQ
nm21968517,Ashley White
nm21965787,Alyssa Chaffee
nm21968407,Jon Osborn
nm2047752,Daniele Anzellotti
nm9056022,Scott Ingram
nm21959571,Miki Andoy
nm0924502,Bernard White
nm4384917,James Weaver
nm1046893,Andrew Strahorn
nm21967902,Avinesh RekhiC
nm21964168,Gerard Damiano
nm0315713,Jose Americo Ghezzi
nm0382890,Katherine Hicks
nm21964939,Megan Gallaghera
nm21966444,Hanneke Schutte
nm21958742,Sammo KamBo HungV
nm21959005,Petr Kettnerv
nm21962882,Fernando NoguerasK
nm0853259,Tianna Taylor
nm21955659,Gary PorterK
nm21957295,Céline Fuhrer
nm21967503,DW GriffithL
nm21969138,Peter Mullan
nm0046942,Egon Bahr
nm2014777,Tony Corella
nm21955510,Lore ReyesS
nm1469305,Richard da Costa
nm1037986,Courtney Looney
nm0005847,Phil Rosen
nm21960929,Makar Zaporozhskiyr
nm0304842,Kaz Garas
nm21956803,Elaine Tysonz
nm21963486,H Atkinsn
nm21969397,Kanchana
nm21967900,Suresh Nair
nm4221562,D Karetnyy
nm21960990,Brock Englandq
nm21968249,Enes Vejzovic
nm21967534,Nate Davis
nm21969489,Arthur C Miller
nm21959480,Gábor MarosiV
nm21954991,Éric Névé
nm3170784,Ryan Bader
nm21969641,Cheyenne Peskok
nm21965790,Mark Anthoneil
nm0000248,Edward D Wood Jr
nm21963175,Andrew Taggarti
nm21964645,Paul Burke
nm21959572,Megumi Ishii
nm21965041,Chris Candy
nm21955210,Giri Babu
nm21965245,Lynne Ramsay
nm0012420,Jacky Adriaansen
nm1886602,Miles Teller
nm21965562,Kal PennJ
nm0960112,Turgud Ören
nm21956864,Alexis C Martino
nm21957250,José Nieto
nm5374866,Branko Radakovic
nm21965561,Sharat Rajuk
nm21967404,George Meehane
nm21967498,Frank Sullivan
nm21956002,Madhusudan ReddyV
nm21964010,Sergio Doria
nm4104397,Anne Rieman
nm21966639,Mariah Carey
nm9536366,Vishnuprasad Palinje
nm0003405,Nathan Anderson
nm3060183,Anu Valia
nm21967486,Francis LaiJ
nm1213110,Norihiko Hibino
nm21966635,David Archuleta
nm7774893,Marie Colomb
nm0057302,Tina Barrett
nm21958320,Nadir AlievB
nm21955059,MariaTeresa DaherCusackX
nm21965211,Julie BeirízQ
nm0256488,Luciano Emmer
nm0456562,Tim Kirk
nm8187824,Konomi Fujimura
nm21965248,Rebecca OBrien
nm21962896,Linda J CowgillK
nm0219089,Miomir Denic
nm21962571,Irene Di Lelio
nm0566338,Bernard McConville
nm21966023,Mahendra Sonin
nm21963845,Peter Cullen
nm7599083,Kareem Afifi
nm2201887,Fereshteh Taerpoor
nm21966152,Ali Mansuri
nm1863658,Brandon Ray Olive
nm0502656,Jamie Leonard
nm21959524,Robert David Sandersa
nm21965307,Wayne Tucker
nm21955926,Lothar Mendesd
nm21959567,Peter Riva
nm21960134,Cecilia Gessay
nm21959106,Mouna Abbassy
nm21963012,Kana Akutsu
nm0000387,Robert Englund
nm21959871,Nenad Jovicic
nm21963305,Bettina Kupfera
nm21956911,Kenichi Hoyama
nm0384060,Bernard Hill
nm21964134,Ford Austin
nm21967637,Francisco Buencamino Jr
nm2039344,Dominik Danilczyk
nm0625744,Sidney Nelson
nm21963447,Jeffrey Boehm
nm0634553,Ramon Nomar
nm21962897,Josie LorenD
nm21957343,Byamba Sakhya
nm21963570,Andie Hudson
nm21963087,Melanie LeeP
nm21956749,Margarita Roblesc
nm0820085,Chris Squire
nm1766953,El Hadji Malick Cisse
nm21955605,Jaroslaw PietraszekX
nm21969452,O Jochen Schmidt
nm21961631,Aakanksha Juneja
nm21963558,Oskar Franzenu
nm6449795,Mat Powell
nm1955540,James Blunt
nm21956702,Philip Careyf
nm2395461,Nick Crawford
nm3676785,Jaysen Lewis
nm0495571,Carole Lebel
nm8707679,Olivia Venables
nm21955046,John Bellh
nm0902267,Julia von Frihling
nm21965697,Jackson BurnsideR
nm21965660,Barry McCarthy
nm21955274,Steve Williamsw
nm21955403,Lidia Korsakówna
nm21965208,Timothy D Harris
nm2572554,Peyton List
nm0141885,Richard Carter
nm21959291,Danila Konstantinovm
nm21956504,Marc Barbé
nm21966193,Jewelia Fisico
nm21957316,Oktay Yavuzr
nm0038896,Rodney Ascher
nm0436550,Mikhail Kamenetskiy
nm21963011,Ryôtarô Okiayu
nm0936177,Daniel Wiroth
nm21955959,Rick Ostermannk
nm3462041,María Agui Carter
nm21964302,Manmohan Singh
nm21958206,Seren Sirince
nm21967226,Rajko Grlic
nm0208112,Joseph de Cordova
nm1017719,Luca Calvani
nm21959053,Bernard McConville
nm21959280,Gene KauerN
nm2584204,Mark Badger
nm21968269,Sherif Mounir
nm2006841,Marty McIntosh
nm21962643,Gabriella Boris
nm1473037,Rodrigo Gudiño
nm21956248,Pinto Colvig
nm21956027,Danielle DePalmaV
nm2282693,Mareike Lueg
nm0925028,Jules White
nm4183790,Lisa Milio
nm0570713,Andrew J McIntyre
nm1732962,Ross Hotchkiss
nm21956235,August Thøgersen EideY
nm21967491,Dan Henderson
nm2930526,Edwina Northcott
nm21963345,Nick Doobs
nm21965793,Mark SearsF
nm21962887,José Luis ColinaI
nm0771526,Guillaume Schiffman
nm21967640,Enrique Jarlego
nm21965583,Alan Daicz
nm21956445,Harry ManfrediniF
nm21964356,Jake Brennan
nm4052377,Luca Del Puppo
nm0004581,Harry GregsonWilliams
nm21963204,Benedetto Lo Monaco
nm21968969,Khosrow Khanmohammadi
nm21964847,Valentina Ghelfi
nm1889547,Neville Raschid
nm21965023,Filiberto Satti
nm0572279,Bill McLaughlin
nm21962451,Barbara Pogenmiller
nm21958292,Naama Amitr
nm0791756,Chris Shepherd
nm21968667,Tom Shannon
nm6942136,Adam Kasprowicz
nm21967537,Bentley CooperQ
nm21959574,Kazuaki Yoshiga
nm1971125,Paul Burke
nm21969561,John Chaser
nm21960665,Paul Weitzm
nm21958219,Aleksandar Herc
nm21956796,Jeremiah BitsuiC
nm0656039,Ernest Pagano
nm0154152,Sabitri Chatterjee
nm1856741,Oskar Kaszynski
nm1838750,Melissa Molinaro
nm0282472,John Flock
nm1544210,George Galloway
nm21961208,Garnet Campbello
nm21961290,Chris Walden
nm21963372,Marcus Bryant_
nm21964241,Reiko Yoshida
nm21963365,Daniel Hendler
nm1510616,Mac Kenny
nm21968419,Serdar Atacan
nm5346412,Stephen Eyssen
nm21956152,Yuan Huangy
nm0621560,Sanjay Narvekar
nm5646885,Lydia Bouchard
nm21956135,Harry Kurnitz
nm21966578,John Glennb
nm0890485,Olga Vasilenko
nm21963684,Zdenek Hadjova
nm21963088,Melanie Lee
nm1071932,Aleksandar Herc
nm4356011,Sydni Lynn
nm1834250,Rubin Whitmore II
nm21969126,Jacques Tourneur
nm5595674,Sebastian Jacques
nm21955922,Hope Loring
nm0004864,Nancy Reagan
nm9628751,Prabhakar Kapikad
nm21965849,David Yow_
nm0051916,Joy Bang
nm21967634,Tony Santosp
nm0834373,Gail Strickland
nm21966353,Leif Axel Kjeldsent
nm21966630,Javi FrutosN
nm21958094,Tobias Bühlmannd
nm21958846,Shunsuke NakamuraH
nm21959006,Helena TrestíkováN
nm0729473,Jorge Rivero
nm21957409,Josie Petersen
nm0785254,Özen Sermet
nm21962681,LeaBeth Shapiro
nm21961554,David Pierce
nm21969006,Ethel Barrymore
nm3899141,Anton Kuznetsov
nm21963683,Petr Skoumal
nm6458405,Mark Sears
nm21958743,Tan Cheungc
nm0267545,Akos Farkas
nm21967845,Brian Pumper
nm5344387,Walter Feiden
nm6460128,Joaquín Martínez Castillo
nm21966918,Eric Hodges
nm6952365,Angela Potrikus
nm5232246,Katy Scott Ricketts
nm1944448,Sylvie Brenet
nm5178457,Charles Thompson
nm21960068,Bruno DelahayeO
nm21956212,Roy Mackr
nm21964942,Andrew GothardW
nm21966575,Matheus Abreu
nm21955650,Lauren Haroutunian
nm9577823,Wanjeri Gakuru
nm21966749,Tina Bates
nm21957457,Benoît Graffin
nm1048012,Tim Lever
nm21960189,Ave Ninchi
nm21962547,Rirkoo
nm0740557,Laurens van Rooyen
nm21967206,Howard K Smithj
nm4880881,Joe Whiteaker
nm21960474,Clara Rugaard
nm0001504,Marilyn Manson
nm1423077,Leonor Seixas
nm5771589,Alexis C Martino
nm21958422,James WebberZ
nm21960833,Martin Lutz
nm21960539,Yuri Pugach
nm3937144,François De Brauer
nm21962020,Michael Knupffer
nm21964135,Sandra CarusoE
nm21967053,Matteo StocchinoZ
nm21956060,Tom MixU
nm21969490,Paul Sloane_
nm0665951,Pasha Patriki
nm7369287,Aleko Begalishvili
nm2213653,Filemon Wesselink
nm21962444,Ibinabo Jackd
nm1252599,Marko Nabersnik
nm21960730,Vladimir Gerasimovd
nm7698996,Georgiy Ostretsov
nm21958224,Victoria ValentinoF
nm0865787,Tugay Toksöz
nm21960188,Liliana BonfattiV
nm21969201,Amy Adamst
nm1142276,Kera OBryon
nm0902220,Håkan von Eichwald
nm21955567,Lisa Arcaroz
nm21961945,Hans Rosenthal
nm4462830,Christopher Bryant Tucker
nm1042571,Steven A Davis
nm0101570,TT Boy
nm0175253,Jim Connock
nm3295202,Christopher G Pike
nm1557652,Bruce McNall
nm8544014,Jonathan Dodson
nm0190388,Luísa Cruz
nm3129927,Bruce Bromberg
nm21961524,Leo Tolstoyu
nm21956907,Nicole WrathallHiggins
nm1429325,Juan Pérez Fajardo
nm0736365,Charlie Roellinghoff
nm3061777,Ramil Zeynalov
nm21968144,Per SchwenzenG
nm3873049,Mario Garcia
nm3702854,Mathias Winum
nm0846752,Horacio Taicher
nm21959192,Mark Brescianoq
nm2749039,Nathan Dashwood
nm21956102,Lucas Neff
nm21968418,Hatice Kalit
nm1725970,Jens Johansson
nm8032810,Faisal
nm0073072,Sergio Benvenuto
nm0004767,Joseph Bologna
nm21958597,Ana Blanco de Córdovax
nm21955749,Pierre BarilletG
nm1231602,Curtis Bisel
nm21964242,Jay Hickman
nm2329870,Jean Proal
nm0919798,Frank Welker
nm21956095,Rosemary Hill
nm21959172,Mike Lane
nm21958310,ChungHsien Wu
nm21957796,Frank Ditto
nm1109183,Sharon Franklin
nm1829411,John P Wheatley
nm0004626,Kareena Kapoor
nm21960930,Ilya Korobko
nm0668007,Jimmy Pawlak
nm21957068,Ray Enright
nm0167041,Rosemary Clooney
nm4207151,Dewey Allen
nm21961129,Helder Fariaz
nm21965056,Dorottya Mathet
nm1507078,Hani Shnudah
nm0107613,Kari Foxx
nm21959039,Gyula Busso
nm1100541,Suavi Tedü
nm21956096,Barbara EwingP
nm21959527,Angela PatonH
nm5434563,Andrew Hernandez
nm3295338,Jen Brown
nm0239816,Michel Duchaussoy
nm5182157,Sara Garth
nm21966399,Jawad Rhalib
nm21967698,Tony MartinelliY
nm0586923,Axel Milberg
nm21964660,Li Fu
nm21965847,David Robles
nm21958239,Mark Fitzhugh
nm21969110,Lucile Terrin
nm21957784,Mitch Pileggip
nm6937225,Liv Leman Brandorf
nm21956211,Reed Brown Jro
nm0884534,Leo Valeriano
nm2363815,Brett Emerton
nm21967695,Gerald Geraghty
nm21957644,Deborah Copaken
nm0657162,George Pal
nm21961272,Alexander HachkoG
nm0609485,Fernanda Motta
nm21964065,Tom Watson
nm21968024,David Hicks
nm0269067,Edward Faulkner
nm21968334,Zeinab Abdo
nm21966126,Ryan Beekhuizen
nm21960768,Jacques Penot
nm21963306,Axel Milberg
nm21966421,D Karetnyy
nm3496977,Kitarô Muro
nm3698746,Olivia Deeble
nm9509165,Walaa Farid
nm21963654,Raj Kumar SA
nm21959420,Edibe Üneri
nm0957088,Zygmunt Zintel
nm21960559,Aitzol Aramaio
nm21962550,Cuckoo
nm21962186,Steve BevilacquaE
nm21957289,Bhoomika Chawla
nm21956868,Bern Sundstedt
nm21964981,Yôko Tsukasa
nm1910737,Charles Fitzgerald
nm21955962,Ulrich Matthes
nm21967915,Ayano Takeda
nm21959384,Michel Martensz
nm9069771,Alberto Nieto Ferrández
nm21955653,Alivia Mariev
nm21962188,David Rimawi
nm21959569,Kitarô Muro
nm0891291,Drew Vaupen
nm21963329,Isabella DeSantos
nm21955651,Tamara BrukettaX
nm21959294,Marlen Diazk
nm2192516,Finch Nissen
nm0025316,Matthew Amos
nm0223316,Mark Dexter
nm21964719,Ethan Ericksona
nm0551103,Peter Marshall
nm21959449,Nick Londonx
nm21966419,JenChieh ChangR
nm21961562,Don Carmody
nm1161473,Chris Roche
nm21965055,Alison Pillp
nm21959171,Cynthia Rhodes
nm21963979,Virginie Efira
nm21969680,Peter Marshallw
nm1175196,Andy Chworowsky
nm21959683,Harry H Corbett
nm0875293,ChunChun Hsu
nm21962017,David S Percy
nm21966447,Ryan Haidarian
nm0191685,Robert Culp
nm21960289,Manuel Andrés
nm21967648,Ahmet Tarik TekçeZ
nm21969620,Dorothy Tree
nm21969780,Sara Derzawy
nm21968962,Herta Frankel
nm0347453,Julien Guiomar
nm21969058,Vinu Kiriyathp
nm21962304,Scot DyerG
nm0387354,Meng Hua Ho
nm21958234,Eddie Wanga
nm21956231,Vojtech Havel
nm21967300,Aaron Guerreroh
nm0436778,Hiroshi Kamiya
nm2762552,Jef Neve
nm10174604,Saadet Özsirkinti
nm21968705,Afa Anoai
nm21968417,Baris Can Sagir
nm21969127,Jack Chertok
nm2488101,Yuka Hôshaku
nm0000447,Marilu Henner
nm21960989,Ellie Ann Fenton
nm21968331,Yassin Ismail Yassin
nm21967403,Felix Adler
nm21959568,Sei Hiraizumib
nm21959609,Scott Appleby
nm21963475,Hiroshi Kamiya
nm21956114,Predrag EjdusW
nm21968965,Tanika Hardin
nm0690120,Roy Pomeroy
nm21956547,JeanClaude La Marre
nm21963109,Tully Marshalld
nm21960728,Pavel NilinR
nm21967749,Eduardo Yáñez
nm21967646,Suzan Avci
nm0195996,Robby D
nm21969139,Alan Tripney
nm21957782,Bruce Nasht
nm10346396,Shaochu Zhang
nm21969022,Jonathan Prycee
nm0431935,Giampiero Judica
nm21961810,Thodoros Moridis
nm21964348,Erik Searle
nm21955283,Thomas Bo Larsen
nm3691689,John Keville
nm21961946,Olga Vasilenko
nm21961110,Ugur Kardas
nm3169905,The Romantics
nm3511555,Leon Bourikos
nm0282802,Eduardo Flores Torres
nm21965071,James Batley
nm21963981,Simon BeaufilsS
nm21956540,Peter R HuntD
nm21964838,Kirk Hazen
nm1558495,David Jaffe
nm21963601,Ross Andersona
nm21969270,Leo HouldingU
nm21958406,Ugo Liberatore
nm0186973,Terrayne Crawford
nm21965209,Kayla Lauzier
nm4031848,Simon Gstöttmayr
nm21965850,Chuck Dukowski
nm21965896,Craig Charles
nm21968421,Arne BangHansen
nm0629363,Charles A Nichols
nm0126966,Armando Bógus
nm21965242,Dusty Rhodesk
nm1165074,Haven
nm21961868,Michael Brosnanx
nm0003135,Victoria Barkoff
nm21964330,Paull Walia
nm21960538,Viktor Lebedev
nm3617084,Jon Marshall
nm0002043,Madhuri Dixit
nm3291308,Nathan Ruhland
nm21955404,Ryszard Jaworski
nm21959911,Dyanna Lauren
nm1346476,Enrique Jarlego
nm21962723,Sidney M GoldinN
nm21962546,MohanaA
nm1261587,Kelly Stables
nm2317243,Naim Sutherland
nm21969386,Martina Dräger
nm21961193,Andrew Dice Clay
nm21959847,Penpak Sirikul
nm21959526,Mario Temes
nm2857655,Skai Jackson
nm0939738,Harley Wood
nm6403597,Mona Farjad
nm21957970,Thomas Cowan
nm2094033,Janet James
nm21961597,Andrew Waruszewski
nm21968960,Tito Moral
nm21960680,Matthew F Reyes
nm2948887,Meghan Bradley
nm1502218,Guy Branum
nm21956872,Ava Gardnerq
nm3536562,Dawn Michele
nm0542950,Roman Mann
nm1002424,Michael Dougherty
nm21958489,Wera Cleveq
nm7839145,Sebastian Zentilomo
nm21959399,Rüstü Reçber
nm1892323,Nicolás Corbelli
nm21957752,OJ Simpson
nm2750428,David R Schwartz
nm0429868,Charles Jordan
nm21956817,ChandrashekharF
nm21964032,Rogelio Guerrao
nm2308815,Stefano Fregni
nm21967052,Matteo Stocchino
nm0788144,Stephen G Shank
nm21961944,Hans Rosenthaly
nm0311065,Gilberto Gazcón
nm21968889,Vernon Dent
nm3676907,Jimmy Barker
nm21969396,Soundaryaa
nm21955064,Harry BakerC
nm21967005,Mitchell BourkeN
nm21956707,Owen MarksQ
nm1925640,Dan Robinson
nm0332871,Govinda
nm21958322,Nuraddin Mehdixanlih
nm21966577,Alan Weisenbergers
nm21962987,Vladimir Subotic
nm0689076,Ana Poliak
nm21962884,Juan Quintero
nm0752744,Mike Ryan
nm1090896,Kurt Patino
nm21965870,Andrei Gryazev
nm21966767,Peter Lloyd_
nm21962985,Stylianos Constantinoua
nm0191950,Robert Cummings
nm21958607,Linda SorensenB
nm1828938,Derek Evans
nm21960473,Glenn Montgomery
nm3875284,Dave Patten
nm21965902,Mat Lucas
nm21955270,Guy Maddink
nm21955133,Vincent MartinA
nm21958907,Josh Covitt
nm21956219,Krzysztof Pietroszek
nm5646884,Bénédicte Gobert
nm21968500,Amy Nicholson
nm21963849,Gene Beley
nm21956884,Gilles Perez
nm0798611,Leonor Silveira
nm0372192,Doug Headline
nm21967402,Bud Jamison
nm21963658,Liyakat Ali Khann
nm0296651,William Fruet
nm1620376,Liz Reph
nm21965278,Ross Otterman
nm21966799,Hope Perello
nm21959195,Anita Bulan
nm21956791,BuuliZaanoz
nm21955376,Erik J Cornelius
nm6406173,Greta Gilles
nm21966446,Johannes de Bruyn
nm21968335,Walaa Faridg
nm21966521,Richard G Wray
nm21965848,Mike WattB
nm21956097,Rosemary Hillf
nm0146366,Paul Cattermole
nm21964652,Buck Adams
nm21966851,Walter Wippersbergn
nm0054667,Pierre Barillet
nm21956599,Dustin PoirierT
nm3164594,Dio
nm21956285,Jaromir Kacer
nm0574934,Wrik Mead
nm1056892,Aaron Greenberg
nm21960987,Houston Curtis
nm0091983,Mirjana Bohanec
nm21959287,Emily Cuttingv
nm21959604,Vic May
nm8649220,Thaneth Warakulnukroh
nm0661391,Stanley Pavey
nm21958045,Brigitte HorneyK
nm21965500,Ismail Dahlan
nm21968706,Lloyd AnoaiP
nm0163902,Edward Clark
nm0355446,Curtis Hall
nm21955480,Benzino
nm21968961,Franz Johanl
nm21957399,Patti Murinm
nm2608066,Esther Anderson
nm0611932,Peter Mullan
nm5099517,Charlie Petersson
nm21955407,Tom OBedlamE
nm1468359,Ricardo Mosquera
nm0630312,Joaquim Nicolau
nm1887521,Alison Jackson
nm21960591,Charles Thompson
nm21964247,Sebastian Ströbel
nm0265155,Antônio Fagundes
nm21963376,Richard RoundtreeW
nm21961072,Vittorio Emanuele PropizioY
nm21959207,Davide Cirri
nm0209496,John de Lancie
nm0773261,Werner SchmidtBoelcke
nm21958188,Garret SavageG
nm21963326,Marsha Mayv
nm21965332,AiHua Yang
nm0810256,Vernon Smith
nm21960295,Shawn Michaels
nm21960141,Alisha Boe
nm0988897,Ida Astori
nm21967260,Kat Kairoj
nm21960297,Dwayne JohnsonJ
nm5980434,Eason Huang
nm0388507,Jeremy Hoenack
nm21961761,John C Broderick
nm21967804,Chip Foose_
nm0271485,Ben Feleo
nm21967099,Jessalyn Gilsigs
nm1227180,Minh Chieu
nm3399083,Robyn S Clark
nm21969619,Robert Milton
nm0699875,John Pudney
nm21955844,Gábor Tarcsay
nm0437146,Kanchan
nm21964979,Yôko Tsukasa\\
nm21958576,Liza Del Sierra_
nm1864695,Alexandre Parizeau
nm0713497,Richard Raynis
nm0189237,Paul Cross
nm0845867,Oleg Tabakov
nm5019406,Katie Bonham
nm21968964,Carol HarpV
nm1397944,Baldev Gill
nm21964943,Matt Hall
nm21959643,A Wise Guy
nm2612450,Don Anderson
nm0865440,Tom Toelle
nm21959553,Adam FinkenJ
nm0337439,Cosetta Greco
nm0061830,HansUwe Bauer
nm21959529,Robert Foster
nm21959277,Randall Moserp
nm21965336,Laiching Ku
nm21967182,Nick Corirossi
nm21966951,Anup Kumar
nm21967100,Chris Colfer
nm2543488,Jude Harris
nm21957783,Danny Lux
nm2360941,Anita Bulan
nm21963922,Guy Glover
nm21969646,Brandon Moore
nm21963391,Adam Normellix
nm0683993,William H Pine
nm0092929,Igor Bolgarin
nm3795789,Kerry Carlson
nm0152035,Delphine Chanéac
nm21968488,W Kamau Bell
nm0550318,Kenneth Mars
nm21968276,Hugo Kovensky
nm0477406,William Kyle
nm21968490,Dwayne Kennedy
nm0821100,Robert Stadd
nm6840102,Orion Kaminky
nm21961632,Nehal Mehta
nm21967785,Patrick Van Horn
nm0871676,Dorothy Tree
nm21964154,Ali B
nm21967647,Suzan AvciR
nm3103430,Nick Brian Walters
nm0333818,Benoît Graffin
nm6461440,James Griffiths
nm4920576,Laura Naylor
nm4118625,Kazuaki Yoshiga
nm21957390,Trevor Yuilef
nm21965410,Shinji TakedaZ
nm0244418,Naci Duru
nm21959678,Paolo Villaggio
nm0413843,Mary Ann Jackson
nm21958317,Sevinc Alisovaw
nm21965792,Nichola TrestrailJ
nm5363761,Shizumi Manale
nm21957780,Sybil AzurW
nm21955058,Catherine Stepien
nm7440261,Xinxuan Liu
nm0270559,Kevin Feige
nm21959108,Mouna AbbassyY
nm2461127,Sinead GriffinLennon
nm0005412,Jane Seymour
nm9758439,Christopher Ainley
nm21963035,Joey DAuriak
nm21962614,Marcius Barbieri
nm0491617,Christoph Lauth
nm21969388,Paul Centopanii
nm21959381,Gisèle RebillonR
nm0044082,Ali Azad
nm0731548,Roy Roberts
nm21966407,Bettina Mazakarini
nm21958696,Teddy Kyle SmithP
nm21969100,David Smart
nm0222150,Prabhu Deva
nm21961268,Nadezhda Bakhtinaj
nm3825386,Dragana Micalovic
nm21963247,Ben Watkins
nm21962870,Kleer MaibaumS
nm2677225,Graham Chisholm
nm0426973,Marilyn Joi
nm2978292,Chandrashekhar Mahamuni
nm21965027,Pedro Moisas
nm21960681,Matthew F ReyesS
nm21969160,Xinxuan Liu
nm21959175,Tony Romand
nm0495811,Patrick Le Bon
nm21961865,Lisa Maria Falcone
nm3893823,Adnan Arif
nm0002935,Moe Howard
nm2353879,Eric F Adams
nm0655644,Richard Padernal
nm6993932,Haleigh Oliver
nm21964301,Babloo ChakravortyS
nm5574258,Simon Oliver
nm21955063,Lucy ClementsG
nm21963927,George C StoneyD
nm0006982,Adoor Bhasi
nm21968022,Lou Michaelsp
nm21958030,Sophie Gardinerr
nm21966244,MeiLing ChaoE
nm21969492,Paul Sloaneu
nm21966233,Dallas Valdez
nm21956442,Sean S Cunningham
nm21962880,Beatriz Aguirreu
nm6127881,Linda Thompson
nm0084497,Jeremiah Bitsui
nm0172559,Monte Collins
nm21957341,Dorjkhandyn Turmunkh
nm21964947,Mat Powell
nm21960445,Mark Nicholsonp
nm1865890,Jordan Galland
nm21964263,Luke Doolan
nm21964358,Joshua OverbayE
nm21960988,Sam Eidsons
nm0935687,Catherine Winter
nm21965160,Peyton List
nm21967781,Patrick Van HornA
nm3680655,Sean Cruser
nm21955438,TT BoyT
nm0219783,Vernon Dent
nm21956885,Gilles Rof
nm21957844,Phil Morris
nm0706484,K Raghavendra Rao
nm0928074,James Wilberger
nm21966522,Jack Ingram
nm21965851,Chuck Dukowski
nm3317998,Sofia Bohdanowicz
nm21959054,Lester OrlebeckJ
nm21954988,Alice Taglioni
nm21965789,Kellyann Summers
nm21965910,Robert Malcolmb
nm21960963,Carter Burwell
nm2605845,Louise Oisel
nm21959546,Moneera Girshab
nm21960222,Heather LangenkampN
nm1010170,Peter Bose
nm21958464,Irma Lozano
nm21960446,Francois Clousotw
nm21960796,Jordan Canning
nm21956814,Dhumal
nm21962984,Antonis Katsaris_
nm21962872,Ivo Uukkivi
nm21955747,Jacqueline Maillan
nm21957334,Hinrik Svavarsson_
nm21957109,Ghalia BenaliC
nm21960662,Jason BiggsX
nm21959214,Buddy Watson\\
nm21965633,Warren Foster
nm4861256,Massimo Bordonaro
nm6036050,Daniel Nelson
nm3296690,Stephen Gass
nm21960540,Oleg Borisovq
nm21965881,AJ WalshH
nm21964249,Marc Rensingc
nm21956629,Bonnie Piesse
nm1292366,Andrew Gernhard
nm21967787,Kari Foxxo
nm21959950,Fabio Nataleq
nm21955840,Rudolf van den BergN
nm0107165,Alex Brendemühl
nm21958223,Nikki Rhodes
nm21959208,Daniele Ciprì
nm21960965,Howard Rosenman
nm21956908,Maho Nagaseh
nm0643755,Margarita de Ochoa
nm21957196,Janice Giteck
nm0586901,Nikos Milas
nm2616835,Victor Baker
nm21966127,Tamara Bos
nm21964299,Manmohan Singh
nm21968003,Werner Sommerm
nm4851741,Martin Cosgro
nm21960031,Anne Morrison ChapinV
nm3826597,Matt Geddes
nm1089799,David Gazzana
nm21966903,Derek H Potts
nm21965321,George Formby Sr
nm1016259,Hans Bayer
nm21957288,Bhoomika Chawla
nm21959850,Chatchawan Wongarj
nm0173416,Pinto Colvig
nm21957323,Roman Lytvinenkod
nm21967484,Kovai Chezhiyanv
nm3409164,Susan Boyle
nm1780522,Mike Mirestone
nm21959419,Olli TuomainenC
nm8073311,Diana Chihade
nm21958402,Ugo LiberatoreL
nm2581303,Soizic Bourvil
nm0004472,Nutan Prasad
nm0676790,Curtis Petersen
nm0459369,Max Kleven
nm0671747,Steve Pendleton
nm21960071,Piper Fawn
nm21955076,Bone Thugs n HarmonyG
nm1617563,Courtney Cummz
nm21969681,Barry CrockerB
nm0929452,Michael Wilkinson
nm21968666,Sean BishopL
nm0750179,Klara Rumyanova
nm0594291,Tom Mix
nm0395148,Brigitte Horney
nm21969199,Frank M RobinsonR
nm5882314,Martin Lutz
nm21965320,Daniel WilesT
nm21966401,Indi BarendsY
nm0242459,Lesley Dunlop
nm21966979,Michel Hadadj
nm0050308,Turid Balke
nm21962890,Ricardo Blasco
nm21956492,Rudi Rokv
nm21966982,Patricia Couvillers
nm21961552,Theodora DuncanE
nm21956887,Gilles Rof
nm1081755,Adam LockeNorton
nm0498278,Stan Lee
nm21965656,Alan Tang
nm21961719,Kazimierz Tyminski
nm21964009,Klaus Kinski
nm0424253,Danny JohnJules
nm3999828,Emily Brooks
nm21956742,Benedict Andrewsp
nm1266524,Sloboda Micalovic
nm21955375,Chris Cook
nm0485485,Mike Lane
nm21963272,Lisa CordileoneX
nm21965042,Rodney Beddal
nm5015340,Gerard Cordero
nm21955658,John McCainu
nm21967483,CV Sridhar
nm21961151,Sid Wilsonn
nm4110650,Pankaj Agrawal
nm0057368,Chris Barrie
nm21957179,Don Stroud
nm2120365,Que Minh Luu
nm0671522,José María Pemán
nm21964033,Salvador Pineda
nm0394679,Yui Horie
nm21963848,Jess Harnelli
nm21963091,Lindsey DavidsonA
nm21961453,Claire Windsor
nm21955850,Dick Clairh
nm1658541,Erin Ross
nm21959549,Betelihem Zelealeme
nm21966448,Trevor Sacksr
nm0003255,Chris Perry
nm0253621,Marie Eline
nm0382735,Jay Hickman
nm21960349,Antônio FagundesN
nm21961304,John Dennis
nm1663168,León Felipe González
nm21958092,Rahel GrunderF
nm21963695,Carissa Bazler
nm5378681,Shelley Buchbinder
nm2383085,Joseph Naytowhow
nm1782399,Fernando Arze Echalar
nm21959450,Darren Butlere
nm21957202,Elmano SanchoH
nm7599084,Sara Derzawy
nm21968668,David FeissP
nm1338361,Ukachi Arinzeh
nm21966194,Rodrigo Gudiño
nm21966980,Natalia Benvenuto
nm0053156,Meche Barba
nm1777545,Matt Jenkins
nm21963373,Michael BaisdenX
nm9577614,Marrianne Nungo
nm21963062,Gill Lopez
nm5016551,Anirban Bhattacharya
nm21957411,Hilary LinsteadX
nm21964179,Tricia DevereauxW
nm21956630,Henry Martinez
nm21959684,Ron GoodwinL
nm3974857,Charles T Daniels
nm0033504,Michel Arcand
nm21959685,Peggy Mount
nm21968516,Haleigh Oliverp
nm9187657,Jamil Caballero
nm21956748,Gonzalo DelgrásM
nm0005447,Leelee Sobieski
nm21960132,Cecilia Gessa
nm21959860,Metin Erksan
nm2415692,Jeffrey Horner
nm3208007,Penny Baron
nm5237842,Jan Kettner
nm21959637,Letícia Persilest
nm21963302,Nikolaus Glownaa
nm0399940,Peter Hudson
nm21955339,Mikako Takahashi
nm21961274,Ivan Burlyaev
nm1925055,Eric Belgau
nm8705246,Jirí Burian
nm21959278,Blake Rice Kirkland
nm0051649,Albert Band
nm21967676,Matt Russely
nm21957344,Maksim BramatkinW
nm21965280,Paige HowardD
nm21957422,George Coulouris
nm21966528,Karin Cavalli
nm2686873,Giulia Boverio
nm21958966,Jess Weissm
nm0231283,John Doman
nm21959877,James Whitney
nm3433402,Kate Rees Davies
nm21966422,Charles PerraultA
nm0633947,Ulrich Noethen
nm8623365,Patrick Woodhouse
nm21964486,Diana BrachoW
nm21965788,Sammie Leig
nm0802280,Isaac C Singleton Jr
nm21963246,Steven A Davisc
nm21958220,Djordje RadmilacT
nm21967424,Don AndersonQ
nm0650717,Leigh Ann Orsi
nm1930572,Kevin MacLeod
nm21965602,Iñigo Hualde
nm21959451,Darren Butler
nm21963855,Lisandro Rábidah
nm21960143,Alisha Boe
nm21969129,Jacques Tourneur
nm8185241,Robby Rotfeld
nm21966853,Walter Wippersbergp
nm21965821,Thomas OsgoodJ
nm0816532,Antonio Spadavekkia
nm5981065,Douglas E Porter
nm21963567,Todd Trimmer
nm0001056,Dabney Coleman
nm8208176,Mino Carta II
nm21966602,John Michael Higgins
nm1166938,Greg Perkins
nm0070232,Pat Benatar
nm21959398,Hakan Sükür
nm2546047,AJ Walsh
nm21964945,Andrew Gothardi
nm21955960,Hannah Hollinger
nm3981582,Dylan Williams
nm3265220,Paul Caslin
nm1664453,Georg Hensel
nm1795309,Vlasta Dusek
nm21966947,Anup KumarH
nm21960932,Max Elkf
nm21966850,Tetteh Gallowayl
nm21968199,Martín Farina\\
nm3488429,Erika Palomino
nm21967786,Brian Ross
nm21969632,Gordy Haab
nm21968147,Christine Kaufmann
nm21960351,David Joséo
nm1986095,Vaz Andreas
nm21961073,Romano Reggiani
nm0473293,Anna Ksiezopolska
nm0238669,Mikhail Druyan
nm0853944,Shahnaz Tehrani
nm0199959,Ian Daniels
nm3609484,Christos Andreou
nm21963862,Garth Knoxw
nm1259779,Black Jack
nm21961808,Nikos MilasH
nm21956920,Chris Edgerly
nm2644801,Vittorio Emanuele Propizio
nm21956818,Dhumal
nm21963572,Andie Hudsonf
nm21956747,José Ruiz de Azagra
nm0171534,José Luis Colina
nm21958214,Snake
nm21964757,Jamil Caballero
nm8948296,Michelle Randolph
nm21956886,Rachid Mekhloufi
nm0558166,Ely Matawaran
nm2732854,Tamás Dobos
nm9311956,Sabah Shehata
nm21969076,Tim Calandrello
nm21955805,Robert Paradis
nm0276532,Yavuz Figenli
nm21959453,Pooja TandonG
nm21965250,Rosa AttabV
nm21963697,Samantha StephensV
nm21963640,Hannes SalatX
nm7443550,BoyYo Korodan
nm1797660,Rirkoo
nm0534665,Guy Maddin
nm0586154,Danijela Nela Mihajlovic
nm21965029,Willi Behnisch
nm0186109,Bestor Cram
nm0009918,Amy Acker
nm5324446,Joana Carvalho
nm3892770,Rhiannon Downie
nm4762161,David Bret
nm1368786,Bree Beadman
nm1519253,Robert Budreau
nm21957729,Manel Barcelój
nm1186148,Matthew Rudge
nm21966917,Judith Woodhouse
nm21968967,Katrin KalketenidisC
nm21955604,Piotr Fronczewskiq
nm3568215,David Amito
nm3147440,Albin Pettersson
nm21969567,Adam Georgep
nm21956813,Indira Bansalb
nm5425452,Sophia Huybens
nm1131557,Matthew Gray Gubler
nm2405366,Antonio Burke Jr
nm21956921,Max ProssR
nm21960579,KueiAn Kan
nm0609833,Sherif Mounir
nm0802733,Joe Siracusa
nm0470374,Antoni Krauze
nm10684841,Kjetil Ove Alvestad
nm1164730,Natalia Tena
nm21957040,Afshin HashemiV
nm21963861,Sára László
nm21957842,Andrew Thacher
nm21960924,Andrew Strahorn
nm21963004,Scott Masters
nm0296947,Mary Frymire
nm21961849,Juana Barros
nm21961811,Andreas Zisimatosf
nm21961633,Aakanksha Juneja\\
nm21963090,Zach Frank
nm0969637,Martín Mainoli
nm21968658,Hubert Frank
nm0660936,Sai Paranjape
nm0485226,Allan Lane
nm21965501,Jabr AlHajjv
nm0198790,Gerard Damiano
nm6505355,Ayelet Gabay
nm21963602,Brent AginW
nm21962502,Denys Colomb de Daunant_
nm21961718,Jaroslaw Wolejkot
nm0001462,Jason Scott Lee
nm0467206,Igor Kosmachyov
nm21969783,Ashraf Abdel Baky
nm7273533,Jackson Burnside
nm1204432,Rakuto Tochihara
nm0854149,Virgilio Teixeira
nm4206354,Luke Anderson
nm2010446,Nathan Marquardt
nm21956790,Rahmatou Keïtal
nm21964245,Robbe De Hert
nm21966012,Wilhelmiina Tuukkanenm
nm1309825,Jon Dunham
nm21954989,Mathieu Simonet
nm9156639,Shuogang Chen
nm0785000,Öztürk Serengil
nm1901403,Bickram Ghosh
nm1885677,Ryan Perez
nm5837474,Jen Thompson
nm21969608,Debra Rogers
nm21963387,Jill Kelly
nm8338340,Katherine Walker
nm1027293,Aishwarya
nm21963982,Justine Triet
nm21956507,Sylvie Breneto
nm21957279,Lene Guttorm Mikkelsen
nm21969074,Corey Britz
nm0255693,Pascal Elso
nm0201718,Barry Darsow
nm5177423,Chad Tepper
nm21969569,Andreas Arvanitis
nm21967303,A Jerkk
nm21965796,Marc Outbreak
nm21958405,Diane Bakerg
nm0291216,Herta Frankel
nm21969507,Maralyn Thoma
nm21965978,Bernardo de la Mora
nm21962779,Angus Macfadyen
nm0973936,Steven Van Singel
nm21959636,Gabriel Braga Nunesx
nm21960271,John Sutherland
nm0961594,Sharat Raju
nm1771361,Chris Kropp
nm1692647,Antonio Urdapilleta
nm21962019,HJP Arnold
nm0604558,Christopher Morgan
nm0586975,Lev Milchin
nm21956208,Roscoe Ails
nm21957067,Joe E BrownQ
nm21962479,Dave Scott
nm0569372,Scott McGinnis
nm2255752,Alberto Castellanos
nm0405440,Rolf Hädrich
nm21961094,SJ Thomass
nm21963559,Ilmari Saarikoskiy
nm0600926,Barrett Moore
nm3750752,Asan Kirkabayev
nm21962642,Christoffer Nordenrot
nm21958186,Aykut KöselerC
nm21963639,Peter Roehsler
nm1434439,Tanya Badendyck
nm5714828,Caio Marcio dos Santos
nm21956263,Mark Gerstorfer
nm21955846,Váradi Edit
nm21962572,Misty Regan
nm21956080,Pedro Garcíaj
nm21966735,Johanna Teichmann
nm0599727,Belinda Montgomery
nm21963120,Heinrich Schnitzler
nm21964011,Angela Bov
nm3606084,Marc Fournier
nm0923736,Joss Whedon
nm1124343,Alvin H Perlmutter
nm21958208,Özlem Öçalmaz
nm21966920,Eric Hodges
nm7131218,Autumn Kendrick
nm21958744,Mary Stuart
nm0637161,Donald Novis
nm0352705,Ellie Haddington
nm21961850,Joel Casanuevae
nm1309090,Chris Robinson
nm21963770,Hugh Harman
nm0320880,Giri Babu
nm21956336,Mihai Calink
nm21960669,JB MooreA
nm1913729,Trijntje Oosterhuis
nm21960966,Donald SutherlandO
nm21966798,Emil GalstyanJ
nm21960541,Jenny McCarthy
nm21963657,Sundar C
nm21961153,Joey Jordisonp
nm21967871,Pablo EcharriO
nm21963121,Heinrich Schnitzler
nm21955436,Sascha Alexander
nm21958163,Phoebe WallerBridge
nm21958164,Carolin Stoltz
nm21955328,Vikram Rajaniy
nm21965474,Jack KirbyR
nm5042825,Anna Rizzo
nm2571574,David Gustave Dawood
nm5645656,Allison Felts
nm0563307,Irina Mazing
nm21966638,Alexandra Burke
nm1942776,Kanwaljit Singh
nm0463830,Jirí Kolafa
nm7889237,Yu Bai
nm0718716,Stephen Reizes
nm21960359,Marta Aura
nm21966919,JunoC
nm21956008,Aleksey Kozlov
nm21959216,Buddy WatsonZ
nm0351222,Pablo Javier Gómez
nm5237844,Samuel Jirásek
nm21967253,James Cruzer
nm21966751,Kristina BatesZ
nm21967746,Henri Calef
nm21955047,Aicha McKenzien
nm21969642,Tony Baez Milan
nm21961867,Lisa Maria Falconeb
nm0467892,Chia Hing Kou
nm0516316,Lieh Lo
nm5668911,Dániel Keresztafalvi
nm21962363,Michaela MüllerL
nm0108406,David Brian
nm21958303,Stuart Anthony
nm21960804,Edward Faulkner
nm0187256,James Ashmore Creelman
nm0411167,Unshô Ishizuka
nm21959528,Mario Temes
nm0060610,Gangapada Basu
nm21962056,Humberto Zurita
nm21958905,Adam Eppenstein
nm21964964,Jordan Haj
nm7162405,Ümmiye Koçak
nm21963001,Derek Jensen
nm2626793,Mohamed Wafik
nm0766463,Satyanand
nm0914697,Jerry Watson
nm21968317,Ricardo Remiast
nm21960360,Agustín Lara AlvaradoK
nm21963108,Pauline Curley
nm1697677,Jeremy Stulberg
nm10543630,Kathryn Farr
nm21959298,Roddy Piper
nm0090703,Michael Bockman
nm1170451,Danielle Franco
nm4116301,Makoto Onodera
nm21965509,Andrey Osipov
nm21968020,David R Schwartz
nm1410076,Nathalie Boltt
nm21964946,Matt Hall
nm21967427,Nicolas Comeau
nm21955184,Stephen M Lyons
nm21955961,Marcos Kantis\\
nm21966916,Juno
nm21959846,Matthew James Kelly
nm21960186,Rodolphe Solmsen
nm21960221,Sean S Cunninghamc
nm21962288,Juan Pablo García
nm21966159,Mel Blancz
nm0900837,Patrick J Voetberg
nm0812058,Federico Sodi
nm21957151,David Ritsherq
nm0206142,Harry Dawson
nm1896990,Christian Blanco
nm21968302,Stephen Gass
nm6993927,Kendal Rogers
nm0124401,Gyula Buss
nm21962763,Matthew LevinE
nm1111917,Anna Acton
nm21968078,JeanPierre Romel
nm21956025,Danielle DePalma
nm1554639,George Formby Sr
nm21969285,Nadia
nm1435603,Will Greenberg
nm21962189,Sherri Strainu
nm0108530,Janez Bricelj
nm6245202,Arden Belle
nm21969475,Fatma GirikQ
nm21954993,Mary Jo Godgesz
nm21958076,Greg Pruss
nm0614120,Brian Murphy
nm2988594,Harvey Berger
nm21960220,Jeffrey Reddick
nm21966952,Nripati Chatterjee
nm21962679,Virginia BowenC
nm9711796,Sanjeev
nm0461918,Blackie Shou Liang Ko
nm21963322,Peter Jan RensW
nm0708095,Rambha
nm0762596,Ralph Sanford
nm21958321,Sevinc Alisovat
nm21964907,Irina Mazing
nm1007991,Molly Rome
nm2570706,Sophie Rundle
nm21969643,Gabriel DinizU
nm21956094,Preston Lockwood
nm21954976,Joe LiTrentak
nm21959455,Santosh Dhanoa
nm1361892,Daniel Bronks
nm0517942,Oiva Lohtander
nm0848554,Amber Tamblyn
nm0011244,Nick Adams
nm21969504,James Luisi
nm1637138,EM Madhavan
nm7576174,Cédric Delport
nm3874259,Philippe Prosper
nm21962501,Denys Colomb de Daunanti
nm0632425,Ave Ninchi
nm10616716,Alberto Alemany
nm21956123,The EdgecrusherD
nm21966151,Mika Simmons
nm1365217,Carol Castro
nm21966969,Silas Miamim
nm21961488,Nigel Davenportd
nm0820258,Vandemataram Srinivas
nm21962570,Taylor Cook
nm21964494,Herbert BautistaP
nm21967782,John Cleesem
nm0675036,DJ Perry
nm0042885,Lamberto V Avellana
nm5114567,Mary Bennett
nm0133320,Rosi Campos
nm0509263,Nikolaj Lie Kaas
nm21955652,Lauren Haroutunian
nm21955657,Lawrence Wilkersonr
nm21957235,Juliana Montañésg
nm1622207,Matt Egan
nm0957595,Bojan Zogovic
nm21960931,Ivan DubrovskiyG
nm1097158,Tanika Hardin
nm21956151,Xiaobao SongD
nm1629893,Tobias Dengler
nm21969128,Don Red Barry
nm6937224,Herman Knop
nm21963327,Mia RyderM
nm5669273,Miklós Sass
nm0006742,Helen Vita
nm21968025,Wilford BrimleyR
nm0608658,Bob Mosher
nm2163441,Eric Lindsay
nm2387267,Taylor Cook
nm21968277,Leona Cavalli
nm21960927,Anna Mikhaylovskaya
nm0313876,Gerald Geraghty
nm21966445,Trevor Sacksp
nm0005241,Ralf Moeller
nm21960294,Jake Roberts
nm21962419,Nick Adams
nm0649041,Kazimierz Opalinski
nm21961812,Panagiotis KonstadinouC
nm0051808,Bibhutibhushan Bandyopadhyay
nm21955379,Charles Chadwick
nm21956815,Jagdeepv
nm21960072,Lucie TheodorovaP
nm21962898,Sarah Strange
nm1813063,Corey Landis
nm21958575,Devin Daleys
nm21969571,Fadi Kazmuz
nm21958319,Cingiz Abdullayev
nm21955134,Morgan Sarpaux
nm21961866,Michael Brosnanp
nm21965243,Antonio Burke Jry
nm21967261,Sérgio Bezerra
nm21964328,Brooke Bloom
nm21960201,Valley KeeneR
nm21956058,Fred Kohler
nm21960447,Francois Clousot
nm0452831,Elsa Kikoïne
nm21955479,Wayne Uptown JohnsonP
nm6522631,Leith Towers
nm2267629,JB Moore
nm21963605,Jeffrey Dachp
nm21956466,Steffen Hallaschka
nm2942977,Don Smith
nm0377473,Laurence Hennion
nm1855697,Gülden Avsaroglu
nm0093799,Fernando Bonassi
nm21961523,Renato BaldiniM
nm21956213,A Dorian Otvos
nm21959933,Rudolf EgerX
nm0004310,Larry Fine
nm0267130,Buzz Farber
nm21966356,Liv Leman Brandorft
nm0595655,Jefferson Moffitt
nm0287566,Nikos Foskolos
nm0682408,Leighton Pierce
nm21958077,Raffaella De Laurentiisr
nm0912450,Donna Warner
nm1467382,Lucie Theodorova
nm21964170,Ron RussellU
nm21959686,George H Brown
nm21960472,Rutger Reinders
nm21959854,Saeed MotarassedE
nm21965895,Norman Lovette
nm21964357,Terry Jernigan
nm6234907,Aatu Kokkonen
nm21958726,Giampaolo Chiti
nm3531871,Frédéric Langlet
nm0017450,Charles Bernstein
nm0222134,Henry Deutschmeister
nm21965898,Andrew Ellard
nm21966766,Jorge Sankler Carvalho
nm21957320,Oktay Yavuz
nm21966734,Davi Saavedra
nm2600864,Léopold Oisel
nm0713716,Gustavo Re
nm0299623,Heikki Färm
nm21958808,Brian Burnamd
nm0184509,Josh Covitt
nm21956888,Sócrates
nm1376372,Tom Scharpling
nm0242658,Kevin Dunn
nm0756752,Hélène de SaintPère
nm2353188,Dagmar WeaverMadsen
nm2684703,Martin Parris
nm1471778,Simon Beaufils
nm21957149,Gregor Clark
nm3281213,James Bushe
nm21963923,John Pudney
nm6665681,Ivan Mulin
nm21967262,Paulo Vespúcio
nm21968946,Lara Cody
nm1742016,Rufus Graham
nm21956023,Miles TellerU
nm21965409,Toshio Terada
nm0104589,Laurent Brandenbourger
nm21957317,Ismet ErtenY
nm21966349,Liv Leman Brandorfg
nm21964592,David Kyle
nm21963961,Marie McLaughlinA
nm21962356,Kyle Stonek
nm21961373,Alec Soth
nm0593378,Guy Mitchell
nm0089381,Noah Blough
nm21955377,Chris Cook
nm0951310,Yesim Yükselen
nm21964244,Frans Huybrechtse
nm3187370,Victor Agustin
nm6711689,Elektrina Korneeva
nm21959454,Jividha AsthaE
nm3803908,Jun Umeda
nm3724905,Mike Fallek
nm0038310,Yoshie Asai
nm21958233,Lily Li
nm7786121,Blanket Barricade
nm21962720,Jacob Kalich
nm0185819,Daniel Craig
nm7556798,Sara Kosovac
nm21955925,Clive Brook
nm0426603,Denny Johnston
nm1870199,Kat Kairo
nm0555094,Fermín Martínez
nm21958312,Toby Lee
nm21968610,George Meehan
nm21956450,Lauren Collins
nm21957004,Andre Matthias
nm21956112,Predrag Ejdus
nm0127758,Ubirajara Quaranta Cabral
nm21962885,Theodore J Pahle
nm21966603,Cleve Keller
nm0944158,Iván Wyszogrod
nm0247660,Merridy Eastman
nm21955409,Martin RahnerS
nm2513694,Yorgos Avgeropoulos
nm0177106,Joe Cook
nm21956541,Albert R Broccoli
nm21966750,Carlo Rota
nm2293535,ByungJoon Lee
nm5479763,Scott Appleby
nm21957326,Ido Drentp
nm21961907,Murray BurnsR
nm21961851,Lucia Pecrul
nm3326446,Damon Locks
nm0874739,Tsar Nicholas II
nm0000701,Kate Winslet
nm0187790,Ed Crick
nm0929571,Stefan Will
nm21956662,Patrick Cohen
nm21958403,Ralph Richardson
nm0631564,Jussi Niilekselä
nm21956865,Brenny Rabine
nm21957044,Aysan Hadad
nm0215589,Remigio Del Grosso
nm0288111,Warren Foster
nm0159026,Annabel Chong
nm1583777,Dennis Blair
nm0002546,Mena Suvari
nm7357896,Chloe Carroll
nm21958095,Jelena Büsser
nm21963847,Peter Cullen
nm21956410,Erin Anne MacDonald
nm3051714,Tolepbergen Baisakalov
nm0206459,Juliette Day
nm21962613,Gustavo Galvão
nm9042114,Elliot Bakkejord
nm21967006,Dan Parisa
nm21961182,Ege Aydan
nm21958903,Meghan Bradleyz
nm7613074,Yuan Chang
nm21962449,Yuriko Yamamoto
nm1162959,Mehmet Abut
nm2273064,Rico Strong
nm6993931,Ashley White
nm21959052,Walt Shrum and His Colorado HillbilliesI
nm21960135,Cristina BellaV
nm21956942,Phillip Sacramento
nm1125189,Nur Ay
nm4342062,Michael Lisk
nm5816469,Giulia Gualano
nm0517705,Edouard Logereau
nm21964940,Joseph Brutsmane
nm0672541,Martin Pepler
nm7904967,Todd Trimmer
nm0080279,P Bhaskaran
nm21955411,Felix CramerI
nm21965794,Joey Leverd
nm4398028,Sebastián Schjaer
nm1093078,Mike Deisinger
nm21966601,Cleve Keller
nm0477975,János Körmendi
nm0791217,Mary Shelley
nm21961454,Barbara Kenta
nm1340051,Justin Strydom
nm21965345,Crystal WilderK
nm21961306,Walter ReedX
nm21966013,Agnes Lindhb
nm21959849,Thaneth Warakulnukroh
nm21962982,Henry Coombs
nm0855612,Wladyslaw Terlecki
nm0408550,Seeta Indrani
nm21962018,Bjorn Ventris
nm21965603,Gea MartireZ
nm7366738,Ronnie Jimenez
nm2256081,Enrique Villegas
nm11482354,William Nayeri
nm21961762,Jordan Leondopoulos
nm21968707,Lloyd Anoai
nm0814857,Linda Sorensen
nm0168215,Steve Cochran
nm21956409,E CharltonTrujillo
nm0012541,Nikkhil Advani
nm4967028,Jenny Stokes
nm21959465,Ukachi ArinzehB
nm21954971,Ashok Banthia
nm1165523,Ashraf Kashani
nm0431025,Jacques Jouanneau
nm21956207,Ralph Sanfordu
nm21955654,Tamara BrukettaZ
nm1237397,Ankush Chaudhari
nm3938812,Robin Coulonge
nm21967239,Layla Fawziy
nm21964980,Toshirô Mifunem
nm3349504,Alexia Bell
nm3240077,Tyler Gorman
nm0150264,Riley Chamberlin
nm0661084,Antonio Pardo
nm9149603,Seyed Jalal DehghaniAshkezari
nm21962551,Rirkoo
nm21969570,Adam George
nm0795851,Harold Shumate
nm0517119,Stephen Lodge
nm21960067,Margot Volnayj
nm21963303,Julia von Frihlingx
nm21956906,Suzanne McCafferty
nm21957749,Max KlevenB
nm21956059,Al Martin
nm8540795,Parker C Hix
nm0086417,Ray Ellis
nm21959385,Christoph Hildebrandt
nm21960140,James Griffiths
nm0448987,Doris Kenyon
nm0174051,Juliette Compton
nm4325325,Michael Wetherburn
nm0814007,Werner Sommer
nm0000044,Burt Lancaster
nm21956816,Master Bhagwan
nm21963569,Shawn SchafferU
nm21965072,Kesley CageU
nm21963092,Tiffany J JohnsonV
nm0809328,Merritt Smith
nm1561355,Camilla Tress
nm21965334,AiHua YangG
nm21961887,Alban Aumard_
nm21960767,David Lowe
nm0481075,Rebecka Lafrenz
nm21960287,Brian Hanel
nm21956150,Yuan Huangm
nm21963328,Ava Addamsr
nm2769456,Jay Wasley
nm21964034,Lina Santos
nm21957727,Pere ArquilluéR
nm21958421,Rosie Dayv
nm21956563,Yui Horie
nm21966020,Arindam SilD
nm2022013,Jason Graves
nm21968333,Sabah Shehata
nm21969609,Debra Rogers
nm4110608,Cristina Rodlo
nm21959870,Miodrag Andric
nm1011374,The Jazz Girls
nm21960925,Ryan Dodsonu
nm0702118,César Pérez
nm21965948,Alexander Blaise
nm21963203,Payam HosseinSouri
nm21964910,Lidiya Kataeva
nm21962141,Barry Morrow
nm0766120,Brooke Satchwell
nm0217411,Carmo Dalla Vecchia
nm0470645,Aleksandr Kreyn
nm21965998,Joe KingS
nm21961271,Ivan Burlyaev
nm21967784,Larry Gaudettei
nm21955228,Emmanuèle Bernheimk
nm21956198,Shirley Clarkej
nm0136157,Gilberto Carbone
nm21961720,Krzysztof Ptak
nm21958695,Frank Qutuq Irelanv
nm0001730,Deborah Shelton
nm21966420,ShaoTung Chou
nm2412789,Greg Sharp
nm0416524,Geraldine James
nm0084642,Bill Bixby
nm21968422,Knut LystadH
nm21960856,Giorgi Abashidzet
nm0348687,Eric Gurney
nm21964346,Erik Searle
nm21965323,George Formbyt
nm21962517,Cory Rooney
nm10693875,Oleg Kuznetsov
nm21959679,Franco FerriniI
nm21968966,James M Holtm
nm21965152,Shaun Dooley
nm21968518,Kolton Rogerse
nm1024685,Bhushan Kumar
nm4381109,Josiah Patkotak
nm21965411,Kinya Kitaôji
nm1407334,Yancy Mendia
nm21957340,Byamba Sakhya
nm0448839,Robert E Kent
nm9227686,Gordana Kovacic
nm21967003,Bridie McKim
nm0650114,Dmitriy Orlov
nm0587459,Srboljub Milin
nm21955152,André Turpinx
nm21956334,Valentin Hotea
nm21966350,Bastian Schiøtt
nm2010746,Alexander Hachko
nm21959680,Franco Ferrini
nm21956441,Max McClellanb
nm4851597,Ross Anderson
nm0197040,Klaus Dahlen
nm0676361,Charlie Peters
nm0094081,Natalya Bondarchuk
nm21963956,Yu Bai
nm0135056,Xavier Capellas
nm0896662,Leonel Vieira
nm21958488,Shizumi Manale\\
nm21959681,Vittorio Cecchi Gori
nm0606075,Fabrizio Moroni
nm10896856,Matous Holielcin
nm21962883,Luis LuciaY
nm21969634,Gordy Haabb
nm21967074,Kôyû Oharab
nm0191002,Cuckoo
nm0156166,Cheryl
nm21955565,Anne Marie Akselll
nm1098388,Guy Maezelle
nm21959605,Allison Felts
nm21957339,Dorjkhandyn Turmunkhz
nm21965946,Chloe Bronzan
nm0437088,Sean Kanan
nm21964644,Martin Maheuxm
nm21960873,Michelle Johnson
nm0551477,Diane Martel
nm21968319,Reilly Askew
nm1361273,Charles de Lauzirika
nm3508683,Beth Roose
nm0411500,Peter Israelson
nm21957781,Scott Jeffress
nm0005300,Allen Payne
nm21964653,Lisa De LeeuwY
nm21958232,Lieh Loi
nm21958311,Miogo Chen
nm0775535,Steffen Schroeder
nm21963698,Austin Arnoldk
nm0746560,Leanne Rowe
nm21966802,Greg Suddeth
nm21959525,Mario Temes
nm21969075,The Crystal Method
nm0720886,Harry Revier
nm21964213,Sonali Khare
nm7599088,Hamdi ElMirghani
nm21955400,Henryk BistaI
nm21957152,David Ritsher
nm6394527,Terence Dunn
nm21963375,Christopher Williams
nm9587599,Xiaobao Song
nm1990825,Gabriel Diniz
nm21964157,Ali B
nm21967075,Kôyû Ohara
nm0059500,Marc Bary
nm3260797,José Lorenzo Wasner
nm21955033,Resit Gürzapp
nm21967315,Irwin Yablans
nm21964906,Klara Rumyanovay
nm21968543,Ion OvermanM
nm0030516,Michael Ansara
nm21960609,Andrey Barilo
nm21955845,Tomi Kosynus
nm21968567,Luca CalvaniF
nm0289381,Bryan Foy
nm3139442,Clayton S Taylor
nm1831470,Diego Sanchez
nm21961906,Murray BurnsD
nm21955271,Guy Maddinn
nm21960727,Vladimir Gerasimov
nm7466161,Michael Ford
nm6857405,Asad Mohammad Khan
nm21968101,Jay Baby
nm21960069,MariePierre Husterk
nm6654522,Darryl Phillips
nm21964082,Vito Giuseppe Zito
nm21965903,André Sogliuzzo
nm2954398,Sujay Datta Ray
nm21967497,Gerald Fried
nm0043709,Ege Aydan
nm5456213,Anja Akstin
nm3849670,Faye Marsay
nm21965900,Grey GriffinO
nm21957667,Victoria Barkoff
nm21959286,Sydni Lynn
nm21968299,Jim DeloyeB
nm21965333,PaoChang Han
nm21955136,Arland Wrigley
nm21956134,John DallN
nm21968931,Torben Liebrecht
nm0806041,Everett Sloane
nm0192409,Noel Cunningham
nm0344348,Yilmaz Gruda
nm1844999,Andrei Arlovski
nm0458005,Leif Axel Kjeldsen
nm7508055,Collie Fick
nm21955903,Jay Lee
nm0031524,Paul AntonyBarber
nm2445328,Ingrid Bisu
nm21965471,William Hurt
nm9961744,Thomas Anderson
nm0764168,Lina Santos
nm21956706,Philip Carey
nm21965028,Ana Poliakl
nm0006337,Oliver Wallace
nm2156061,Maria Bäck
nm21968339,Sabah Shehata
nm21955851,Vicki Lawrence
nm21955478,Combat
nm21965785,Lance CharnowT
nm21955209,Sangeetha
nm0479133,Michel La Veaux
nm21960795,Megan Jonesr
nm21963485,Bradley McIntoshi
nm0445650,Harry Keller
nm21968542,Frank Byersa
nm0324632,Inka Gogálová
nm3768296,Pavol Palarik
nm0530918,Hannah Maag
nm0473381,Ilse Kubaschewski
nm3025116,Ryan Beekhuizen
nm21963560,Oskar Franzenh
nm21960964,Kristy Swanson
nm2159607,Cecilia Madorno
nm21962722,Laura Glucksman
nm21963449,Jude LeakJ
nm0000993,Carol Burnett
nm1122329,Oskar Franzen
nm21955406,Jackson Altair
nm21965024,Filiberto SattiC
nm0395228,Anthony Hornus
nm5267801,Daniel Miller
nm7992689,Reza Chabokroo
nm21955434,Sarah Youngg
nm21963367,Camila TokerO
nm0112548,Gudrun Brost
nm21956444,Sean P Griffinm
nm21964593,Steve Bond
nm0934161,Stanley Wilson
nm2710764,Colin Hoult
nm21967873,Alejandro AwadaG
nm8073313,Valentina Ghelfi
nm21961391,Simone Bricea
nm21968338,Karam MotawieB
nm21969038,Steffen SchmidtX
nm21964327,Melissa Molinaro
nm0756378,Parikshit Sahni
nm2778763,Nadezhda Kamenkovich
nm0724230,Malcolm Richards
nm0508098,Nikolaus Leytner
nm4078964,William Raban
nm21959292,Aleksandr Maslaev
nm8196073,Caterina Le Caselle
nm21960272,Dave Sutherland
nm4678220,Benjamin Ruhland
nm21965892,Jinwook Leez
nm7791847,Samantha Dockser
nm21956509,Edward Lee
nm0639780,Rebecca OBrien
nm21964235,SumalathaX
nm21961130,João Fonseca
nm21967587,Alex Pop
nm4240394,Vic Edelbrock Jr
nm21969059,Ouseppachan
nm21967504,Lionel Barrymorer
nm1004691,Olivier Meidinger
nm0434141,Jaromir Kacer
nm21962198,Arturo Smiths
nm21963146,Rufus Graham
nm21959452,Jana BokovaL
nm0713705,Ferran Rañé
nm21968887,Jefferson Moffitt
nm5078817,Aaron K Carter
nm2098458,Tony Baez Milan
nm21964913,Igor KosmachyovC
nm1210598,Laurent Preyale
nm1461201,Marija Karan
nm0624659,Neil Keenan
nm0605923,Robert Morley
nm21968301,Jeffrey FraceR
nm0510168,Shad Moss
nm21958225,Sky Taylor
nm1506889,Freya Ravensbergen
nm21960854,Giorgi Abashidzeh
nm21955564,Lisa Arcaro
nm4920614,Hadleigh Arnst
nm21960560,Guillermo S Maldonado
nm21956333,Eugen Kelemen
nm2128118,Jeronimo RodriguezGarcia
nm2503445,Nikki Rhodes
nm21963150,Megumi HayashibaraS
nm2321445,Eric Booker
nm21958590,Caleb Lybrookn
nm21965344,Max Dinero\\
nm0138405,Jean Carmet
nm21960874,Joseph Bologna
nm6577319,Terry Prewitt
nm21957664,Evo Moralesd
nm21959110,Kent HovindD
nm21963206,Salvo Bonaffini
nm7237903,Jelena Büsser
nm3199111,Suzanne Bracken
nm21969423,Giovanni Grimaldi
nm21956508,Tad Carducci
nm21961905,Robert RaymondG
nm21968145,Ilse KubaschewskiR
nm21959386,Martin Waetzoldb
nm7370870,Thomas Osgood
nm21965947,Patrick Alparone
nm0699932,Lucía Puenzo
nm0245814,Zsombor Dyga
nm21961764,Álex Phillips Jrt
nm21956909,Kenichi Hoyama
nm1190528,Emer OSullivan
nm21965688,Paul Bisciglia
nm0003373,James P Hogan
nm21957424,George CoulourisL
nm4942259,Bashar Samman
nm1706733,Jana Miartusova
nm21959302,Douglas Koch
nm21967259,Tim Vine
nm21962312,Mike Cunliffef
nm21964081,Giulia Gualanoh
nm21966708,Christopher Bryant Tuckerd
nm0029234,Raoul André
nm21956591,Mike Fallek
nm21961093,SL Puram SadanandanW
nm21958222,Nikola Djuraskovic
nm21958209,Gülden Avsarogluj
nm21955226,Valérie Lemerciert
nm21958044,Hans Heinrich
nm21961192,Robert Schimmelc
nm1754836,Sean Ludan
nm21960296,Jake Robertsa
nm0904153,Spencer Vrooman
nm21961763,Robert De Niroo
nm4261261,Aleko Alexandru
nm21956741,Brian Gleesons
nm21957251,Belén Fabra
nm21965214,Zach Holmes
nm21964658,Yan Hsiao
nm2379626,Bob Casey
nm21958901,Meghan Bradley
nm21964085,Giorgio Amato
nm3424706,Gerda Coppens
nm1637890,Marc Fitó
nm21958218,Ozren Nestorovicw
nm0878031,André Turpin
nm21955408,Saray Pavon
nm21968754,Sishwa
nm21968275,Fernando Bonassie
nm0827827,Richard Martin Stern
nm2106885,John Caputo
nm0737006,Kenny Rogers
nm21955921,Rajendra Natho
nm21957338,Banzar DamchaaH
nm2528315,Andrew Flanagan
nm0923529,Justin Whalin
nm2450455,Carter Pilcher
nm21957296,Judith Chemla_
nm21958909,Paul Cross
nm21969284,Ali Miric
nm21968665,Holly Fields
nm21956463,Walter Feidenp
nm0651995,Andrey Osipov
nm21968968,Zohre Hamidi
nm0784086,Gabriel Senanes
nm0777886,Per Schwenzen
nm21963696,Arturo Perez Jr
nm1010995,Nikola Djuraskovic
nm0590210,Tonisha Mills
nm21966752,Maureen OxleyT
nm2677223,Jewelia Fisico
nm2288583,Deric Margolis
nm21961209,Virgile Deanc
nm21969008,Richard Thorpe
nm21965319,David Bretp
nm21965513,Anne Cadwallader
nm21958358,Alex LotzJ
nm0658417,Philip Palmer
nm21962154,Richard da Costa
nm21967916,Nao Tôyamaq
nm6391700,Bodega Bamz
nm21960185,Luciano Emmer
nm0325317,Stu Goldberg
nm0474824,Krishan Kumar
nm21966527,Fernanda MottaM
nm0763727,Gino Santini
nm21962218,Parikshit Sahni
nm21966764,Guillermo Murrayz
nm21963321,Edgar BurcksenF
nm21966016,Peter BoseH
nm8078717,Gary Leeson
nm0793640,Atsushi Shimizu
nm21967872,Christian Blancor
nm21959194,Lachlan Milnev
nm0916846,Chuck Webster
nm0856844,Bud Thackery
nm21955045,Miikka LeskinenH
nm21965945,Patrick Alparone
nm7418903,Bachuki Dogonadze
nm0868357,Ana Lúcia Torre
nm3295266,Nate Mosher
nm21963606,Anne Dunev
nm21957408,Kerry Carlsons
nm21964487,Juan PeláezY
nm21968930,Axel Prahl
nm0324100,Ricky Rebel
nm21956777,Denys Arcand
nm5178362,Robert Cairns
nm3227459,Matthew Ryan Fischer
nm21964136,Santiago Barreiro
nm4118359,Ryuji Nohara
nm21969624,Todd Cahoonh
nm8704370,Ravi Bhat
nm0194332,Judit Czakó
nm1371233,Ivy Latimer
nm21958906,Lauren Lapkus
nm21966406,Astrit Alihajdaraj\\
nm21959913,Briana Banks
nm21966015,Lars Petter Aasei
nm5460346,Maria Roveran
nm1748441,Michaela Furney
nm0498658,Lisa Leeman
nm0240338,Guy Dufaux
nm21963530,Marta VictoriaU
nm0557712,Scott Masters
nm21967405,Vernon DentW
nm0157914,Jennifer Chinlund
nm21969506,Maralyn Thoma
nm0528764,Micky Lynn
nm21962015,Ronnie Strongez
nm21964941,Andrew Gothard
nm21967535,Christopher Bevins
nm21954970,Perin MaldeH
nm0584221,Thomas Michael
nm21963858,Carolina Martín Ferro
nm3281863,Pia Castles
nm21957948,Renate Schubert
nm21966524,Danielle Damásio
nm21966354,Pelle Falk Krusbæk
nm5520226,Jessica Devlin
nm21965882,Joey Travolta
nm6942141,Bern Sundstedt
