,tconst,primaryTitle
0,tt12541591,The Mighty Hulk
2,tt2279927,The Investigator
3,tt12531957,Trophy Wife
4,tt12542861,John Gets Drunk
5,tt12542785,Neither Distinct Nor Different Champions
6,tt12532205,The Militiaman Girl
7,tt12541831,The Erotic Carnival
8,tt11898442,Playtime with Fate
9,tt0081586,Rapid Blade
10,tt12540239,Two Moons of Shamsi
12,tt12533309,Crazy Legs Conti Competitive Eating Zen
13,tt12536432,At First Sight
14,tt0029646,Path Through Texas
15,tt1358894,This Is It
16,tt3728382,Such Is Life
18,tt12537840,Cornflower Blue
19,tt12545687,Shark on Land
20,tt12542021,Star Wars Clone Conflicts
22,tt12537274,The Dark Tower
23,tt12539788,The Cube
24,tt12541802,Topsy and Tim Adventures
25,tt12532678,Catherine the Great
26,tt12533429,Ten Thousand Kilometers
27,tt12543414,Tim Vine On Stage
28,tt12533393,In Bed with the Relatives
29,tt4516496,Divergent Series Insurgent Virtual Reality
30,tt12531574,The Van Heist
32,tt12542503,The Jul Family
33,tt0327379,Blue White Collar
35,tt12535614,Hunting a Killer Crocodile Tears
36,tt12539456,Grown Men Cry in Darkness
37,tt12539334,The Fanimatrix Execute Program
38,tt12531057,The Mouse Trap
39,tt12544051,The Seventh Archangel
40,tt12545168,Philoctetes A Myth for Outsiders
41,tt12537804,Crown Me King
42,tt12536010,Pop Aye Elephant
43,tt12532349,Atmospheric Apocalypse
44,tt12542017,Red Dwarf Series II It Is Cold Outside
45,tt12540765,Two Hundred Forty Five
46,tt0277359,Great Stunts 2
47,tt12535449,The Head
48,tt12545733,Warped
49,tt12531670,Town Business Part 2
52,tt12533194,36th Golden Globe Awards
54,tt12538951,Greta's Years
56,tt6002956,Imprisoned
57,tt12537760,A Prayer from the Heart
58,tt0412270,One Hundred Oral Acts 15
59,tt12542564,The Marseille Trilogy Fanny
60,tt0050282,Man on the Tracks
61,tt12536969,Old Tbilisi
62,tt12541331,Too Dumb to Perish
66,tt0386470,The Equation
67,tt12536927,Elf Sparkle and the Christmas Horse
68,tt12540342,Jimeoin Live
69,tt12543265,Glee Audition Tape
70,tt12532691,Culinary Photography
71,tt12533628,The Missing Bus
72,tt12545913,Cholera You Are Loved
75,tt0862799,The Clown and the Fuhrer
76,tt12542391,Sand River Elegy
78,tt12535533,The Ordinary Person
79,tt0420389,Dombey & Son
80,tt2275990,The Bletchley Codebreakers
82,tt12545048,The Craft of Theft
83,tt0094926,Tragedy of the Glass Eye
84,tt12542910,Tin Hau Station
85,tt12532925,Husband at a Fixed Price
86,tt12541427,Frank Skinner Meets George Formby
89,tt5950092,Saint Valentine's Day
91,tt12536103,Don't Fear Romance
92,tt12540493,Evil Endings
95,tt12531828,Rainbow 6 Vegas
96,tt1427093,Philip Larkin Love and Death
97,tt12537583,The Ukon Bolt
99,tt1545323,The Station
101,tt0288114,Cain's Mark
103,tt0284537,Saturday Night
104,tt12533515,Abbott and Costello Funny Moments
105,tt0019924,Poison Gas
106,tt12540023,3801 Lancaster A National Tragedy
107,tt12539411,Nanny Scandals
108,tt12544186,An Unloved Woman
109,tt0437803,Extraterrestrial Siege
113,tt7252092,The Automobiles of America
114,tt12541182,The Owl and the Fox Child
115,tt12542351,Rear Yards
117,tt0207280,Wild Creatures
118,tt12538587,Dream of Wild Stallions
120,tt12543661,MMA Heath
121,tt12535613,Crocodile Tears Catching a Killer
122,tt1787741,Master of the Match
123,tt12534410,The Karadjordjevic Dynasty
125,tt12542104,Someone Else
128,tt12545321,The Sweep
129,tt0816629,Rock of the Scoundrels
131,tt12541136,Long Live the Vagabonds
132,tt12537184,Grandfather
133,tt12534200,Known as Albert Walker
134,tt12532967,The Wedding Band
136,tt12545773,Extreme
137,tt12544586,Maid's Quarters
140,tt12535777,Sideling Hill
142,tt1572783,Varg Veum Writing on the Wall
143,tt12544460,The Mercury
144,tt12532254,Rider of Death Valley
145,tt12542742,The Metal Coyote
146,tt12541732,Candies
147,tt12545635,The Kaspar Hauser Case
148,tt12537972,Arkansas Authentic Mud Shooting
149,tt12542105,Someone
150,tt12537160,Prince Albert Victoria's Power
151,tt12538563,Pi and Intelligence
153,tt12540308,The Weekday Show
155,tt1943035,Captive Villa
156,tt12540215,Good Heavens
157,tt12542556,South Pole
158,tt0103742,Greta's Timeline
160,tt12536725,Local Time Cologne
162,tt12539244,Chainsmokers Sick Boy
163,tt12538413,It Is What It Is
164,tt1461698,Aliens in the Attic
166,tt12535460,Body Slam
167,tt12535806,Eternal Love
168,tt12539077,Physical Ed for Thirty Year Olds
171,tt0082126,Cash on Delivery
174,tt12544632,Tim
175,tt0216553,The Ash Tree Legend
176,tt12535774,Botched
177,tt12538899,Hope for the Wolf
178,tt12533088,Nana and Kaoru
181,tt12542935,I Killed a Man
182,tt12539790,The Cube
183,tt0077668,The Tigers Are Coming
185,tt12532692,Food Studies
186,tt12545770,Beards of Noah and Anya
187,tt12533380,Lakeside House
188,tt12541620,Ten Years
193,tt1853725,Transformers Lunar Dark
194,tt2294965,No Charisma
197,tt12538663,Six on the Bus
198,tt12532388,Dombey & Son
199,tt1339463,Conan vs Kid vs Yaiba Sword Battle
200,tt12533822,No Place for a Woman WWII Reporters
201,tt12532955,In Hollywood's Shadow
202,tt12537839,Cornflower Blue
204,tt12540401,The Wish List
205,tt12543380,Virginia
207,tt12539709,Marketing Madness Insanity
208,tt12544956,Mother Balaji
210,tt12531160,Bending Metal
211,tt8061420,Watch Me Do
212,tt2164682,WWII Women Reporters
213,tt9129708,Emma and Jordan Lost and Found
214,tt0382255,Standard of Living
215,tt12532316,Further Prayer
216,tt12543978,Star 1985
217,tt12538317,Penance
218,tt12543819,Badjao Sea Nomads
219,tt12535271,Levity Xero Error
221,tt9035628,MasterChef Turkey Competition
222,tt0494712,Cannibals on the Hill
224,tt12542711,Cover Girl Culture Media Generation
226,tt0391140,Extreme Students 4
228,tt12535109,C.O.D.
230,tt1225592,The Art of Kissing Volume 3
231,tt12541033,Bottoms Up
233,tt2083932,Naughty Girls 6
234,tt12540779,Backdoor Bonanza IX
236,tt12537759,A Heartfelt Prayer
239,tt1612615,Soul Rising
240,tt12533077,Squirrel Hunters
242,tt12542126,Betty and the Pirates
243,tt12532968,The Wedding Band
244,tt0250341,Filthy Jokes
245,tt12533440,The Lolita Club
246,tt5643380,Martial Arts Taekwondo
248,tt12542919,Welcome to Nowhere Land
249,tt12531363,A Common Killer
251,tt12531338,Seven Hours Thrice a Year
252,tt12537206,American Redskins
253,tt12543215,Lords of Destiny
254,tt7612392,The Nestling
256,tt12545805,Husband's Vacation
257,tt2789248,Body Slam
258,tt0402526,The Terminal
260,tt12545807,Twenty One and a WakeUp
261,tt12541357,WWE Revenge
262,tt12541147,11:58 PM
264,tt12534269,The Eyes of Dr. Maddin
265,tt12539094,Dead Head Fred Zombie
267,tt12532664,Madame's Desires
270,tt12545396,Superman Complexity and Truth
271,tt0066461,Daily Song Keeps Mischief Away
272,tt12539477,Alone and Together
273,tt5987338,Further Prayer
274,tt12537186,Gatica the Monkey
275,tt12544362,Marilyn Manson's Tourniquet
277,tt12544866,The Girl from Heaven
280,tt12544291,On the Shoulders of Giants
282,tt0956193,Grown Men Cry
283,tt12540864,Merrick
287,tt12537088,Ultimate Blackjack
288,tt12544421,Sea Matador
289,tt12544389,Taekwondo Fighter
290,tt12539387,Thumb Print
291,tt12531151,Aerobics Love Story
292,tt12536864,Probation Period
293,tt12541276,The Bedrooms
294,tt4288750,Last Rich Summer
295,tt12545749,Marry Me Now
296,tt12534759,Captive Villa
297,tt12540693,Rita
298,tt0249609,Fat Jack and Slim Jim at Coney Island
299,tt12539948,Hidden
300,tt12533614,14 Good 18 Better
303,tt12542390,Elegy of Sand River
305,tt3651810,In Bed with the Family
306,tt12531180,This Is It
308,tt2302511,Appreciating Hitchcock's To Catch a Thief
312,tt12541585,Native American Images
313,tt12539430,Maidstone
314,tt12536431,The Mathematical Formula
315,tt12531999,Neither With Nor Without You
316,tt12539407,On Fire Love
317,tt12541359,You Were Never Truly Here
319,tt12541063,Slap Maxwell
320,tt12543041,When Lilacs Bloom
321,tt0387133,2002 World Cup Korea Japan
322,tt12535372,Postman's Dreams
325,tt2543828,Long Live the Deceased
326,tt0024542,Defending Oneself
327,tt12536301,Eros' Tears
328,tt12539974,Recurring Dream
329,tt6800764,Wyclef Jean Bites the Dust
331,tt12544734,Thy Little Son
333,tt12545216,Polish Camera-less Chronicle 1
335,tt12533392,Living with the Family
338,tt0431579,New Galvolgyi Show
340,tt0342492,The Green Butchers
341,tt12532590,Vanessa Rising
342,tt10036886,The Final Honey Hunter
344,tt12538519,Frankenstein Rules the World
345,tt5974454,The Wedding Band
346,tt12535196,New Show of Galvolgyi
348,tt1715726,Hamlet Is This
349,tt2257246,Inside Their Berlin Room
350,tt12541952,Che Guevara's Rise and Fall
351,tt12533596,Hero's Holiday
352,tt12545611,Salmon Fishing in Yemen
353,tt12541491,The Route
354,tt8917420,Pi IQ
355,tt12531848,Pool Flatulence
358,tt0245416,Finding a Cow
360,tt12532629,Degrassi's Most Extreme Moments
362,tt12535852,A Liar in Paradise
363,tt12531764,The Hunter Circle
365,tt1992126,Summer in the Mountains
366,tt12531700,Beside the Witch
367,tt12535447,The Head
368,tt2477894,Pay Brothers
369,tt12532136,Signal Interference
373,tt12543042,When the Lilacs Bloom
376,tt12542860,John Wasted
377,tt12543823,Some Like It Rough
378,tt12542790,Helping Haiti Everybody Hurts
379,tt12536510,Doramundo
380,tt12531474,Father of Four Sunny Side
381,tt12532059,Fresh Meat
383,tt1984239,Minor Details
384,tt12532647,1945 Twelve Cities Twelve Fates
385,tt12538607,Mariah Carey The Roof
387,tt12538012,An Acquired Taste
388,tt0023039,Holiday Husbands
390,tt0056432,Call of the Wild Geese
391,tt12532688,The Sluice
392,tt5021598,Amal
394,tt12539408,Stormy Days
395,tt12533250,Firefighter Save My Child
397,tt12536445,Survivor Series
398,tt12541729,The Day After
399,tt12537407,Where the Blues Began
401,tt3554298,The Head
402,tt12541278,Bedroom Scenes
403,tt12538609,Mariah Carey Back in Time
404,tt12536518,The Insatiable
406,tt12536910,Four Minutes
407,tt12537252,Slipknot Heretic Anthem
408,tt12533525,Stay Frozen
409,tt0110818,Pet Store
410,tt12543413,Tim Vine Live
411,tt12545149,Metal Gear Solid 2
412,tt1370191,Witness Accounts
413,tt0880928,Living Legacy
414,tt12536078,Cougar Club 3
415,tt12545939,Fingertip Prints
416,tt12544618,The Mask
417,tt12544326,Peter Is Loved by Everyone
418,tt12533904,The Clown and Hitler
421,tt12541969,Vinyl Collecting Dust
423,tt12543524,Ben David Sky Broken
424,tt12531194,Christa McAuliffe Stars Reach
425,tt12532475,Christmas Tale
426,tt12544779,Self-Possessed
427,tt0081563,Stone Cold Dead
428,tt1431155,The Burden Bearer
431,tt12533514,Abbott & Costello Funny
433,tt12542631,To the Devil with the Handsome Ones
434,tt12539708,Marketing Madness Are We Crazy
435,tt12541634,Blown in by Wind
436,tt0052919,Always the Girls
437,tt2763330,Without Witnesses
438,tt12541448,From Brazil with Love
439,tt12543862,Pastor of the Night
440,tt12537183,Grandpa
441,tt5138018,Wedding in the South
442,tt0461693,Love Once More
443,tt12544760,Knee High Private Eye
444,tt0038635,In Dutch
445,tt12543522,Ben David Broken Skies
448,tt0108822,Jimeoin
450,tt12539807,Quarter Life Poetry
451,tt2770480,Remembering Sunday
454,tt12535256,Walking with Brodsky
455,tt12541066,Past Black Mesa
457,tt0800080,The Incredible Hulk
458,tt12537254,Slipknot Heretic
459,tt12533846,Exantas
460,tt1733527,King Me
462,tt0034251,Swamp Water
463,tt12545834,Chrysalis
464,tt6103096,Mab
465,tt12539123,The Hybrid
466,tt12536899,Sandra Rebel Princess
467,tt2608638,Inside Out
468,tt12533446,Double Bang
470,tt12540623,Whim
471,tt12534413,Mommy Thing 2
472,tt3430462,Soror
474,tt12531893,Kings of the Game
475,tt12540324,Sven The Coach
477,tt12533220,Bye Bye Shirazi Girl
478,tt12545281,Gun for Hire
479,tt12545165,Donut King
481,tt2196603,Drifter on Broken Roads
482,tt0777267,Prep
484,tt12544761,Knee High P.I.
485,tt0195054,Miss Aggie Memories
486,tt12540342,Jimeoin
487,tt12541032,Upside Down
488,tt12543655,Golden Cat Girl Claws
490,tt0165818,Horses in the Cold
491,tt0392232,Black Veil
492,tt12534347,The Cafe
493,tt12545605,Nobody Can Judge Me
496,tt12533224,Werewolf
497,tt12533524,Keep Frozen
498,tt7838260,Paddayi
499,tt12534242,Time Bomb
501,tt1733412,Invincible Heart
504,tt1591903,MMA Heat
506,tt12542881,Walter
507,tt12538410,Biblical Conspiracies
508,tt12541492,The Path
509,tt0920455,The Coven
511,tt4001278,Final Wishes
513,tt12534406,Section 76
514,tt12534270,1000 Eyes of Dr. Maddin
515,tt12536621,Good Favor
519,tt12545225,H.R.
522,tt12540297,Gulf to Gulf
523,tt12536814,Man vs Universe
524,tt12535857,Ladies Who Do
525,tt8181336,Tim
526,tt12532981,Searching for Kerouac
531,tt0043680,Big Country American Anthology
532,tt12532885,Inside Folsom Prison
533,tt12537230,Clown Doctors
534,tt12538664,The Baroness
535,tt12535209,Old Barn Dance
536,tt6111338,Lords of Fate
537,tt12536009,Pop Aye
538,tt12544519,Naked Revenge
539,tt4037876,Rafael
540,tt12532308,Unbeatable Heart
541,tt2056638,Long Distance Info
542,tt12542281,Pied Piper Porky
543,tt5919848,Heartfelt Prayer
545,tt0266921,Engagement
546,tt12537302,Filthy Filthy Jokes
547,tt12537721,Blonde Death
548,tt12534571,Even Money
550,tt1570565,The Figure Skater Coach
551,tt12534424,Swift Blade
552,tt0271887,The Living Dead
553,tt12533347,Mark of Cain
554,tt12540106,In Bed with Victoria
556,tt12538943,Taxi Boys
557,tt0264066,Survivor Series
558,tt12540485,Prep
559,tt2099698,Private Universe
560,tt12543269,999
561,tt12539805,Southern Marriage
565,tt7144150,Happy Mailman
566,tt12541214,Shemitah Unlocked
569,tt12543879,Western Bandits
571,tt0955242,City of Lost Men
572,tt12543381,Virginia
573,tt12537391,Pushkin's Final Duel
574,tt12544011,Extreme Schoolgirls IV
575,tt7897052,Du Mahe Shamsi
577,tt12540500,Morning Bloom
579,tt12543008,Chicken Festival
580,tt12537650,Agi Murad White Devil
582,tt0298530,S Club 7 Party
583,tt12531800,Super Production
587,tt12532982,Inside Kerouac
588,tt12533506,Behcet in Algiers
590,tt12532052,Sal Santen the Rebel
592,tt1575622,Maa Balaji
593,tt0046813,By Word of Mouse
594,tt12532520,Roxanne
595,tt12539808,Quarter Life Poetry
598,tt12542933,I Have Slain a Man
599,tt12538129,Apollo Moon Investigation
600,tt12542013,Spy Myung-wol
602,tt12535122,Red Stained Handkerchief
604,tt12531855,Unwarranted Influence
605,tt12535691,Final Wishes
606,tt12534412,A Mommy Thing 2
607,tt1459073,Transit
608,tt12538433,Pavle
609,tt12536747,Without Witnesses
611,tt12540024,3801 Lancaster Tragedy
612,tt12536338,Three Romeo Girls
615,tt10954426,South Pole
616,tt12539476,Together Alone
618,tt0090225,Great Storm
619,tt12545293,Mind Your Manners
620,tt12535593,The Letter
623,tt12532012,Making of Dad's Dead
624,tt0107964,Devil River
625,tt0015700,Amos Arrives
626,tt12541146,Two Minutes to Midnight
627,tt12540260,Lilies
628,tt12542011,Spy Myungwol
630,tt12532253,Death Valley Rider
631,tt12533905,The Clown and the Fuhrer
632,tt12535340,The Away Game
633,tt2234551,Villain Auditions
634,tt12543667,Burying the Living
636,tt12531863,Witch House
637,tt12542324,Desire's Demonology
638,tt12543213,All Our Tomorrows
640,tt12537995,21h11
641,tt12543101,Police Interaction Rules
642,tt12538744,Death A Love Story
643,tt0229335,The Devil
644,tt12545337,The Veteran
645,tt12540074,Lovers in Fairyland
646,tt3385806,Waco II Big Lie
647,tt12540629,Seven Gamols
651,tt12545610,Middle East Fisherman
654,tt12540370,Checkmate
656,tt12541099,Yojimbo
659,tt12540483,Prep
660,tt12531236,Transit
661,tt12538965,Honor Student
662,tt12534019,Kate Rezkova Rozletam
663,tt12536430,The Formula
664,tt12543529,Number One
665,tt12533089,Nana & Kaoru
666,tt12532690,Food Photography
669,tt12533427,10000 Km
671,tt12540839,Accidentally in Love
672,tt0220200,Dal Brothers
673,tt0835031,Elegant
675,tt2564196,Catwoman Moments
678,tt2790002,Unwarranted Influence
679,tt2269908,I Am Tiger Woods
680,tt12531364,Ordinary Killer
681,tt1612099,The Van Job
683,tt12533657,The New Yorker
684,tt12539178,Morocco Bound
686,tt12536799,Rappin' Rodney
688,tt12533045,Street Fighter Challengers
690,tt12531326,Mine Child Louis
691,tt12531639,Private Affairs 7
692,tt0451089,Jee Aayan Nu
693,tt0271435,Cinema Cinema
694,tt12532431,Mr Looper
695,tt12535161,Private Universe
698,tt0246906,Men's Season
699,tt12545483,Someone to Remember
700,tt12540985,Return to Oz
701,tt12540340,Abuse of Power
702,tt4601708,Nanny Scandals
703,tt12531625,English Obsession
704,tt12536039,When Your Phone Rings
705,tt12533071,Hamm
706,tt12536517,Insatiable
707,tt0295743,Friday Night
710,tt12545537,Operation Stormbreaker
711,tt12542891,Entry Denied
712,tt1636495,Insight
714,tt12536599,Race 2 Race
715,tt3420044,Eternal Mourning
717,tt12543484,Sonny Carson Education
718,tt0112630,Candies
719,tt12538866,Absolution Tour Muse
720,tt12542982,White Handkerchief
721,tt12538967,Honor Student
723,tt4023072,Man vs Universe
724,tt12538604,Black Rose
725,tt7350062,Helping Haiti
726,tt12538605,Black Rose
727,tt12536208,Vivacious Lady
728,tt12542144,Writing on the Wall
729,tt12534302,Testimony
730,tt0028584,Arizona Mahoney
732,tt12534787,Bailaora
733,tt12534801,Stone Cold Dead
734,tt12531701,Beside the Witch
735,tt12545175,The Roar
736,tt12531626,Mad About English
737,tt0499311,Havana Barrio
739,tt12533404,Our Consul in Havana
740,tt12531459,Russell Howard's News
744,tt12542352,Backyards
745,tt12542856,Millennium Song
746,tt0366371,Tin Hau Station
748,tt12543523,Broken Sky
749,tt12532331,Something in the Wind
750,tt12536750,Dark Demon
751,tt12538807,Small Town Life
752,tt12535772,Botched
755,tt12534777,Juice
757,tt3042946,Roxanne
758,tt12545603,Nobody Judges Me
759,tt12532409,Greenscreen
760,tt12541762,By Word of Mouse
761,tt12533507,Video Concert DIF
764,tt12542410,Appreciating Hitchcock
765,tt12543343,Villain Auditions
766,tt12538955,Lola Coalgirl
767,tt12544297,God Hey Angel
768,tt4222240,Frozen
769,tt12545130,No Way Back
770,tt12532591,Vanessa Rising
772,tt12542686,Brazil Top Model
773,tt12532883,Folsom Prison Walls
774,tt12538608,Mariah Carey Back in Time
775,tt3425302,Cannibals and Carpet Fitters
777,tt7410352,American Princess
779,tt9046568,Miami Showband Massacre
780,tt12542687,Brazil's Next Top Model
781,tt2112944,Entry Denied
782,tt0074235,Bound for Glory
783,tt12541993,Sanya and the Sparrow
786,tt4839424,The Autobots
787,tt0963168,Danae
788,tt0260948,Heart of the World
791,tt12537316,The June Bride
792,tt12533049,Ava and Frank
793,tt12536019,Lovers Never Die
795,tt12537200,MasterChef Turkey
796,tt12534588,City of Dreams
797,tt12534021,Kate Rezkova
798,tt12535746,40 Year Old Skater Coach
799,tt12533048,Ava & Frank
800,tt12532053,Rebel Sal Santen
801,tt12537415,Alien Siege
803,tt12540676,Gowharshad Mosque
804,tt12536947,Dem Dem
805,tt0364182,Sonic Cinema
806,tt1620956,The Sparrow and Sanya
808,tt12541275,Jessie
810,tt12537954,Peter Punk
813,tt12545338,Long Distance Information
814,tt12538547,Little Koala Adventures
815,tt12537971,Arkansas Mud Shooting
816,tt12541503,Rock of Scoundrels
817,tt12542789,Helping Haiti
818,tt5421602,Anne with an E
819,tt12534382,Ticket to Telluride
820,tt12545294,Mind Your Manners
821,tt12531195,Reach for the Stars
822,tt12535536,Charlotte Roche Under
823,tt12539620,Jack and Jim Coney Island
824,tt5254584,Philoctetes Myth
826,tt12544531,Devil's Plan
828,tt12539778,Twin Reflex
829,tt12531230,Under the Lilacs
831,tt12531827,Rainbow Six Vegas
832,tt12531610,The Nestling
835,tt12541697,Notice of One Week
836,tt1847746,The German Doctor
839,tt12543406,In a Garden
840,tt12537161,Albert and Victoria
841,tt6416520,The Brothers
842,tt12535616,Before Night Falls
844,tt12545803,Husband's Holiday
846,tt12544327,Everybody Loves Peter
847,tt12539449,Saturday
848,tt12531521,Jimmy's Farm Diaries
849,tt12539070,The Young Cadets
850,tt12531262,Mariah Carey Bow Wow Bone Thugs
852,tt12537279,The Last Honey Hunter
854,tt12538877,Forest Legends Awakening
857,tt12533399,Hopi Songs
858,tt12539058,Beyond the Mountain
859,tt0467771,Ass Worship 7
860,tt0047400,Red Garters
863,tt12535667,To Love Again
864,tt12542967,Stone Cage
865,tt12534383,Telluride Ticket
867,tt12542142,The Cost They Pay
868,tt0300758,Felipe
869,tt12539622,Jack and Jim at Coney Island
870,tt5463088,Initial D Legend 3
872,tt12531668,Town Business Pt 2
874,tt4462242,Noah and Anya Beards
875,tt1334247,Johnny Cash at Folsom
876,tt12543674,Misunderstood Boy
878,tt12533973,Grand Director Legend
879,tt12540527,Bletchley Circle
881,tt12544404,Epic Attractions
882,tt12535438,Ken Duncan Shooting
883,tt1268161,21 and a WakeUp
884,tt12544465,The Work of Men
885,tt12535773,Botched
886,tt12540169,The Granny Killer
888,tt0299505,The Babysitter 6
889,tt12542376,Valentine Day
890,tt6053480,Mr Looper
891,tt12539976,Soft Rain
892,tt0380493,Lapis
893,tt0483456,Knight School Bobby Knight
894,tt2391875,36th Golden Globes
895,tt12537406,Where Blues Began
896,tt12544847,Terror of Frankenstein Commentary
899,tt12544735,Your Little Boy
900,tt0169268,State of Dogs
902,tt12543061,The Final Astronaut
903,tt12542069,Walking Hack Asbury Park
904,tt12531956,Potiche
905,tt0347191,Hopi Fourth World Songs
906,tt12536620,Good Favor
907,tt12544877,Thriller Night
908,tt12542145,Writing on the Wall
909,tt12540397,Derachan South Island
911,tt7388830,Ten Years
912,tt12536679,School Principal's Diary
913,tt12537229,Clown Doctors
914,tt12533178,Sick Sisters
916,tt12542273,The Balcony
917,tt12535810,A Free Ride
918,tt12542917,Welcome to Nowhere
919,tt1172587,Delhi Safari
920,tt12542472,Living Dead
921,tt0110246,Kaspar Hauser
922,tt1144924,Polish Non-camera Chronicle
925,tt12544846,Frankenstein Commentary
927,tt12536993,Blame Rio
929,tt0071456,Sonny Carson Education
931,tt12537165,All Together Suddenly
935,tt12533929,Superstunt II
936,tt12531601,The Station
938,tt0170363,Liar in Paradise
939,tt12540773,Estranged
941,tt0102739,Long Live Hobos
942,tt12541763,Word of Mouse
945,tt5797822,Shoulders of Giants
946,tt12545215,Polish Chronicle 1
947,tt0415727,Crazy Legs Competitive Eating
950,tt12535643,Long Live the Dead
954,tt12543266,Glee Casting Session
955,tt12534198,AKA Albert Walker
956,tt3782864,Yanni World Without Borders
958,tt12542760,America Says
960,tt12541968,Vinyl Collecting Dust
961,tt0395779,Heaven and Hell Here
964,tt12542734,The Brothers
965,tt12535189,Insight
966,tt12535451,Dominican
968,tt12533510,Going to War
969,tt12535632,Cycle
970,tt12534211,Call of the Wild Geese
972,tt7203520,Werewolf
973,tt12533482,An Interview
974,tt0210959,Rebel Sal Santen
975,tt12540082,The Nightingale
977,tt12535747,40 Year Old Figure Skater Coach
978,tt2268019,The Strange Calls
979,tt0203189,WALTER
980,tt2330549,Totally Biased Kamau Bell
982,tt12532428,Egyptian Bullock Pump
983,tt12543237,Female Gymnastics Teacher
984,tt0431384,Segment 76
985,tt6620638,UFC 132 Cruz Faber
986,tt0449120,Extension
988,tt12535286,Squeegees
989,tt12541836,Zarmina Veiled
990,tt8881102,Sweethearts
992,tt0403877,Big Swell
994,tt12538944,Taxi Boys
995,tt12534148,Quest for Immunity
996,tt12532238,In Dutch
999,tt0036374,Someone to Remember
1000,tt12539289,Swamp Water