pokemon,ability,is_hidden,slot
867,317,0,1
867,1610,1,3
868,317,0,1
868,1610,1,3
869,317,0,1
869,1610,1,3
863,316,0,1
863,698,1,3
864,316,0,1
864,698,1,3
865,316,0,1
865,698,1,3
866,315,0,1
866,85,1,3
870,315,0,1
870,85,1,3
871,315,0,1
871,85,1,3
1406,1409,0,1
1406,217,1,3
1407,321,0,1
1404,1402,0,1
1404,1264,1,3
1405,1409,0,1
1405,217,1,3
1402,321,0,1
1403,324,0,1
1403,697,1,3
1400,218,0,1
1400,443,0,2
1400,230,1,3
1401,218,0,1
1401,443,0,2
1401,230,1,3
1408,218,0,1
1408,443,0,2
1408,230,1,3
1409,217,0,1
1409,320,0,2
1409,222,1,3
1504,217,0,1
1504,320,0,2
1504,222,1,3
1503,218,0,1
1503,697,1,3
1502,218,0,1
1502,697,1,3
1501,1502,0,1
1501,321,0,2
1501,1167,1,3
1508,1502,0,1
1508,321,0,2
1508,1167,1,3
1507,871,0,1
1507,1615,1,3
1506,871,0,1
1506,1615,1,3
1505,870,0,1
1505,229,1,3
1510,870,0,1
1510,229,1,3
1509,1608,0,1
1509,445,0,2
1509,222,1,3
1614,1608,0,1
1614,445,0,2
1614,222,1,3
1615,1608,0,1
1615,445,0,2
1615,1165,1,3
1616,1608,0,1
1616,445,0,2
1616,222,1,3
1617,1608,0,1
1617,445,0,2
1617,222,1,3
1610,1608,0,1
1610,445,0,2
1610,1165,1,3
1611,219,0,1
1611,610,0,2
1611,1074,1,3
1612,219,0,1
1612,610,0,2
1612,1373,1,3
1613,1408,0,1
1613,436,1,3
1608,1408,0,1
1608,436,1,3
1609,219,0,1
1609,613,0,2
1609,1074,1,3
81,219,0,1
81,613,0,2
81,1273,1,3
80,1609,0,1
80,486,1,3
83,1609,0,1
83,486,1,3
82,1610,0,1
82,217,1,3
85,1610,0,1
85,867,1,3
84,1610,0,1
84,1505,1,3
87,1505,0,1
87,563,0,2
87,865,1,3
86,1505,0,1
86,563,0,2
86,865,1,3
79,1402,0,1
79,1264,0,2
79,217,1,3
78,1409,0,1
78,1264,0,2
78,228,1,3
217,870,0,1
217,437,0,2
217,100,1,3
218,870,0,1
218,437,0,2
218,100,1,3
215,216,0,1
215,1381,0,2
215,1167,1,3
216,866,0,1
216,1381,0,2
216,1167,1,3
221,865,0,1
221,1405,0,2
221,1617,1,3
222,865,0,1
222,1405,0,2
222,1617,1,3
219,438,0,1
219,567,0,2
219,1174,1,3
220,438,0,1
220,567,0,2
220,1174,1,3
211,1502,0,1
211,1408,0,2
211,479,1,3
212,1502,0,1
212,1408,0,2
212,479,1,3
322,1407,0,1
322,865,0,2
322,1617,1,3
321,1407,0,1
321,865,0,2
321,1617,1,3
320,1407,0,1
320,865,0,2
320,1617,1,3
319,1510,0,1
319,1609,0,2
319,610,1,3
318,1510,0,1
318,1609,0,2
318,610,1,3
317,1510,0,1
317,1609,0,2
317,610,1,3
316,320,0,1
316,611,0,2
316,566,1,3
315,320,0,1
315,611,0,2
315,566,1,3
324,320,0,1
324,611,0,2
324,566,1,3
323,1610,0,1
323,568,1,3
436,1610,0,1
436,568,1,3
437,1610,0,1
437,568,1,3
438,1509,0,1
438,318,0,2
438,85,1,3
439,1509,0,1
439,318,0,2
439,85,1,3
440,323,0,1
440,864,0,2
440,870,1,3
441,323,0,1
441,864,0,2
441,870,1,3
442,323,0,1
442,864,0,2
442,870,1,3
443,217,0,1
443,1408,0,2
443,78,1,3
444,217,0,1
444,1408,0,2
444,78,1,3
445,1404,0,1
445,1504,0,2
445,231,1,3
566,1404,0,1
566,1504,0,2
566,231,1,3
565,83,0,1
565,864,0,2
565,235,1,3
568,83,0,1
568,864,0,2
568,235,1,3
567,218,0,1
567,1609,0,2
567,1174,1,3
562,217,0,1
562,79,0,2
562,443,1,3
561,217,0,1
561,79,0,2
561,443,1,3
564,86,0,1
564,617,0,2
564,1269,1,3
563,86,0,1
563,617,0,2
563,1269,1,3
558,867,0,1
558,322,0,2
558,1180,1,3
557,867,0,1
557,322,0,2
557,1180,1,3
702,441,0,1
702,616,0,2
702,225,1,3
703,441,0,1
703,616,0,2
703,225,1,3
616,1506,0,1
617,1506,0,1
698,1076,0,1
699,323,0,1
699,864,0,2
699,1075,1,3
696,1403,0,1
696,1374,0,2
696,1609,1,3
697,1403,0,1
697,1374,0,2
697,1609,1,3
610,215,0,1
610,441,0,2
610,1165,1,3
611,215,0,1
611,441,0,2
611,1165,1,3
1382,82,0,1
1382,871,0,2
1382,1376,1,3
1381,82,0,1
1381,871,0,2
1381,1376,1,3
1380,1610,0,1
1380,1083,1,3
1379,1610,0,1
1379,1083,1,3
1378,323,0,1
1378,1615,0,2
1378,863,1,3
1377,323,0,1
1377,1615,0,2
1377,863,1,3
1376,866,0,1
1376,1170,0,2
1376,562,1,3
1375,218,0,1
1375,557,0,2
1375,1609,1,3
1374,1504,0,1
1374,1404,0,2
1374,1405,1,3
1373,1506,0,1
1373,922,0,2
1373,867,1,3
1264,1506,0,1
1264,922,0,2
1264,867,1,3
1265,1615,0,1
1265,323,0,2
1265,1170,1,3
1266,1615,0,1
1266,323,0,2
1266,1170,1,3
1267,1614,0,1
1267,1616,0,2
1267,1077,1,3
1268,1610,0,1
1268,1380,0,2
1268,231,1,3
1269,79,0,1
1269,1267,0,2
1269,1609,1,3
1270,1617,0,1
1270,697,0,2
1270,865,1,3
1271,1608,0,1
1271,697,0,2
1271,865,1,3
1272,1617,0,1
1272,80,0,2
1272,1615,1,3
1273,1617,0,1
1273,80,0,2
1273,1615,1,3
1170,1611,0,1
1170,1614,0,2
1170,235,1,3
1169,1611,0,1
1169,1614,0,2
1169,235,1,3
136,82,0,1
136,1265,0,2
136,1381,1,3
135,324,0,1
135,1381,0,2
135,566,1,3
1166,1404,0,1
1166,1374,0,2
1166,563,1,3
1165,871,0,1
1165,438,1,3
1168,78,0,1
1168,438,1,3
1167,215,0,1
1167,1378,0,2
1167,98,1,3
1174,1502,0,1
1174,567,0,2
1174,1165,1,3
1173,1617,0,1
1173,482,1,3
1076,1502,0,1
1076,98,1,3
1077,1407,0,1
1077,441,0,2
1077,617,1,3
1074,866,0,1
1074,485,1,3
1075,217,0,1
1075,703,0,2
1075,1375,1,3
1072,1407,0,1
1072,617,1,3
1073,1406,0,1
1073,699,1,3
1070,1408,0,1
1070,320,1,3
1071,1612,0,1
1071,558,0,2
1071,235,1,3
1082,1617,0,1
1082,441,0,2
1082,1075,1,3
1083,1617,0,1
1083,441,0,2
1083,1075,1,3
227,1617,0,1
227,863,0,2
227,1075,1,3
226,1617,0,1
226,863,0,2
226,1075,1,3
225,323,0,1
225,87,0,2
225,1167,1,3
1180,1401,0,1
1180,86,0,2
1180,568,1,3
231,87,0,1
231,565,1,3
230,87,0,1
230,871,1,3
229,87,0,1
229,78,1,3
228,321,0,1
228,319,1,3
235,321,0,1
235,319,1,3
1193,1609,0,1
1193,1070,1,3
485,87,0,1
485,1167,1,3
486,1510,0,1
488,317,0,1
488,1380,1,3
98,317,0,1
98,1380,1,3
479,317,0,1
479,1380,1,3
482,316,0,1
482,1408,1,3
93,316,0,1
93,1408,1,3
484,316,0,1
484,1408,1,3
99,315,0,1
99,1165,1,3
100,315,0,1
100,1165,1,3
1583,315,0,1
1583,1165,1,3
1582,217,0,1
1582,218,0,2
1582,1273,1,3
1306,217,0,1
1306,218,0,2
1306,1273,1,3
788,1403,0,1
788,218,0,2
788,1264,1,3
1587,1403,0,1
1587,218,0,2
1587,1264,1,3
1586,324,0,1
1586,79,0,2
1586,482,1,3
1589,324,0,1
1589,79,0,2
1589,557,1,3
1588,324,0,1
1588,1403,0,2
1588,697,1,3
1575,324,0,1
1575,1403,0,2
1575,697,1,3
1297,1609,0,1
1297,486,1,3
1475,1406,0,1
1475,1611,0,2
1475,1407,1,3
1476,1406,0,1
1476,1611,0,2
1476,1407,1,3
613,871,0,1
613,1615,1,3
1474,219,0,1
1474,610,0,2
1474,1074,1,3
1479,219,0,1
1479,613,0,2
1479,1074,1,3
1480,222,0,1
1480,1616,0,2
1480,1377,1,3
1477,222,0,1
1477,1616,0,2
1477,1377,1,3
1478,1510,0,1
1478,79,0,2
1478,93,1,3
607,1510,0,1
607,79,0,2
607,93,1,3
609,871,0,1
609,220,1,3
711,871,0,1
711,220,1,3
710,871,0,1
710,220,1,3
709,1610,0,1
709,1077,1,3
708,86,0,1
708,1613,0,2
708,484,1,3
707,86,0,1
707,1613,0,2
707,484,1,3
706,864,0,1
706,323,0,2
706,482,1,3
705,1407,0,1
705,865,0,2
705,868,1,3
704,1610,0,1
704,1380,0,2
704,486,1,3
713,1610,0,1
713,1380,0,2
713,486,1,3
712,1610,0,1
712,1380,0,2
712,486,1,3
578,217,0,1
578,216,0,2
578,616,1,3
579,1610,0,1
579,698,0,2
579,79,1,3
1592,1610,0,1
1592,698,0,2
1592,79,1,3
581,869,0,1
581,1402,0,2
581,1273,1,3
582,865,0,1
582,1407,0,2
582,1373,1,3
583,865,0,1
583,1407,0,2
583,1373,1,3
584,1510,0,1
584,93,1,3
585,1510,0,1
585,1609,1,3
570,1403,0,1
570,1377,0,2
570,99,1,3
571,1404,0,1
571,1504,0,2
571,231,1,3
1280,1506,0,1
1281,1506,0,1
1282,1501,0,1
1282,227,1,3
1283,1609,0,1
1283,79,0,2
1283,484,1,3
1276,864,0,1
1276,225,1,3
1277,864,0,1
1277,225,1,3
1278,1616,0,1
1278,217,0,2
1278,482,1,3
1279,215,0,1
1279,870,0,2
1279,1401,1,3
1284,323,0,1
1284,864,0,2
1284,1165,1,3
1285,1502,0,1
1285,217,0,2
1285,482,1,3
1388,1502,0,1
1388,699,0,2
1388,482,1,3
1561,1608,0,1
1561,1617,0,2
1561,1502,1,3
1209,324,0,1
1209,1381,0,2
1209,1073,1,3
1206,864,0,1
1206,568,0,2
1206,1168,1,3
1392,324,0,1
1392,320,0,2
1392,98,1,3
1391,1609,0,1
1391,218,0,2
1391,1166,1,3
1390,216,0,1
1390,699,0,2
1390,1272,1,3
1389,320,0,1
1389,699,0,2
1389,1167,1,3
1288,81,0,1
1288,78,0,2
1288,1075,1,3
1275,81,0,1
1275,78,0,2
1275,1075,1,3
1047,1404,0,1
1047,565,0,2
1047,86,1,3
1048,1404,0,1
1048,565,0,2
1048,86,1,3
1085,222,0,1
1085,1614,0,2
1085,231,1,3
1046,222,0,1
1046,697,0,2
1046,226,1,3
1051,1503,0,1
1051,697,0,2
1051,226,1,3
1052,438,0,1
1052,222,0,2
1052,1403,1,3
1049,1617,0,1
1049,1407,0,2
1049,80,1,3
1050,218,0,1
1050,864,0,2
1050,1075,1,3
1039,79,0,1
1039,1408,0,2
1039,1167,1,3
1084,79,0,1
1084,1408,0,2
1084,1167,1,3
1146,1617,0,1
1146,697,0,2
1146,865,1,3
1145,216,0,1
1145,870,1,3
76,864,0,1
76,870,1,3
1147,1612,0,1
1147,558,0,2
1147,235,1,3
1150,1502,0,1
1150,1273,0,2
1150,484,1,3
1149,1504,0,1
1149,1381,0,2
1149,226,1,3
1152,320,0,1
1152,566,0,2
1152,438,1,3
1151,1502,0,1
1151,1381,0,2
1151,566,1,3
1138,1404,0,1
1138,1374,0,2
1138,617,1,3
791,871,0,1
791,438,1,3
800,78,0,1
800,438,1,3
801,86,0,1
801,1267,0,2
801,484,1,3
802,1614,0,1
802,1616,0,2
802,1077,1,3
803,87,0,1
803,1609,1,3
804,87,0,1
804,1609,1,3
805,87,0,1
805,1609,1,3
806,320,0,1
806,870,1,3
807,321,0,1
808,84,0,1
808,1167,1,3
809,87,0,1
809,1070,1,3
928,87,0,1
928,231,1,3
927,1614,0,1
926,317,0,1
926,562,1,3
925,317,0,1
925,562,1,3
924,317,0,1
924,562,1,3
923,316,0,1
923,869,1,3
922,316,0,1
922,869,1,3
921,316,0,1
921,869,1,3
920,315,0,1
920,865,1,3
919,315,0,1
919,865,1,3
559,315,0,1
559,865,1,3
560,217,0,1
560,699,0,2
560,482,1,3
1527,1502,0,1
1527,699,0,2
1527,98,1,3
1530,216,0,1
1530,568,0,2
1530,699,1,3
555,216,0,1
555,568,0,2
555,699,1,3
556,1409,0,1
556,217,1,3
553,321,0,1
554,324,0,1
554,445,1,3
1536,321,0,1
1537,1409,0,1
1537,1402,1,3
693,1617,0,1
693,85,0,2
693,1504,1,3
692,1617,0,1
692,85,0,2
692,1504,1,3
695,1617,0,1
695,85,0,2
695,1504,1,3
694,1610,0,1
694,79,0,2
694,1166,1,3
689,1610,0,1
689,79,0,2
689,1166,1,3
688,1610,0,1
688,79,0,2
688,1166,1,3
691,320,0,1
691,1267,1,3
690,320,0,1
690,1267,1,3
701,218,0,1
701,617,0,2
701,85,1,3
700,218,0,1
700,868,0,2
700,85,1,3
539,1510,0,1
539,1612,0,2
539,227,1,3
540,1510,0,1
540,1612,0,2
540,227,1,3
541,1510,0,1
541,1612,0,2
541,227,1,3
542,1617,0,1
542,85,1,3
535,1502,0,1
535,1167,1,3
536,1505,0,1
536,702,0,2
536,699,1,3
537,1505,0,1
537,702,0,2
537,1381,1,3
538,221,0,1
533,438,0,1
534,221,0,1
673,1402,0,1
673,217,1,3
672,869,0,1
672,486,1,3
671,1507,0,1
670,82,0,1
670,482,1,3
677,82,0,1
677,1267,1,3
676,82,0,1
676,1267,1,3
675,86,0,1
675,320,0,2
675,1165,1,3
674,86,0,1
674,320,0,2
674,1165,1,3
667,86,0,1
667,1613,0,2
667,484,1,3
666,864,0,1
666,83,0,2
666,100,1,3
1162,219,0,1
1162,696,0,2
1162,228,1,3
1161,219,0,1
1161,696,0,2
1161,228,1,3
1164,218,0,1
1164,1382,0,2
1164,99,1,3
1163,215,0,1
1163,1502,0,2
1163,1165,1,3
129,864,0,1
129,323,0,2
129,1072,1,3
128,864,0,1
128,323,0,2
128,1072,1,3
1160,864,0,1
1160,323,0,2
1160,1072,1,3
1159,440,0,1
1159,227,1,3
1156,440,0,1
1156,227,1,3
1155,871,0,1
1155,1615,0,2
1155,211,1,3
1068,871,0,1
1068,1615,0,2
1068,211,1,3
1069,220,0,1
1069,1615,1,3
1066,211,0,1
1066,1406,1,3
1067,1611,0,1
1067,324,0,2
1067,99,1,3
1064,1404,0,1
1064,1264,0,2
1064,99,1,3
1065,1614,0,1
1065,1608,0,2
1065,1380,1,3
1062,318,0,1
1062,322,0,2
1062,568,1,3
1063,318,0,1
1063,322,0,2
1063,568,1,3
1060,1508,0,1
1060,869,1,3
1061,1508,0,1
1061,869,1,3
1369,80,0,1
1369,1404,0,2
1369,87,1,3
1368,80,0,1
1368,1404,0,2
1368,87,1,3
1367,1404,0,1
1367,564,0,2
1367,1504,1,3
1366,81,0,1
1366,1270,0,2
1366,567,1,3
1365,439,0,1
1365,436,0,2
1365,441,1,3
1364,86,0,1
1364,1504,0,2
1364,568,1,3
1363,86,0,1
1363,1504,0,2
1363,568,1,3
1362,1504,0,1
1362,443,0,2
1362,1168,1,3
1371,215,0,1
1371,437,0,2
1371,1165,1,3
1370,1506,0,1
1256,1506,0,1
1257,870,0,1
1257,1407,1,3
1258,870,0,1
1258,1407,1,3
1259,1614,0,1
1259,1405,1,3
1260,1614,0,1
1260,1405,1,3
1261,1401,0,1
1261,1071,1,3
1262,321,0,1
1262,486,1,3
1263,1506,0,1
1254,1506,0,1
1255,1404,0,1
1255,1375,0,2
1255,617,1,3
423,1404,0,1
423,1375,0,2
423,617,1,3
1551,215,0,1
1551,441,0,2
1551,703,1,3
1554,215,0,1
1554,441,0,2
1554,703,1,3
1553,1506,0,1
1556,1506,0,1
1555,1503,0,1
1555,1268,1,3
477,1503,0,1
477,1268,1,3
1557,863,0,1
1557,1617,1,3
1560,863,0,1
1560,1617,1,3
1559,1617,0,1
1559,1404,0,2
1559,703,1,3
1446,319,0,1
1446,613,0,2
1446,219,1,3
1447,212,0,1
1444,1400,0,1
1444,1575,1,3
1445,1403,0,1
1445,1273,0,2
1445,1076,1,3
1450,1403,0,1
1450,1273,0,2
1450,1076,1,3
1451,1506,0,1
1451,1273,1,3
1448,87,0,1
1448,1273,1,3
1449,1610,0,1
1449,698,0,2
1449,1083,1,3
1453,1506,0,1
1454,87,0,1
1454,1377,0,2
1454,479,1,3
1007,1501,0,1
1007,227,1,3
1005,1609,0,1
1005,1269,0,2
1005,226,1,3
1004,1609,0,1
1004,1269,0,2
1004,226,1,3
160,86,0,1
160,1269,0,2
160,1404,1,3
167,86,0,1
167,1269,0,2
167,1404,1,3
254,86,0,1
254,1269,0,2
254,1404,1,3
1013,441,0,1
1013,482,1,3
1011,1617,0,1
1011,80,1,3
157,1617,0,1
157,617,1,3
156,1617,0,1
156,323,0,2
156,864,1,3
35,1617,0,1
35,617,1,3
36,323,0,1
36,1165,1,3
37,323,0,1
37,225,1,3
304,1502,0,1
304,98,1,3
31,1509,0,1
31,1073,1,3
32,1509,0,1
32,1073,1,3
296,1509,0,1
296,1073,1,3
34,1509,0,1
34,864,1,3
27,1509,0,1
27,1269,1,3
28,1509,0,1
28,1073,1,3
184,1506,0,1
183,1506,0,1
186,868,0,1
185,436,0,1
180,442,0,1
179,1616,0,1
182,87,0,1
181,317,0,1
181,441,1,3
190,317,0,1
190,441,1,3
189,317,0,1
189,441,1,3
362,316,0,1
362,557,1,3
363,316,0,1
363,557,1,3
54,316,0,1
54,557,1,3
55,315,0,1
55,1174,1,3
52,315,0,1
52,1174,1,3
53,315,0,1
53,1174,1,3
50,218,0,1
50,1170,1,3
51,1502,0,1
51,1170,1,3
366,1502,0,1
366,1170,1,3
367,564,0,1
367,1373,0,2
367,226,1,3
997,564,0,1
997,1373,0,2
997,226,1,3
1027,321,0,1
1027,217,1,3
1024,324,0,1
1024,1381,1,3
1025,445,0,1
1025,1502,0,2
1025,320,1,3
1030,445,0,1
1030,1502,0,2
1030,320,1,3
1031,445,0,1
1031,1502,0,2
1031,320,1,3
999,1614,0,1
999,1608,0,2
999,1380,1,3
1029,1614,0,1
1029,1608,0,2
1029,1381,1,3
1032,1378,0,1
1032,1165,1,3
1033,1378,0,1
1033,1165,1,3
7,864,0,1
7,82,1,3
6,864,0,1
6,82,1,3
1128,321,0,1
1128,225,1,3
1127,1375,0,1
1127,225,1,3
1130,324,0,1
1130,1264,1,3
1129,1272,0,1
1129,222,1,3
1132,87,0,1
1132,1167,1,3
1131,217,0,1
1131,216,0,2
1131,1406,1,3
1134,1617,0,1
1134,80,1,3
1133,1617,0,1
1133,80,1,3
1229,1610,0,1
1230,136,0,1
1231,322,0,1
1231,1268,0,2
1231,100,1,3
1232,322,0,1
1232,1268,0,2
1232,100,1,3
1225,1381,0,1
1225,216,0,2
1225,616,1,3
1226,1376,0,1
1226,562,0,2
1226,1082,1,3
1227,1376,0,1
1227,562,0,2
1227,1082,1,3
1228,217,0,1
1228,1379,0,2
1228,866,1,3
1222,219,0,1
1222,1379,0,2
1222,866,1,3
1223,1506,0,1
1341,1403,0,1
1341,1377,0,2
1341,98,1,3
1340,866,0,1
1340,1504,0,2
1340,218,1,3
1339,86,0,1
1339,1504,0,2
1339,1174,1,3
1338,1506,0,1
1345,867,0,1
1345,1376,0,2
1345,218,1,3
1344,867,0,1
1344,1376,0,2
1344,218,1,3
1343,1506,0,1
1343,561,0,2
1343,1072,1,3
1342,1506,0,1
1342,561,0,2
1342,1072,1,3
1336,864,0,1
1336,323,0,2
1336,482,1,3
1335,82,0,1
1335,1265,0,2
1335,1381,1,3
551,1614,0,1
551,1616,0,2
551,1074,1,3
552,218,0,1
552,443,0,2
552,230,1,3
549,87,0,1
549,486,1,3
550,870,0,1
550,1508,1,3
547,870,0,1
547,1508,1,3
548,870,0,1
548,1508,1,3
545,216,0,1
545,86,0,2
545,568,1,3
546,566,0,1
546,1609,0,2
546,99,1,3
543,566,0,1
543,1609,0,2
543,479,1,3
544,84,0,1
544,100,1,3
685,84,0,1
685,100,1,3
684,863,0,1
684,697,0,2
684,218,1,3
687,863,0,1
687,697,0,2
687,218,1,3
686,1375,0,1
686,563,0,2
686,1180,1,3
681,1375,0,1
681,563,0,2
681,1180,1,3
680,1506,0,1
683,1617,0,1
683,1268,0,2
683,80,1,3
682,1617,0,1
682,1268,0,2
682,80,1,3
679,1617,0,1
679,1407,0,2
679,80,1,3
678,1271,0,1
678,82,1,3
792,1271,0,1
792,82,1,3
793,87,0,1
793,1166,1,3
794,83,0,1
794,864,0,2
794,235,1,3
795,1504,0,1
795,1404,0,2
795,1405,1,3
796,1615,0,1
796,1270,0,2
796,1170,1,3
797,1610,0,1
797,1380,0,2
797,231,1,3
798,444,0,1
798,438,1,3
799,78,0,1
799,438,1,3
789,222,0,1
789,1616,0,2
789,1377,1,3
790,869,0,1
790,1264,0,2
790,1273,1,3
912,1380,0,1
912,1610,1,3
911,565,0,1
911,1269,1,3
910,215,0,1
910,870,0,2
910,702,1,3
909,1404,0,1
909,565,0,2
909,86,1,3
908,703,0,1
908,558,0,2
908,235,1,3
907,566,0,1
907,479,1,3
906,864,0,1
906,83,0,2
906,100,1,3
905,87,0,1
905,1273,1,3
916,565,0,1
916,1076,1,3
915,1506,0,1
18,1506,0,1
19,1506,0,1
16,1506,0,1
17,87,0,1
17,227,1,3
22,87,0,1
22,227,1,3
23,1408,0,1
23,78,1,3
20,1266,0,1
21,87,0,1
21,227,1,3
14,1506,0,1
15,617,0,1
147,617,0,1
146,135,0,1
149,1614,0,1
148,1169,0,1
151,1306,0,1
150,317,0,1
150,1168,1,3
153,317,0,1
153,1168,1,3
152,317,0,1
152,1168,1,3
145,316,0,1
145,86,1,3
144,316,0,1
144,86,1,3
897,316,0,1
897,1170,1,3
896,315,0,1
896,441,1,3
895,315,0,1
895,441,1,3
894,315,0,1
894,441,1,3
901,217,0,1
901,218,0,2
901,235,1,3
900,1611,0,1
900,218,0,2
900,235,1,3
899,438,0,1
899,216,0,2
899,217,1,3
898,1502,0,1
898,229,0,2
898,1267,1,3
893,1502,0,1
893,229,0,2
893,1267,1,3
892,866,0,1
892,562,0,2
892,99,1,3
780,866,0,1
780,562,0,2
780,99,1,3
781,568,0,1
781,317,1,3
782,568,0,1
782,317,1,3
783,568,0,1
783,316,1,3
776,568,0,1
776,316,1,3
777,568,0,1
777,315,1,3
778,568,0,1
778,315,1,3
779,1374,0,1
779,1510,0,2
779,227,1,3
774,1374,0,1
774,1510,0,2
774,227,1,3
775,230,0,1
775,1377,0,2
775,445,1,3
644,230,0,1
644,1377,0,2
644,445,1,3
643,230,0,1
643,1377,0,2
643,445,1,3
646,1615,0,1
646,444,0,2
646,484,1,3
645,1615,0,1
645,444,0,2
645,484,1,3
648,864,0,1
648,1075,0,2
648,100,1,3
647,864,0,1
647,1075,0,2
647,100,1,3
650,864,0,1
650,84,0,2
650,100,1,3
649,1373,0,1
649,1379,0,2
649,564,1,3
652,1373,0,1
652,1379,0,2
652,564,1,3
651,229,0,1
651,100,0,2
651,1378,1,3
521,229,0,1
521,100,0,2
521,1378,1,3
522,1077,0,1
522,231,0,2
522,1379,1,3
519,320,0,1
519,1165,0,2
519,557,1,3
520,320,0,1
520,1165,0,2
520,557,1,3
525,320,0,1
525,1165,0,2
525,557,1,3
526,1617,0,1
526,617,0,2
526,1407,1,3
523,1617,0,1
523,617,0,2
523,1407,1,3
524,1617,0,1
524,1180,0,2
524,1407,1,3
527,320,0,1
527,1609,0,2
527,1378,1,3
528,864,0,1
528,1609,0,2
528,1378,1,3
416,324,0,1
416,1610,0,2
416,225,1,3
415,1380,0,1
415,1610,0,2
415,225,1,3
414,324,0,1
414,1610,0,2
414,225,1,3
413,1608,0,1
413,324,0,2
413,869,1,3
753,1608,0,1
753,324,0,2
753,869,1,3
411,1608,0,1
411,324,0,2
411,869,1,3
410,99,0,1
410,486,0,2
410,1610,1,3
409,99,0,1
409,486,0,2
409,1610,1,3
418,1610,0,1
418,1504,0,2
418,1380,1,3
417,1610,0,1
417,1504,0,2
417,1380,1,3
291,1170,0,1
291,703,0,2
291,1378,1,3
292,1502,0,1
292,98,0,2
292,567,1,3
293,1502,0,1
293,98,0,2
293,567,1,3
294,1502,0,1
294,98,0,2
294,567,1,3
295,222,0,1
295,1609,1,3
1109,1165,0,1
1109,1582,1,3
297,1407,0,1
297,1610,0,2
297,1268,1,3
298,864,0,1
298,441,0,2
298,1075,1,3
287,864,0,1
287,441,0,2
287,1075,1,3
12,321,0,1
12,98,0,2
12,1502,1,3
176,321,0,1
176,98,0,2
176,1502,1,3
175,228,0,1
175,610,0,2
175,1264,1,3
178,488,0,1
177,488,0,1
172,1270,0,1
172,864,0,2
172,1617,1,3
171,1270,0,1
171,864,0,2
171,1617,1,3
174,1173,0,1
173,1173,0,1
169,867,0,1
169,322,0,2
169,1376,1,3
168,867,0,1
168,1075,0,2
168,1376,1,3
48,1193,0,1
49,1193,0,1
46,219,0,1
46,1381,0,2
46,616,1,3
47,219,0,1
47,1381,0,2
47,616,1,3
44,1273,0,1
44,613,0,2
44,1501,1,3
45,1273,0,1
45,613,0,2
45,1501,1,3
42,1273,0,1
42,613,0,2
42,1501,1,3
43,225,0,1
43,610,0,2
43,231,1,3
40,225,0,1
40,610,0,2
40,231,1,3
41,225,0,1
41,610,0,2
41,231,1,3
1424,218,0,1
1424,230,0,2
1424,617,1,3
1564,218,0,1
1564,230,0,2
1564,617,1,3
1563,1269,0,1
1563,565,0,2
1563,1075,1,3
1562,1269,0,1
1562,565,0,2
1562,1075,1,3
1569,1269,0,1
1569,1271,0,2
1569,1075,1,3
1568,1610,0,1
1568,484,0,2
1568,1616,1,3
1567,1610,0,1
1567,484,0,2
1567,1616,1,3
1566,871,0,1
1566,444,1,3
1572,324,0,1
1572,321,0,2
1572,611,1,3
1571,324,0,1
1571,441,0,2
1571,225,1,3
1459,1505,0,1
1459,231,1,3
1460,1505,0,1
1460,231,1,3
1461,1407,0,1
1461,1076,0,2
1461,865,1,3
1462,1407,0,1
1462,1076,0,2
1462,865,1,3
1455,1077,0,1
1455,617,0,2
1455,231,1,3
1456,1402,0,1
1456,1167,0,2
1456,324,1,3
1457,1402,0,1
1457,1167,0,2
1457,324,1,3
1458,1583,0,1
1463,1583,0,1
1463,1375,1,3
1464,220,0,1
1464,211,0,2
1464,1509,1,3
338,220,0,1
338,211,0,2
338,1509,1,3
339,220,0,1
339,211,0,2
339,1509,1,3
340,1506,0,1
341,1506,0,1
420,1506,0,1
472,227,0,1
472,1510,0,2
472,235,1,3
344,227,0,1
344,1510,0,2
344,235,1,3
345,1408,0,1
345,78,0,2
345,486,1,3
242,1408,0,1
242,78,0,2
242,486,1,3
243,1408,0,1
243,78,0,2
243,486,1,3
471,445,0,1
471,1378,0,2
471,1167,1,3
470,445,0,1
470,1378,0,2
470,1167,1,3
469,445,0,1
469,1378,0,2
469,1167,1,3
468,565,0,1
468,1282,0,2
468,482,1,3
467,565,0,1
467,1282,0,2
467,1617,1,3
466,1506,0,1
465,617,0,1
465,441,0,2
465,225,1,3
464,617,0,1
464,322,0,2
464,562,1,3
463,871,0,1
463,866,0,2
463,870,1,3
462,1609,0,1
462,231,0,2
462,1170,1,3
97,1609,0,1
97,231,0,2
97,1170,1,3
489,1508,0,1
489,1165,0,2
489,1378,1,3
95,557,0,1
95,1379,0,2
95,611,1,3
96,557,0,1
96,1379,0,2
96,611,1,3
1211,1174,0,1
1211,1609,0,2
1211,87,1,3
94,1174,0,1
94,1609,0,2
94,87,1,3
91,1170,0,1
91,484,0,2
91,82,1,3
92,218,0,1
92,1165,0,2
92,222,1,3
101,218,0,1
101,1165,0,2
101,1174,1,3
102,230,0,1
102,225,0,2
102,1075,1,3
1186,230,0,1
1186,225,0,2
1186,1075,1,3
1185,568,0,1
1185,1408,0,2
1185,439,1,3
1189,324,0,1
1189,222,0,2
1189,221,1,3
1187,222,0,1
760,222,0,1
747,1506,0,1
1184,78,0,1
1184,324,1,3
1183,78,0,1
1183,324,1,3
237,479,0,1
236,479,0,1
817,479,0,1
818,99,0,1
818,1174,1,3
819,99,0,1
819,1174,1,3
1316,788,0,1
813,1587,0,1
814,100,0,1
814,1165,1,3
815,87,0,1
816,479,0,1
821,1616,0,1
822,558,0,1
934,317,0,1
934,1476,1,3
933,317,0,1
933,1476,1,3
371,317,0,1
371,1476,1,3
931,316,0,1
931,1475,1,3
375,316,0,1
375,1475,1,3
937,316,0,1
937,1475,1,3
936,315,0,1
936,1575,1,3
935,315,0,1
935,1575,1,3
940,315,0,1
940,1575,1,3
939,216,0,1
939,1588,0,2
939,1613,1,3
223,216,0,1
223,1588,0,2
223,1613,1,3
1594,230,0,1
1594,1478,1,3
1590,78,0,1
1590,1478,1,3
1591,78,0,1
1591,1478,1,3
1597,1409,0,1
1597,1402,0,2
1597,1074,1,3
251,321,0,1
251,1074,1,3
1595,1409,0,1
1595,1402,0,2
1595,1074,1,3
247,445,0,1
247,1167,0,2
247,98,1,3
137,445,0,1
137,1167,0,2
137,98,1,3
573,1589,0,1
573,711,1,3
723,1589,0,1
723,711,1,3
722,1589,0,1
722,711,1,3
725,484,0,1
725,609,1,3
724,484,0,1
724,609,1,3
727,557,0,1
727,1378,0,2
727,1267,1,3
726,557,0,1
726,1378,0,2
726,1267,1,3
729,1297,0,1
728,218,0,1
728,486,0,2
728,1504,1,3
715,218,0,1
715,486,0,2
715,99,1,3
1,611,0,1
1246,611,0,1
1247,1477,0,1
1248,1077,0,1
1248,1586,1,3
1249,1077,0,1
1249,1586,1,3
1250,1480,0,1
1250,562,1,3
1251,1480,0,1
1251,562,1,3
1252,1168,0,1
1252,1503,0,2
1252,486,1,3
1253,1168,0,1
1253,1503,0,2
1253,486,1,3
1244,710,0,1
1244,697,0,2
1244,1166,1,3
1245,710,0,1
1245,697,0,2
1245,1166,1,3
1358,1608,0,1
1358,1180,0,2
1358,703,1,3
1357,1608,0,1
1357,1180,0,2
1357,703,1,3
1356,607,0,1
1355,607,0,1
1354,563,0,1
1354,870,0,2
1354,698,1,3
1353,563,0,1
1353,870,0,2
1353,698,1,3
1352,1474,0,1
1352,864,1,3
1351,1474,0,1
1351,323,1,3
1361,1479,0,1
1361,1271,1,3
1360,1479,0,1
1360,1271,1,3
203,219,0,1
203,709,1,3
202,866,0,1
202,562,0,2
202,1378,1,3
205,1588,0,1
205,216,0,2
205,220,1,3
204,1509,0,1
204,864,1,3
1111,484,0,1
1111,617,0,2
1111,708,1,3
1110,484,0,1
1110,617,0,2
1110,708,1,3
1112,484,0,1
1112,617,0,2
1112,708,1,3
208,99,0,1
208,1475,1,3
195,1614,0,1
195,1273,0,2
195,1083,1,3
1104,1614,0,1
1104,1273,0,2
1104,1083,1,3
70,216,0,1
70,1273,0,2
70,1403,1,3
71,216,0,1
71,1273,0,2
71,1403,1,3
68,1504,0,1
68,1269,0,2
68,864,1,3
69,1504,0,1
69,1269,0,2
69,864,1,3
74,1273,0,1
74,486,0,2
74,227,1,3
75,1273,0,1
75,486,0,2
75,227,1,3
72,704,0,1
73,705,0,1
62,713,0,1
63,1509,0,1
429,1475,0,1
428,1407,0,1
427,317,0,1
427,1283,1,3
426,317,0,1
426,1283,1,3
433,317,0,1
433,1283,1,3
432,316,0,1
432,1502,1,3
431,316,0,1
431,1502,1,3
430,316,0,1
430,1502,1,3
435,315,0,1
435,1276,1,3
434,315,0,1
434,1276,1,3
309,315,0,1
309,1276,1,3
310,218,0,1
310,616,0,2
310,216,1,3
311,218,0,1
311,616,0,2
311,216,1,3
312,218,0,1
312,616,0,2
312,1165,1,3
305,570,0,1
305,1474,0,2
305,703,1,3
306,570,0,1
306,1474,0,2
306,703,1,3
307,324,0,1
308,1389,0,1
313,1506,0,1
314,215,0,1
314,557,0,2
314,567,1,3
1573,215,0,1
1573,557,0,2
1573,567,1,3
1570,1390,0,1
626,1272,0,1
626,1409,0,2
626,1480,1,3
1579,1272,0,1
1579,1409,0,2
1579,1480,1,3
1386,218,0,1
1386,438,0,2
1386,566,1,3
1385,218,0,1
1385,229,0,2
1385,566,1,3
1565,1284,0,1
1387,584,0,1
1387,866,0,2
1387,231,1,3
1397,584,0,1
1397,866,0,2
1397,231,1,3
665,1504,0,1
665,1592,0,2
665,1609,1,3
758,1504,0,1
758,1592,0,2
758,1609,1,3
759,571,0,1
759,1407,1,3
950,571,0,1
950,1407,1,3
952,1380,0,1
952,1168,1,3
941,1380,0,1
941,1168,1,3
945,1611,0,1
945,1505,0,2
945,85,1,3
932,1611,0,1
932,1505,0,2
932,85,1,3
938,1209,0,1
938,1404,1,3
1286,1209,0,1
1286,1404,1,3
1287,1288,0,1
1287,1379,0,2
1287,219,1,3
425,1288,0,1
425,1379,0,2
425,1167,1,3
1347,1380,0,1
1347,1404,0,2
1347,1480,1,3
412,1380,0,1
412,1404,0,2
412,1480,1,3
398,1380,0,1
398,1392,0,2
398,1480,1,3
393,1589,0,1
393,1277,0,2
393,1614,1,3
1334,1609,0,1
1334,227,0,2
1334,711,1,3
1601,1085,0,1
1601,1174,1,3
1332,581,0,1
1599,582,0,1
1329,583,0,1
1329,870,1,3
1485,583,0,1
1485,870,1,3
1486,1391,0,1
1486,1373,1,3
1487,863,0,1
1488,1052,0,1
656,585,0,1
657,1206,0,1
1491,441,0,1
1492,1583,0,1
1492,1615,0,2
1492,864,1,3
661,1285,0,1
662,1275,0,1
662,1474,0,2
662,228,1,3
1116,1281,0,1
1116,484,0,2
1116,1405,1,3
1115,1280,0,1
1118,1476,0,1
1118,82,0,2
1118,225,1,3
1117,1476,0,1
1117,82,0,2
1117,225,1,3
1120,1476,0,1
1120,82,0,2
1120,225,1,3
1119,1049,0,1
1119,227,1,3
1122,1050,0,1
1122,227,1,3
1121,1084,0,1
1121,227,1,3
1124,1039,0,1
1124,227,1,3
1123,1373,0,1
1016,864,0,1
1017,1146,0,1
1014,1145,0,1
1015,1051,0,1
1020,1051,0,1
1021,1051,0,1
1018,1051,0,1
1019,1051,0,1
1022,1051,0,1
1023,1051,0,1
303,76,0,1
38,1047,0,1
300,1381,0,1
301,1051,0,1
33,1051,0,1
299,1051,0,1
288,1051,0,1
290,1406,0,1
278,83,0,1
213,557,0,1
165,317,0,1
165,1084,1,3
164,317,0,1
164,1084,1,3
1302,317,0,1
1302,1084,1,3
166,316,0,1
166,1152,1,3
161,316,0,1
161,1152,1,3
1003,316,0,1
1003,1152,1,3
163,315,0,1
163,697,1,3
162,315,0,1
162,697,1,3
1219,315,0,1
1219,697,1,3
158,1588,0,1
158,568,1,3
279,1588,0,1
279,568,1,3
280,218,0,1
280,1167,0,2
280,230,1,3
281,218,0,1
281,1167,0,2
281,230,1,3
282,87,0,1
282,1167,0,2
282,800,1,3
283,324,0,1
283,1402,0,2
283,227,1,3
284,324,0,1
284,1402,0,2
284,227,1,3
285,324,0,1
285,1273,0,2
285,227,1,3
286,217,0,1
286,562,0,2
286,570,1,3
276,217,0,1
276,562,0,2
276,570,1,3
277,1138,0,1
277,231,0,2
277,1505,1,3
406,1138,0,1
406,231,0,2
406,1505,1,3
405,1288,0,1
405,217,0,2
405,1476,1,3
404,1288,0,1
404,566,0,2
404,1476,1,3
403,1474,0,1
403,441,0,2
403,1617,1,3
402,1474,0,1
402,441,0,2
402,1617,1,3
401,1151,0,1
401,482,1,3
400,1474,0,1
400,613,1,3
399,803,0,1
399,561,0,2
399,1408,1,3
408,803,0,1
408,78,0,2
408,1408,1,3
407,803,0,1
407,78,0,2
407,1408,1,3
511,807,0,1
511,568,0,2
511,1476,1,3
512,807,0,1
512,568,0,2
512,222,1,3
509,807,0,1
509,568,0,2
509,86,1,3
510,805,0,1
510,321,0,2
510,870,1,3
515,805,0,1
515,321,0,2
515,870,1,3
516,801,0,1
513,1617,0,1
513,791,1,3
514,1617,0,1
514,791,1,3
517,482,0,1
517,871,0,2
517,1379,1,3
518,804,0,1
518,220,0,2
518,1381,1,3
632,1408,0,1
632,439,0,2
632,78,1,3
631,1408,0,1
631,439,0,2
631,78,1,3
634,866,0,1
634,1381,1,3
633,866,0,1
633,1381,1,3
636,1075,0,1
636,1076,1,3
635,1075,0,1
635,1076,1,3
638,1077,0,1
638,1375,0,2
638,93,1,3
637,1077,0,1
637,1375,0,2
637,93,1,3
640,1077,0,1
640,1375,0,2
640,93,1,3
639,99,0,1
639,1273,0,2
639,1166,1,3
770,99,0,1
770,1273,0,2
770,1166,1,3
771,99,0,1
771,1273,0,2
771,1166,1,3
772,1170,0,1
772,320,0,2
772,1174,1,3
773,863,0,1
773,710,0,2
773,926,1,3
766,1075,0,1
766,925,1,3
767,566,0,1
767,1267,1,3
1179,443,0,1
1179,927,0,2
1179,1269,1,3
1181,924,0,1
764,1480,0,1
764,1586,1,3
765,1480,0,1
765,1586,1,3
887,863,0,1
887,1174,1,3
886,1615,0,1
886,1049,1,3
885,1409,0,1
885,806,1,3
884,1409,0,1
884,806,1,3
891,809,0,1
890,808,0,1
889,1609,0,1
889,1510,0,2
889,1050,1,3
888,920,0,1
883,1165,0,1
883,1072,1,3
882,1165,0,1
882,1072,1,3
829,1406,0,1
829,222,0,2
829,229,1,3
830,1406,0,1
830,871,0,2
830,1282,1,3
827,1407,0,1
827,1474,0,2
827,229,1,3
828,1407,0,1
828,1269,0,2
828,1282,1,3
825,1073,0,1
825,1072,0,2
825,802,1,3
826,1509,0,1
826,486,0,2
826,1076,1,3
823,1509,0,1
823,486,0,2
823,1076,1,3
824,1509,0,1
824,486,0,2
824,1076,1,3
832,1150,0,1
833,1149,0,1
947,87,0,1
946,1609,0,1
949,559,0,1
948,1380,0,1
943,1527,0,1
942,1530,0,1
265,555,0,1
944,556,0,1
951,1167,0,1
1393,87,0,1
1395,87,0,1
1394,87,0,1
1596,1375,0,1
1596,225,1,3
1396,1375,0,1
1396,225,1,3
1399,1616,0,1
1398,1506,0,1
838,1506,0,1
831,1506,0,1
1239,1506,0,1
1240,1506,0,1
1237,1506,0,1
1238,212,0,1
1235,212,0,1
1236,212,0,1
1233,323,0,1
1233,703,0,2
1233,1378,1,3
1234,1165,0,1
1234,1582,1,3
1241,1616,0,1
1242,231,0,1
1140,1406,0,1
1139,1502,0,1
372,1587,0,1
1137,788,0,1
1144,479,0,1
1143,218,0,1
1143,486,0,2
1143,613,1,3
1142,1477,0,1
1141,216,0,1
1141,1273,0,2
1141,1403,1,3
1148,216,0,1
1148,1273,0,2
1148,1403,1,3
424,216,0,1
424,1273,0,2
424,1403,1,3
1037,216,0,1
1037,1273,0,2
1037,1403,1,3
1038,216,0,1
1038,1273,0,2
1038,1403,1,3
1081,216,0,1
1081,1273,0,2
1081,1403,1,3
1040,86,0,1
1041,710,0,1
1042,436,0,1
1043,607,0,1
1044,1612,0,1
1045,1501,0,1
1086,706,0,1
199,707,0,1
198,1378,0,1
201,710,0,1
200,566,0,1
1105,1403,0,1
194,1378,0,1
197,1381,0,1
196,616,0,1
207,698,0,1
206,84,0,1
382,869,0,1
383,709,0,1
60,1613,0,1
61,1265,0,1
66,440,0,1
67,1502,0,1
64,99,0,1
65,93,0,1
390,100,0,1
392,703,0,1
1607,1271,0,1
1606,1589,0,1
1606,711,1,3
1605,1506,0,1
1604,1506,0,1
1603,1617,0,1
1602,1615,0,1
1333,93,0,1
1600,709,0,1
1331,1609,0,1
1598,1077,0,1
1497,1474,0,1
1498,441,0,1
1499,100,0,1
1500,611,0,1
1493,1479,0,1
1494,93,0,1
1495,710,0,1
1496,712,0,1
1489,578,0,1
1490,579,0,1
448,871,0,1
448,1615,1,3
447,871,0,1
447,1615,1,3
450,871,0,1
450,1615,1,3
449,871,0,1
449,1615,1,3
452,871,0,1
452,1615,1,3
451,871,0,1
451,1615,1,3
454,1475,0,1
453,1165,0,1
456,1267,0,1
455,707,0,1
335,703,0,1
336,568,0,1
336,222,0,2
336,86,1,3
333,568,0,1
333,222,0,2
333,86,1,3
334,568,0,1
334,222,0,2
334,86,1,3
331,871,0,1
331,1615,1,3
332,871,0,1
332,1615,1,3
329,871,0,1
329,1615,1,3
330,871,0,1
330,1615,1,3
327,871,0,1
327,1615,1,3
328,871,0,1
328,1615,1,3
1465,1279,0,1
1466,565,0,1
1466,1282,1,3
1467,565,0,1
1467,1282,1,3
1468,565,0,1
1468,1271,1,3
1469,565,0,1
1469,1271,1,3
1470,870,0,1
1470,1048,0,2
1470,100,1,3
1471,870,0,1
1471,1048,0,2
1471,100,1,3
1472,216,0,1
1472,1381,0,2
1472,482,1,3
1473,1297,0,1
1473,1381,0,2
1473,482,1,3
614,83,0,1
614,864,0,2
614,1278,1,3
1577,83,0,1
1577,864,0,2
1577,1278,1,3
1576,83,0,1
1576,864,0,2
1576,1278,1,3
1298,1180,0,1
1298,568,0,2
1298,1046,1,3
1574,1180,0,1
1574,568,0,2
1574,1046,1,3
1581,1273,0,1
1581,1083,1,3
1580,1076,0,1
1580,1615,0,2
1580,323,1,3
1301,1388,0,1
1578,1388,0,1
370,1561,0,1
1584,1561,0,1
56,1561,0,1
57,570,0,1
57,1474,0,2
57,703,1,3
358,1506,0,1
359,1390,0,1
356,1390,0,1
357,1390,0,1
354,218,0,1
354,438,0,2
354,611,1,3
355,1284,0,1
58,1380,0,1
58,1168,1,3
59,1209,0,1
59,1404,1,3
233,585,0,1
232,585,0,1
1194,585,0,1
234,585,0,1
1196,585,0,1
1195,585,0,1
239,585,0,1
238,585,0,1
1182,585,0,1
224,585,0,1
350,585,0,1
351,585,0,1
352,585,0,1
353,1285,0,1
346,1285,0,1
347,1285,0,1
348,1476,0,1
348,82,0,2
348,225,1,3
349,1047,0,1
627,871,0,1
627,1615,1,3
343,1076,0,1
343,1615,0,2
343,323,1,3
967,1272,0,1
967,1409,0,2
967,1480,1,3
966,1504,0,1
965,710,0,1
3,571,0,1
3,1407,1,3
960,1583,0,1
960,1615,0,2
960,864,1,3
532,76,0,1
958,76,0,1
955,1147,0,1
954,871,0,1
954,1615,1,3
953,217,0,1
953,703,0,2
953,1375,1,3
572,871,0,1
572,1615,1,3
373,216,0,1
373,710,0,2
373,1167,1,3
1552,217,0,1
1552,921,0,2
1552,1375,1,3
1558,217,0,1
1558,921,0,2
1558,1375,1,3
576,568,0,1
576,1504,0,2
576,231,1,3
577,919,0,1
577,1504,0,2
577,231,1,3
574,566,0,1
574,1267,1,3
575,1506,0,1
575,922,0,2
575,1039,1,3
1200,438,0,1
1200,927,0,2
1200,1269,1,3
419,613,0,1
719,1174,0,1
718,1281,0,1
721,560,0,1
721,1504,0,2
721,231,1,3
720,1075,0,1
720,1076,1,3
250,216,0,1
250,568,0,2
250,699,1,3
714,216,0,1
714,568,0,2
714,699,1,3
717,222,0,1
717,1609,1,3
716,923,0,1
716,1582,1,3
302,923,0,1
302,1582,1,3
289,924,0,1
593,928,0,1
594,713,0,1
595,801,0,1
596,801,0,1
597,804,0,1
597,211,0,2
597,1381,1,3
598,808,0,1
599,1504,0,1
599,1510,0,2
599,1050,1,3
600,920,0,1
589,1150,0,1
590,1149,0,1
735,87,0,1
734,559,0,1
733,1380,0,1
732,553,0,1
736,554,0,1
1430,0,0,1
112,374,0,2
248,0,1,3
1231,1513,0,2
625,486,0,2
746,1170,1,3
550,0,0,1
291,0,0,2
395,1296,0,2
1313,0,0,2
1113,0,0,1
561,1325,0,1
592,360,0,1
450,0,1,3
1429,0,1,3
1519,1138,0,1
1550,100,0,2
325,222,1,3
43,930,1,3
1304,1617,0,2
1303,0,1,3
1292,0,0,2
272,1167,1,3
569,568,0,1
561,0,1,3
708,0,1,3
580,0,0,1
861,1167,1,3
1585,1169,0,1
1097,324,0,1
1155,0,0,1
1618,1167,0,2
261,1378,1,3
492,867,0,1
1044,0,0,1
1234,0,1,3
1492,0,1,3
624,360,1,3
360,320,0,2
67,0,0,1
1243,757,1,3
1205,219,0,1
1595,0,1,3
763,0,0,1
1022,0,0,1
1166,0,0,1
1129,13,0,1
663,1506,0,1
499,220,0,1
972,1617,1,3
1481,438,0,1
92,974,0,1
786,225,0,1
621,930,1,3
40,930,1,3
431,0,1,3
630,1325,0,2
326,1325,0,1
742,613,1,3
503,974,0,2
1417,0,0,1
1522,317,0,1
306,0,0,1
980,0,0,1
368,0,1,3
1197,1170,1,3
1353,0,0,2
621,930,1,3
442,0,1,3
326,222,1,3
274,0,1,3
1637,1375,0,1
170,0,0,1
1517,85,1,3
1593,0,1,3
1423,0,0,2
331,0,0,1
615,0,0,2
1007,0,0,1
1347,0,0,2
1632,230,0,1
1209,1296,0,2
1212,0,0,1
4,0,0,2
1619,974,0,1
1524,116,0,2
959,1325,0,1
1265,0,0,1
1469,0,0,1
751,0,1,3
167,0,1,3
1190,87,0,1
286,1325,0,1
918,0,0,2
1317,0,0,1
1328,865,0,1
490,503,0,1
0,974,0,1
508,320,0,1
1435,0,0,1
981,0,0,1
1296,0,0,2
615,116,1,3
418,360,0,2
368,1264,0,2
995,0,0,1
1113,0,1,3
1315,0,0,2
820,0,0,1
91,0,0,2
267,0,0,1
8,82,0,1
1550,1378,1,3
460,0,0,2
1518,85,1,3
1207,0,0,2
111,320,0,1
118,444,0,2
387,617,1,3
1291,974,0,1
1353,0,0,2
1387,0,0,1
255,216,0,1
1361,0,0,1
395,226,1,3
97,930,0,2
166,0,0,1
1627,1610,0,1
580,0,1,3
1014,0,0,1
837,0,0,1
979,0,0,1
377,0,0,1
172,0,0,2
1547,1407,1,3
2,1617,0,1
1234,0,1,3
1359,1378,0,2
839,1575,1,3
1532,0,1,3
959,921,0,2
751,1170,0,1
1088,568,1,3
761,99,0,1
834,0,0,1
921,0,0,1
224,0,0,1
1631,974,0,2
650,0,0,2
754,1076,1,3
144,0,0,1
214,441,0,2
44,0,1,3
130,0,1,3
378,0,0,1
481,0,1,3
544,0,0,1
365,1269,0,1
752,0,1,3
1377,0,0,2
1317,0,1,3
154,558,0,1
740,0,0,1
983,1269,0,2
1009,225,1,3
115,0,0,2
1306,974,0,2
1632,1377,0,2
848,930,0,2
91,0,0,2
1360,0,1,3
1489,0,0,1
1367,360,1,3
1362,0,0,2
491,0,0,1
389,0,1,3
422,1296,1,3
1422,630,1,3
830,0,0,2
974,0,0,1
758,0,1,3
1303,0,1,3
1274,79,1,3
131,79,0,2
1095,613,0,2
497,0,0,2
710,0,0,1
918,1510,0,1
545,0,0,2
1441,0,0,2
830,0,0,2
1469,0,1,3
855,0,0,1
1619,974,0,1
1161,0,1,3
1633,445,1,3
622,480,1,3
1018,0,0,1
923,0,0,1
561,0,1,3
848,1379,1,3
1529,974,0,2
603,0,0,1
1321,1481,0,1
130,0,0,1
1441,0,0,1
769,1509,0,1
627,0,0,1
312,974,0,1
572,0,1,3
25,0,0,2
1008,360,0,2
463,0,1,3
268,0,0,1
1474,0,1,3
548,0,0,1
1279,0,0,2
1326,0,1,3
211,0,0,1
642,0,0,1
624,974,0,1
170,0,0,1
1455,369,1,3
1092,0,0,1
1341,0,0,1
1334,0,0,1
391,557,1,3
977,1522,1,3
1179,0,0,1
877,1506,0,1
1541,324,0,1
442,0,0,2
902,1325,0,1
978,324,0,1
378,0,1,3
302,0,1,3
630,1616,0,1
836,0,0,1
1034,0,0,2
856,1379,0,2
1482,0,1,3
853,1617,0,1
214,0,0,1
510,0,1,3
1028,1075,0,1
1107,482,1,3
1158,0,1,3
660,0,0,1
159,216,0,1
978,79,0,2
1315,0,0,2
650,0,0,2
1414,1617,0,1
639,0,1,3
1534,0,1,3
380,0,0,2
993,324,0,1
683,1514,0,2
176,0,1,3
26,0,0,1
1094,99,0,1
4,0,0,1
1206,0,1,3
1224,1610,0,1
588,566,0,1
1627,1380,0,2
1521,562,1,3
806,0,1,3
502,555,0,1
368,476,1,3
1193,0,0,1
1100,0,0,1
448,0,0,1
1526,320,0,1
1320,1481,0,1
394,869,0,1
1093,0,1,3
1438,0,1,3
1047,0,0,1
1374,0,0,2
1441,0,0,2
1324,100,1,3
563,0,0,1
214,1617,1,3
461,0,1,3
400,0,0,1
153,480,1,3
745,1170,1,3
739,87,0,1
980,0,0,1
1126,0,0,1
256,0,1,3
1628,611,0,2
847,1575,1,3
903,1288,0,1
331,0,0,1
1539,227,1,3
1518,974,0,1
769,318,0,2
1008,930,1,3
1292,230,1,3
39,0,0,1
1307,321,0,1
1313,1075,1,3
42,0,1,3
1000,0,0,1
621,360,0,2
619,80,1,3
1417,0,0,2
47,0,1,3
1563,0,0,2
903,1379,0,2
149,0,0,1
1534,0,0,1
1523,79,0,2
591,360,0,1
107,0,0,1
1466,0,0,1
381,80,0,1
1542,0,0,1
192,0,0,1
1624,222,0,2
569,222,0,2
1292,974,0,1
494,324,1,3
52,0,1,3
740,0,0,1
387,0,0,2
571,0,0,1
262,1405,0,2
565,0,0,2
1112,0,0,1
619,1407,0,2
1433,1506,0,1
507,866,0,1
749,0,0,1
1350,230,0,1
690,0,1,3
240,0,0,1
13,1617,0,1
1414,80,1,3
396,1296,0,2
603,567,1,3
964,87,0,1
1291,0,0,2
249,1296,0,2
1294,87,1,3
160,0,1,3
13,80,0,2
1131,1325,0,1
858,445,0,1
118,0,0,1
973,1617,1,3
946,0,0,1
1214,0,0,2
396,360,0,1
1519,930,0,2
1008,0,0,1
508,557,1,3
601,1586,1,3
1519,930,0,2
741,974,0,1
474,360,0,2
856,611,1,3
834,0,0,1
1008,369,1,3
266,0,0,1
412,0,0,2
1166,0,0,2
1145,0,1,3
608,0,0,2
474,919,0,1
1419,369,1,3
997,0,0,2
1009,441,0,2
741,613,1,3
1308,321,0,1
195,0,0,1
1158,438,0,1
1289,235,1,3
1413,0,0,2
1442,1613,1,3
245,227,0,1
666,0,0,1
484,0,0,1
855,100,1,3
1482,438,0,1
961,0,0,1
1014,0,0,1
1413,230,1,3
1442,1588,0,2
270,230,0,1
535,0,0,1
1349,488,0,1
1195,0,0,1
1630,222,1,3
123,1167,1,3
388,568,0,1
1217,617,1,3
461,87,0,1
1385,974,0,1
1467,0,0,1
985,926,1,3
609,0,0,1
506,866,0,1
1440,225,1,3
1010,225,1,3
68,0,1,3
1629,566,1,3
1008,930,1,3
241,1269,1,3
968,0,0,1
615,116,1,3
1628,566,1,3
836,0,1,3
1154,1401,0,1
996,708,1,3
386,0,0,1
717,0,1,3
379,1073,1,3
1471,0,0,2
1326,216,0,2
1538,227,1,3
1002,437,0,2
786,610,0,2
962,0,0,1
1505,0,0,1
990,1509,1,3
1535,441,0,1
1096,1207,0,1
1295,0,0,2
1095,219,1,3
1064,0,0,1
1025,0,0,2
381,0,0,2
1340,360,0,2
872,315,0,1
1421,617,1,3
1439,1273,0,2
954,0,1,3
369,87,0,1
1413,974,0,1
1430,0,0,1
1625,1165,1,3
1545,1506,0,1
1015,0,0,1
857,1154,0,1
446,1476,0,1
1036,568,1,3
1151,0,0,1
451,0,0,1
496,0,0,2
757,697,0,2
620,82,0,2
863,0,0,1
1135,1284,0,1
1372,1610,0,1
330,0,0,1
655,0,0,2
493,974,1,3
1357,0,0,2
593,1190,0,1
1481,222,0,2
1431,1269,0,2
113,98,1,3
631,768,0,2
385,482,1,3
1016,0,0,1
737,0,0,2
398,0,0,2
841,441,0,2
621,360,0,2
1055,479,0,1
422,82,0,1
127,87,0,1
1214,0,0,1
80,0,0,1
494,1167,0,2
1438,216,0,1
301,0,0,1
1022,0,0,1
962,0,0,1
663,0,1,3
387,0,0,2
1593,0,0,1
862,1407,1,3
974,0,0,1
1359,445,0,1
1308,1325,1,3
1387,0,0,1
4,0,0,1
107,0,0,2
839,315,0,1
1593,0,0,1
1629,320,0,1
460,0,1,3
397,1154,0,1
192,0,0,1
1056,0,0,1
460,0,1,3
968,98,1,3
1155,0,0,2
1286,0,1,3
1435,360,0,2
257,865,0,2
957,1588,0,1
976,0,1,3
1558,1325,0,1
1048,0,0,2
752,0,1,3
121,13,0,1
1040,0,0,1
1235,0,0,1
755,0,0,1
662,476,1,3
1424,974,0,1
133,768,0,1
1277,0,0,1
329,0,0,1
398,0,0,2
59,0,0,1
487,1509,1,3
126,87,0,1
583,0,1,3
1532,216,0,1
628,503,0,1
1172,0,0,1
1486,0,1,3
1231,0,0,1
1523,93,1,3
376,1047,0,1
246,1376,0,1
1413,974,0,1
603,0,0,1
1426,567,0,2
801,0,1,3
367,0,0,2
989,610,0,2
1291,0,0,2
1419,568,0,1
1375,974,0,1
1299,257,0,1
603,0,0,1
496,0,0,2
1206,0,0,1
170,0,0,1
1507,0,0,1
421,1296,1,3
109,1377,1,3
529,1281,0,1
365,0,0,2
543,0,0,2
1514,369,1,3
1620,1269,0,1
1542,0,0,1
1175,0,0,1
214,0,0,1
1590,131,1,3
752,0,0,2
1056,0,0,1
1375,0,1,3
1109,0,1,3
1546,0,0,1
121,1409,0,2
749,0,0,1
1048,0,0,1
1422,83,0,1
1096,1207,0,1
619,1617,0,1
968,0,0,1
1294,0,0,1
214,0,0,1
253,1480,0,1
1357,1154,0,2
239,0,0,1
53,0,1,3
1555,1513,1,3
249,1167,1,3
24,1083,1,3
1543,0,0,1
478,0,0,1
586,1610,0,1
1324,0,0,1
1527,0,0,1
1291,974,0,1
1113,0,0,1
1236,0,0,1
1621,757,0,2
1527,374,0,2
152,0,1,3
1080,1506,0,1
1259,0,0,1
879,486,0,2
1064,0,0,1
1423,83,0,1
1619,1167,0,2
595,0,0,1
738,0,0,1
176,0,1,3
1036,0,0,2
1123,0,0,1
1243,0,1,3
1093,1167,0,2
874,1506,0,1
1090,1509,0,1
1293,0,0,1
1048,0,1,3
1467,0,0,1
621,0,0,1
752,0,0,2
1577,0,0,2
808,0,0,1
1546,0,0,1
763,558,0,2
762,0,0,1
792,0,0,1
854,1075,0,2
1519,1505,1,3
655,0,1,3
460,0,0,2
646,0,1,3
1202,0,1,3
277,930,0,2
1125,0,0,1
240,1170,1,3
618,1617,0,1
609,0,0,1
1621,1075,1,3
206,0,0,1
641,0,0,1
855,1075,0,2
840,315,0,1
1085,930,1,3
768,318,0,2
1475,989,0,2
1474,0,1,3
496,0,0,1
1593,0,0,2
557,0,1,3
1295,87,1,3
1303,1608,0,1
118,0,1,3
857,0,0,1
1624,0,1,3
0,0,0,2
1207,0,0,2
109,222,0,1
529,0,0,2
755,0,0,1
1279,0,0,2
851,0,1,3
165,0,1,3
1501,0,0,1
658,216,0,1
641,0,0,1
1432,974,0,1
1160,0,0,1
1211,0,0,1
730,1165,1,3
463,0,1,3
1423,0,0,2
1001,1075,0,1
1092,0,0,1
1311,1380,0,2
1358,0,1,3
245,235,1,3
1224,0,1,3
588,0,0,2
1090,1076,1,3
473,1480,0,1
587,0,0,2
246,0,1,3
1208,438,1,3
878,974,0,1
503,1264,1,3
625,974,0,1
982,0,0,1
1623,1608,0,1
1057,324,0,1
1390,374,0,2
1430,0,0,1
1176,1270,0,2
1093,0,1,3
750,0,0,1
1220,0,1,3
647,0,0,1
1058,0,0,1
277,369,0,2
977,1521,1,3
302,0,1,3
69,0,1,3
1099,0,0,1
1540,0,0,1
1432,974,0,1
899,1325,1,3
97,0,0,1
792,757,0,1
120,99,0,1
801,0,1,3
1150,0,0,1
159,1167,1,3
1102,85,1,3
909,0,0,1
1350,225,0,2
1539,0,0,1
658,1588,0,2
836,0,0,1
1540,87,0,2
1065,0,0,1
256,216,0,1
1501,0,0,1
1317,0,0,1
1313,0,0,2
808,0,0,1
1317,0,1,3
506,1296,1,3
1529,0,0,1
786,369,1,3
1439,0,1,3
996,0,0,1
483,229,0,2
929,0,0,1
1125,476,0,1
850,0,0,2
1210,0,0,2
623,1380,0,1
1361,757,1,3
1114,1409,0,2
827,0,0,2
991,1509,1,3
140,159,0,1
801,0,0,1
853,80,1,3
478,0,0,1
763,0,0,1
1031,0,0,2
211,0,0,1
457,0,0,1
751,320,0,2
1213,0,0,1
62,1372,0,1
77,1406,1,3
1354,0,0,2
862,617,0,2
1293,1325,0,2
591,0,1,3
1047,0,0,2
1631,235,1,3
1265,0,0,2
955,763,0,1
667,0,1,3
837,0,0,2
964,227,1,3
1296,1376,1,3
1164,0,0,2
386,0,0,1
497,989,0,1
1217,441,0,2
1421,0,0,1
902,562,0,2
1438,1273,0,2
740,0,0,1
402,0,0,1
50,974,0,1
629,0,0,1
731,320,0,1
582,0,1,3
186,0,0,1
1618,974,0,1
836,0,0,2
1357,0,1,3
33,0,0,1
261,562,0,2
913,1506,0,1
483,0,1,3
483,0,0,1
1481,0,1,3
385,374,0,2
854,0,0,1
1317,0,0,1
0,230,1,3
628,0,0,1
1175,0,0,1
386,617,1,3
463,0,0,1
1524,1296,1,3
1319,0,0,2
842,0,1,3
1253,480,0,1
880,866,1,3
381,87,1,3
1637,1154,1,3
613,0,1,3
1201,867,0,1
138,0,0,1
264,0,0,1
850,1617,1,3
1508,0,0,1
255,0,1,3
174,0,0,1
384,374,0,2
655,0,1,3
517,0,0,2
911,0,0,1
459,0,1,3
268,0,0,1
496,0,1,3
1521,317,0,1
239,0,0,1
646,0,1,3
325,320,0,2
1383,863,0,1
901,1325,0,1
361,222,1,3
1412,230,1,3
850,1270,0,1
43,369,1,3
1282,0,0,1
1205,866,1,3
159,1296,0,2
1377,0,0,1
663,0,1,3
1588,0,0,2
1436,1293,0,1
1413,0,0,2
1224,0,1,3
1412,0,0,2
104,611,0,1
571,369,1,3
1260,0,0,1
259,1506,0,1
535,0,0,1
107,482,1,3
1411,1306,0,1
141,1165,0,2
849,0,0,1
592,0,1,3
1210,610,1,3
2,617,1,3
505,87,0,1
122,13,0,1
474,930,1,3
1432,0,1,3
1212,1575,1,3
501,0,0,1
963,227,1,3
83,0,0,1
650,0,0,1
1124,0,0,1
1068,0,0,1
1291,230,1,3
5,229,0,1
116,441,0,1
743,317,0,1
1418,369,1,3
592,1592,0,2
1525,99,0,1
932,989,0,1
1102,315,0,1
1304,1608,0,1
424,0,1,3
1635,930,0,1
693,360,1,3
1093,0,1,3
708,0,1,3
1367,0,0,1
1217,1407,0,1
1296,0,0,2
476,1207,1,3
1175,1170,1,3
88,1207,1,3
36,0,0,1
572,0,0,1
1354,0,1,3
1548,804,0,1
1352,0,0,1
368,1409,0,1
193,0,0,1
769,85,1,3
68,0,1,3
615,0,0,2
1151,0,0,1
1435,0,0,1
1150,0,1,3
623,480,1,3
193,0,0,1
193,0,0,1
603,98,0,2
1141,0,1,3
1267,0,0,1
1549,360,0,2
132,79,0,2
1637,1154,1,3
742,974,0,1
1165,0,0,1
473,562,1,3
1243,0,0,1
1125,0,0,1
820,0,1,3
918,0,0,2
1057,611,1,3
361,320,0,2
1176,1170,1,3
1326,1296,0,1
681,1154,1,3
834,0,0,1
1226,0,1,3
498,869,1,3
1362,0,0,2
306,0,0,2
684,974,1,3
1122,1312,0,1
118,0,1,3
1112,0,0,1
271,1167,1,3
887,0,1,3
660,1046,1,3
1114,13,0,1
642,320,0,2
541,0,0,2
1607,0,0,1
442,0,0,1
1432,0,0,2
1136,0,0,1
492,974,1,3
1523,1510,0,1
918,227,1,3
481,0,0,1
459,0,0,1
126,227,1,3
1085,0,0,2
688,0,1,3
504,87,0,1
835,1049,1,3
985,863,0,1
337,0,0,1
1232,1514,0,2
248,562,0,2
150,0,1,3
1400,0,0,2
1310,930,1,3
843,0,1,3
481,0,0,1
1290,0,0,2
1157,0,1,3
1421,0,0,1
495,1167,0,2
756,79,0,2
608,0,0,1
1221,369,1,3
1059,0,0,1
500,220,0,1
1034,0,0,2
1465,0,0,1
391,0,0,1
564,0,0,1
1006,0,0,2
1216,441,0,2
1551,0,1,3
571,0,0,1
996,617,0,2
981,0,0,1
1527,0,0,1
1008,0,0,1
364,1325,0,1
1171,0,0,1
11,1083,1,3
971,0,0,1
667,0,1,3
1531,0,1,3
854,100,1,3
1517,0,0,2
1279,159,0,1
1057,321,0,2
612,1480,0,1
706,0,0,1
650,0,0,1
1630,445,0,2
68,360,0,1
270,1377,0,2
756,0,1,3
703,0,0,2
739,0,1,3
982,226,1,3
447,0,0,1
1160,0,0,1
142,710,0,1
421,1265,0,2
1207,610,1,3
207,0,0,1
192,369,1,3
131,93,1,3
767,0,1,3
1048,0,0,1
708,0,0,1
337,0,0,1
1171,0,0,1
1390,13,1,3
880,1325,0,1
1534,974,0,2
1306,1325,0,1
668,0,0,1
1548,211,0,2
751,0,1,3
749,0,0,1
501,98,0,2
329,0,0,1
25,1378,1,3
1441,0,1,3
1314,0,1,3
498,324,0,2
872,865,1,3
979,0,0,1
1157,567,0,2
989,0,1,3
1047,0,1,3
1324,0,0,1
627,0,0,1
13,0,1,3
273,0,1,3
1350,1075,1,3
1286,0,0,1
1621,0,0,2
1326,1296,0,1
917,1510,0,1
1125,610,0,2
683,1513,0,2
342,1372,0,1
1213,0,0,1
1182,0,0,1
493,867,0,1
230,0,1,3
1582,974,0,2
1076,0,0,1
970,100,0,1
1482,222,0,2
1470,0,0,2
417,360,0,2
240,369,0,2
518,1296,1,3
396,226,1,3
273,0,0,1
852,1617,0,1
962,0,1,3
1157,0,1,3
568,0,0,2
103,87,0,1
1514,369,1,3
492,974,1,3
623,0,1,3
1514,1610,0,1
1481,0,1,3
1003,0,0,1
170,609,1,3
1435,360,0,2
647,0,0,1
859,1276,1,3
377,0,0,1
336,0,1,3
587,99,1,3
1001,1076,1,3
209,360,0,1
1000,0,1,3
1166,0,0,2
482,0,0,1
1437,0,0,1
1520,1072,1,3
1048,0,0,2
1182,0,0,1
210,436,0,1
1539,0,0,1
1221,1505,0,1
1035,568,1,3
1178,0,0,1
745,0,0,1
1029,1296,1,3
493,1376,0,2
138,0,0,1
1079,1506,0,1
360,1325,0,1
754,0,0,1
1425,974,0,1
1294,0,0,2
113,445,0,1
121,1480,1,3
810,1513,1,3
737,83,0,1
1400,974,0,1
1387,369,1,3
44,0,1,3
1312,974,0,1
1484,87,0,1
592,0,1,3
655,0,0,2
1530,374,1,3
768,1509,0,1
1232,0,0,1
848,369,0,2
1108,1296,0,2
326,1325,0,1
956,1588,0,1
1296,82,0,1
1507,0,0,1
618,1407,0,2
1204,1379,0,2
1085,369,1,3
1551,159,0,1
116,225,1,3
837,0,1,3
1417,0,0,2
119,709,0,1
827,0,0,2
756,0,1,3
662,0,0,2
495,1402,0,1
1302,0,1,3
941,0,1,3
501,0,0,1
810,1407,0,1
1427,0,0,1
791,0,0,1
1546,1407,1,3
1214,0,0,1
1172,1076,1,3
661,1293,0,1
1293,0,0,1
123,87,0,1
739,0,1,3
212,0,0,1
1059,0,0,1
930,0,1,3
731,566,1,3
541,0,0,2
1007,0,0,1
993,1402,0,2
1096,219,1,3
46,1296,0,2
400,0,0,1
1175,1270,0,2
666,0,0,1
959,1375,1,3
841,0,0,1
130,0,0,1
140,557,0,2
120,0,1,3
117,1149,0,1
1548,1296,1,3
1492,0,0,2
795,0,0,2
1384,1617,1,3
1330,1506,0,1
1320,1482,0,1
954,0,0,1
902,1325,0,1
90,0,0,2
579,0,0,2
1107,216,0,1
663,922,0,2
108,482,1,3
976,317,0,1
744,1297,0,1
930,0,1,3
1540,1167,1,3
1035,0,0,2
251,0,1,3
1534,0,1,3
990,220,0,1
862,1617,0,1
748,0,0,1
1418,360,0,2
487,211,0,2
1426,0,1,3
430,0,1,3
961,0,1,3
47,1296,0,2
507,1296,1,3
1318,867,0,1
1636,369,0,1
578,0,1,3
1543,0,0,1
539,0,0,2
507,1296,1,3
1201,1376,0,2
863,0,1,3
1372,486,1,3
962,0,1,3
212,0,0,1
127,227,1,3
262,865,0,1
476,321,0,1
840,1575,1,3
1106,1627,0,1
1547,0,0,1
325,1325,0,1
811,1514,1,3
1199,488,0,1
849,0,0,1
738,0,0,1
478,444,1,3
101,0,1,3
706,0,0,1
1179,0,0,1
146,0,0,1
1427,0,0,1
1253,0,0,1
977,1075,0,1
240,930,0,2
1517,974,0,1
1502,974,0,1
1211,0,0,2
524,1154,0,2
1634,0,0,1
129,0,0,2
953,0,0,2
1016,0,0,1
450,0,0,1
33,0,0,1
1420,1508,0,1
659,707,0,1
430,0,1,3
1559,0,1,3
1522,562,1,3
1056,708,1,3
1293,1325,0,2
1025,0,0,2
1626,315,0,1
311,0,0,2
1337,0,0,1
1593,0,0,1
1315,0,1,3
490,503,0,1
1405,1325,1,3
530,317,0,1
630,482,1,3
1300,257,0,1
407,739,0,1
1568,0,0,2
626,13,0,1
968,0,0,1
1410,1306,0,1
1314,441,0,2
1196,0,0,1
1492,0,1,3
1323,87,0,1
483,0,0,1
1621,1269,0,1
909,0,0,2
396,360,0,1
1431,0,0,1
917,0,0,2
568,0,0,2
196,0,0,1
331,0,1,3
1540,0,0,1
536,116,0,2
108,0,0,1
1469,757,1,3
1564,974,0,1
263,0,0,1
642,1165,1,3
448,0,0,1
269,1380,0,1
1068,0,0,1
742,974,0,1
774,0,0,1
1416,1273,1,3
1108,482,1,3
366,0,0,1
795,0,0,2
1289,989,0,1
835,0,0,1
490,0,0,1
1203,613,0,2
1479,0,1,3
630,1325,0,2
608,0,0,2
354,974,0,1
1154,0,0,2
706,0,0,2
988,0,0,1
124,1167,1,3
909,0,0,1
380,80,0,1
661,0,0,1
973,863,0,1
1154,568,1,3
1416,1506,0,1
298,0,0,1
1635,930,0,1
1188,0,0,1
842,0,1,3
711,0,0,1
514,0,1,3
463,0,0,1
974,0,0,1
1339,360,0,2
1538,0,0,1
140,159,0,1
976,0,1,3
1044,0,0,1
467,0,0,1
380,87,1,3
953,1325,0,1
1289,0,0,2
1415,0,0,1
1374,360,0,1
1609,0,1,3
108,0,0,2
1176,0,0,1
1197,0,0,1
150,480,1,3
1528,0,0,1
618,80,1,3
133,441,1,3
1455,930,1,3
500,211,0,2
785,583,0,1
1201,974,1,3
366,0,0,1
1109,0,1,3
508,1165,0,2
386,0,0,1
841,0,0,1
328,0,1,3
244,315,0,1
1625,315,0,1
837,0,0,2
848,1077,0,1
604,1165,0,1
1431,226,1,3
1452,1288,0,1
1236,0,0,1
1441,0,0,2
368,0,1,3
114,445,0,1
1019,0,0,1
188,0,0,1
7,0,0,1
257,0,1,3
299,0,0,1
571,360,0,2
1095,1207,0,1
55,0,1,3
750,0,0,1
1518,974,0,1
1125,1264,1,3
264,0,0,1
1071,0,0,1
1019,0,0,1
1053,1325,0,1
288,0,0,1
1089,1610,0,1
580,229,0,2
1028,1076,1,3
656,0,0,1
624,486,0,2
1445,0,0,1
329,0,1,3
1283,0,1,3
1422,0,0,2
1418,930,1,3
1036,318,0,1
539,0,0,2
847,315,0,1
1515,1506,0,1
678,0,0,1
1163,159,0,1
784,0,1,3
306,0,0,1
621,369,1,3
1056,0,0,1
515,0,1,3
846,315,0,1
460,0,1,3
365,0,0,2
407,0,0,1
959,1325,0,1
1422,630,1,3
377,0,1,3
241,927,0,2
621,0,0,1
474,360,0,2
25,0,0,1
1528,0,0,1
1580,0,1,3
477,1514,1,3
269,0,1,3
495,324,1,3
624,360,1,3
995,1475,1,3
982,1269,0,2
995,0,0,1
1331,0,0,1
105,1409,0,1
459,0,0,1
1339,0,1,3
881,1379,0,2
1076,0,0,1
59,0,1,3
1021,0,0,1
1382,0,0,2
111,1167,1,3
1320,1482,0,1
602,0,0,1
1252,0,0,1
1549,360,0,2
1024,1296,1,3
399,0,0,1
557,0,0,2
837,0,0,2
258,0,1,3
1436,0,0,1
762,558,0,2
1094,0,1,3
30,1409,0,1
5,100,0,2
1362,480,1,3
1086,0,0,1
125,1283,1,3
1286,0,1,3
249,866,0,1
1601,0,1,3
1107,1296,0,2
364,1408,0,2
881,1325,0,1
1018,0,0,1
1319,867,0,1
1174,0,0,1
1207,1510,0,1
580,0,1,3
11,1610,0,1
263,0,0,1
1634,0,0,1
30,1325,1,3
509,0,1,3
1148,0,1,3
812,556,0,1
1010,441,0,2
135,1296,0,2
768,85,1,3
1594,131,1,3
976,0,1,3
1531,216,0,1
1164,974,0,1
879,974,0,1
122,1480,1,3
1166,0,0,1
1314,159,0,1
1101,0,0,1
880,1379,0,2
42,0,1,3
286,0,1,3
1520,0,0,1
1190,369,1,3
1524,116,0,2
972,863,0,1
1636,369,0,1
1442,216,0,1
1369,0,0,2
1311,930,1,3
726,0,1,3
1414,1513,0,2
113,1167,0,2
1191,1617,0,1
118,0,0,1
1420,869,1,3
834,1282,0,2
1190,930,1,3
580,0,0,1
987,0,0,1
255,1273,0,2
621,0,0,1
943,0,0,1
7,0,0,1
443,1325,0,1
342,1372,0,1
1274,0,0,2
1091,1509,0,1
750,0,0,1
1412,974,0,1
1516,1506,0,1
1612,0,1,3
991,211,0,2
531,1506,0,1
731,611,0,2
625,974,0,1
1053,1375,1,3
459,0,0,2
1059,0,0,1
115,225,1,3
707,0,1,3
606,1406,0,1
249,1296,0,2
191,1475,1,3
330,0,1,3
578,1325,0,1
710,0,0,1
275,1325,0,2
1575,0,0,2
498,1608,0,1
1470,0,0,1
1429,0,1,3
206,0,0,1
317,0,0,2
1439,216,0,1
447,0,1,3
721,930,1,3
1326,0,1,3
1325,100,1,3
1162,476,1,3
1563,0,0,2
431,0,1,3
1452,566,0,2
362,0,0,1
646,0,0,1
802,0,0,1
669,0,0,1
660,568,0,2
632,768,0,2
834,482,1,3
1290,235,1,3
1359,1167,1,3
851,0,1,3
1524,1296,1,3
1197,0,0,1
1513,1610,0,1
1518,0,0,2
1096,613,0,2
1290,989,0,1
1177,1506,0,1
446,225,1,3
330,0,0,1
447,0,0,1
1440,1375,0,1
1203,1273,0,1
1136,1617,1,3
914,1506,0,1
1243,0,1,3
503,0,0,1
492,1376,0,2
1021,0,0,1
530,1610,1,3
1309,0,0,1
741,486,0,2
1295,0,0,1
1192,1617,0,1
257,0,1,3
1009,324,0,1
922,0,0,1
776,0,1,3
1319,1376,1,3
483,0,1,3
810,1610,0,2
1161,476,1,3
477,1513,1,3
544,0,0,1
116,0,0,2
1479,0,1,3
167,0,0,1
850,0,0,2
114,1167,0,2
902,0,1,3
784,0,1,3
627,0,1,3
232,0,0,1
975,0,1,3
786,930,1,3
654,222,0,1
12,0,1,3
1092,1508,1,3
256,1273,0,2
1471,0,0,1
991,220,0,1
1150,0,1,3
795,360,0,1
9,78,0,2
384,1325,0,1
244,1165,1,3
103,227,1,3
266,0,0,1
1435,568,1,3
1163,0,0,2
913,1072,1,3
691,0,1,3
90,0,0,2
1255,0,0,1
1312,1075,1,3
161,0,0,1
1192,441,0,2
1623,324,0,2
133,436,0,2
1542,0,0,1
906,0,0,1
1035,318,0,1
1006,0,0,2
1580,0,0,2
1195,0,0,1
1108,216,0,1
143,710,0,1
474,369,1,3
272,710,0,2
711,0,0,1
1425,697,1,3
270,445,1,3
1114,1480,1,3
1198,488,0,1
1597,0,1,3
1619,230,1,3
1559,0,0,2
1174,0,0,1
551,0,1,3
1622,1507,0,1
1136,441,0,2
725,0,0,1
24,0,0,1
1188,0,0,1
134,1506,0,1
601,1077,0,1
655,1617,0,1
1529,1264,1,3
328,0,0,1
1441,0,1,3
79,1325,1,3
497,235,1,3
841,0,0,1
849,100,1,3
1352,0,1,3
1534,974,0,2
989,0,1,3
850,0,0,2
805,0,1,3
1417,0,0,1
312,0,0,2
77,211,0,1
977,1522,1,3
602,0,0,1
889,1312,1,3
1361,0,0,1
623,0,1,3
957,568,1,3
1507,0,1,3
9,0,0,1
389,0,1,3
1418,568,0,1
1555,1514,1,3
615,159,0,1
737,0,0,2
246,562,0,2
1548,1296,1,3
1419,360,0,2
1196,0,0,1
1303,0,1,3
192,369,1,3
209,360,0,1
820,0,1,3
260,1561,0,1
101,974,0,1
115,0,0,2
1202,613,0,2
996,0,0,1
1318,0,0,2
1528,1264,1,3
1459,369,1,3
570,0,0,1
599,360,0,1
1053,1325,0,1
1103,83,0,1
1510,0,0,1
1188,0,0,1
1308,1325,1,3
130,0,0,1
458,441,1,3
1414,1514,0,2
551,0,0,1
836,0,0,1
1202,1273,0,1
974,100,1,3
1533,482,1,3
1447,0,0,1
39,1379,0,2
24,1273,0,2
1153,1206,0,1
664,1506,0,1
960,0,1,3
138,0,0,1
122,1409,0,2
1340,974,1,3
112,374,0,2
975,317,0,1
881,1325,0,1
250,374,1,3
878,99,1,3
1309,1293,0,1
245,1510,0,2
974,437,0,2
397,1154,0,1
852,80,1,3
112,1167,1,3
369,0,1,3
855,0,0,1
819,0,1,3
1328,1405,0,2
173,0,0,1
988,0,0,1
774,0,0,1
1469,0,0,1
1352,0,1,3
1417,0,0,2
1311,369,1,3
606,222,0,2
909,0,1,3
374,0,0,2
1204,219,0,1
224,0,0,1
311,974,0,1
273,0,0,1
1443,1613,1,3
118,0,1,3
1311,1610,0,1
1204,866,1,3
1415,0,1,3
857,568,0,2
71,0,1,3
1220,566,0,1
904,1167,1,3
1360,0,0,1
980,1408,1,3
1073,374,1,3
1432,0,1,3
266,0,0,1
565,0,0,2
527,0,0,2
969,100,0,1
1178,0,0,1
1245,0,1,3
192,866,0,2
606,229,1,3
572,0,0,1
1384,863,0,1
310,974,0,1
395,1296,0,2
730,1608,0,1
1631,989,0,1
1443,216,0,1
1339,0,0,1
1421,0,0,1
1421,1375,0,2
612,562,1,3
1429,1617,0,1
669,0,1,3
911,0,0,1
668,0,1,3
1269,0,0,2
361,1325,0,1
591,1592,0,2
825,0,1,3
1624,568,0,1
902,0,1,3
667,0,0,1
1591,131,1,3
1197,0,0,1
275,1325,0,2
1091,1076,1,3
275,1476,1,3
756,1325,0,1
943,0,0,1
483,0,0,1
801,0,0,2
402,0,0,1
1538,0,0,1
8,0,1,3
1412,0,0,2
267,0,0,1
1434,1506,0,1
1533,441,0,1
873,865,1,3
550,0,0,1
858,0,0,2
88,1207,1,3
762,235,1,3
844,1506,0,1
274,0,0,1
1190,930,1,3
660,0,0,1
458,315,0,1
496,0,0,2
841,1075,1,3
1618,230,1,3
503,974,0,2
756,1325,0,1
29,1325,1,3
669,0,0,1
448,0,1,3
625,360,1,3
1431,0,0,1
556,1325,1,3
1238,0,0,1
755,1076,1,3
1107,1296,0,2
1449,0,0,2
269,480,1,3
571,930,1,3
391,0,0,1
692,360,1,3
909,0,0,2
1520,0,0,2
1520,0,0,1
1372,1380,0,2
34,0,1,3
673,1325,1,3
381,0,0,2
40,369,1,3
10,1083,1,3
848,369,0,2
1206,480,1,3
1443,1588,0,2
917,227,1,3
388,0,1,3
664,922,0,2
859,315,0,1
1269,0,1,3
499,211,0,2
1216,1407,0,1
674,0,0,1
1354,0,0,2
725,0,0,1
90,1616,1,3
721,369,1,3
737,0,0,2
1631,974,0,2
192,930,1,3
1210,0,0,2
1310,1610,0,1
1541,1264,1,3
146,0,0,1
111,374,0,2
1172,0,0,1
622,1380,0,1
1577,0,0,2
1047,0,0,2
1328,1617,1,3
1097,1610,0,2
1634,0,1,3
1155,0,0,1
1508,0,0,1
1192,1075,1,3
615,159,0,1
985,710,0,2
301,0,0,1
496,0,1,3
1415,0,0,1
374,0,0,2
192,0,0,1
1006,445,0,1
721,384,0,1
107,0,0,1
998,1165,1,3
842,0,0,1
687,974,1,3
384,1325,0,1
1002,1165,1,3
88,321,0,1
615,0,0,2
481,0,0,1
649,0,0,1
1520,0,0,2
1419,360,0,2
901,974,0,2
69,0,1,3
716,0,1,3
1476,989,0,2
1358,1154,0,2
0,0,0,2
1101,0,0,1
1126,1264,1,3
1532,0,1,3
6,0,0,1
6,0,0,1
1437,1293,0,1
1314,159,0,1
1327,1617,1,3
1607,757,0,1
1362,0,1,3
1216,617,1,3
120,1273,0,2
364,78,1,3
275,1288,0,1
785,0,1,3
746,0,0,1
998,1378,0,1
1078,1506,0,1
1550,229,0,1
1294,0,0,2
139,567,1,3
300,1296,0,1
856,557,0,1
984,926,1,3
188,0,0,1
1426,0,1,3
109,1616,0,2
1069,0,1,3
914,561,0,2
1346,1506,0,1
1593,0,1,3
960,0,0,2
252,0,0,1
191,0,0,1
588,99,1,3
784,583,0,1
843,0,0,1
1282,0,0,1
1047,0,0,1
1002,159,0,1
1348,488,0,1
378,0,1,3
1161,1417,0,2
1532,1273,0,2
288,0,0,1
110,1377,1,3
738,374,0,2
494,1402,0,1
662,0,1,3
399,739,0,1
1335,1296,1,3
1097,225,1,3
1286,0,0,1
786,930,1,3
1633,1377,0,2
430,0,0,1
346,1293,0,1
1531,1273,0,2
941,480,1,3
269,0,1,3
664,0,1,3
59,0,0,1
1526,557,1,3
1089,568,1,3
9,0,0,1
1215,1406,0,1
1154,0,0,2
1520,0,0,1
811,1407,0,1
1231,1514,0,2
1068,0,0,2
1353,0,1,3
480,78,0,1
746,0,0,1
524,0,0,2
918,0,0,2
1358,0,0,2
1441,0,0,1
971,0,0,1
1255,0,0,1
386,0,0,2
1206,0,0,1
1629,611,0,2
110,222,0,1
633,1296,1,3
875,222,0,1
467,0,0,1
310,0,0,2
29,1409,0,1
994,0,1,3
387,0,0,1
755,1273,0,2
187,0,0,1
1549,0,0,1
141,557,1,3
707,0,0,1
1202,0,1,3
1188,227,1,3
608,0,0,2
129,0,0,1
785,0,1,3
421,82,0,1
1273,0,1,3
1165,0,0,1
204,0,1,3
668,0,1,3
1106,1627,0,1
1543,100,1,3
461,0,1,3
240,369,0,2
1352,0,0,1
12,0,1,3
67,0,0,1
1296,0,0,2
89,321,0,1
252,0,0,1
1220,0,1,3
613,0,0,1
876,1506,0,1
274,0,1,3
984,710,0,2
4,1170,1,3
374,0,0,1
1517,0,0,2
478,0,0,1
707,0,1,3
446,82,0,2
1126,610,0,2
1201,974,1,3
1637,563,0,2
613,0,0,1
1621,757,0,2
1224,79,0,2
1369,0,0,2
0,974,0,1
994,1378,0,2
1293,0,0,1
70,0,1,3
1233,0,0,1
558,1154,1,3
9,1408,1,3
39,564,1,3
374,0,0,1
986,1269,1,3
608,1165,1,3
756,0,1,3
431,0,0,1
131,1510,0,1
1626,1165,1,3
1439,0,1,3
1160,0,0,2
90,0,0,2
1471,0,0,2
681,0,1,3
842,0,0,1
1383,1617,1,3
286,0,1,3
954,0,0,1
1015,0,0,1
1098,1264,1,3
1008,0,0,1
1283,0,0,1
1162,1417,0,2
655,0,1,3
1459,930,1,3
515,0,1,3
864,0,1,3
1471,0,0,1
860,87,0,1
365,0,0,2
963,87,0,1
39,0,0,1
274,0,0,1
1582,1325,0,1
258,1407,0,1
120,0,1,3
9,739,0,1
510,0,1,3
930,87,0,1
369,0,1,3
1360,0,0,1
738,374,0,2
361,1325,0,1
144,0,1,3
365,1075,1,3
678,757,0,1
835,0,0,1
1010,324,0,1
256,0,1,3
442,0,1,3
1054,479,0,1
889,0,0,1
730,445,0,2
1158,567,0,2
586,1325,1,3
1031,0,0,2
1171,1076,1,3
395,360,0,1
1092,0,0,1
232,0,0,1
34,0,1,3
459,0,0,2
1325,0,0,1
112,320,0,1
1423,0,0,2
374,1075,1,3
252,225,1,3
132,1510,0,1
475,617,0,1
1310,930,1,3
586,1325,1,3
743,1380,1,3
1305,1169,0,1
457,0,0,1
1325,437,0,2
1634,0,0,1
992,1284,0,1
1382,0,0,2
1274,0,0,2
1244,0,1,3
125,317,0,1
996,0,0,1
1528,974,0,2
763,0,0,1
59,0,1,3
474,930,1,3
306,0,0,2
1088,1610,0,1
837,0,1,3
1307,1325,1,3
656,0,0,1
994,557,0,1
1535,482,1,3
1093,87,0,1
1631,989,0,1
252,0,0,1
1542,98,0,2
497,0,0,2
879,974,0,1
133,768,0,1
253,562,1,3
931,0,0,1
1006,320,1,3
758,360,0,1
326,320,0,2
1637,0,1,3
1374,0,0,2
669,1269,0,2
990,211,0,2
114,98,1,3
641,1165,1,3
1510,0,0,1
1452,1476,1,3
1056,617,0,2
845,1506,0,1
593,0,0,1
1347,0,0,2
858,320,1,3
721,360,0,2
1633,230,0,1
1034,630,1,3
1292,0,0,2
988,1407,1,3
379,1509,0,1
1034,630,1,3
555,374,1,3
1547,0,0,1
861,87,0,1
793,0,1,3
551,0,1,3
1214,0,0,2
1214,863,1,3
585,0,1,3
858,0,0,2
1327,1405,0,2
983,1282,1,3
389,568,0,1
1283,0,1,3
1012,920,0,1
1151,1296,0,2
1087,1506,0,1
386,0,0,2
105,1402,1,3
1026,1165,1,3
1293,482,1,3
457,0,0,1
1185,768,1,3
1188,1510,0,2
503,0,0,1
1620,1075,1,3
548,0,0,1
46,0,1,3
1203,0,1,3
241,438,0,1
668,0,1,3
611,159,0,1
1218,1589,0,1
695,360,1,3
864,0,0,1
1609,0,1,3
1313,0,0,2
517,0,0,2
1425,974,0,1
787,1406,0,1
620,225,1,3
346,0,0,1
1428,0,0,1
529,1405,1,3
752,1076,0,1
989,0,1,3
230,0,1,3
1063,0,0,2
599,1312,1,3
1094,0,1,3
299,0,0,1
1360,757,1,3
906,0,0,1
1387,930,1,3
908,0,0,1
1470,0,0,1
1524,1505,0,1
248,1376,0,1
1329,0,1,3
1620,0,0,2
1324,437,0,2
580,0,0,1
770,0,1,3
1593,0,0,2
587,0,0,2
1505,0,0,1
1023,0,0,1
1099,0,0,1
141,320,0,1
668,1269,0,2
1632,445,1,3
422,1296,1,3
464,0,0,2
140,567,1,3
129,0,0,1
1238,0,0,1
602,0,0,1
1034,83,0,1
1512,1506,0,1
1514,1380,0,2
1000,974,0,2
1034,0,0,2
1167,159,0,1
653,222,0,1
1447,0,0,1
791,0,0,1
620,1476,0,1
1294,0,0,1
1623,869,1,3
914,1072,1,3
843,0,1,3
25,0,0,1
987,1407,1,3
1470,0,0,2
820,0,0,1
1243,0,0,1
1303,1617,0,2
1361,0,1,3
987,0,0,1
1315,0,0,1
701,974,0,1
397,568,0,2
246,0,1,3
1418,369,1,3
1205,1379,0,2
881,866,1,3
422,1265,0,2
1417,0,1,3
1432,0,0,2
499,1509,1,3
993,227,1,3
1235,0,0,1
1473,1296,0,2
191,0,0,1
913,561,0,2
1086,0,0,1
558,0,0,2
1300,257,0,1
258,865,0,2
1466,0,0,1
374,0,0,2
983,1407,0,1
1526,1165,0,2
281,974,0,1
742,486,0,2
1330,1273,1,3
902,0,1,3
456,0,0,1
610,159,0,1
1035,0,0,2
204,0,1,3
8,0,1,3
587,566,0,1
1624,0,1,3
981,1269,0,2
979,1269,0,2
165,0,1,3
1071,0,0,1
1304,0,1,3
1090,486,0,2
811,1610,0,2
1309,1293,0,1
1203,0,1,3
397,1046,1,3
460,0,0,1
1312,0,0,2
155,558,0,1
971,225,1,3
298,0,0,1
956,568,1,3
689,0,1,3
945,989,0,1
501,567,1,3
1318,1376,1,3
1423,630,1,3
529,0,0,2
257,1407,0,1
1577,630,1,3
1525,1475,1,3
1290,989,0,1
0,0,0,2
451,0,0,1
1145,0,1,3
878,486,0,2
90,1610,0,1
1113,0,1,3
1542,567,1,3
628,0,0,1
1513,1380,0,2
1002,159,0,1
360,222,1,3
295,0,1,3
363,0,0,1
393,0,1,3
763,235,1,3
261,866,0,1
172,0,0,2
569,0,1,3
1568,0,0,2
989,219,0,1
1514,930,1,3
1337,0,0,1
1595,0,1,3
961,0,0,1
476,1207,1,3
139,159,0,1
1029,0,0,1
1559,0,0,2
487,220,0,1
271,216,0,1
25,0,0,2
1417,0,1,3
978,557,1,3
385,1325,0,1
364,1325,0,1
737,235,1,3
480,438,1,3
335,0,0,1
806,0,1,3
1327,865,0,1
4,0,0,2
272,216,0,1
153,0,1,3
629,0,0,1
979,0,1,3
1208,444,0,1
1310,1380,0,2
1218,711,1,3
26,0,0,2
529,0,0,2
879,99,1,3
496,0,0,1
658,1613,1,3
1114,13,0,1
481,0,1,3
1483,87,0,1
629,0,0,1
595,0,0,1
1098,324,0,1
1549,0,0,1
929,0,0,1
108,0,0,1
24,0,0,1
240,0,0,1
197,1296,0,1
337,0,0,1
1289,0,0,2
26,1378,1,3
1597,0,1,3
1426,438,0,1
557,1154,1,3
854,0,0,1
122,13,0,1
97,369,0,2
757,1608,0,1
25,0,0,1
110,1616,0,2
1544,1506,0,1
1091,486,0,2
960,0,1,3
846,1575,1,3
251,0,1,3
716,0,1,3
1362,360,0,1
904,1379,0,2
1511,1506,0,1
1513,369,1,3
328,0,0,1
903,1167,1,3
1221,369,1,3
1549,568,1,3
999,0,0,1
662,0,0,2
1026,1378,0,1
1191,1075,1,3
1634,0,1,3
1099,0,0,1
501,0,0,1
496,0,1,3
591,360,0,1
442,0,0,2
1157,438,0,1
132,93,1,3
29,1325,1,3
904,1288,0,1
1628,320,0,1
1313,974,0,1
314,159,0,1
1163,0,0,2
1150,0,0,1
754,1273,0,2
1630,1608,0,1
994,0,1,3
811,1514,1,3
1277,0,0,1
1528,974,0,2
1329,0,1,3
1252,480,0,1
757,865,1,3
271,710,0,2
1367,0,0,1
380,0,0,2
497,989,0,1
857,1154,0,1
641,320,0,2
1053,0,0,2
981,226,1,3
1414,1513,0,2
1297,0,0,1
1162,0,1,3
306,0,1,3
860,1167,1,3
124,87,0,1
412,0,0,2
107,0,0,2
1400,0,0,2
873,315,0,1
851,82,0,1
152,480,1,3
558,0,1,3
569,0,1,3
1233,0,0,2
1000,0,0,1
1317,0,1,3
1314,0,1,3
608,0,0,1
500,1509,1,3
5,1378,1,3
262,1617,1,3
536,374,1,3
1274,1610,0,1
139,557,0,2
986,1509,0,1
1191,441,0,2
13,0,1,3
1415,0,0,1
10,1610,0,1
384,482,1,3
106,1402,1,3
1313,974,0,1
1627,486,1,3
1210,1510,0,1
1053,0,0,2
810,1513,1,3
1319,0,0,2
738,482,1,3
738,0,0,1
1008,360,0,2
1232,1513,0,2
69,360,0,1
1243,0,0,1
1178,0,0,1
1415,0,1,3
106,1409,0,1
820,0,0,1
115,441,0,1
1023,0,0,1
450,0,0,1
1386,974,0,1
1634,0,1,3
714,374,1,3
1519,369,0,2
130,0,1,3
159,1296,0,2
857,1046,1,3
385,374,0,2
984,863,0,1
451,0,1,3
1212,0,0,1
1322,87,0,1
1325,0,0,1
1067,989,0,1
1302,0,1,3
1221,930,1,3
89,1207,1,3
605,1165,0,1
167,0,1,3
979,0,1,3
