move,generation,type,power,pp,accuracy,priority,target,damage_class,effect,effect_chance,contest_type,contest_effect,super_contest_effect
m0,1,id-1,80,15,100,0,10,2,1,,5,23,5
m1,1,id-12,20,25,100,0,10,3,4,,4,9,20
m2,1,id-12,40,15,100,0,10,3,4,,4,4,20
m3,1,id-12,,10,90,0,10,1,85,,4,8,21
m4,1,id-1,,20,,0,7,1,317,,2,32,11
m5,1,id-12,55,25,95,0,11,2,44,,1,2,5
m6,1,id-12,120,10,100,0,10,3,152,,1,1,6
m7,1,id-4,,35,75,0,10,1,67,,4,33,19
m8,1,id-12,,30,75,0,10,1,68,,4,14,19
m9,1,id-12,,15,75,0,10,1,2,,4,5,19
m10,8,id-2,,5,,0,7,1,425,100,,,
m11,8,id-17,80,5,100,0,10,2,1,,,,
m12,1,id-14,,20,,0,7,1,52,,1,15,13
m13,1,id-3,35,35,100,0,10,2,1,,1,1,5
m14,8,id-16,25,20,90,0,10,2,1,,,,
m15,8,id-15,130,5,100,0,11,2,1,,,,
m16,1,id-14,,30,,0,4,1,36,,2,15,13
m17,1,id-1,80,20,85,,10,2,1,,5,1,18
m18,8,id-12,80,10,100,0,10,2,397,100,,,
m19,1,id-15,,30,,0,12,1,26,,2,33,13
m20,6,id-14,80,5,,,10,3,360,,,,
m21,3,id-1,,,100,0,9,1,200,,3,6,14
m22,1,id-14,,20,,0,4,1,66,,4,15,13
m23,1,id-1,18,15,85,0,10,2,30,,5,12,7
m24,1,id-1,80,20,85,0,10,2,1,,5,1,18
m25,1,id-1,40,20,100,0,10,2,35,,4,11,23
m26,1,id-10,75,15,100,0,10,2,5,10,2,1,17
m27,1,id-1,40,35,100,0,10,2,1,,5,1,5
m28,1,id-2,50,25,100,0,10,2,44,,5,2,5
m29,1,id-1,15,10,85,0,10,2,30,,5,10,7
m30,1,id-12,55,25,95,0,11,2,44,,1,2,5
m31,8,id-12,,10,,0,13,1,1,,,,
m32,1,id-1,,10,,1,7,2,27,,5,15,15
m33,1,id-15,75,15,100,0,10,2,6,10,2,1,17
m34,1,id-13,75,15,100,0,10,2,7,10,1,1,17
m35,8,id-2,,10,,0,2,2,1,,,,
m36,2,id-18,,20,100,0,10,1,59,,3,23,19
m37,1,id-1,,10,,0,7,1,84,,3,17,14
m38,2,id-1,40,40,100,0,10,2,102,,1,5,16
m39,2,id-1,,15,85,0,10,1,119,,3,27,19
m40,2,id-16,120,10,100,0,8,2,28,,1,6,7
m41,2,id-6,,10,,0,12,1,116,,5,21,13
m42,2,id-12,75,10,100,0,10,3,4,,4,10,20
m43,1,id-3,,20,,0,10,1,10,,4,19,15
m44,6,id-18,140,5,90,0,10,3,270,,,,
m45,6,id-5,90,10,100,0,11,2,1,,,,
m46,6,id-5,90,10,100,0,11,2,374,,,,
m47,6,id-5,90,10,100,0,11,2,373,100,,,
m48,2,id-1,,10,,0,7,1,33,,3,12,8
m49,2,id-13,65,20,100,0,10,2,7,30,1,4,5
m50,6,id-7,20,20,100,0,10,3,43,100,,,
m51,6,id-1,40,40,100,0,10,2,102,,,,
m52,7,id-18,,10,,0,10,1,387,,,,
m53,3,id-10002,80,,100,0,10,2,44,,,,
m54,8,id-4,90,10,100,0,10,3,1,20,,,
m55,7,id-14,,1,,0,10,2,1,,,,
m56,6,id-11,,15,,0,12,1,211,,3,1,13
m57,8,id-2,,10,,0,13,1,1,100,,,
m58,3,id-10,150,5,90,,10,3,81,,2,6,22
m59,1,id-1,,20,100,0,10,1,24,,2,22,10
m60,4,id-10,100,5,75,0,10,3,43,100,5,,7
m61,4,id-10,,5,75,0,10,3,43,100,5,,7
m62,5,id-10,60,15,100,,11,3,315,,,,
m63,7,id-14,85,10,100,0,10,2,187,,,,
m64,7,id-14,85,10,100,0,10,2,187,,,,
m65,1,id-3,60,35,100,,10,2,1,,1,12,5
m66,2,id-1,,,,0,14,1,115,,2,14,10
m67,8,id-13,110,10,100,0,10,2,437,100,,,
m68,6,id-1,,20,,0,10,1,357,100,,,
m69,2,id-13,65,20,100,0,10,2,7,30,1,4,5
m70,3,id-10002,75,,100,0,10,2,1,,,,
m71,1,id-4,,10,,0,10,1,34,,4,33,19
m72,6,id-9,,10,,4,7,1,356,,,,
m73,8,id-4,,40,100,0,9,1,1,,,,
m74,7,id-2,,1,,0,10,3,1,,,,
m75,7,id-2,,1,,0,10,3,1,,,,
m76,6,id-7,,20,,0,6,1,341,,,,
m77,1,id-8,,15,100,,10,3,88,,4,23,5
m78,1,id-1,,40,,0,10,1,60,,4,5,10
m79,7,id-15,,,,0,10,2,1,,,,
m80,8,id-16,150,5,100,0,11,3,1,,,,
m81,2,id-2,40,15,100,0,10,2,70,50,5,29,18
m82,5,id-14,80,10,100,,10,3,283,,,,
m83,8,id-14,90,10,100,0,10,3,1,10,,,
m84,3,id-12,25,30,100,,10,2,30,,1,14,7
m85,3,id-15,30,20,90,0,10,2,118,,2,24,7
m86,3,id-10002,75,,100,0,10,3,7,10,,,
m87,5,id-2,65,20,100,0,10,2,21,100,,,
m88,2,id-11,,5,,0,12,1,137,,5,11,13
m89,8,id-15,20,10,90,0,10,2,1,,,,
m90,1,id-1,10,,100,0,10,2,71,10,5,9,21
m91,2,id-17,60,25,100,0,10,2,106,,5,20,12
m92,7,id-9,,1,,,10,2,1,,,,
m93,8,id-6,10,10,,0,2,2,1,,,,
m94,5,id-17,,15,,,7,1,278,,,,
m95,5,id-13,,10,100,0,10,3,294,,,,
m96,8,id-9,,10,100,0,1,2,228,,2,,15
m97,7,id-1,210,1,,0,10,2,1,,,,
m98,3,id-10002,120,,60,0,10,2,10002,,,,
m99,3,id-1,,20,,0,10,1,206,,3,33,19
m100,3,id-1,,20,100,0,10,1,206,,3,33,19
m101,5,id-2,,5,,0,10,3,321,,,,
m102,7,id-3,,1,,0,10,2,1,,,,
m103,5,id-2,60,10,90,-6,10,2,314,,,,
m104,5,id-9,,10,,0,7,1,313,,,,
m105,7,id-3,,1,,0,10,3,1,,,,
m106,5,id-11,80,15,100,0,10,3,5,30,,,
m107,5,id-14,,15,,2,7,1,308,,,,
m108,5,id-2,,15,,3,4,1,307,,,,
m109,5,id-14,20,10,100,0,10,3,306,,,,
m110,5,id-3,60,10,100,0,10,2,312,,,,
m111,5,id-8,65,10,100,0,10,3,311,,,,
m112,5,id-14,,10,,0,10,1,310,,,,
m113,5,id-1,,15,,0,7,1,309,,,,
m114,1,id-1,80,10,100,0,10,3,37,20,2,8,5
m115,2,id-9,70,25,90,0,10,2,139,10,1,12,5
m116,7,id-2,,1,,0,10,3,1,,,,
m117,8,id-1,,10,100,0,12,1,432,,,,
m118,8,id-13,70,20,100,0,10,3,1,,,,
m119,1,id-1,,30,,0,7,1,31,,2,12,23
m120,7,id-1,,1,,0,10,2,1,,,,
m121,1,id-14,,30,,0,4,1,36,,2,15,13
m122,3,id-10002,75,,100,0,10,3,6,10,,,
m123,7,id-1,,1,,0,10,3,1,,,,
m124,6,id-15,70,20,,0,10,3,380,10,,,
m125,5,id-10,50,20,100,0,10,2,296,100,,,
m126,5,id-4,,20,,0,7,1,323,,,,
m127,6,id-3,120,5,100,0,10,2,230,100,,,
m128,1,id-1,60,20,,,11,3,18,,1,27,17
m129,5,id-4,95,10,100,0,9,3,3,10,,,
m130,5,id-7,,20,,0,7,1,291,,,,
m131,5,id-2,60,10,100,0,10,2,289,,,,
m132,5,id-10,70,15,100,0,10,3,290,,,,
m133,5,id-13,,10,100,0,10,3,294,,,,
m134,5,id-11,,20,100,0,10,1,295,,,,
m135,5,id-9,,10,100,0,10,2,292,,,,
m136,5,id-14,120,10,100,0,9,3,293,,,,
m137,7,id-17,,10,100,0,10,2,306,,,,
m138,5,id-15,85,10,90,0,10,2,32,30,,,
m139,,id-14,,30,,0,4,1,36,,2,15,13
m140,3,id-10002,75,,,0,10,2,1,,,,
m141,5,id-15,85,,90,0,10,2,32,30,,,
m142,5,id-10,80,10,100,0,10,3,277,50,,,
m143,7,id-16,185,1,,0,11,3,419,100,,,
m144,3,id-10002,75,,100,0,10,2,1,,,,
m145,5,id-14,,15,,0,10,1,286,,,,
m146,5,id-7,,20,,2,7,1,173,,,,
m147,5,id-9,,15,,0,7,1,285,,,,
m148,5,id-4,65,10,100,0,10,3,284,,,,
m149,4,id-1,,5,100,0,10,3,238,,4,,22
m150,4,id-14,,10,,0,7,1,239,,1,,16
m151,5,id-14,,10,,0,10,1,281,,,,
m152,5,id-14,,10,,0,10,1,280,,,,
m153,4,id-17,,10,100,0,10,2,234,,5,,23
m154,4,id-14,,10,100,0,10,1,235,,1,,16
m155,4,id-1,,5,,0,10,3,236,,1,,21
m156,4,id-14,,15,100,0,11,1,237,,3,,13
m157,4,id-2,120,5,100,0,10,2,230,100,4,,22
m158,4,id-17,50,10,100,0,10,2,231,,1,,6
m159,4,id-17,60,10,100,0,10,2,232,,2,,15
m160,4,id-17,,15,100,0,10,1,233,,3,,13
m161,6,id-10,75,10,100,,10,3,72,100,,,
m162,6,id-18,,10,,3,4,1,350,,,,
m163,6,id-18,,10,,0,14,1,351,100,,,
m164,6,id-17,,20,,0,10,1,348,,,,
m165,6,id-18,50,10,100,0,10,3,349,,,,
m166,6,id-18,40,15,,0,11,3,381,,,,
m167,6,id-17,,20,100,0,10,1,347,100,,,
m168,6,id-12,90,15,100,0,9,2,379,,,,
m169,6,id-15,70,20,100,0,10,3,380,10,,,
m170,6,id-13,65,20,100,0,9,3,346,,,,
m171,6,id-12,,20,100,0,10,1,376,,,,
m172,4,id-2,80,20,,0,10,3,18,,2,,17
m173,4,id-6,,20,,0,7,1,53,,5,,1
m174,4,id-10,120,15,100,0,10,2,254,10,4,,22
m175,4,id-2,60,10,100,0,10,2,7,30,1,,18
m176,4,id-11,,20,,0,7,1,252,,2,,8
m177,4,id-13,,10,,0,7,1,253,,3,,13
m178,3,id-17,,15,100,0,10,1,166,,5,18,16
m179,3,id-15,,10,,0,12,1,165,,2,5,13
m180,3,id-10,95,10,90,0,11,3,5,10,2,1,17
m181,3,id-1,,10,,0,7,1,163,,5,32,8
m182,3,id-1,,10,100,0,10,3,162,,5,1,18
m183,3,id-1,,20,,0,7,1,161,,5,16,11
m184,3,id-1,90,10,100,0,8,3,160,,3,21,10
m185,3,id-1,40,10,100,3,10,2,159,100,3,23,17
m186,2,id-17,,10,100,0,10,2,155,,4,14,7
m187,2,id-11,35,15,85,0,10,3,262,100,2,24,21
m188,6,id-12,,,,4,7,1,362,,,,
m189,3,id-17,,10,,4,7,1,196,,4,14,12
m190,6,id-11,110,10,85,0,11,3,1,,,,
m191,7,id-1,,20,,,10,1,412,100,,,
m192,6,id-1,,20,,0,10,1,412,100,,,
m193,1,id-1,10,35,100,0,10,2,71,10,5,9,21
m194,7,id-16,,1,,0,10,3,1,,,,
m195,7,id-16,,1,,0,10,2,1,,,,
m196,7,id-15,,1,,0,10,3,1,,,,
m197,7,id-15,,1,,0,10,2,1,,,,
m198,7,id-18,,1,,0,10,3,1,,,,
m199,7,id-18,,1,,0,10,2,1,,,,
m200,7,id-17,,1,,0,10,3,1,,,,
m201,2,id-6,30,20,90,0,10,2,118,,5,24,7
m202,7,id-5,,10,,0,7,1,382,,,,
m203,7,id-13,210,1,,0,10,2,1,,,,
m204,7,id-16,185,1,,0,11,3,419,100,,,
m205,8,id-13,85,10,100,0,10,2,431,,,,
m206,7,id-4,,10,,4,7,1,384,,,,
m207,5,id-4,,10,,4,7,1,384,,,,
m208,6,id-2,,10,,0,4,1,377,,,,
m209,7,id-1,120,10,100,0,10,2,269,,,,
m210,7,id-13,195,1,,0,10,3,1,,,,
m211,2,id-8,,15,100,0,10,1,108,,4,5,19
m212,1,id-5,,5,30,0,10,2,39,,5,14,9
m213,2,id-2,10,10,90,,10,2,105,,1,1,7
m214,7,id-8,90,10,100,0,10,2,410,,,,
m215,7,id-9,100,5,100,0,10,2,411,,,,
m216,7,id-11,85,10,100,0,10,2,70,20,,,
m217,7,id-14,160,10,100,0,10,3,81,,,,
m218,7,id-13,80,10,100,0,10,2,32,30,,,
m219,7,id-18,,10,90,0,10,3,41,,,,
m220,7,id-8,100,5,100,0,10,3,411,,,,
m221,7,id-1,,20,,0,10,1,412,100,,,
m222,5,id-4,40,20,100,0,10,3,297,100,,,
m223,6,id-5,120,10,85,0,11,2,1,,,,
m224,8,id-9,100,5,,0,10,2,436,,,,
m225,2,id-2,,15,100,0,10,2,100,,1,28,15
m226,2,id-1,,10,,4,7,1,117,,5,16,13
m227,1,id-1,,20,90,0,10,3,131,,1,12,5
m228,1,id-1,,20,55,0,10,1,50,,4,21,19
m229,2,id-1,,30,,0,10,1,94,,2,12,23
m230,7,id-13,,1,,0,10,3,1,,,,
m231,7,id-17,60,20,100,0,9,2,406,,,,
m232,1,id-7,25,20,100,0,10,2,78,20,1,9,7
m233,1,id-4,15,35,100,0,10,2,3,30,4,9,19
m234,1,id-1,,30,100,0,11,1,20,100,1,24,19
m235,1,id-7,25,20,95,0,10,2,30,,1,10,7
m236,1,id-1,,40,100,0,11,1,19,,3,28,19
m237,1,id-17,60,25,100,0,10,2,32,30,5,5,5
m238,1,id-1,,15,55,0,10,1,2,,3,18,19
m239,1,id-1,,20,,-6,10,1,29,,1,21,19
m240,2,id-1,80,5,100,2,10,2,104,,1,30,1
m241,2,id-1,80,5,100,2,10,2,104,,1,30,1
m242,7,id-13,60,20,,0,10,3,1,100,,,
m243,1,id-1,,20,85,0,10,2,49,,5,3,5
m244,6,id-3,80,10,100,0,10,3,349,,,,
m245,8,id-18,90,10,95,,10,3,77,20,,,
m246,5,id-7,,,,0,7,1,291,,,,
m247,6,id-2,40,20,100,0,10,2,375,100,,,
m248,1,id-1,18,15,80,0,10,2,30,,5,10,7
m249,1,id-5,50,10,90,0,10,2,45,,5,1,7
m250,1,id-14,,10,,0,7,1,38,,3,16,8
m251,1,id-6,75,10,90,0,11,2,32,30,5,5,5
m252,1,id-1,,40,,0,7,1,86,,3,28,16
m253,1,id-4,,20,,0,7,1,52,,5,32,11
m254,1,id-11,100,10,90,0,10,2,44,,5,2,18
m255,1,id-1,250,5,100,0,9,2,8,,2,7,9
m256,5,id-9,50,15,85,0,10,2,45,,,,
m257,8,id-13,10,10,,0,2,2,1,,,,
m258,1,id-1,80,15,90,0,10,2,32,10,1,4,18
m259,1,id-1,,30,,0,7,1,11,,3,32,11
m260,7,id-4,,1,,0,10,2,1,,,,
m261,7,id-4,,1,,0,10,3,1,,,,
m262,8,id-12,70,20,100,0,10,2,1,,,,
m263,4,id-17,,15,100,0,10,1,233,,3,,13
m264,4,id-14,,10,,0,10,1,245,,3,,16
m265,8,id-11,85,10,100,0,10,2,431,,,,
m266,2,id-10,,5,,0,12,1,138,,2,11,13
m267,3,id-10002,75,,100,,10,3,7,10,,,
m268,6,id-2,40,20,100,,10,2,375,100,,,
m269,6,id-1,,15,,0,10,1,301,,,,
m270,8,id-1,,10,,0,7,1,424,100,,,
m271,1,id-1,150,5,90,0,10,3,81,,1,6,22
m272,3,id-1,90,10,100,0,11,3,1,,1,5,5
m273,4,id-2,75,10,,0,10,2,4,,2,,20
m274,1,id-13,,,90,0,10,1,68,,1,14,19
m275,7,id-13,175,1,,0,10,3,7,100,,,
m276,7,id-14,100,5,100,0,10,3,1,,,,
m277,8,id-16,25,20,90,0,10,2,1,,,,
m278,3,id-11,,15,,0,12,1,211,,3,1,13
m279,1,id-2,,20,100,-5,1,2,90,,5,16,15
m280,6,id-1,,40,,0,3,1,371,,,,
m281,6,id-1,,40,,0,3,1,371,,,,
m282,5,id-10,80,10,100,0,10,3,277,50,,,
m283,5,id-10,80,10,100,,10,3,277,50,,,
m284,4,id-2,75,10,100,0,10,2,4,,2,,20
m285,1,id-1,70,20,,0,10,2,44,,1,2,5
m286,3,id-14,,15,,,7,1,184,,2,15,15
m287,2,id-1,,30,,0,10,1,94,,2,12,23
m288,2,id-1,,,100,0,10,1,121,,3,18,19
m289,2,id-1,,15,90,0,10,2,123,,3,17,16
m290,2,id-1,,15,90,,10,2,123,,3,17,16
m291,3,id-12,150,5,90,0,10,3,81,,1,6,22
m292,3,id-2,60,10,100,-4,10,2,186,,5,31,15
m293,7,id-5,95,10,95,,10,2,1,,,,
m294,6,id-1,,30,,0,4,1,368,,,,
m295,5,id-1,,30,,0,4,1,368,,,,
m296,1,id-5,,5,,0,10,2,39,,5,14,9
m297,7,id-3,90,15,95,0,10,2,1,30,,,
m298,5,id-12,75,10,100,0,10,2,4,,,,
m299,5,id-2,90,15,100,0,10,2,304,,,,
m300,4,id-6,150,5,90,0,10,2,81,,5,,22
m301,4,id-12,120,10,85,0,10,2,1,,2,,5
m302,5,id-12,65,10,90,0,10,3,74,50,,,
m303,5,id-7,65,20,100,0,10,2,151,30,,,
m304,5,id-11,75,10,95,0,10,2,70,50,,,
m305,5,id-10,,10,100,0,10,2,292,,,,
m306,4,id-14,,5,,-7,12,1,260,,3,,14
m307,4,id-3,,15,,0,10,1,259,,2,,13
m308,4,id-1,90,20,85,0,10,2,77,20,1,,18
m309,4,id-9,80,10,100,0,10,3,73,10,4,,17
m310,4,id-12,130,5,90,0,10,3,205,100,3,,22
m311,4,id-10,80,15,100,0,9,3,5,30,5,,17
m312,4,id-13,80,15,100,0,9,3,7,30,1,,17
m313,4,id-16,130,5,90,0,10,3,205,100,4,,22
m314,3,id-1,,10,,0,7,1,185,,4,17,12
m315,3,id-12,,20,,0,7,1,182,,4,15,21
m316,8,id-10,120,,90,0,10,2,5,10,,,
m317,4,id-1,,30,,0,4,1,241,,3,,13
m318,4,id-17,,5,100,0,10,2,246,,4,,23
m319,1,id-1,40,20,100,0,10,2,35,,4,11,23
m320,7,id-5,,,,0,10,2,1,,,,
m321,8,id-17,75,5,100,0,10,2,1,,,,
m322,2,id-1,,10,,4,7,1,117,,5,16,13
m323,8,id-1,,10,,4,7,1,112,,,,
m324,5,id-14,,15,,,7,1,308,,,,
m325,7,id-3,,,,0,10,2,1,,,,
m326,3,id-1,,40,,0,10,1,114,,4,33,20
m327,7,id-11,195,1,,0,10,3,1,,,,
m328,7,id-17,180,1,,0,10,2,1,,,,
m329,7,id-8,180,1,,0,10,2,1,,,,
m330,7,id-15,,20,,0,4,1,407,,,,
m331,7,id-17,60,20,100,0,9,2,406,,,,
m332,7,id-16,90,15,100,0,10,2,1,,,,
m333,7,id-16,110,5,100,0,11,3,405,100,,,
m334,7,id-3,100,15,100,-3,10,2,404,,,,
m335,8,id-13,,10,,0,2,2,1,,,,
m336,8,id-13,10,10,,0,2,2,1,,,,
m337,,id-12,20,25,100,0,10,3,4,,4,9,20
m338,1,id-12,20,25,,0,10,3,4,,4,9,20
m339,7,id-8,195,1,,0,10,2,1,,,,
m340,7,id-18,,1,,0,10,3,413,,,,
m341,3,id-2,85,15,90,0,10,2,208,,1,23,17
m342,3,id-14,80,20,100,0,10,3,32,10,1,4,17
m343,3,id-8,60,20,,0,10,2,18,,4,27,17
m344,3,id-7,75,15,100,0,10,3,77,10,2,21,4
m345,3,id-8,,5,,0,7,1,195,,5,26,10
m346,3,id-17,,10,,4,7,1,196,,4,14,12
m347,3,id-1,,20,100,0,10,1,206,,3,33,19
m348,3,id-12,,15,55,0,10,1,2,,4,5,19
m349,3,id-10,150,5,100,0,11,3,191,,2,26,18
m350,3,id-14,,10,,0,10,1,192,,4,20,12
m351,3,id-14,,10,,0,7,1,193,,4,33,20
m352,3,id-1,,20,,0,7,1,194,,3,32,8
m353,3,id-2,75,15,100,0,10,2,187,,1,4,5
m354,3,id-1,,10,,0,10,1,188,,3,18,19
m355,3,id-15,,5,30,0,10,3,39,,2,14,9
m356,3,id-1,,5,100,0,10,2,190,,5,28,15
m357,3,id-5,,,,0,12,1,202,,3,1,13
m358,7,id-1,210,1,,0,10,2,1,,,,
m359,4,id-3,65,20,100,0,10,3,268,100,4,,23
m360,4,id-1,100,10,100,0,10,3,269,,4,,14
m361,4,id-6,,20,,0,6,1,267,,1,,13
m362,4,id-12,,20,100,0,10,3,197,,4,,4
m363,4,id-6,100,5,80,0,10,2,44,,5,,4
m364,4,id-1,,20,100,0,11,1,266,,2,,19
m365,4,id-9,80,15,100,0,10,2,32,30,5,,18
m366,4,id-9,60,20,,0,10,2,18,,1,,5
m367,4,id-4,70,20,100,0,10,2,210,10,1,,5
m368,4,id-4,120,5,80,0,10,2,3,30,1,,5
m369,3,id-1,,20,,2,7,1,173,,3,24,14
m370,3,id-1,,20,,0,10,1,174,,2,11,14
m371,3,id-2,150,20,100,-3,10,2,171,,5,31,6
m372,3,id-1,70,10,100,0,10,2,172,,4,9,16
m373,1,id-5,100,10,100,0,9,2,148,,5,5,18
m374,1,id-6,50,15,90,0,10,2,1,,5,12,5
m375,1,id-8,,10,100,0,10,1,50,,4,21,10
m376,1,id-1,,20,100,0,10,1,24,,4,22,10
m377,1,id-13,90,15,100,0,10,3,7,10,1,1,17
m378,1,id-13,40,30,100,0,10,3,7,10,1,1,5
m379,1,id-13,110,10,70,0,10,3,153,30,1,8,17
m380,1,id-13,,20,90,0,10,1,68,,1,14,19
m381,1,id-7,,40,95,0,11,1,61,,4,9,19
m382,1,id-12,120,10,100,0,8,3,28,,2,6,21
m383,1,id-10,35,15,85,0,10,3,43,100,2,24,21
m384,1,id-16,,10,100,0,10,3,42,,1,26,5
m385,4,id-12,,10,,0,7,1,329,,,,
m386,3,id-13,60,20,,0,10,3,18,,1,27,17
m387,6,id-18,,10,,0,7,1,366,,,,
m388,7,id-12,125,10,100,0,10,2,152,,,,
m389,6,id-17,,20,,,10,1,348,,,,
m390,3,id-3,,15,,0,10,1,59,,2,28,19
m391,4,id-8,,5,100,0,10,3,141,10,4,,11
m392,4,id-3,,15,,0,4,1,226,,4,,1
m393,1,id-1,,20,100,0,10,2,44,,1,2,5
m394,3,id-6,25,10,90,0,10,2,30,,5,12,7
m395,4,id-18,40,15,,0,11,3,381,,,,
m396,6,id-18,40,15,,0,11,3,381,,,,
m397,3,id-10002,40,,100,0,10,2,1,,,,
m398,2,id-5,25,10,90,0,10,2,30,,5,1,7
m399,2,id-1,,5,,0,10,1,95,,4,24,20
m400,2,id-9,70,25,90,0,10,2,139,10,1,12,5
m401,2,id-7,40,20,95,0,10,2,120,,1,17,7
m402,2,id-1,,15,90,0,10,2,123,,3,17,16
m403,2,id-1,,20,100,0,10,2,122,,3,13,17
m404,2,id-1,,5,,0,13,1,103,,2,28,8
m405,2,id-1,,10,,0,7,1,98,,3,17,5
m406,2,id-11,65,10,85,0,10,3,74,50,5,10,4
m407,2,id-5,,20,,0,6,1,113,,4,18,13
m408,2,id-13,120,5,50,0,10,3,7,100,1,1,4
m409,2,id-1,,40,,0,10,1,114,,4,33,20
m410,2,id-8,,5,,0,7,1,99,,4,7,9
m411,2,id-1,,5,,0,14,1,115,,2,14,10
m412,2,id-15,55,15,95,0,11,3,71,100,2,5,2
m413,2,id-2,,5,,4,7,1,112,,1,16,16
m414,1,id-2,,20,100,0,10,2,197,,5,4,5
m415,4,id-2,100,10,90,0,10,2,219,100,1,,2
m416,8,id-11,85,10,100,0,10,2,431,,,,
m417,1,id-2,80,20,80,0,10,2,49,,1,3,5
m418,8,id-16,160,5,90,0,10,3,81,,,,
m419,4,id-12,,20,100,0,10,3,197,,4,,4
m420,1,id-3,80,20,100,0,10,2,1,,1,1,5
m421,5,id-1,70,5,100,0,10,2,320,,,,
m422,1,id-3,40,35,100,0,10,3,150,,4,21,5
m423,1,id-3,60,35,100,0,10,2,1,,1,12,5
m424,1,id-1,,20,,0,7,1,51,,2,32,11
m425,1,id-1,50,30,95,0,10,2,1,,1,14,5
m426,1,id-1,,5,30,0,10,2,39,,1,14,9
m427,1,id-1,80,10,100,0,11,3,40,,1,2,6
m428,1,id-1,40,35,100,0,10,2,1,,5,1,5
m429,1,id-1,55,30,100,0,10,2,1,,5,1,5
m430,1,id-1,150,5,90,0,10,3,81,,1,6,22
m431,6,id-18,90,10,90,0,10,2,69,10,,,
m432,4,id-9,,30,100,1,10,2,104,,4,,1
m433,8,id-9,130,5,100,0,10,2,1,,,,
m434,1,id-1,,20,,-6,10,1,29,,4,21,9
m435,1,id-3,90,15,95,0,10,2,156,,4,15,6
m436,7,id-17,180,1,,0,10,2,1,,,,
m437,7,id-17,180,1,,0,10,2,1,,,,
m438,1,id-3,35,35,100,0,10,2,1,,1,1,5
m439,5,id-1,,15,100,0,10,1,300,,,,
m440,1,id-11,65,20,100,0,10,3,71,10,2,5,2
m441,7,id-10,130,5,,0,10,3,398,,,,
m442,7,id-18,,1,,0,10,2,1,,,,
m443,1,id-14,65,20,100,0,10,3,77,10,2,21,17
m444,8,id-12,,10,,,13,1,1,,,,
m445,3,id-1,90,10,,0,11,3,1,,1,5,5
m446,1,id-5,100,10,100,0,9,2,148,,5,5,18
m447,1,id-5,100,10,100,0,9,2,148,,5,5,18
m448,4,id-6,150,5,80,0,10,2,270,,5,,22
m449,4,id-6,150,5,80,0,10,2,270,,5,,22
m450,8,id-18,100,5,100,0,9,3,1,,,,
m451,4,id-11,90,10,90,0,10,2,1,,3,,5
m452,6,id-13,,20,,0,10,1,354,,,,
m453,7,id-13,,20,,0,10,3,1,,,,
m454,6,id-6,100,5,95,0,11,2,359,50,,,
m455,7,id-1,,20,,0,10,2,1,,,,
m456,1,id-14,,40,,0,7,1,11,,2,32,11
m457,1,id-3,35,35,100,,10,2,1,,1,1,5
m458,3,id-8,30,15,100,0,10,2,32,30,4,9,5
m459,3,id-3,85,5,85,0,10,2,264,30,3,15,6
m460,4,id-17,70,15,100,0,10,2,44,,2,,5
m461,5,id-11,80,,100,0,10,3,5,30,,,
m462,4,id-11,90,10,90,0,10,2,1,,3,,5
m463,5,id-11,80,15,100,0,10,3,5,30,,,
m464,3,id-17,,10,,4,7,1,196,,4,14,12
m465,8,id-13,80,15,90,0,10,3,1,100,,,
m466,2,id-1,,,100,0,10,2,122,,3,13,17
m467,2,id-2,,15,100,0,10,2,100,,1,28,15
m468,4,id-16,100,10,75,0,10,2,32,20,1,,18
m469,5,id-14,80,10,,0,10,3,283,,,,
m470,3,id-5,35,15,85,0,10,2,43,100,4,24,21
m471,3,id-5,,15,85,0,10,2,43,100,4,24,21
m472,8,id-3,10,10,,0,2,2,1,,,,
m473,6,id-13,,15,100,0,10,1,62,,,,
m474,7,id-13,110,10,100,0,10,2,437,100,,,
m475,8,id-3,10,10,,0,2,2,1,,,,
m476,4,id-1,,15,,0,10,2,223,,1,,18
m477,6,id-4,,20,100,0,11,1,364,100,,,
m478,7,id-14,100,5,100,0,10,3,1,,,,
m479,8,id-6,120,10,90,0,10,3,1,100,,,
m480,8,id-11,,10,,,13,1,441,,,,
m481,8,id-3,40,10,90,0,10,2,1,,,,
m482,8,id-11,80,15,100,0,10,3,422,,,,
m483,3,id-17,65,20,100,0,10,2,189,,4,4,5
m484,3,id-17,,20,,0,10,1,63,,4,28,19
m485,4,id-6,80,20,100,0,10,3,1,,2,,5
m486,3,id-1,60,25,100,,10,2,106,,3,20,12
m487,5,id-4,50,15,,0,10,3,305,,,,
m488,5,id-1,70,20,100,0,10,2,304,,,,
m489,4,id-9,,5,100,0,10,2,220,,2,,15
m490,1,id-1,,35,100,0,10,2,1,,5,1,5
m491,5,id-2,65,20,100,0,10,2,21,100,,,
m492,5,id-4,40,20,100,0,10,3,297,100,,,
m493,5,id-2,65,20,100,0,10,2,21,100,,,
m494,5,id-1,,15,100,0,10,1,299,,,,
m495,5,id-17,95,15,100,0,10,2,298,,,,
m496,5,id-1,,15,,0,10,1,301,,,,
m497,3,id-14,,15,,4,7,1,184,,2,15,15
m498,5,id-1,40,15,100,0,10,3,303,,,,
m499,5,id-1,60,15,100,0,10,3,302,,,,
m500,8,id-17,,10,100,4,7,1,442,,,,
m501,8,id-17,80,10,,0,10,2,18,,,,
m502,8,id-18,90,10,95,0,10,3,77,20,,,
m503,3,id-2,120,5,100,0,10,2,183,100,5,3,18
m504,8,id-9,140,5,95,0,10,3,420,,,,
m505,8,id-14,80,10,100,0,10,3,1,,,,
m506,8,id-2,150,5,100,0,10,2,81,,,,
m507,8,id-16,100,5,100,0,10,3,421,,,,
m508,3,id-1,,20,,,7,1,181,,3,25,14
m509,8,id-1,,10,,0,14,1,429,,,,
m510,8,id-16,25,20,90,0,10,2,1,,,,
m511,1,id-1,40,35,100,0,10,2,1,,5,1,5
m512,4,id-12,80,15,100,0,10,2,1,,4,,5
m513,4,id-3,75,15,95,0,10,3,32,30,1,,17
m514,4,id-7,70,20,100,0,10,2,229,,3,,16
m515,4,id-9,,10,100,0,1,2,228,,2,,15
m516,4,id-16,85,10,100,0,10,3,1,,4,,4
m517,3,id-1,,10,,0,7,1,180,,3,24,8
m518,4,id-7,80,15,100,0,10,2,1,,2,,17
m519,4,id-7,90,10,100,0,10,3,73,10,3,,4
m520,4,id-1,,15,100,0,10,2,223,,1,,18
m521,4,id-11,65,10,100,0,10,3,222,,4,,4
m522,4,id-14,,10,,0,7,1,221,,3,,8
m523,3,id-14,,10,,0,10,1,179,,3,20,23
m524,4,id-1,,30,,0,5,1,227,,1,,11
m525,4,id-3,,15,,0,4,1,226,,4,,1
m526,4,id-3,60,20,100,0,10,2,225,,3,,12
m527,4,id-1,30,10,100,2,10,2,224,,2,,16
m528,2,id-10,60,25,100,0,10,2,126,10,2,1,7
m529,6,id-13,,25,,1,12,1,345,,,,
m530,6,id-1,,30,100,0,10,1,344,100,,,
m531,7,id-1,,30,,0,7,1,391,,,,
m532,2,id-1,50,15,100,0,10,3,93,30,3,1,5
m533,6,id-7,50,25,100,0,10,2,342,,,,
m534,6,id-7,,20,,0,6,1,341,,,,
m535,6,id-8,,20,100,0,10,1,343,,,,
m536,6,id-8,90,10,100,0,10,2,273,,,,
m537,6,id-2,,10,,0,4,1,377,,,,
m538,2,id-1,,5,,0,10,1,95,,4,24,20
m539,6,id-5,,10,,0,14,1,340,100,,,
m540,6,id-4,120,10,90,0,10,3,339,,,,
m541,4,id-14,,10,,0,10,1,245,,3,,16
m542,4,id-14,,10,,0,10,1,244,,2,,16
m543,2,id-17,40,20,100,0,10,2,129,,4,14,20
m544,2,id-1,50,40,100,0,10,2,130,100,1,16,17
m545,4,id-1,,30,,0,4,1,241,,3,,13
m546,4,id-4,,10,100,0,10,1,240,,2,,13
m547,4,id-1,,20,,0,7,1,243,,1,,12
m548,4,id-1,,20,,0,2,1,242,,3,,1
m549,2,id-5,,30,100,0,9,2,127,,5,11,18
m550,2,id-2,100,5,50,0,10,2,77,100,1,10,18
m551,2,id-1,,20,,0,10,1,92,,4,4,10
m552,2,id-10,100,5,95,0,10,2,126,50,2,1,22
m553,2,id-1,,40,,0,7,1,128,,3,18,16
m554,2,id-1,,5,100,0,10,1,91,,3,18,20
m555,2,id-7,120,10,85,0,10,2,1,,1,12,18
m556,2,id-16,60,20,100,0,10,3,7,30,1,5,17
m557,8,id-9,140,5,95,0,10,3,420,,,,
m558,5,id-14,60,25,100,0,10,2,32,30,,,
m559,8,id-4,,40,100,0,9,1,1,,,,
m560,2,id-8,,10,,0,1,1,110,,5,31,21
m561,8,id-9,140,5,95,0,10,3,420,,,,
m562,7,id-18,120,5,85,0,10,3,1,,,,
m563,2,id-1,,15,100,0,10,2,100,,3,26,15
m564,6,id-13,65,20,100,0,9,3,346,,,,
m565,4,id-7,70,20,,0,10,2,229,,3,,16
m566,3,id-1,,10,,,7,1,33,,3,26,8
m567,8,id-2,,5,,0,7,1,425,100,,,
m568,7,id-10,,1,,0,10,2,1,,,,
m569,2,id-17,,10,100,0,10,2,155,,4,14,7
m570,6,id-2,100,10,95,0,10,2,338,,,,
m571,7,id-6,40,20,100,1,10,2,104,,,,
m572,7,id-8,85,10,100,0,10,2,70,20,,,
m573,6,id-9,,10,,4,7,1,356,,,,
m574,6,id-9,,10,,4,7,1,356,,,,
m575,2,id-17,60,20,,0,10,2,18,,4,27,18
m576,3,id-7,60,5,100,0,10,3,141,10,2,32,4
m577,3,id-9,,40,85,0,10,1,63,,4,5,10
m578,3,id-1,,40,,0,10,1,114,,4,33,20
m579,3,id-6,60,15,95,0,10,2,71,100,4,24,2
m580,3,id-3,60,25,95,0,11,3,44,,1,23,5
m581,3,id-10,130,5,90,0,10,3,205,100,2,3,22
m582,3,id-12,,5,,0,13,1,103,,4,28,8
m583,3,id-17,,20,100,0,10,1,63,,4,28,19
m584,3,id-8,30,15,100,0,10,2,32,30,4,9,5
m585,3,id-1,50,10,100,0,10,3,204,,4,1,4
m586,1,id-2,130,10,90,0,10,2,46,,1,3,5
m587,1,id-1,,30,100,0,10,1,68,,5,5,19
m588,1,id-14,,15,80,0,10,1,24,,4,24,11
m589,1,id-1,,10,,0,7,1,33,,2,1,8
m590,1,id-1,10,35,100,0,10,2,71,10,5,9,21
m591,1,id-14,,20,,0,7,1,55,,3,32,11
m592,1,id-1,130,10,100,0,10,2,146,100,5,4,6
m593,1,id-1,20,15,100,0,10,2,30,,1,10,7
m594,8,id-16,100,5,,0,10,3,421,,,,
m595,1,id-1,55,30,100,,10,2,1,,5,1,5
m596,1,id-1,,10,,0,7,1,33,,4,23,8
m597,4,id-1,140,5,100,0,10,2,247,,3,,21
m598,1,id-14,100,15,100,0,10,3,9,,4,8,20
m599,1,id-4,,40,90,0,11,1,67,,4,33,5
m600,1,id-15,90,10,100,0,10,3,6,10,2,23,17
m601,1,id-15,110,5,70,0,11,3,261,10,2,1,17
m602,1,id-10,40,25,100,0,10,3,5,10,2,1,5
m603,1,id-10,90,15,100,0,10,3,5,10,2,1,17
m604,1,id-1,,20,100,0,10,1,87,,4,18,19
m605,1,id-4,40,30,100,0,11,3,73,10,4,4,5
m606,1,id-11,110,5,80,0,10,3,1,,2,1,17
m607,1,id-11,90,15,100,0,9,3,258,,2,2,17
m608,1,id-15,,30,,0,4,1,47,,2,15,13
m609,1,id-11,40,25,100,0,10,3,1,,3,1,5
m610,1,id-7,80,10,,0,10,2,4,,4,9,20
m611,1,id-13,40,30,100,0,10,3,7,10,1,1,5
m612,1,id-1,,15,,0,7,1,17,,1,16,1
m613,7,id-7,90,10,100,2,10,2,383,,,,
m614,8,id-11,,10,,0,13,1,441,,,,
m615,8,id-2,,15,100,0,10,1,430,,,,
m616,8,id-1,,10,,4,7,1,112,,,,
m617,1,id-3,140,5,90,0,10,2,76,30,1,2,6
m618,1,id-1,,10,75,0,10,1,2,,2,5,19
m619,1,id-7,80,10,100,0,10,2,4,,4,9,20
m620,1,id-1,15,20,85,0,10,2,30,,5,12,7
m621,1,id-12,,15,100,0,10,1,2,,2,5,10
m622,1,id-1,70,10,100,0,10,2,77,20,1,4,16
m623,1,id-11,40,30,100,0,11,3,71,10,3,8,2
m624,1,id-1,,10,,0,10,1,58,,4,17,23
m625,1,id-14,,15,100,0,10,3,89,,4,14,5
m626,1,id-1,,20,100,0,10,1,24,,2,22,10
m627,7,id-9,,1,,0,10,3,1,,,,
m628,7,id-9,,1,,0,10,2,1,,,,
m629,8,id-10,120,5,90,0,10,2,5,10,,,
m630,7,id-4,,10,,4,7,1,384,,,,
m631,6,id-1,,20,,0,10,1,358,100,,,
m632,8,id-14,,20,,0,10,1,427,,,,
m633,1,id-1,,20,100,,10,1,87,,4,18,19
m634,4,id-17,70,5,100,1,10,2,249,,4,,1
m635,7,id-9,60,5,100,0,10,2,45,30,,,
m636,4,id-12,,10,100,0,10,1,248,,2,,19
m637,1,id-1,80,15,100,0,10,2,1,,5,23,5
m638,8,id-11,10,10,,0,2,2,1,,,,
m639,8,id-11,10,10,,0,2,2,1,,,,
m640,1,id-1,120,15,100,0,10,2,199,,5,3,9
m641,8,id-7,90,15,100,0,10,3,394,,,,
m642,6,id-10,,10,100,0,10,3,72,100,,,
m643,1,id-2,80,,80,0,10,2,49,,1,3,5
m644,1,id-1,20,,100,0,10,2,82,,1,17,11
m645,1,id-1,,10,,0,10,1,83,,3,19,12
m646,1,id-1,,20,90,0,10,3,131,,1,12,5
m647,1,id-7,25,20,100,,10,2,78,20,1,9,7
m648,1,id-7,25,20,100,0,10,2,78,20,1,9,7
m649,8,id-2,150,,100,0,10,2,81,,,,
m650,8,id-2,150,5,100,0,10,2,81,,,,
m651,5,id-12,,10,,0,7,1,329,,,,
m652,4,id-6,100,5,80,,10,2,44,,5,,4
m653,8,id-2,90,,100,0,10,2,1,100,,,
m654,7,id-10,,1,,0,10,3,1,,,,
m655,7,id-10,,1,,0,10,3,1,,,,
m656,1,id-2,,20,100,0,10,2,88,,5,23,5
m657,4,id-14,80,15,90,0,10,2,32,20,2,,18
m658,4,id-14,,,,0,10,1,251,,1,,16
m659,1,id-8,,15,100,0,10,3,88,,4,23,5
m660,4,id-5,65,10,85,0,10,3,74,30,4,,18
m661,3,id-6,25,10,90,0,10,2,30,,5,12,7
m662,5,id-3,110,10,,0,10,3,334,30,,,
m663,5,id-17,,,,0,7,1,278,,,,
m664,5,id-3,60,10,,0,10,2,312,,,,
m665,1,id-10,90,15,100,0,10,3,5,10,2,1,17
m666,7,id-9,60,5,100,0,10,2,45,30,,,
m667,3,id-17,90,10,100,0,11,3,1,20,,,
m668,6,id-17,90,10,100,0,11,3,1,20,,,
m669,8,id-4,10,10,,0,2,2,1,,,,
m670,6,id-5,,10,100,0,11,2,374,,,,
m671,1,id-14,,20,,-6,7,1,154,,1,15,1
m672,8,id-4,10,10,,0,2,2,1,,,,
m673,2,id-2,100,5,50,0,10,2,77,100,1,10,18
m674,5,id-13,70,20,100,0,10,3,229,,,,
m675,5,id-12,80,10,100,0,10,3,327,,,,
m676,5,id-5,60,20,100,0,9,2,71,100,,,
m677,5,id-7,50,20,100,0,11,3,72,100,,,
m678,5,id-16,60,10,90,-6,10,2,314,,,,
m679,5,id-15,60,10,90,0,10,3,289,100,,,
m680,5,id-13,55,15,95,0,11,3,21,100,,,
m681,5,id-1,,30,,0,7,1,328,,,,
m682,5,id-5,80,10,95,0,10,2,44,,,,
m683,5,id-13,90,15,100,0,10,2,49,,,,
m684,8,id-7,70,10,90,0,10,2,1,100,,,
m685,4,id-7,,20,100,0,10,2,229,,3,,16
m686,2,id-9,70,25,90,0,10,2,139,10,1,12,5
m687,1,id-1,,5,30,0,10,2,39,,1,14,9
m688,4,id-5,,10,,0,7,1,382,,,,
m689,8,id-14,,20,100,0,10,1,427,,,,
m690,1,id-15,65,20,100,0,10,3,69,10,2,23,17
m691,8,id-12,80,10,100,0,10,2,71,100,,,
m692,5,id-10,100,5,100,0,9,3,5,30,,,
m693,8,id-12,35,15,100,0,10,2,43,100,,,
m694,8,id-10,100,10,,,2,2,1,,,,
m695,5,id-10,100,5,,0,9,3,5,30,,,
m696,7,id-13,175,1,,0,10,3,7,100,,,
m697,4,id-4,65,10,100,0,10,3,284,,,,
m698,1,id-14,,15,80,0,10,1,24,,4,24,11
m699,3,id-11,60,20,100,0,10,3,77,20,2,21,17
m700,3,id-9,140,5,100,0,10,3,149,,1,24,17
m701,3,id-10,85,10,90,0,10,2,201,10,2,1,17
m702,3,id-1,,20,100,0,9,1,200,,3,6,14
m703,4,id-14,,5,,0,12,1,216,,2,,13
m704,4,id-14,,40,,0,10,1,217,,3,,20
m705,3,id-14,140,5,90,0,10,3,205,100,4,3,22
m706,4,id-3,,10,,0,7,1,215,,1,,8
m707,3,id-1,,20,,0,7,1,214,,4,2,13
m708,3,id-2,15,20,100,0,10,2,30,,5,10,7
m709,3,id-11,80,10,100,0,10,2,256,,2,16,6
m710,3,id-1,70,20,100,0,10,2,198,30,4,29,14
m711,3,id-3,,15,100,0,10,1,59,,2,28,19
m712,3,id-14,70,5,100,0,10,3,72,50,4,4,22
m713,3,id-14,70,5,100,0,10,3,73,50,4,9,22
m714,3,id-7,,20,,0,7,1,322,,2,32,11
m715,6,id-11,15,20,100,1,10,3,361,,,,
m716,6,id-10,75,10,100,0,10,3,72,100,,,
m717,6,id-12,,10,,4,7,1,362,,,,
m718,6,id-18,,20,,0,3,1,363,,,,
m719,4,id-16,150,5,90,0,10,3,81,,1,,22
m720,4,id-1,35,10,90,0,10,2,45,,4,,7
m721,6,id-11,110,5,95,0,10,3,5,30,,,
m722,6,id-14,80,5,,0,10,3,360,,,,
m723,4,id-7,,10,,0,7,1,207,,4,,11
m724,4,id-7,90,15,100,0,10,2,44,,4,,4
m725,4,id-6,150,5,80,0,10,2,270,,5,,22
m726,4,id-7,,10,,0,7,1,33,,4,,8
m727,4,id-13,50,10,90,0,10,3,277,70,2,,17
m728,4,id-7,60,20,100,0,10,2,225,,5,,12
m729,4,id-11,40,20,100,1,10,2,104,,2,,1
m730,4,id-12,120,15,100,0,10,2,199,,5,,18
m731,3,id-12,,20,,0,7,1,182,,4,15,21
m732,3,id-1,,20,,0,7,1,181,,3,25,14
m733,2,id-12,,40,100,0,11,1,61,,2,10,1
m734,2,id-2,,15,100,0,10,2,100,,1,28,15
m735,3,id-14,,10,100,0,10,1,178,,4,12,12
m736,3,id-1,,20,,5,3,1,177,,4,18,20
m737,1,id-1,40,30,100,1,10,2,104,,1,30,1
m738,1,id-1,20,20,100,0,10,2,82,,1,17,11
m739,1,id-14,,40,,0,7,1,11,,2,32,11
m740,1,id-14,,30,,0,7,1,53,,1,30,1
m741,1,id-14,90,10,100,0,10,3,73,10,4,5,17
m742,1,id-14,,20,60,0,10,1,2,,4,5,19
m743,1,id-4,,10,90,0,10,1,34,,4,33,19
m744,1,id-14,50,25,100,0,10,3,77,10,4,9,5
m745,1,id-5,,5,30,0,10,2,39,,5,14,9
m746,1,id-5,80,10,100,0,10,2,257,,4,15,6
m747,3,id-12,25,30,100,0,10,2,30,,1,14,7
m748,6,id-17,75,5,100,0,10,2,1,,,,
m749,4,id-17,75,5,100,0,10,2,1,,,,
m750,2,id-1,,10,,0,7,1,143,,3,32,11
m751,2,id-18,,10,75,0,10,1,50,,3,18,19
m752,2,id-17,60,20,,0,10,2,18,,4,27,18
m753,2,id-1,,10,100,0,10,1,61,,5,10,2
m754,2,id-2,40,30,100,1,10,2,104,,1,30,1
m755,2,id-1,,10,,4,7,1,112,,3,15,16
m756,2,id-15,40,25,100,0,11,3,6,10,2,1,5
m757,2,id-8,,10,100,0,10,1,101,,5,26,19
m758,4,id-2,75,10,100,0,10,2,4,,2,,20
m759,4,id-8,70,,100,0,10,2,44,,3,,17
m760,2,id-5,20,10,100,0,10,3,74,100,3,10,5
m761,2,id-4,90,10,100,0,10,3,3,30,5,10,18
m762,7,id-7,80,15,100,0,10,2,396,100,,,
m763,7,id-14,,10,,0,12,1,395,,,,
m764,8,id-17,10,10,,0,2,2,1,,,,
m765,8,id-12,10,10,,0,2,2,1,,,,
m766,8,id-9,10,10,,0,2,2,1,,,,
m767,8,id-16,,5,100,0,7,1,433,100,,,
m768,8,id-2,80,10,100,0,10,2,434,,,,
m769,8,id-18,,15,,0,10,1,435,100,,,
m770,7,id-1,,15,,3,10,1,389,,,,
m771,7,id-12,40,40,100,0,10,2,1,,,,
m772,7,id-1,,30,,0,7,1,391,,,,
m773,7,id-4,,20,100,0,10,1,390,100,,,
m774,7,id-17,80,15,100,0,10,2,393,100,,,
m775,7,id-9,,20,,0,13,1,392,,,,
m776,7,id-9,80,20,100,0,10,2,385,,,,
m777,7,id-7,90,15,100,0,10,3,394,,,,
m778,1,id-1,85,,100,0,10,2,7,30,5,4,5
m779,4,id-17,,5,100,0,10,2,246,,4,,23
m780,1,id-11,,40,,0,7,1,12,,3,15,13
m781,2,id-1,,5,,,7,1,133,,2,25,8
m782,4,id-1,35,10,90,0,10,2,45,,4,,7
m783,1,id-1,65,20,100,0,10,2,151,30,5,4,5
m784,1,id-12,45,25,100,0,10,2,1,,1,1,5
m785,1,id-1,80,20,75,0,10,2,1,,5,23,5
m786,1,id-1,15,20,85,0,10,2,43,100,5,24,21
m787,1,id-2,60,15,85,0,10,2,32,30,1,5,5
m788,1,id-2,100,10,95,0,10,2,46,,1,3,5
m789,1,id-1,120,5,75,0,10,2,1,,1,1,18
m790,1,id-2,30,30,100,0,10,2,45,,1,12,7
m791,8,id-11,,10,,0,13,1,441,,,,
m792,3,id-11,150,5,100,0,11,3,191,,2,26,22
m793,1,id-1,70,15,100,0,10,2,32,30,5,9,5
m794,1,id-5,,15,100,0,10,1,24,,3,10,19
m795,8,id-16,50,10,100,0,10,2,428,,,,
m796,7,id-14,185,1,,0,10,3,415,,,,
m797,3,id-14,,20,,0,7,1,207,,1,32,11
m798,7,id-1,,1,,0,7,1,414,100,,,
m799,1,id-1,,40,,0,7,1,157,,3,16,13
m800,7,id-12,65,10,90,0,10,3,74,50,,,
m801,3,id-1,60,25,100,0,10,2,106,,3,20,12
m802,7,id-16,110,5,100,0,11,3,405,100,,,
m803,7,id-18,130,5,90,0,10,3,205,100,,,
m804,4,id-3,,15,,0,4,1,226,,4,,1
m805,,id-1,,40,,0,7,1,370,,,,
m806,5,id-14,,10,,,12,1,282,,,,
m807,7,id-10,150,5,100,-3,11,3,408,,,,
m808,4,id-2,100,10,90,0,10,2,219,100,1,,2
m809,6,id-1,,40,,0,7,1,370,,,,
m810,7,id-5,75,10,100,0,10,2,409,,,,
m811,2,id-3,100,5,95,0,10,3,44,,1,2,22
m812,,id-12,,10,,0,7,1,329,,,,
m813,7,id-14,85,10,100,0,10,2,187,,,,
m814,7,id-2,60,10,100,-4,10,2,186,,5,31,15
m815,3,id-2,60,10,100,-4,10,2,186,,5,31,15
m816,2,id-1,,40,,,10,1,114,,4,33,20
m817,6,id-17,100,5,,0,10,2,360,100,,,
m818,3,id-17,,20,100,0,10,1,63,,4,28,19
m819,4,id-14,,10,,,7,1,271,,2,,8
m820,1,id-12,120,10,100,0,10,3,152,,1,1,6
m821,5,id-10,,10,100,0,10,2,292,,,,
m822,7,id-7,,1,,0,10,3,1,,,,
m823,1,id-1,15,20,85,0,10,2,30,,1,10,7
m824,1,id-12,120,10,100,0,10,3,152,,1,1,6
m825,3,id-17,65,20,100,0,10,2,189,,4,4,5
m826,1,id-1,15,20,85,0,10,2,30,,1,10,7
m827,3,id-5,35,15,85,0,10,2,43,100,4,24,21
m828,3,id-1,50,10,,0,10,3,204,,4,1,4
m829,3,id-1,50,10,100,0,10,3,204,,4,1,4
m830,3,id-5,,15,,0,12,1,202,,3,1,13
m831,5,id-18,190,1,,0,10,2,417,,,,
m832,4,id-10,70,5,100,0,11,3,1,100,,,
m833,8,id-10,70,5,100,,11,3,1,100,,,
m834,7,id-18,190,,,0,10,2,417,,,,
m835,3,id-1,90,10,100,0,8,3,160,,3,21,10
m836,1,id-11,100,10,90,0,10,2,44,,5,2,18
m837,8,id-2,90,10,100,0,10,2,1,100,,,
m838,1,id-1,55,30,100,0,10,2,1,,5,1,5
m839,2,id-4,,10,100,0,10,3,3,30,5,10,18
m840,5,id-14,,10,,0,12,1,282,,,,
m841,2,id-2,,5,50,0,10,2,77,100,1,10,18
m842,3,id-15,,,30,0,10,3,39,,2,14,9
m843,4,id-17,,15,100,0,10,1,233,,3,,13
m844,8,id-9,100,5,100,0,10,2,436,,,,
m845,8,id-10,120,5,90,0,10,2,5,10,,,
m846,8,id-13,110,10,100,0,10,2,437,100,,,
m847,8,id-9,100,5,100,0,10,2,436,,,,
m848,8,id-12,40,40,100,0,10,2,1,,,,
m849,8,id-16,60,15,100,0,11,2,396,100,,,
m850,8,id-12,80,10,100,0,10,3,440,100,,,
m851,8,id-13,80,10,100,0,11,3,439,,,,
m852,8,id-18,75,15,100,0,10,2,72,100,,,
m853,5,id-14,80,10,100,0,10,3,283,,,,
m854,4,id-17,,5,100,,10,2,246,,4,,23
m855,7,id-13,175,1,,0,10,3,7,100,,,
m856,3,id-10002,,,,,6,1,107,,,,
m857,5,id-14,,10,,0,12,1,282,,,,
m858,4,id-2,120,5,70,0,10,3,73,10,1,,17
m859,4,id-2,40,30,100,1,10,3,104,,4,,1
m860,4,id-3,120,15,100,0,10,2,199,,3,,18
m861,4,id-12,90,10,100,0,10,3,73,10,2,,17
m862,4,id-17,,10,100,0,10,1,178,,1,,12
m863,4,id-5,90,10,100,0,10,3,73,10,4,,18
m864,4,id-17,,20,,0,7,1,54,,3,,11
m865,4,id-1,150,5,90,0,10,2,81,,2,,22
m866,4,id-15,60,10,100,-4,10,2,186,,1,,15
m867,4,id-9,40,30,100,1,10,2,104,,4,,1
m868,8,id-17,90,10,100,0,11,3,1,20,,,
m869,8,id-8,110,5,90,0,10,2,1,,,,
m870,8,id-15,130,5,100,0,11,2,1,,,,
m871,8,id-8,120,5,100,0,11,3,1,,,,
m872,8,id-14,80,5,100,0,10,3,1,,,,
m873,7,id-11,90,10,100,0,9,3,386,,,,
m874,5,id-10,100,5,100,0,10,3,336,,,,
m875,5,id-13,100,5,100,0,10,2,337,,,,
m876,4,id-3,65,20,,0,10,3,268,100,4,,23
m877,4,id-3,,20,100,0,10,3,268,100,4,,23
m878,8,id-10,70,5,100,0,11,3,1,100,,,
m879,5,id-13,130,5,85,0,10,2,7,20,,,
m880,5,id-10,130,5,85,0,10,3,5,20,,,
m881,1,id-1,,30,,0,7,1,48,,1,5,11
m882,5,id-15,140,5,90,0,10,2,332,30,,,
m883,5,id-15,140,5,90,0,10,3,333,30,,,
m884,5,id-17,55,15,95,0,11,3,72,100,,,
m885,5,id-15,85,10,90,0,10,2,32,30,,,
m886,5,id-10,180,5,95,0,10,2,335,100,,,
m887,2,id-16,40,20,100,0,11,3,147,20,1,21,5
m888,2,id-2,100,5,80,0,10,2,44,,1,2,18
m889,8,id-1,50,10,100,0,10,3,1,,,,
m890,8,id-10,100,10,,0,2,2,1,,,,
m891,5,id-11,80,10,100,0,10,3,325,,,,
m892,2,id-9,100,15,75,0,10,2,70,30,1,4,18
m893,2,id-1,,20,100,0,11,1,25,,3,5,19
m894,2,id-2,70,10,,-1,10,2,79,,1,31,2
m895,2,id-9,50,35,95,0,10,2,140,10,1,1,18
m896,2,id-12,,5,,0,7,1,133,,4,25,8
m897,2,id-1,,5,,0,7,1,133,,2,25,8
m898,2,id-1,60,15,100,0,10,3,136,,4,17,23
m899,2,id-18,,5,,0,7,1,133,,2,25,8
m900,3,id-1,,,,5,3,1,177,,4,18,20
m901,5,id-6,50,15,100,0,10,2,288,100,,,
m902,1,id-7,,40,,0,11,1,61,,4,9,19
m903,5,id-1,,15,,0,10,1,301,,,,
m904,3,id-17,,10,100,0,10,1,169,,5,7,9
m905,8,id-6,120,10,,0,10,3,1,100,,,
m906,5,id-14,,10,,0,12,1,287,,,,
m907,1,id-1,,10,,0,7,1,80,,4,16,23
m908,4,id-5,65,10,85,,10,3,74,30,4,,18
m909,3,id-1,70,20,100,0,10,2,170,,3,28,15
m910,7,id-13,60,20,100,0,10,3,1,100,,,
m911,7,id-10,60,20,100,0,10,2,1,100,,,
m912,7,id-14,80,15,95,0,10,3,1,,,,
m913,7,id-17,80,15,95,0,10,3,1,,,,
m914,7,id-11,90,15,100,0,11,3,1,30,,,
m915,3,id-17,,15,100,0,10,1,167,,4,18,19
m916,7,id-13,,20,,0,10,3,1,,,,
m917,7,id-11,60,20,100,0,10,3,1,,,,
m918,3,id-10,,15,85,0,10,1,168,,2,4,17
m919,7,id-12,100,10,90,0,10,2,1,100,,,
m920,7,id-15,100,10,90,0,10,3,1,,,,
m921,1,id-1,,10,,0,7,1,109,,3,16,13
m922,3,id-9,90,10,90,0,10,2,140,20,1,12,18
m923,3,id-11,150,5,90,0,10,3,81,,2,6,22
m924,1,id-1,,30,,0,7,1,12,,5,16,13
m925,3,id-4,50,15,100,0,10,2,203,50,4,33,4
m926,3,id-1,90,10,100,0,11,3,1,,1,5,5
m927,3,id-10,150,5,90,0,10,3,81,,2,6,22
m928,3,id-1,75,10,95,0,10,2,70,50,1,4,5
m929,3,id-15,30,20,90,0,10,2,118,,2,24,7
m930,3,id-5,,15,,0,12,1,202,,3,1,13
m931,3,id-1,,10,,0,7,1,33,,3,26,8
m932,3,id-12,60,15,100,0,10,2,32,30,4,4,5
m933,1,id-5,65,20,85,0,10,2,32,10,5,10,5
m934,1,id-4,65,20,100,0,10,3,3,30,5,4,18
m935,1,id-11,80,15,100,0,10,2,32,20,5,28,5
m936,1,id-10,110,5,85,0,10,3,5,10,2,1,17
m937,1,id-1,100,10,75,0,10,2,1,,5,1,5
m938,1,id-15,65,20,100,0,10,3,69,10,2,23,17
m939,1,id-4,30,20,70,0,10,3,3,40,5,5,5
m940,1,id-8,30,30,100,0,10,2,7,30,5,4,16
m941,1,id-1,,40,85,0,10,1,60,,4,5,10
m942,1,id-1,60,20,,0,11,3,18,,1,27,17
m943,1,id-11,35,15,85,0,10,2,43,100,5,24,5
m944,1,id-2,,20,100,0,10,2,88,,5,23,5
m945,1,id-2,,20,100,-5,1,2,90,,5,16,15
m946,8,id-6,,15,100,,10,1,426,100,,,
m947,2,id-5,,20,,0,6,1,113,,4,18,13
m948,1,id-3,90,15,95,0,10,2,156,,4,15,6
m949,1,id-3,90,15,,0,10,2,156,,4,15,6
m950,6,id-13,,10,,0,12,1,369,,,,
m951,3,id-13,,20,,0,7,1,175,,4,12,11
m952,5,id-1,120,15,100,0,10,2,49,,,,
m953,3,id-17,,20,100,0,10,1,176,,4,18,16
m954,7,id-12,,1,,0,10,3,1,,,,
m955,2,id-1,,15,85,0,10,1,119,,3,27,19
m956,3,id-14,140,5,90,,10,3,205,100,4,3,22
m957,5,id-17,85,10,95,0,10,3,74,40,,,
m958,4,id-17,,,50,0,11,1,2,,4,,19
m959,1,id-11,,15,100,0,9,3,258,,2,2,17
m960,5,id-4,90,10,100,0,10,3,1,20,,,
m961,2,id-2,,5,,4,7,1,112,,1,16,16
m962,2,id-2,,5,,,7,1,112,,1,16,16
m963,2,id-12,,5,,0,7,1,133,,4,25,8
m964,7,id-17,80,15,100,0,10,2,393,100,,,
m965,6,id-7,,20,100,1,10,1,378,,,,
m966,6,id-18,,10,,0,7,1,366,,,,
m967,6,id-13,,20,,0,13,1,367,,,,
m968,6,id-1,,30,,0,4,1,368,,,,
m969,6,id-13,,10,,0,12,1,369,,,,
m970,6,id-18,80,10,100,0,11,3,1,,,,
m971,6,id-1,,40,,0,7,1,370,,,,
m972,6,id-1,,40,,0,3,1,371,,,,
m973,6,id-18,,30,100,1,10,1,365,,,,
m974,6,id-13,20,20,100,0,10,2,372,100,,,
m975,3,id-10002,55,,100,0,10,2,10001,,,,
m976,8,id-2,,15,100,0,10,1,430,,,,
m977,3,id-10,,10,100,0,10,2,292,,,,
m978,6,id-3,120,,100,0,10,2,230,100,,,
m979,1,id-1,50,1,,,8,2,255,,1,1,5
m980,3,id-10002,75,,100,0,10,3,6,10,,,
m981,,id-10002,75,,100,0,10,3,6,10,,,
m982,2,id-16,120,10,100,0,8,2,28,,1,6,7
m983,5,id-15,65,10,95,0,11,3,331,100,,,
m984,8,id-12,80,10,100,0,10,2,71,100,,,
m985,1,id-5,,15,100,0,10,1,24,,3,10,19
m986,5,id-2,85,10,100,0,10,3,283,,,,
m987,4,id-1,140,5,100,0,10,2,247,,3,,21
m988,7,id-7,,1,,0,10,3,1,,,,
m989,4,id-7,,,,0,7,1,33,,4,,8
m990,4,id-4,,20,,0,6,1,250,,4,,13
m991,8,id-11,85,10,,0,10,2,431,,,,
m992,7,id-7,,1,,0,10,2,1,,,,
m993,6,id-5,90,10,,0,11,2,1,,,,
m994,6,id-5,90,10,100,0,11,2,1,,,,
m995,4,id-14,,10,,0,10,1,251,,1,,16
m996,7,id-7,,1,,,10,3,1,,,,
m997,7,id-8,,1,,0,10,3,1,,,,
m998,2,id-16,120,10,100,0,8,2,28,,1,6,7
m999,8,id-2,,10,,,13,1,1,100,,,
m1000,7,id-8,,1,,0,10,2,1,,,,
m1001,2,id-1,,20,100,,11,1,25,,3,5,19
m1002,7,id-5,,1,,0,10,3,1,,,,
m1003,2,id-8,,10,,0,1,1,110,,5,31,21
m1004,7,id-5,,1,,0,10,2,1,,,,
m1005,7,id-6,,1,,0,10,3,1,,,,
m1006,5,id-10,100,5,50,0,10,3,5,100,,,
m1007,5,id-10,100,5,50,0,10,3,5,100,,,
m1008,7,id-6,,1,,0,10,2,1,,,,
m1009,4,id-4,80,20,100,0,10,2,3,30,4,,4
m1010,4,id-17,80,15,100,0,10,3,32,20,1,,17
m1011,3,id-3,60,20,,,10,2,18,,1,27,17
m1012,4,id-2,70,10,100,0,10,2,218,,4,,16
m1013,5,id-11,80,10,100,0,10,3,325,,,,
m1014,5,id-10,80,10,100,0,10,3,326,,,,
m1015,5,id-1,70,5,100,0,10,2,320,,,,
m1016,5,id-2,,5,100,0,10,3,321,,,,
m1017,5,id-1,,15,,0,10,1,324,,,,
m1018,5,id-10,100,5,50,0,10,3,5,100,,,
m1019,5,id-10,60,15,100,0,11,3,315,,,,
m1020,5,id-17,,15,100,0,10,1,316,,,,
m1021,5,id-3,55,15,100,0,10,2,318,,,,
m1022,5,id-1,,15,,0,10,1,319,,,,
m1023,2,id-17,60,20,,,10,2,18,,4,27,18
m1024,8,id-17,80,10,100,0,10,2,423,,,,
m1025,4,id-6,80,20,100,0,10,3,1,,2,,5
m1026,4,id-6,80,20,100,0,10,3,1,,2,,5
m1027,4,id-17,,10,100,0,10,2,234,,5,,23
m1028,7,id-6,,1,,0,10,2,1,,,,
m1029,2,id-1,,25,,0,4,1,125,,2,15,13
m1030,1,id-1,80,10,100,0,11,3,40,,1,2,6
m1031,2,id-1,,,,0,4,1,125,,2,15,13
m1032,1,id-10,35,15,85,0,10,3,43,100,2,24,21
m1033,4,id-1,,10,100,0,10,3,269,,4,,14
m1034,5,id-2,85,10,100,0,10,3,283,,,,
m1035,8,id-15,10,10,,0,2,2,1,,,,
m1036,3,id-10002,70,,100,0,6,3,1,,,,
m1037,2,id-1,,10,,,10,1,144,,4,12,11
m1038,5,id-14,,10,,,10,1,280,,,,
m1039,5,id-14,,10,,0,10,1,280,,,,
m1040,3,id-14,,20,100,0,10,3,32,10,1,4,17
m1041,6,id-14,80,20,100,0,10,3,32,10,1,4,17
m1042,7,id-4,,1,,0,10,2,1,,,,
m1043,5,id-16,,15,90,0,10,2,45,,,,
m1044,5,id-16,40,15,90,0,10,2,45,,,,
m1045,3,id-5,55,15,95,0,10,3,71,100,5,5,2
m1046,2,id-1,,15,100,0,10,1,121,,3,18,19
m1047,3,id-1,60,25,100,0,10,2,106,,3,20,12
m1048,3,id-4,50,25,100,0,10,2,210,10,4,33,4
m1049,3,id-12,60,20,,0,10,3,18,,2,27,17
m1050,3,id-13,120,15,100,0,10,2,263,10,1,3,22
m1051,3,id-14,,20,,0,7,1,212,,4,16,11
m1052,2,id-1,,5,,0,10,1,107,,2,18,10
m1053,3,id-16,,20,,0,7,1,213,,1,32,11
m1054,3,id-12,90,15,100,0,10,2,44,,1,2,17
m1055,3,id-10002,50,,100,0,6,3,1,,,,
m1056,7,id-12,,10,100,0,10,1,388,100,,,
m1057,4,id-1,,15,100,,10,2,223,,1,,18
m1058,5,id-17,,15,,0,7,1,278,,,,
m1059,5,id-6,,10,,3,4,1,279,,,,
m1060,6,id-18,,10,,0,12,1,353,,,,
m1061,6,id-12,,10,,0,12,1,352,,,,
m1062,6,id-18,,10,,0,12,1,355,,,,
m1063,6,id-1,140,10,100,0,9,3,379,,,,
m1064,6,id-18,95,15,100,0,10,3,72,30,,,
m1065,6,id-18,40,30,100,0,10,3,1,,,,
m1066,4,id-16,100,5,95,0,10,3,44,,5,,4
m1067,4,id-14,,10,,0,7,1,271,,2,,8
m1068,4,id-1,,5,100,0,10,2,238,,5,,15
m1069,4,id-10,100,5,75,0,10,3,43,100,5,,7
m1070,4,id-17,,10,50,0,11,1,2,,4,,19
m1071,4,id-12,120,5,85,0,10,3,272,40,1,,22
m1072,4,id-8,60,5,100,0,10,3,141,10,4,,11
m1073,4,id-8,120,5,100,0,10,2,273,,4,,22
m1074,2,id-7,,10,,0,10,1,107,,4,18,13
m1075,2,id-10,,5,,0,12,1,138,,2,11,13
m1076,2,id-17,80,15,100,0,10,2,70,20,5,4,18
m1077,2,id-14,,20,100,-5,1,3,145,,2,16,15
m1078,2,id-1,,10,,0,10,1,144,,4,12,11
m1079,2,id-1,80,5,100,2,10,2,104,,1,30,1
m1080,2,id-6,60,5,100,0,10,3,141,10,5,32,18
m1081,2,id-8,80,15,100,0,10,3,73,20,4,22,17
m1082,2,id-14,120,10,100,0,10,3,149,,4,24,17
m1083,2,id-2,40,15,100,0,10,2,70,50,5,29,18
m1084,1,id-1,70,20,100,0,10,2,44,,1,2,5
m1085,1,id-1,,10,90,0,10,2,41,,5,14,5
m1086,1,id-1,50,1,,0,8,2,255,,1,1,5
m1087,1,id-1,,10,,0,7,1,80,,4,16,23
m1088,2,id-2,10,10,90,0,10,2,105,,1,1,7
m1089,2,id-1,,1,,0,10,1,96,,4,19,23
m1090,7,id-8,80,10,100,0,10,2,385,,,,
m1091,3,id-17,,20,100,0,10,1,347,100,,,
m1092,4,id-10,,1,,0,10,2,1,,,,
m1093,7,id-17,85,10,100,0,10,2,304,,,,
m1094,3,id-13,120,15,100,0,10,2,263,10,1,3,22
m1095,2,id-1,,25,,0,4,1,125,,2,15,13
m1096,7,id-12,,1,,0,10,2,1,,,,
m1097,7,id-12,,1,,0,10,3,1,,,,
m1098,7,id-13,,1,,0,10,2,1,,,,
m1099,2,id-1,,20,100,0,10,2,124,,3,13,18
m1100,7,id-10,,1,,0,10,2,1,,,,
m1101,7,id-10,,1,,0,10,3,1,,,,
m1102,7,id-11,,1,,0,10,2,1,,,,
m1103,7,id-11,,1,,0,10,3,1,,,,
m1104,1,id-15,65,20,100,0,10,3,69,10,2,23,17
m1105,7,id-18,,10,,0,10,1,387,,,,
m1106,7,id-17,,1,,0,10,2,1,,,,
m1107,7,id-14,,1,,0,10,2,1,,,,
m1108,7,id-14,,1,,0,10,3,1,,,,
m1109,3,id-12,150,,90,0,10,3,81,,1,6,22
m1110,7,id-5,95,10,95,0,10,2,1,,,,
m1111,5,id-1,,30,,0,7,1,328,,,,
m1112,8,id-11,60,20,100,0,10,2,1,,,,
m1113,7,id-11,90,10,100,0,9,3,386,,,,
m1114,8,id-14,10,10,,0,2,2,1,,,,
m1115,8,id-16,10,10,,0,2,2,1,,,,
m1116,8,id-18,10,10,,0,2,2,1,,,,
m1117,8,id-3,10,10,,0,2,2,1,,,,
m1118,8,id-11,10,10,,0,2,2,1,,,,
m1119,7,id-15,100,10,90,0,10,2,219,100,,,
m1120,8,id-15,10,10,,0,2,2,1,,,,
m1121,8,id-8,10,10,,0,2,2,1,,,,
m1122,8,id-2,10,10,,0,2,2,1,,,,
m1123,8,id-1,10,10,,0,2,2,1,,,,
m1124,3,id-10002,,,,0,6,1,107,,,,
m1125,6,id-2,100,10,90,0,10,2,219,100,1,,2
m1126,7,id-13,60,20,100,0,10,3,1,100,,,
m1127,4,id-9,80,,100,0,10,2,32,30,5,,18
m1128,8,id-7,10,10,,0,2,2,1,,,,
m1129,8,id-5,10,10,,0,2,2,1,,,,
m1130,1,id-1,,20,,0,10,1,24,,4,22,10
m1131,4,id-9,80,15,100,0,10,2,32,30,5,,18
m1132,1,id-1,120,15,100,0,10,2,199,,5,3,9
m1133,1,id-1,,30,100,0,11,1,20,,3,28,19
m1134,7,id-15,,1,,0,10,2,1,,,,
m1135,3,id-10002,75,,100,0,10,3,5,10,,,
m1136,1,id-1,85,15,100,0,10,2,7,30,5,4,5
m1137,1,id-1,15,20,90,0,10,2,43,100,5,24,21
m1138,1,id-1,90,20,85,0,10,2,49,,5,3,5
m1139,1,id-1,120,10,100,0,8,2,28,,5,6,7
m1140,1,id-1,65,25,100,0,10,2,1,,1,1,5
m1141,1,id-1,15,20,85,0,10,2,30,,1,10,7
m1142,1,id-1,,5,30,0,10,2,39,,1,14,9
m1143,1,id-1,40,35,100,0,10,2,1,,5,1,5
m1144,1,id-10,90,15,100,0,10,3,5,10,2,1,17
m1145,7,id-2,,1,,0,10,2,1,,,,
m1146,5,id-2,85,10,100,0,10,3,283,,,,
m1147,1,id-6,75,10,90,0,11,2,32,30,5,5,5
m1148,1,id-1,,30,100,0,11,1,20,,3,28,19
m1149,5,id-16,40,15,90,0,10,2,45,,,,
m1150,2,id-3,100,5,95,0,10,3,44,,1,2,22
m1151,7,id-14,200,1,,0,10,3,416,,,,
m1152,3,id-11,60,20,,0,10,3,77,20,2,21,17
m1153,,id-11,60,20,100,0,10,3,77,20,2,21,17
m1154,7,id-10,150,5,100,-3,11,3,408,,,,
m1155,7,id-14,100,5,100,0,10,3,1,,,,
m1156,1,id-1,80,15,90,0,10,2,32,10,1,4,18
m1157,1,id-1,80,15,90,0,10,2,32,10,1,4,18
m1158,3,id-9,,15,,0,7,1,285,,,,
m1159,5,id-9,,15,,,7,1,285,,,,
m1160,1,id-1,,15,,0,7,1,17,,1,16,1
m1161,7,id-8,90,10,100,,10,2,410,,,,
m1162,7,id-8,90,10,100,0,10,2,410,,,,
m1163,1,id-15,,5,70,0,11,3,261,10,2,1,17
m1164,2,id-5,,10,100,0,10,3,74,100,3,10,5
m1165,2,id-5,20,10,,0,10,3,74,100,3,10,5
m1166,4,id-12,120,15,100,0,10,2,199,,5,,18
m1167,4,id-11,,,,0,7,1,252,,2,,8
m1168,4,id-8,60,5,,0,10,3,141,10,4,,11
m1169,4,id-12,120,15,100,0,10,2,199,,5,,18
m1170,7,id-12,125,10,100,0,10,2,152,,,,
m1171,8,id-4,10,10,,0,2,2,1,,,,
m1172,1,id-1,,20,,0,7,1,317,,2,32,11
m1173,3,id-10,95,10,90,0,11,3,5,10,2,1,17
m1174,3,id-10,95,10,90,0,11,3,5,10,2,1,17
m1175,3,id-3,,15,100,0,10,1,59,,2,28,19
m1176,1,id-1,,20,,0,7,1,317,,2,32,11
m1177,7,id-9,60,5,100,0,10,2,45,30,,,
m1178,8,id-6,,15,100,0,10,1,426,100,,,
m1179,8,id-11,25,5,100,0,10,2,1,,,,
m1180,7,id-8,200,1,,0,10,3,411,,,,
m1181,1,id-1,,40,100,,11,1,19,,3,28,19
m1182,6,id-5,,10,,0,14,1,340,100,,,
m1183,7,id-13,80,10,100,2,10,2,1,100,,,
m1184,7,id-8,80,,100,0,10,2,385,,,,
m1185,7,id-14,,10,,0,10,1,399,,,,
m1186,3,id-1,,40,,0,13,1,11,,1,32,11
m1187,7,id-18,,1,,0,10,3,1,,,,
m1188,7,id-18,,1,,0,10,3,1,,,,
m1189,5,id-14,60,25,100,0,10,2,32,30,,,
m1190,5,id-14,60,25,100,,10,2,32,30,,,
m1191,7,id-1,,30,,0,7,1,391,,,,
m1192,3,id-14,140,5,90,0,10,3,205,100,4,3,22
m1193,1,id-7,,40,95,0,11,1,61,,4,9,19
m1194,5,id-3,110,10,70,0,10,3,334,30,,,
m1195,3,id-1,,40,,0,13,1,11,,1,32,11
m1196,1,id-1,80,10,100,0,11,3,40,,1,2,6
m1197,5,id-1,75,10,100,0,11,3,330,10,,,
m1198,5,id-1,120,5,100,0,10,3,269,,,,
m1199,5,id-10,100,5,100,0,9,3,5,30,,,
m1200,5,id-9,50,15,85,0,10,2,45,,,,
m1201,4,id-14,80,15,90,0,10,2,32,20,2,,18
m1202,4,id-9,65,10,85,0,10,3,74,30,3,,17
m1203,5,id-1,25,10,85,0,10,2,30,,,,
m1204,5,id-14,100,10,100,0,10,3,283,,,,
m1205,4,id-10,65,15,95,0,10,2,274,10,2,,5
m1206,4,id-8,40,30,100,1,10,2,104,,4,,1
m1207,4,id-5,65,10,85,0,10,3,74,30,4,,18
m1208,4,id-14,70,20,100,0,10,2,44,,1,,17
m1209,4,id-15,40,30,100,1,10,2,104,,2,,1
m1210,4,id-8,70,15,100,0,10,2,44,,3,,17
m1211,4,id-13,65,15,95,0,10,2,276,10,4,,5
m1212,4,id-15,65,15,95,0,10,2,275,10,1,,5
m1213,6,id-13,65,,100,0,9,3,346,,,,
m1214,4,id-7,60,20,,0,10,2,225,,5,,12
m1215,1,id-7,80,10,100,,10,2,4,,4,9,20
m1216,3,id-10002,,,90,0,6,1,50,,,,
m1217,3,id-10002,,,,0,12,1,10005,,,,
m1218,3,id-10002,,,,0,6,1,107,,,,
m1219,3,id-10002,,,100,0,6,1,10004,,,,
m1220,3,id-10002,,,100,0,6,1,60,,,,
m1221,3,id-10002,,,100,0,12,3,10003,,,,
m1222,3,id-10002,95,,100,0,6,3,1,,,,
m1223,3,id-3,85,5,85,0,10,2,264,30,3,15,6
m1224,1,id-1,200,5,100,0,9,2,8,,2,7,9
m1225,5,id-1,,,,0,7,1,328,,,,
m1226,3,id-1,40,10,100,3,10,2,159,100,3,23,17
m1227,3,id-10002,,,,0,12,1,10006,,,,
m1228,8,id-5,70,10,100,0,10,3,1,30,,,
m1229,1,id-8,,30,100,0,10,2,7,30,5,4,16
m1230,1,id-8,30,30,100,0,10,2,7,30,5,4,16
m1231,6,id-7,,20,,0,6,1,341,,,,
m1232,1,id-1,,30,,0,11,1,20,,3,28,19
m1233,1,id-4,,35,75,,10,1,67,,4,33,19
m1234,1,id-4,,,75,0,10,1,67,,4,33,19
m1235,4,id-1,,,,0,7,1,243,,1,,12
m1236,4,id-7,90,10,,0,10,3,73,10,3,,4
m1237,1,id-6,75,10,,0,11,2,32,30,5,5,5
m1238,7,id-12,70,15,100,0,10,2,396,100,,,
m1239,7,id-14,,15,,0,10,1,403,,,,
m1240,7,id-13,100,15,100,0,10,2,1,,,,
m1241,7,id-10,150,5,100,0,9,3,420,,,,
m1242,7,id-6,190,1,,0,10,2,418,,,,
m1243,7,id-18,190,1,,0,10,2,417,,,,
m1244,7,id-8,200,1,,0,10,3,411,,,,
m1245,7,id-9,200,1,,0,10,2,411,,,,
m1246,7,id-10,80,15,100,0,10,2,397,100,,,
m1247,7,id-17,20,10,100,0,10,2,306,,,,
m1248,7,id-10,130,5,100,0,10,3,398,,,,
m1249,3,id-11,,15,,0,12,1,211,,3,1,13
m1250,7,id-9,70,10,,0,10,2,18,,,,
m1251,7,id-4,,20,,0,10,1,400,,,,
m1252,7,id-1,90,15,100,0,10,3,401,,,,
m1253,7,id-16,100,10,100,0,11,3,402,,,,
m1254,3,id-12,150,5,90,0,10,3,81,,1,6,22
m1255,3,id-2,,20,,0,7,1,209,,2,32,11
m1256,1,id-3,80,20,,0,10,2,1,,1,1,5
m1257,1,id-3,80,20,100,0,10,2,1,,1,1,5
m1258,3,id-11,90,10,85,0,11,3,74,30,5,10,18
m1259,3,id-12,25,30,100,0,10,2,30,,1,14,7
m1260,3,id-3,60,20,,0,10,2,18,,1,27,17
m1261,3,id-15,25,30,100,0,10,2,30,,2,23,7
m1262,3,id-9,,15,,0,7,1,52,,5,15,13
m1263,3,id-1,,5,,0,10,1,107,,3,18,13
m1264,3,id-1,,40,,0,13,1,11,,1,32,11
m1265,3,id-16,80,15,100,0,10,2,1,,1,23,17
