pokemon,name,species,height,weight,base_experience,is_default
0,chat0t,id-441,5,,144,1
1,honedge,id-679,8,20,65,1
2,luvcisx,id-370,6,,116,1
3,araquanid-totem,id-752,31,2175,159,0
4,rydon,id-112,,1200,170,1
5,drilbuah,id-529,,85,66,1
6,bastiodon,id-411,13,1495,173,1
7,shieldon,id-410,5,570,70,1
8,loutred,id-294,,405,126,1
9,carko|,id-838,,780,144,1
10,exe9gutor,id-103,,1200,186,1
11,exeggvtor,id-103,,1200,186,1
12,scraggy,id-559,6,118,70,1
13,golceen,rec-118-dup-1,6,150,64,1
14,cresselia,id-488,15,856,300,1
15,phione,id-489,4,31,216,1
16,azelf,id-482,3,3,290,1
17,dialga,id-483,54,6830,340,1
18,uxie,id-480,3,3,290,1
19,mesprit,id-481,3,3,290,1
20,regigigas,id-486,37,4200,335,1
21,giratina-altered,id-487,45,7500,340,1
22,palkia,id-484,42,3360,340,1
23,heatran,id-485,17,4300,300,1
24,treveriant,id-709,15,,166,1
25,sawj,id-539,,510,163,1
26,sawi,rec-539-dup-1,14,510,163,1
27,regice,id-378,18,1750,290,1
28,registeel,id-379,19,2050,290,1
29,caterpie,rec-10-dup-0,3,,39,1
30,caterpi,id-10,,29,39,1
31,beldum,id-374,6,952,60,1
32,metang,id-375,12,2025,147,1
33,naganadel,id-804,36,1500,270,1
34,regirock,id-377,17,2300,290,1
35,luvdisc,id-370,6,87,116,1
36,bagon,id-371,6,421,60,1
37,shelgon,id-372,11,1105,147,1
38,magearna,id-801,10,805,300,1
39,soogat,id-528,,105,149,1
40,duosion,id-578,6,80,130,1
41,reuniclus,id-579,10,201,245,1
42,gothitelle,id-576,15,440,245,1
43,solosis,id-577,3,10,58,1
44,gothita,id-574,4,58,58,1
45,gothorita,id-575,7,180,137,1
46,minccino,id-572,4,58,60,1
47,cinccino,id-573,5,75,165,1
48,zorua,id-570,7,125,66,1
49,zoroark,id-571,16,811,179,1
50,starly,id-396,3,20,49,1
51,staravia,id-397,6,155,119,1
52,prinplup,id-394,8,230,142,1
53,empoleon,id-395,17,845,239,1
54,infernape,id-392,12,550,240,1
55,piplup,id-393,4,52,63,1
56,zygarde-complete,id-718,45,6100,354,0
57,gumshoos-totem,id-735,14,600,146,0
58,lurantis-totem,id-754,15,580,168,0
59,salazzle-totem,id-758,21,810,168,0
60,mawile-mega,id-303,10,235,168,0
61,aggron-mega,id-306,22,3950,284,0
62,zygarde-50,id-718,50,3050,300,1
63,diancie,id-719,7,88,300,1
64,banette-mega,id-354,12,130,194,0
65,absol-mega,id-359,12,490,198,0
66,medicham-mega,id-308,13,315,179,0
67,manectric-mega,id-310,18,440,201,0
68,bergmite,id-712,10,995,61,1
69,avalugg,id-713,20,5050,180,1
70,pumpkaboo-average,id-710,4,50,67,1
71,gourgeist-average,id-711,9,125,173,1
72,xerneas,id-716,30,2150,340,1
73,yveltal,id-717,58,2030,340,1
74,noibat,id-714,5,80,49,1
75,noivern,id-715,15,850,187,1
76,donphan,id-232,11,1200,175,1
77,minuri,id-312,,42,142,1
78,venomoth,id-49,15,125,158,1
79,venonat,id-48,10,300,61,1
80,zubat,id-41,8,75,49,1
81,wigglytuff,id-40,10,120,218,1
82,oddish,id-43,5,54,64,1
83,golbat,id-42,16,550,159,1
84,vileplume,id-45,12,186,245,1
85,gloom,id-44,8,86,138,1
86,parasect,id-47,10,295,142,1
87,paras,id-46,3,54,57,1
88,drzkonair,id-148,,165,147,1
89,drakonair,id-148,,165,147,1
90,sawsbucn,id-586,,925,166,1
91,bouffalant,id-626,16,946,172,1
92,rufflet,id-627,5,105,70,1
93,quilava,id-156,9,190,142,1
94,bisharp,id-625,16,700,172,1
95,golett,id-622,10,920,61,1
96,golurk,id-623,28,3300,169,1
97,mienshao,id-620,14,355,179,1
98,bayleef,id-153,12,158,142,1
99,totodile,id-158,6,95,63,1
100,croconaw,id-159,11,250,142,1
101,braviary,id-628,15,410,179,1
102,vullaby,id-629,5,90,74,1
103,palkla,id-484,42,,340,1
104,pidge0t-mega,rec-18-dup-0,22,505,261,0
105,dujtox,id-269,12,,173,1
106,dusdox,id-269,,316,173,1
107,bonzly,rec-438-dup-0,5,150,58,1
108,bonsoy,rec-438-dup-1,5,150,58,1
109,toget:c,id-176,6,,142,1
110,togetic,id-176,,,142,1
111,ursaeink,id-217,18,1258,175,1
112,urzarink,id-217,18,1258,175,1
113,litlei,id-667,6,,74,1
114,litoeo,id-667,6,,74,1
115,shellder,id-90,,,61,1
116,shell3er,id-90,,40,61,1
117,zamazenta-cr0wned,rec-889-dup-0,29,7850,360,0
118,zebstrila,id-523,16,,174,1
119,gardevoie-mega,rec-282-dup-0,16,484,278,0
120,grirnmsnarl,id-861,,610,255,1
121,ribomhee,rec-743-dup-0,2,5,162,1
122,ripombee,rec-743-dup-0,2,5,162,1
123,mewtvvo,rec-150-dup-1,20,1220,340,1
124,mewrwo,rec-150-dup-0,20,1220,340,1
125,dartrkx,rec-723-dup-0,7,160,147,1
126,giratjma-altered,id-487,,7500,340,1
127,giratiza-altered,id-487,,7500,340,1
128,lairon,id-305,9,1200,151,1
129,aron,id-304,4,600,66,1
130,tyramtrym,id-697,,2700,182,1
131,narv,id-177,,20,64,1
132,natv,id-177,2,20,64,1
133,torkpal,id-324,5,,165,1
134,claydol,id-344,,,175,1
135,scyther,id-123,15,560,100,1
136,mr-mime,id-122,13,545,161,1
137,pyroar,id-668,15,815,177,1
138,mlnior-orangr,id-774,,3,175,0
139,crabominable,rec-740-dup-0,,1800,167,1
140,crabom'lnable,rec-740-dup-0,17,1800,167,1
141,d9mburr,id-532,6,,61,1
142,metagrozs-mega,id-376,,9429,315,0
143,metsgrosd-mega,id-376,,9429,315,0
144,pignite,id-499,10,555,146,1
145,tepig,id-498,5,99,62,1
146,darkrai,id-491,15,505,270,1
147,manaphy,id-490,3,14,270,1
148,arceus,id-493,32,3200,324,1
149,shaymin-land,id-492,2,21,270,1
150,snivy,id-495,6,81,62,1
151,victini,id-494,4,40,300,1
152,serperior,id-497,33,630,238,1
153,servine,id-496,8,160,145,1
154,genej3ct,id-649,15,,300,1
155,gwnesekt,id-649,15,,300,1
156,relicanth,id-369,10,234,170,1
157,gorebyss,id-368,18,226,170,1
158,skwovet,id-819,3,25,55,1
159,meoth,rec-52-dup-1,4,42,58,1
160,spheal,id-363,8,395,58,1
161,raboot,id-814,6,90,147,1
162,drizzile,id-817,7,115,147,1
163,sobble,id-816,3,40,62,1
164,thwackey,id-811,7,140,147,1
165,grookey,id-810,3,50,62,1
166,scorbunny,id-813,3,45,62,1
167,sealeo,id-364,11,876,144,1
168,garbodor,id-569,19,1073,166,1
169,trubbish,id-568,6,310,66,1
170,kog0at,id-673,,910,186,1
171,carracosta,id-565,12,810,173,1
172,tirtouga,id-564,7,165,71,1
173,archeops,id-567,14,320,177,1
174,archen,id-566,5,95,71,1
175,sigilyph,id-561,14,140,172,1
176,scrafty,id-560,11,300,171,1
177,cofagrigus,id-563,17,765,169,1
178,yamask,id-562,5,15,61,1
179,jirachi,id-385,3,11,300,1
180,rayquaza,id-384,70,2065,340,1
181,turtwig,id-387,4,102,64,1
182,deoxys-normal,id-386,17,608,270,1
183,latios,id-381,20,600,300,1
184,latias,id-380,14,400,300,1
185,groudon,id-383,35,9500,335,1
186,kyogre,id-382,45,3520,335,1
187,sceptile-rnega,id-254,,552,284,0
188,sceptile-me9a,id-254,19,,284,0
189,torterra,id-389,22,3100,236,1
190,grotle,id-388,11,970,142,1
191,pra:xen,id-654,,145,143,1
192,doxapex,id-748,,145,173,1
193,cramorant-g0rjing,id-845,8,,166,0
194,ampharos-mega,id-181,14,615,275,0
195,phantump,id-708,4,70,62,1
196,heracross-mega,id-214,17,625,210,0
197,scizor-mega,id-212,20,1250,210,0
198,gyarados-mega,id-130,65,3050,224,0
199,pinsir-mega,id-127,17,590,210,0
200,mewtwo-mega-x,id-150,23,1270,351,0
201,aerodactyl-mega,id-142,21,790,215,0
202,hawlucha,id-701,8,215,175,1
203,sylveon,id-700,10,235,184,1
204,carbink,id-703,3,57,100,1
205,dedenne,id-702,2,22,151,1
206,tyranitar-mega,id-248,25,2550,315,0
207,houndoom-mega,id-229,19,495,210,0
208,klefki,id-707,2,30,165,1
209,rockruff-owm-tempo,rec-744-dup-0,5,92,56,0
210,charizarf-mega-y,id-6,17,,285,0
211,growlithe,id-58,7,190,70,1
212,arcanine,id-59,19,1550,194,1
213,melmetal,id-809,25,8000,300,1
214,cbewt|e,id-833,3,,57,1
215,meowth,id-52,4,42,58,1
216,persian,id-53,10,320,154,1
217,diglett,id-50,2,8,53,1
218,dugtrio,id-51,7,333,149,1
219,mankey,id-56,5,280,61,1
220,primeape,id-57,10,320,159,1
221,psyduck,id-54,8,196,64,1
222,golduck,id-55,17,766,175,1
223,diggersby,id-660,10,424,148,1
224,minior-green,id-774,3,3,175,0
225,aerodactyl,id-142,18,590,180,1
226,kabutops,id-141,13,405,173,1
227,kabuto,id-140,5,115,71,1
228,dratini,id-147,18,33,60,1
229,moltres,id-146,20,600,290,1
230,zapdos,id-145,16,526,290,1
231,articuno,id-144,17,554,290,1
232,minior-yellow-meteor,id-774,3,400,154,0
233,minior-orange-meteor,id-774,3,400,154,0
234,minior-blue-meteor,id-774,3,400,154,0
235,dragonair,id-148,40,165,147,1
236,terrakion,id-639,19,2600,290,1
237,cobalion,id-638,21,2500,290,1
238,minior-orange,id-774,3,3,175,0
239,minior-red,id-774,3,3,175,0
240,mienfu,id-619,,200,70,1
241,mr-mime-galaah,id-122,14,,161,0
242,lampent,id-608,6,130,130,1
243,chandelure,id-609,10,343,260,1
244,croc0naw,id-159,,250,142,1
245,elgyem,rec-605-dup-0,5,,67,1
246,drifbli:ii,id-426,12,,174,1
247,litleo,id-667,6,135,74,1
248,drivbkim,id-426,,150,174,1
249,perzian,id-53,10,,154,1
250,zigzagoon-galar,id-263,4,175,56,0
251,spewpa,id-665,3,84,75,1
252,pineco,rec-204-dup-0,,72,58,1
253,slutpuff,id-685,,50,168,1
254,walrein,id-365,14,1506,265,1
255,gourgeisr-lar9e,id-711,11,140,173,0
256,gourgelwt-large,id-711,11,,173,0
257,pol'ltied,id-186,11,,250,1
258,politiee,id-186,11,339,250,1
259,fikavolt-totem,rec-738-dup-0,26,1475,225,0
260,zygarde-10-p0wer-construct,id-718,12,,243,0
261,hawlucha,rec-701-dup-0,,215,175,1
262,golducxk,id-55,17,,175,1
263,minior-blve-meteor,id-774,,400,154,0
264,minior-blve-meteor,id-774,3,,154,0
265,glastrier,id-896,22,8000,290,1
266,minior-grsen-meteor,id-774,3,,154,0
267,sharpedo-mega,rec-319-dup-0,25,,196,0
268,shar0edo-mega,rec-319-dup-0,25,1303,196,0
269,lurant:s-t0tem,id-754,,580,168,0
270,unfezant,rec-521-dup-0,,290,244,1
271,meovvth-galar,rec-52-dup-1,4,75,58,0
272,meowtj-galar,rec-52-dup-1,4,75,58,0
273,raicnu,id-26,8,,243,1
274,raich8,id-26,,300,243,1
275,woolpo,rec-831-dup-1,6,60,122,1
276,thievul,id-828,12,199,159,1
277,gossifleur,id-829,4,22,50,1
278,meltan,id-808,2,80,150,1
279,greedent,id-820,6,60,161,1
280,rookidee,id-821,2,18,49,1
281,corvisquire,id-822,8,160,128,1
282,corviknight,id-823,22,750,248,1
283,blipbug,id-824,4,80,36,1
284,dottler,id-825,4,195,117,1
285,orbeetle,id-826,4,408,253,1
286,nickit,id-827,6,89,49,1
287,crustle,id-558,14,2000,170,1
288,blacephalon,id-806,18,130,285,1
289,yamask-galar,id-562,5,15,61,0
290,zeraora,id-807,15,445,300,1
291,basculin-red-striped,id-550,10,180,161,1
292,sandile,id-551,7,152,58,1
293,krokorok,id-552,10,334,123,1
294,krookodile,id-553,15,963,260,1
295,darumaka,id-554,6,375,63,1
296,metagross,id-376,16,5500,300,1
297,maractus,id-556,10,280,161,1
298,dwebble,id-557,3,145,65,1
299,stakataka,id-805,55,8200,285,1
300,marshadow,id-802,7,222,300,1
301,poipole,id-803,6,18,210,1
302,darmanitan-galar-zen,id-555,17,1200,189,0
303,necrozma,id-800,24,2300,300,1
304,salamence,id-373,15,1026,300,1
305,yungoos,id-734,4,60,51,1
306,gumshoos,id-735,7,142,146,1
307,grubbin,id-736,4,44,60,1
308,charjabug,id-737,5,105,140,1
309,primarina,id-730,18,440,265,1
310,pikipek,id-731,3,12,53,1
311,trumbeak,id-732,6,148,124,1
312,toucannon,id-733,11,260,218,1
313,vikavolt,id-738,15,450,250,1
314,crabrawler,id-739,6,70,68,1
315,machoke,id-67,15,705,142,1
316,machop,id-66,8,195,61,1
317,alakazam,id-65,15,480,250,1
318,kadabra,id-64,13,565,140,1
319,abra,id-63,9,195,62,1
320,poliwrath,id-62,13,540,255,1
321,poliwhirl,id-61,10,200,135,1
322,poliwag,id-60,6,124,60,1
323,bellsprout,id-69,7,40,60,1
324,machamp,id-68,16,1300,253,1
325,rattwta,id-19,,35,51,1
326,radtata,rec-19-dup-0,3,35,51,1
327,pikachu-kalos-cap,id-25,4,60,112,0
328,pikachu-alola-cap,id-25,4,60,112,0
329,pikachu-sinnoh-cap,id-25,4,60,112,0
330,pikachu-unova-cap,id-25,4,60,112,0
331,pikachu-original-cap,id-25,4,60,112,0
332,pikachu-hoenn-cap,id-25,4,60,112,0
333,raticate-alola,id-20,7,255,145,0
334,raticate-totem-alola,id-20,14,1050,145,0
335,beedrill-mega,id-15,14,405,223,0
336,rattata-alola,id-19,3,38,51,0
337,landorus-theriari,id-645,,680,300,0
338,klang,id-600,6,510,154,1
339,klinklang,id-601,6,810,260,1
340,tynamo,id-602,2,3,55,1
341,eelektrik,id-603,12,220,142,1
342,zygarcle-10,id-718,12,,243,0
343,marowak-totem,id-105,17,980,149,0
344,beheeyem,id-606,10,345,170,1
345,litwick,id-607,3,31,55,1
346,mimikyu-totem-disguised,id-778,4,28,167,0
347,mimikyu-totem-busted,id-778,4,28,167,0
348,kommo-o-totem,id-784,24,2075,270,0
349,magearna-original,id-801,10,805,300,0
350,minior-blue,id-774,3,3,175,0
351,minior-indigo,id-774,3,3,175,0
352,minior-violet,id-774,3,3,175,0
353,mimikyu-busted,id-778,2,7,167,0
354,lycanroc-midnight,id-745,11,250,170,0
355,wishiwashi-school,id-746,82,786,217,0
356,oricorio-pau,id-741,6,34,167,0
357,oricorio-sensu,id-741,6,34,167,0
358,vikavolt-totem,id-738,26,1475,225,0
359,oricorio-pom-pom,id-741,6,34,167,0
360,raticqte,id-20,7,,145,1
361,ratikaye,id-20,7,185,145,1
362,chimchar,id-390,5,62,62,1
363,monferno,id-391,9,220,142,1
364,rapiclash,id-78,,950,175,1
365,vanillish,rec-583-dup-0,,410,138,1
366,staraptor,id-398,12,249,218,1
367,bidoof,id-399,5,200,50,1
368,venomot,id-49,,125,158,1
369,artikyno,id-144,,554,290,1
370,zygarde-10-power-construct,id-718,12,335,243,0
371,chesnaught,id-652,16,900,239,1
372,kyurem-black,id-646,33,3250,350,0
373,meowth-galar,id-52,4,75,58,0
374,omix,rec-95-dup-0,88,2100,77,1
375,braixen,id-654,10,145,143,1
376,magearna-original,rec-801-dup-1,10,,300,0
377,xar'lzard,id-6,,905,267,1
378,charizard,id-6,,,267,1
379,regksteel,rec-379-dup-0,19,2050,290,1
380,waioord,id-321,145,,175,1
381,waijord,id-321,,3980,175,1
382,blaziken-mega,id-257,19,520,284,0
383,gardevoir-mega,id-282,16,484,278,0
384,pucbyena,id-261,5,,56,1
385,poocbvena,id-261,5,,56,1
386,s0ochum,id-238,,60,61,1
387,sm0ochum,id-238,4,,61,1
388,pansdear,id-513,6,,63,1
389,psnsear,id-513,6,,63,1
390,garchomp-mega,id-445,19,950,315,0
391,inferkape,id-392,12,,240,1
392,lucario-mega,id-448,13,575,219,0
393,comfey,id-764,1,3,170,1
394,blaziken-rnega,rec-257-dup-0,19,520,284,0
395,smeargje,id-235,12,,88,1
396,smear9ke,id-235,12,580,88,1
397,krimer-alola,rec-88-dup-1,7,420,65,0
398,tsareena,id-763,12,214,255,1
399,rolycoly,id-837,3,120,48,1
400,boltund,id-836,10,340,172,1
401,yamper,id-835,3,135,54,1
402,drednaw,id-834,10,1155,170,1
403,chewtle,id-833,3,85,57,1
404,dubwool,id-832,13,430,172,1
405,wooloo,id-831,6,60,122,1
406,eldegoss,id-830,5,25,161,1
407,coalossal,id-839,28,3105,255,1
408,carkol,id-838,11,780,144,1
409,whimsicott,id-547,7,66,168,1
410,cottonee,id-546,3,6,56,1
411,scolipede,id-545,25,2005,243,1
412,steenee,id-762,7,82,102,1
413,venipede,id-543,4,53,52,1
414,leavanny,id-542,12,205,225,1
415,swadloon,id-541,5,73,133,1
416,sewaddle,id-540,3,25,62,1
417,lilligant,id-549,11,163,168,1
418,petilil,id-548,5,66,56,1
419,articuno-galar,id-144,17,509,290,0
420,eelektross,id-604,21,805,232,1
421,mr-mume,id-122,13,,161,1
422,mr-miiiie,id-122,13,,161,1
423,whiscash,id-340,9,236,164,1
424,pumpkaboo-super,id-710,8,150,67,0
425,bewear,id-760,21,1350,175,1
426,dartrix,id-723,7,160,147,1
427,rowlet,id-722,3,15,64,1
428,volcanion,id-721,17,1950,300,1
429,hoopa,id-720,5,90,270,1
430,incineroar,id-727,18,830,265,1
431,torracat,id-726,7,250,147,1
432,litten,id-725,4,43,64,1
433,decidueye,id-724,16,366,265,1
434,brionne,id-729,6,175,147,1
435,popplio,id-728,4,75,64,1
436,weepinbell,id-70,10,64,137,1
437,victreebel,id-71,17,155,221,1
438,tentacool,id-72,9,455,67,1
439,tentacruel,id-73,16,550,180,1
440,geodude,id-74,4,200,60,1
441,graveler,id-75,10,1050,137,1
442,golem,id-76,14,3000,223,1
443,ponyta,id-77,10,300,82,1
444,rapidash,id-78,17,950,175,1
445,slowpoke,id-79,12,360,63,1
446,hskarno-o,id-783,12,470,147,1
447,pikachu-belle,id-25,4,60,112,0
448,pikachu-rock-star,id-25,4,60,112,0
449,pikachu-phd,id-25,4,60,112,0
450,pikachu-pop-star,id-25,4,60,112,0
451,pikachu-cosplay,id-25,4,60,112,0
452,pikachu-libre,id-25,4,60,112,0
453,camerupt-mega,id-323,25,3205,196,0
454,hoopa-unbound,id-720,65,4900,306,0
455,salamence-mega,id-373,18,1126,315,0
456,lopunny-mega,id-428,13,283,203,0
457,mini0r-indigo,id-774,3,,175,0
458,oshawott,rec-501-dup-0,5,,62,1
459,graveler,id-75,,,137,1
460,graueler,id-75,,1050,137,1
461,endej,id-244,21,1980,290,1
462,mienfoo,id-619,9,200,70,1
463,stunfisk,id-618,7,110,165,1
464,accelgor,id-617,8,253,173,1
465,shelmet,id-616,4,77,61,1
466,cryogonal,id-615,11,1480,180,1
467,beartic,id-614,26,2600,177,1
468,cubchoo,id-613,5,85,61,1
469,haxorus,id-612,18,1055,270,1
470,fraxure,id-611,10,360,144,1
471,axew,id-610,6,180,64,1
472,elgyem,id-605,5,90,67,1
473,slurpufg,id-685,8,,168,1
474,slowbr0-falar,id-80,,705,172,0
475,manapht,rec-490-dup-0,3,14,270,1
476,dratkni,id-147,,33,60,1
477,cradily,id-346,15,604,173,1
478,emolks,id-587,,50,150,1
479,meganium,id-154,18,1005,236,1
480,magmaah,rec-126-dup-0,13,445,173,1
481,pickacu-hoenn-cap,id-25,4,,112,0
482,cyndaquil,id-155,5,79,62,1
483,hertier,rec-507-dup-0,9,147,130,1
484,typhlosion,id-157,17,795,240,1
485,mewtwo,id-150,20,1220,340,1
486,mew,id-151,4,40,300,1
487,klamg,id-600,6,,154,1
488,chikorita,id-152,9,64,64,1
489,druddigon,id-621,16,1390,170,1
490,rejhi4am,id-643,,3300,340,1
491,reshirqm,id-643,32,,340,1
492,skuntank,rec-435-dup-1,,380,168,1
493,skuntank,rec-435-dup-1,10,,168,1
494,galfsntula,id-596,,143,165,1
495,galvantvla,id-596,,143,165,1
496,geoclucle,id-74,,200,60,1
497,ztaryu,id-120,,345,68,1
498,whirli0ede,rec-544-dup-0,12,585,126,1
499,lclin1<,id-599,,210,60,1
500,cklunk,id-599,3,210,60,1
501,krokor0k,rec-552-dup-0,10,334,123,1
502,glastrlef,id-896,22,,290,1
503,hotnoot,rec-163-dup-0,7,212,52,1
504,eteahnatus,id-890,200,,345,1
505,edernatu5,id-890,200,9500,345,1
506,klobbopus,rec-852-dup-0,6,40,62,1
507,cbbbopus,rec-852-dup-0,6,40,62,1
508,conkelduahr,rec-534-dup-0,14,870,253,1
509,appletun,id-842,4,130,170,1
510,silicobra,id-843,22,76,63,1
511,applin,id-840,2,5,52,1
512,flapple,id-841,3,10,170,1
513,arrokuda,id-846,5,10,56,1
514,barraskewda,id-847,13,300,172,1
515,sandaconda,id-844,38,655,179,1
516,cramorant,id-845,8,180,166,1
517,toxel,id-848,4,110,48,1
518,toxtricity-amped,id-849,16,400,176,1
519,timburr,id-532,6,125,61,1
520,gurdurr,id-533,12,400,142,1
521,excadrill,id-530,7,404,178,1
522,audino,id-531,11,310,390,1
523,palpitoad,id-536,8,170,134,1
524,seismitoad,id-537,15,620,255,1
525,conkeldurr,id-534,14,870,253,1
526,tympole,id-535,5,45,59,1
527,throh,id-538,13,555,163,1
528,sawk,id-539,14,510,163,1
529,traiiipa,id-780,30,,170,1
530,bulbasaur,id-1,,,64,1
531,vikzvolt,rec-738-dup-0,15,450,250,1
532,necrozma-dusk,id-800,38,4600,340,0
533,vigoroth,id-288,14,465,154,1
534,slaking,id-289,20,1305,252,1
535,masquerain,id-284,8,36,159,1
536,shroomish,id-285,4,45,59,1
537,breloom,id-286,12,392,161,1
538,slakoth,id-287,8,240,56,1
539,ralts,id-280,4,66,40,1
540,kirlia,id-281,8,202,97,1
541,gardevoir,id-282,16,484,259,1
542,surskit,id-283,5,17,54,1
543,lucario,id-448,12,540,184,1
544,hippopotas,id-449,8,495,66,1
545,munchlax,id-446,6,1050,78,1
546,riolu,id-447,7,202,57,1
547,gabite,id-444,14,560,144,1
548,garchomp,id-445,19,950,300,1
549,spiritomb,id-442,10,1080,170,1
550,gible,id-443,7,205,60,1
551,happiny,id-440,6,244,110,1
552,chatot,id-441,5,19,144,1
553,silcoon,id-266,6,100,72,1
554,beautifly,id-267,10,284,178,1
555,linoone,id-264,5,325,147,1
556,wurmple,id-265,3,36,56,1
557,muk,id-89,12,300,175,1
558,grimer,id-88,9,300,65,1
559,swampert,id-260,15,819,268,1
560,poochyena,id-261,5,136,56,1
561,dodrio,id-85,18,852,165,1
562,doduo,id-84,14,392,62,1
563,dewgong,id-87,17,1200,166,1
564,seel,id-86,11,900,65,1
565,magnemite,id-81,3,60,65,1
566,slowbro,id-80,16,785,172,1
567,farfetchd,id-83,8,150,132,1
568,magneton,id-82,10,600,163,1
569,rat'lcate-a1ola,id-20,7,,145,0
570,murkrow,id-198,5,21,81,1
571,slowking,id-199,20,795,172,1
572,pikachu-world-cap,id-25,4,60,112,0
573,flabebe,id-669,1,1,61,1
574,farfetchd-galar,id-83,8,420,132,0
575,weezing-galar,id-110,30,160,172,0
576,slowpoke-galar,id-79,12,360,63,0
577,slowbro-galar,id-80,16,705,172,0
578,aipom,id-190,8,115,72,1
579,sunkern,id-191,3,18,36,1
580,sdoutland,id-508,,610,250,1
581,yanma,id-193,12,380,78,1
582,wooper,id-194,4,85,42,1
583,quagsire,id-195,14,750,151,1
584,espeon,id-196,9,265,184,1
585,umbreon,id-197,10,270,184,1
586,oddi5b,id-43,5,,64,1
587,riolu,rec-447-dup-0,,202,57,1
588,riolv,rec-447-dup-0,7,202,57,1
589,zacian-crowned,id-888,28,3550,360,0
590,zamazenta-crowned,id-889,29,7850,360,0
591,mudbrai,id-749,10,,77,1
592,mudh4ay,id-749,,1100,77,1
593,stunfisk-galar,id-618,7,205,165,0
594,zygarde-10,id-718,12,335,243,0
595,cramorant-gulping,id-845,8,180,166,0
596,cramorant-gorging,id-845,8,180,166,0
597,toxtricity-low-key,id-849,16,400,176,0
598,eiscue-noice,id-875,14,890,165,0
599,indeedee-female,id-876,9,280,166,0
600,morpeko-hangry,id-877,3,30,153,0
601,spr8tzee,rec-682-dup-0,2,5,68,1
602,minior-orange-meteor,id-774,,,154,0
603,sanclile,rec-551-dup-0,7,152,58,1
604,camerupt-keka,id-323,,3205,196,0
605,camerupt-ne9a,id-323,,3205,196,0
606,drac0zo1t,id-880,18,1900,177,1
607,xatu,id-178,15,150,165,1
608,steelix,rec-208-dup-0,,4000,179,1
609,mareep,id-179,6,78,56,1
610,krabby,id-98,4,65,65,1
611,kingler,id-99,13,600,166,1
612,swirl:x,id-684,4,,68,1
613,pichu,id-172,3,20,41,1
614,geodude-alola,id-74,4,203,60,0
615,kliacor,id-472,,425,179,1
616,gastly,id-92,13,1,62,1
617,haunter,id-93,16,1,142,1
618,mantirie,rec-226-dup-0,21,2200,170,1
619,mantine,rec-226-dup-0,21,,170,1
620,jangmo-0,id-782,,297,60,1
621,slowpoje,rec-79-dup-0,12,360,63,1
622,fomanti5,id-753,3,,50,1
623,fomant'ks,id-753,,15,50,1
624,espurr,rec-677-dup-0,,35,71,1
625,espvrr,rec-677-dup-0,3,35,71,1
626,cutiefly,id-742,1,2,61,1
627,pikachu-partner-cap,id-25,4,60,112,0
628,ckyurem-white,rec-646-dup-0,36,3250,350,0
629,buzzwole,rec-794-dup-0,,3336,285,1
630,turisparce,id-206,15,,145,1
631,centiskorch,id-851,30,1200,184,1
632,sizzlipede,id-850,7,10,61,1
633,grapploct,id-853,16,390,168,1
634,clobbopus,id-852,6,40,62,1
635,polteageist,id-855,2,4,178,1
636,sinistea,id-854,1,2,62,1
637,hattrem,id-857,6,48,130,1
638,hatenna,id-856,4,34,53,1
639,impidimp,id-859,4,55,53,1
640,hatterene,id-858,21,51,255,1
641,makvhita,id-296,10,,47,1
642,makuhuta,id-296,,864,47,1
643,unfezant,id-521,12,290,244,1
644,tranquill,id-520,6,150,125,1
645,zebstrika,id-523,16,795,174,1
646,blitzle,id-522,8,298,59,1
647,boldore,id-525,9,1020,137,1
648,roggenrola,id-524,4,180,56,1
649,woobat,id-527,4,21,65,1
650,gigalith,id-526,17,2600,258,1
651,drilbur,id-529,3,85,66,1
652,swoobat,id-528,9,105,149,1
653,zweikous,id-634,14,,147,1
654,zweil9us,id-634,14,,147,1
655,rejicangh,id-369,,234,170,1
656,minior-red-meteor,id-774,3,400,154,1
657,komala,id-775,4,199,168,1
658,bunbelby,id-659,4,,47,1
659,pinsir-jega,rec-127-dup-0,17,590,210,0
660,gahimer-alola,rec-88-dup-0,7,420,65,0
661,mimikyu-disguised,id-778,2,7,167,1
662,bruxish,id-779,9,190,166,1
663,weexing-galar,id-110,30,,172,0
664,weejing-galar,id-110,,160,172,0
665,mudbray,id-749,10,1100,77,1
666,nosepass,id-299,10,970,75,1
667,azurill,id-298,2,20,38,1
668,alrein,id-365,,1506,265,1
669,alrin,id-365,14,,265,1
670,whismur,id-293,6,163,48,1
671,shedinja,id-292,8,12,83,1
672,ninjask,id-291,8,120,160,1
673,nincada,id-290,5,55,53,1
674,hariyama,id-297,23,2538,166,1
675,makuhita,id-296,10,864,47,1
676,exploud,id-295,15,840,245,1
677,loudred,id-294,10,405,126,1
678,snover,id-459,10,505,67,1
679,mantyke,id-458,10,650,69,1
680,carnivine,id-455,14,270,159,1
681,toxicroak,id-454,13,444,172,1
682,lumineon,id-457,12,240,161,1
683,finneon,id-456,4,70,66,1
684,skorupi,id-451,8,120,66,1
685,hippowdon,id-450,20,3000,184,1
686,croagunk,id-453,7,230,60,1
687,drapion,id-452,13,615,175,1
688,shiftry,id-275,13,596,240,1
689,nuzleaf,id-274,10,280,119,1
690,swellow,id-277,7,198,159,1
691,taillow,id-276,3,23,54,1
692,lombre,id-271,12,325,119,1
693,lotad,id-270,5,26,44,1
694,seedot,id-273,5,40,44,1
695,ludicolo,id-272,15,550,240,1
696,drowzee,id-96,10,324,66,1
697,hypno,id-97,16,756,169,1
698,gengar,id-94,15,405,250,1
699,onix,id-95,88,2100,77,1
700,pelipper,id-279,12,280,154,1
701,wingull,id-278,6,95,54,1
702,shellder,id-90,3,40,61,1
703,cloyster,id-91,15,1325,184,1
704,hoppip,id-187,4,5,50,1
705,politoed,id-186,11,339,250,1
706,sudowoodo,id-185,12,380,144,1
707,azumarill,id-184,8,285,210,1
708,marill,id-183,4,85,88,1
709,bellossom,id-182,4,58,245,1
710,ampharos,id-181,14,615,230,1
711,flaaffy,id-180,8,133,128,1
712,jumpluff,id-189,8,30,207,1
713,skiploom,id-188,6,10,119,1
714,linoone-galar,id-264,5,325,147,0
715,meowstic-male,id-678,6,85,163,1
716,darmanitan-galar-standard,id-555,17,1200,168,0
717,darumaka-galar,id-554,7,400,63,0
718,moltres-galar,id-146,20,660,290,0
719,zapdos-galar,id-145,16,582,290,0
720,corsola-galar,id-222,6,5,144,0
721,slowking-galar,id-199,18,795,172,0
722,florges,id-671,11,100,248,1
723,floette,id-670,2,9,130,1
724,gogoat,id-673,17,910,186,1
725,skiddo,id-672,9,310,70,1
726,pangoro,id-675,21,1360,173,1
727,pancham,id-674,6,80,70,1
728,espurr,id-677,3,35,71,1
729,furfrou,id-676,12,280,165,1
730,nidiking,rec-34-dup-0,14,620,253,1
731,makamp,id-68,,1300,253,1
732,calyrex-ice,id-898,24,8091,340,0
733,zarude-dada,id-893,18,700,300,0
734,urshifu-rapid-strike,id-892,19,1050,275,0
735,eternatus-eternamax,id-890,1000,0,563,0
736,calyrex-shadow,id-898,24,536,340,0
737,magnexone,id-462,12,,268,1
738,granull,id-210,,487,158,1
739,raik0u,id-243,19,,290,1
740,zacian-crowned,rec-888-dup-0,28,,360,0
741,meovvstic-female,id-678,6,,163,0
742,meowstiv-female,id-678,,85,163,0
743,chikor:ta,rec-152-dup-0,9,64,64,1
744,vurfrov,id-676,12,,165,1
745,emboar,rec-500-dup-0,,1500,238,1
746,emboar,rec-500-dup-0,16,,238,1
747,hydreigon,id-635,18,1600,300,1
748,zakian,rec-888-dup-0,28,1100,335,1
749,zacian,rec-888-dup-0,,1100,335,1
750,glalie-iiiega,id-362,21,,203,0
751,obstsg0on,id-862,16,,260,1
752,marovva1<-totem,id-105,17,,149,0
753,whirlipede,id-544,12,585,126,1
754,bar'lette,id-354,,125,159,1
755,banertw,id-354,,125,159,1
756,doduo,rec-84-dup-0,,392,62,1
757,seaclra,id-117,12,,154,1
758,mudsdale,id-750,25,9200,175,1
759,dewpider,id-751,3,40,54,1
760,zweilous,id-634,14,500,147,1
761,banedte-mega,id-354,,130,194,0
762,poryg9n2,rec-233-dup-0,6,325,180,1
763,porygon2,rec-233-dup-0,,325,180,1
764,milcery,id-868,2,3,54,1
765,alcremie,id-869,3,5,173,1
766,cursola,id-864,10,4,179,1
767,sirfetchd,id-865,8,1170,177,1
768,tentskruel,id-73,,550,180,1
769,tentacruej,id-73,,550,180,1
770,morgrem,id-860,8,125,130,1
771,grimmsnarl,id-861,15,610,255,1
772,obstagoon,id-862,16,460,260,1
773,perrserker,id-863,8,280,154,1
774,musharna,id-518,11,605,170,1
775,pidove,id-519,3,21,53,1
776,simisear,id-514,10,280,174,1
777,panpour,id-515,6,135,63,1
778,simipour,id-516,10,290,174,1
779,munna,id-517,6,233,58,1
780,liepard,id-510,11,375,156,1
781,pansage,id-511,6,105,63,1
782,simisage,id-512,11,305,174,1
783,pansear,id-513,6,110,63,1
784,palojsand,rec-770-dup-0,13,2500,168,1
785,palos5and,rec-770-dup-0,13,2500,168,1
786,reunicoux,rec-579-dup-0,10,201,245,1
787,tundurus-thenan,id-642,,610,290,0
788,hoothoot,id-163,7,212,52,1
789,togekiss,id-468,15,380,273,1
790,yanmega,id-469,19,515,180,1
791,elekid,id-239,6,235,72,1
792,abomasnow,id-460,22,1355,173,1
793,weavile,id-461,11,340,179,1
794,magnezone,id-462,12,1800,268,1
795,lickilicky,id-463,17,1400,180,1
796,rhyperior,id-464,24,2828,268,1
797,tangrowth,id-465,20,1286,187,1
798,electivire,id-466,18,1386,270,1
799,magmortar,id-467,16,680,270,1
800,magby,id-240,7,214,73,1
801,miltank,id-241,12,755,172,1
802,blissey,id-242,15,468,635,1
803,raikou,id-243,19,1780,290,1
804,entei,id-244,21,1980,290,1
805,suicune,id-245,20,1870,290,1
806,larvitar,id-246,6,720,60,1
807,pupitar,id-247,12,1520,144,1
808,tyranitar,id-248,20,2020,300,1
809,lugia,id-249,52,2160,340,1
810,maractus,rec-556-dup-0,10,,161,1
811,maraktus,rec-556-dup-1,10,280,161,1
812,spectrier,rec-897-dup-0,,445,290,1
813,zekrom,id-644,29,3450,340,1
814,landorus-incarnate,id-645,15,680,300,1
815,kyurem,id-646,30,3250,330,1
816,keldeo-ordinary,id-647,14,485,290,1
817,virizion,id-640,20,2000,290,1
818,tornadus-incarnate,id-641,15,630,290,1
819,thundurus-incarnate,id-642,15,610,290,1
820,pikavhu-pht,id-25,,60,112,0
821,meloetta-aria,id-648,6,65,270,1
822,genesect,id-649,15,825,300,1
823,drakloak,id-886,14,110,144,1
824,dragapult,id-887,30,500,300,1
825,duraludon,id-884,18,400,187,1
826,dreepy,id-885,5,20,54,1
827,dracovish,id-882,23,2150,177,1
828,arctovish,id-883,20,1750,177,1
829,dracozolt,id-880,18,1900,177,1
830,arctozolt,id-881,23,1500,177,1
831,rotom-wash,id-479,3,3,182,0
832,zacian,id-888,28,1100,335,1
833,zamazenta,id-889,29,2100,335,1
834,cul>coo,id-613,,85,61,1
835,pincurcbin,id-871,,10,152,1
836,yungoos,rec-734-dup-0,4,,51,1
837,yungoost,rec-734-dup-0,4,60,51,1
838,rotom-heat,id-479,3,3,182,0
839,froalcje,id-656,,70,63,1
840,froakje,id-656,3,,63,1
841,crusgoe,id-558,14,,170,1
842,liten,rec-725-dup-0,4,43,64,1
843,kitten,rec-725-dup-0,4,43,64,1
844,rodom,id-479,,3,154,1
845,rotprn,id-479,3,3,154,1
846,frogqdier,id-657,,109,142,1
847,frogat'ler,id-657,6,109,142,1
848,audijo,rec-531-dup-0,11,310,390,1
849,hippo3don,rec-450-dup-0,20,3000,184,1
850,carracosta,id-565,,,173,1
851,explout,rec-295-dup-0,15,840,245,1
852,hntall,id-367,,270,170,1
853,hinta'll,id-367,17,,170,1
854,rogjynrola,id-524,4,,56,1
855,roggenrola,id-524,,,56,1
856,golet,id-622,10,,61,1
857,muk-a2ola,id-89,10,,175,0
858,lux:o,id-404,9,,127,1
859,prinariba,id-730,,440,265,1
860,vespiquen,rec-416-dup-0,,385,166,1
861,vespiwuej,id-416,,385,166,1
862,palpiyowd,id-536,8,,134,1
863,charmander,id-4,6,85,62,1
864,charmeleon,id-5,11,190,142,1
865,charizard,id-6,17,905,267,1
866,squirtle,id-7,5,90,63,1
867,bulbasaur,id-1,7,69,64,1
868,ivysaur,id-2,10,130,142,1
869,venusaur,id-3,20,1000,263,1
870,wartortle,id-8,10,225,142,1
871,blastoise,id-9,16,855,265,1
872,mudck'lp,id-258,4,,62,1
873,mudk9p,id-258,,76,62,1
874,haunder,rec-93-dup-0,16,1,142,1
875,deino,id-633,,,60,1
876,giratina-origjn,id-487,,6500,340,0
877,giratina-orljin,id-487,,6500,340,0
878,meovvstic-male,id-678,6,,163,1
879,meow5tic-male,id-678,6,,163,1
880,bunearie,rec-427-dup-1,4,55,70,1
881,buneari,rec-427-dup-0,4,55,70,1
882,copperajah,id-879,30,6500,175,1
883,cufant,id-878,12,1000,66,1
884,frosmoth,id-873,13,420,166,1
885,snom,id-872,3,38,37,1
886,pincurchin,id-871,3,10,152,1
887,falinks,id-870,30,620,165,1
888,morpeko-full-belly,id-877,3,30,153,1
889,indeedee-male,id-876,9,280,166,1
890,eiscue-ice,id-875,14,890,165,1
891,stonjourner,id-874,25,5200,165,1
892,purrloin,id-509,4,101,56,1
893,stoutland,id-508,12,610,250,1
894,samurott,id-503,15,946,238,1
895,dewott,id-502,8,245,145,1
896,oshawott,id-501,5,59,62,1
897,emboar,id-500,16,1500,238,1
898,herdier,id-507,9,147,130,1
899,lillipup,id-506,4,41,55,1
900,watchog,id-505,11,270,147,1
901,patrat,id-504,5,116,51,1
902,thievul,rec-828-dup-0,12,,159,1
903,bevveaah,id-760,,1350,175,1
904,bewewr,id-760,,1350,175,1
905,dusknoir,id-477,22,1066,263,1
906,probopass,id-476,14,3400,184,1
907,gallade,id-475,16,520,259,1
908,porygon-z,id-474,9,340,268,1
909,mamoswine,id-473,25,2910,265,1
910,gliscor,id-472,20,425,179,1
911,glaceon,id-471,8,259,184,1
912,leafeon,id-470,10,255,184,1
913,bronxong,rec-437-dup-0,13,1870,175,1
914,bron2ong,rec-437-dup-0,13,1870,175,1
915,rotom,id-479,3,3,154,1
916,froslass,id-478,13,266,168,1
917,ckirlia,rec-281-dup-0,8,202,97,1
918,kirlia,rec-281-dup-0,,202,97,1
919,marshtomp,id-259,7,280,142,1
920,mudkip,id-258,4,76,62,1
921,blaziken,id-257,19,520,265,1
922,combusken,id-256,9,195,142,1
923,torchic,id-255,4,25,62,1
924,sceptile,id-254,17,522,265,1
925,grovyle,id-253,9,216,142,1
926,treecko,id-252,5,50,62,1
927,celebi,id-251,6,50,300,1
928,ho-oh,id-250,38,1990,340,1
929,lucario-mega,rec-448-dup-0,13,,219,0
930,artiduno,id-144,17,,290,1
931,fennekin,id-653,4,94,61,1
932,shiinotic,id-756,10,115,142,1
933,quilladin,id-651,7,290,142,1
934,chespin,id-650,4,90,63,1
935,frogadier,id-657,6,109,142,1
936,froakie,id-656,3,70,63,1
937,delphox,id-655,15,390,240,1
938,salandit,id-757,6,48,64,1
939,bunnelby,id-659,4,50,47,1
940,greninja,id-658,15,400,239,1
941,lurantis,id-754,9,185,168,1
942,regidrago,id-895,21,2000,290,1
943,regieleki,id-894,12,1450,290,1
944,spectrier,id-897,20,445,290,1
945,morelull,id-755,2,15,57,1
946,kubfu,id-891,6,120,77,1
947,eternatus,id-890,200,9500,345,1
948,zarude,id-893,18,700,300,1
949,urshifu-single-strike,id-892,19,1050,275,1
950,araquanid,id-752,18,820,159,1
951,calyrex,id-898,11,77,250,1
952,fomantis,id-753,3,15,50,1
953,eevee-starter,id-133,3,65,87,0
954,pikachu-starter,id-25,4,60,86,0
955,necrozma-ultra,id-800,75,2300,339,0
956,greeclemt,id-820,6,60,161,1
957,greedemt,id-820,6,60,161,1
958,necrozma-dawn,id-800,42,3500,340,0
959,ponyta-kalar,id-77,8,,82,0
960,togedemaru-totem,id-777,6,130,152,0
961,pijachu-livre,id-25,4,,112,0
962,pikachu-|ibre,id-25,4,,112,0
963,dialia,id-483,54,6830,340,1
964,dia1ga,id-483,54,,340,1
965,lycanroc-dusk,id-745,8,250,170,0
966,rockruff-own-tempo,id-744,5,92,56,0
967,ribombee-totem,id-743,4,20,162,0
968,stalamerice,id-373,15,,300,1
969,garchomo-mega,rec-445-dup-0,19,950,315,0
970,garchornp-mega,rec-445-dup-0,19,950,315,0
971,shel9on,rec-372-dup-0,11,1105,147,1
972,armalflo,id-348,,682,173,1
973,armaodo,id-348,15,,173,1
974,dugdrio,rec-51-dup-0,7,333,149,1
975,thwackey,rec-811-dup-0,,140,147,1
976,thwakey,rec-811-dup-1,7,140,147,1
977,curaola,rec-864-dup-0,10,4,179,1
978,lediam,rec-166-dup-1,14,356,137,1
979,sphea1,id-363,8,,58,1
980,q7ilaya,id-156,,190,142,1
981,glal:s,id-362,,2565,168,1
982,glali,id-362,15,,168,1
983,arctovis,id-883,20,,177,1
984,perrzerier,id-863,8,280,154,1
985,perr5ercker,id-863,8,280,154,1
986,regjce,id-378,,1750,290,1
987,cacn4a,rec-331-dup-0,4,513,67,1
988,cacnea,id-331,,,67,1
989,klefai4y,id-35,,75,113,1
990,kllnklang,rec-601-dup-0,6,810,260,1
991,klinklank,id-601,6,,260,1
992,wishiwashi-school,rec-746-dup-0,82,,217,0
993,dott1er,rec-825-dup-0,4,195,117,1
994,pankham,id-674,,80,70,1
995,delphox,id-655,,,240,1
996,slikoo,id-705,8,,158,1
997,bibarel,id-400,10,315,144,1
998,ramparclos,id-409,16,,173,1
999,budew,id-406,2,12,56,1
1000,snez5el,id-215,,280,86,1
1001,sinistea,rec-854-dup-0,,2,62,1
1002,trapinc,rec-328-dup-0,7,150,58,1
1003,cinderace,id-815,14,330,265,1
1004,glalie,id-362,15,2565,168,1
1005,snorunt,id-361,7,168,60,1
1006,lux:0,id-404,9,305,127,1
1007,wynaut,id-360,6,140,52,1
1008,sl0wbro,id-80,16,,172,1
1009,escavali3r,rec-589-dup-0,10,330,173,1
1010,escavalier,rec-589-dup-0,10,,173,1
1011,huntail,id-367,17,270,170,1
1012,morpeko-fj|l-belly,id-877,3,30,153,1
1013,clamperl,id-366,4,525,69,1
1014,lunala,id-792,40,1200,340,1
1015,nihilego,id-793,12,555,285,1
1016,cosmoem,id-790,1,9999,140,1
1017,solgaleo,id-791,34,2300,340,1
1018,xurkitree,id-796,38,1000,285,1
1019,celesteela,id-797,92,9999,285,1
1020,buzzwole,id-794,24,3336,285,1
1021,pheromosa,id-795,18,250,285,1
1022,kartana,id-798,3,1,285,1
1023,guzzlord,id-799,55,8880,285,1
1024,kricketune,id-402,10,255,134,1
1025,shinx,id-403,5,95,53,1
1026,ranpardos,id-409,16,,173,1
1027,kricketot,id-401,3,22,39,1
1028,sin:stea,rec-854-dup-0,1,2,62,1
1029,roserade,id-407,9,145,258,1
1030,luxio,id-404,9,305,127,1
1031,luxray,id-405,14,420,262,1
1032,cranidos,id-408,9,315,70,1
1033,rampardos,id-409,16,1025,173,1
1034,golem-aoooa,id-76,17,,223,0
1035,guloin,rec-316-dup-1,4,103,60,1
1036,kulpin,rec-316-dup-1,4,103,60,1
1037,gourgeist-small,id-711,7,95,173,0
1038,gourgeist-large,id-711,11,140,173,0
1039,houndour,id-228,6,108,66,1
1040,venusaur-mega,id-3,24,1555,281,0
1041,charizard-mega-x,id-6,17,1105,285,0
1042,charizard-mega-y,id-6,17,1005,285,0
1043,blastoise-mega,id-9,16,1011,284,0
1044,alakazam-mega,id-65,12,480,270,0
1045,gengar-mega,id-94,14,405,270,0
1046,remoraid,id-223,6,120,60,1
1047,swinub,id-220,4,65,50,1
1048,piloswine,id-221,11,558,158,1
1049,mantine,id-226,21,2200,170,1
1050,skarmory,id-227,17,505,163,1
1051,octillery,id-224,9,285,168,1
1052,delibird,id-225,9,160,116,1
1053,eeuee,id-133,,65,65,1
1054,vinzion,id-640,20,,290,1
1055,virizi0n,rec-640-dup-0,20,2000,290,1
1056,goomv,rec-704-dup-0,3,28,60,1
1057,karraplazt,id-588,5,59,63,1
1058,minior-1>l8e,id-774,3,3,175,0
1059,minior-biue,id-774,3,,175,0
1060,carvanha,id-318,8,208,61,1
1061,sharpedo,id-319,18,888,161,1
1062,gulpin,id-316,4,103,60,1
1063,swalot,id-317,17,800,163,1
1064,illumise,id-314,6,177,151,1
1065,roselia,id-315,3,20,140,1
1066,minun,id-312,4,42,142,1
1067,volbeat,id-313,7,177,151,1
1068,manectric,id-310,15,402,166,1
1069,plusle,id-311,4,42,142,1
1070,flareon,id-136,9,250,184,1
1071,porygon,id-137,8,365,79,1
1072,vaporeon,id-134,10,290,184,1
1073,jolteon,id-135,8,245,184,1
1074,ditto,id-132,3,40,101,1
1075,eevee,id-133,3,65,65,1
1076,gyarados,id-130,65,2350,189,1
1077,lapras,id-131,25,2200,187,1
1078,un0wm,id-201,5,,118,1
1079,unown,id-201,,,118,1
1080,mismatius,id-429,9,,173,1
1081,gourgeist-super,id-711,17,390,173,0
1082,omanyte,id-138,4,75,71,1
1083,omastar,id-139,10,350,173,1
1084,houndoom,id-229,14,350,175,1
1085,corsola,id-222,6,50,144,1
1086,kangaskhan-mega,id-115,22,1000,207,0
1087,rotom-vva5h,id-479,3,,182,0
1088,wipinbeol,id-70,,64,137,1
1089,weepinbell,id-70,,64,137,1
1090,drakloak,rec-886-dup-0,14,,144,1
1091,drakbak,rec-886-dup-0,14,110,144,1
1092,gabide,id-444,,560,144,1
1093,corfiknigt,id-823,22,,248,1
1094,tornadus-incwrnate,rec-641-dup-1,15,630,290,1
1095,milod:c,id-350,62,,189,1
1096,mizotic,id-350,,1620,189,1
1097,leavanriy,id-542,12,,225,1
1098,motiiii,id-414,,233,148,1
1099,minior-viilet,id-774,3,,175,0
1100,zapros-9alar,id-145,16,,290,0
1101,zapdoj-galar,id-145,,582,290,0
1102,squirtile,rec-7-dup-0,5,90,63,1
1103,meltan,rec-808-dup-0,2,,150,1
1104,trevenant,id-709,15,710,166,1
1105,mewtwo-mega-y,id-150,15,330,351,0
1106,ckyogre-primal,rec-382-dup-0,98,4300,347,0
1107,meowth-alola,rec-52-dup-1,,42,58,0
1108,meowrh-alola,rec-52-dup-0,4,42,58,0
1109,darmanitan-standard,id-555,13,929,168,1
1110,sliggoo,id-705,8,175,158,1
1111,goomy,id-704,3,28,60,1
1112,goodra,id-706,20,1505,300,1
1113,tepi9,id-498,5,,62,1
1114,ribombee-tot4m,rec-743-dup-0,4,20,162,0
1115,dhelmise,id-781,39,2100,181,1
1116,drampa,id-780,30,1850,170,1
1117,hakamo-o,id-783,12,470,147,1
1118,jangmo-o,id-782,6,297,60,1
1119,tapu-koko,id-785,18,205,285,1
1120,kommo-o,id-784,16,782,300,1
1121,tapu-bulu,id-787,19,455,285,1
1122,tapu-lele,id-786,12,186,285,1
1123,cosmog,id-789,2,1,40,1
1124,tapu-fini,id-788,13,212,285,1
1125,sigilvph,id-561,14,,172,1
1126,sigilyp,id-561,14,,172,1
1127,wormadam-plant,id-413,5,65,148,1
1128,burmy,id-412,2,34,45,1
1129,combee,id-415,3,55,49,1
1130,mothim,id-414,9,233,148,1
1131,pachirisu,id-417,4,39,142,1
1132,vespiquen,id-416,12,385,166,1
1133,floatzel,id-419,11,335,173,1
1134,buizel,id-418,7,295,66,1
1135,wishiwashi-solo,rec-746-dup-0,,3,61,1
1136,chewdle,id-833,3,,57,1
1137,kyurem-white,id-646,36,3250,350,0
1138,smoochum,id-238,4,60,61,1
1139,landorus-therian,id-645,13,680,300,0
1140,thundurus-therian,id-642,30,610,290,0
1141,pumpkaboo-small,id-710,3,35,67,0
1142,aegislash-blade,id-681,17,530,250,0
1143,meowstic-female,id-678,6,85,163,0
1144,keldeo-resolute,id-647,14,485,290,0
1145,phanpy,id-231,5,335,66,1
1146,kingdra,id-230,18,1520,270,1
1147,porygon2,id-233,6,325,180,1
1148,pumpkaboo-large,id-710,5,75,67,0
1149,smeargle,id-235,12,580,88,1
1150,stantler,id-234,14,712,163,1
1151,hitmontop,id-237,14,480,159,1
1152,tyrogue,id-236,7,210,42,1
1153,kornaia,id-775,4,,168,1
1154,snoriaecs,id-143,21,,189,1
1155,electrike,id-309,6,152,59,1
1156,medicham,id-308,13,315,144,1
1157,mamkev,id-56,,280,61,1
1158,manbey,id-56,5,280,61,1
1159,meditite,id-307,6,112,56,1
1160,aggron,id-306,21,3600,265,1
1161,delcatty,id-301,11,326,140,1
1162,skitty,id-300,6,110,52,1
1163,mawile,id-303,6,115,133,1
1164,sableye,id-302,5,110,133,1
1165,electabuzz,id-125,11,300,172,1
1166,jynx,id-124,14,406,159,1
1167,pinsir,id-127,15,550,175,1
1168,magmar,id-126,13,445,173,1
1169,starmie,id-121,11,800,182,1
1170,staryu,id-120,8,345,68,1
1171,froslaa,id-478,13,266,168,1
1172,fro5lass,id-478,13,,168,1
1173,magikarp,id-129,9,100,40,1
1174,tauros,id-128,14,884,172,1
1175,rhyperl0r,id-464,,2828,268,1
1176,rhypetkor,id-464,,2828,268,1
1177,tynamo,id-602,,,55,1
1178,gengar-nega,id-94,,405,270,0
1179,mr-rime,id-866,15,582,182,1
1180,snorlax,id-143,21,4600,189,1
1181,runerigus,id-867,16,666,169,1
1182,minior-yellow,id-774,3,3,175,0
1183,volcarona,id-637,16,460,275,1
1184,larvesta,id-636,11,288,72,1
1185,heatmor,id-631,14,580,169,1
1186,mandibuzz,id-630,12,395,179,1
1187,deino,id-633,8,173,60,1
1188,muna,id-517,,233,58,1
1189,durant,id-632,3,330,169,1
1190,h-oh,id-250,38,,340,1
1191,onastar,id-139,10,,173,1
1192,omasttar,id-139,10,350,173,1
1193,dragonite,id-149,22,2100,300,1
1194,minior-green-meteor,id-774,3,400,154,0
1195,minior-violet-meteor,id-774,3,400,154,0
1196,minior-indigo-meteor,id-774,3,400,154,0
1197,starzvia,rec-397-dup-1,6,155,119,1
1198,cofagrigus,rec-563-dup-0,17,,169,1
1199,cofagrigus,rec-563-dup-0,,765,169,1
1200,mr-mime-galar,id-122,14,568,161,0
1201,sdunlcy,id-434,4,192,66,1
1202,gotborita,id-575,,180,137,1
1203,gotjorita,id-575,,180,137,1
1204,lopuny,id-428,12,,168,1
1205,lopunv,id-428,,333,168,1
1206,shuckle,id-213,6,205,177,1
1207,ahra,id-63,9,,62,1
1208,electibire,id-466,,1386,270,1
1209,scizor,id-212,18,1180,175,1
1210,l<adabra,id-64,13,,140,1
1211,pawniard,id-624,5,102,68,1
1212,kec0eon,id-352,,220,154,1
1213,solgsle9,id-791,34,2300,340,1
1214,cuh0ne,id-104,4,,64,1
1215,thuncluruz-therian,id-642,30,,290,0
1216,kaprast,id-131,25,,187,1
1217,lapraz,id-131,25,,187,1
1218,flaloebe,rec-669-dup-0,1,1,61,1
1219,inteleon,id-818,19,452,265,1
1220,farfetcbd-9alar,id-83,8,420,132,0
1221,amoongiss,rec-591-dup-0,6,105,162,1
1222,lopunny,id-428,12,333,168,1
1223,mismagius,id-429,9,44,173,1
1224,seedod,id-273,5,,44,1
1225,ambipom,id-424,12,203,169,1
1226,drifloon,id-425,4,12,70,1
1227,drifblim,id-426,12,150,174,1
1228,buneary,id-427,4,55,70,1
1229,cherubi,id-420,4,33,55,1
1230,cherrim,id-421,5,93,158,1
1231,shellos,id-422,3,63,65,1
1232,gastrodon,id-423,9,299,166,1
1233,basculin-blue-striped,id-550,10,180,161,0
1234,darmanitan-zen,id-555,13,929,189,0
1235,castform-rainy,id-351,3,8,147,0
1236,castform-snowy,id-351,3,8,147,0
1237,rotom-mow,id-479,3,3,182,0
1238,castform-sunny,id-351,3,8,147,0
1239,rotom-frost,id-479,3,3,182,0
1240,rotom-fan,id-479,3,3,182,0
1241,meloetta-pirouette,id-648,6,65,270,0
1242,tornadus-therian,id-641,14,630,290,0
1243,fulpix-alola,rec-37-dup-1,6,99,60,0
1244,binacle,id-688,5,310,61,1
1245,barbaracle,id-689,13,960,175,1
1246,doublade,id-680,8,45,157,1
1247,aegislash-shield,id-681,17,530,250,1
1248,spritzee,id-682,2,5,68,1
1249,aromatisse,id-683,8,155,162,1
1250,swirlix,id-684,4,35,68,1
1251,slurpuff,id-685,8,50,168,1
1252,inkay,id-686,4,35,58,1
1253,malamar,id-687,15,470,169,1
1254,solrock,id-338,12,1540,161,1
1255,barboach,id-339,4,19,58,1
1256,flygon,id-330,20,820,260,1
1257,cacnea,id-331,4,513,67,1
1258,cacturne,id-332,13,774,166,1
1259,swablu,id-333,4,12,62,1
1260,altaria,id-334,11,206,172,1
1261,zangoose,id-335,13,403,160,1
1262,seviper,id-336,27,525,160,1
1263,lunatone,id-337,10,1680,161,1
1264,weezing,id-110,12,95,172,1
1265,rhyhorn,id-111,10,1150,69,1
1266,rhydon,id-112,19,1200,170,1
1267,chansey,id-113,11,346,395,1
1268,tangela,id-114,10,350,87,1
1269,kangaskhan,id-115,22,800,172,1
1270,horsea,id-116,4,80,59,1
1271,seadra,id-117,12,250,154,1
1272,goldeen,id-118,6,150,64,1
1273,seaking,id-119,13,390,158,1
1274,sunfbra,id-192,,85,149,1
1275,magcargo,id-219,8,550,151,1
1276,pineco,id-204,6,72,58,1
1277,forretress,id-205,12,1258,163,1
1278,dunsparce,id-206,15,140,145,1
1279,gligar,id-207,11,648,86,1
1280,misdreavus,id-200,7,10,87,1
1281,unown,id-201,5,50,118,1
1282,wobbuffet,id-202,13,285,142,1
1283,girafarig,id-203,15,415,159,1
1284,steelix,id-208,92,4000,179,1
1285,snubbull,id-209,6,78,60,1
1286,salazzle,id-758,12,222,168,1
1287,stufful,id-759,5,68,68,1
1288,slugma,id-218,7,350,50,1
1289,starmie,rec-121-dup-0,11,,182,1
1290,starmiw,rec-121-dup-0,11,800,182,1
1291,pidgeltto,id-17,,300,122,1
1292,pitkeotto,id-17,,300,122,1
1293,snunbull,id-209,,78,60,1
1294,bis1>arp,id-625,,700,172,1
1295,bisbaro,id-625,16,,172,1
1296,eiectrode,rec-101-dup-0,12,666,172,1
1297,crobat,id-169,18,750,268,1
1298,grimer-alola,id-88,7,420,65,0
1299,yve1tal,id-717,58,,340,1
1300,yve|tal,id-717,,2030,340,1
1301,greninja-battle-bond,id-658,15,400,239,0
1302,rillaboom,id-812,21,900,265,1
1303,qwilf:ah,id-211,,39,88,1
1304,qwilf8sh,id-211,5,,88,1
1305,arceuj,id-493,,3200,324,1
1306,furret,id-162,18,325,145,1
1307,kricket0t,rec-401-dup-0,3,22,39,1
1308,kricl<etot,rec-401-dup-0,3,22,39,1
1309,mimikyu-busyed,rec-778-dup-1,2,7,167,0
1310,tamgroth,id-465,,1286,187,1
1311,tangroth,id-465,,1286,187,1
1312,skarnory,id-227,,505,163,1
1313,skarnory,id-227,17,,163,1
1314,crawcaubt,id-342,,328,164,1
1315,gumsols-totem,id-735,14,600,146,0
1316,reshiram,id-643,32,3300,340,1
1317,zalamdit,id-757,6,,64,1
1318,trubbix,rec-568-dup-0,6,310,66,1
1319,trubbish,rec-568-dup-1,6,,66,1
1320,silvally,rec-773-dup-1,,1005,285,1
1321,silually,rec-773-dup-0,23,1005,285,1
1322,eternatus-etrrnamax,id-890,,0,563,0
1323,eteahnatua-eternamax,id-890,1000,0,563,0
1324,diglett,rec-50-dup-1,,8,53,1
1325,diglett,rec-50-dup-0,2,,53,1
1326,ambip0m,id-424,,203,169,1
1327,psytuck,rec-54-dup-0,8,196,64,1
1328,psyduck,rec-54-dup-0,,196,64,1
1329,sandygast,id-769,5,700,64,1
1330,dustkill,id-355,8,150,59,1
1331,gallade-mega,id-475,16,564,278,0
1332,wimpod,id-767,5,120,46,1
1333,sableye-mega,id-302,5,1610,168,0
1334,oranguru,id-765,15,760,172,1
1335,mime-jr,id-439,6,130,62,1
1336,bonsly,id-438,5,150,58,1
1337,celsl>i,id-251,6,,300,1
1338,chingling,id-433,2,6,57,1
1339,purugly,id-432,10,438,158,1
1340,glameow,id-431,5,39,62,1
1341,honchkrow,id-430,9,273,177,1
1342,bronzong,id-437,13,1870,175,1
1343,bronzor,id-436,5,605,60,1
1344,skuntank,id-435,10,380,168,1
1345,stunky,id-434,4,192,66,1
1346,ladio5,id-381,,600,300,1
1347,bounsweet,id-761,3,32,42,1
1348,yamasl<,id-562,5,,61,1
1349,yamasdk,id-562,,15,61,1
1350,mandibujz,id-630,,395,179,1
1351,tyrantrum,id-697,25,2700,182,1
1352,tyrunt,id-696,8,260,72,1
1353,heliolisk,id-695,10,210,168,1
1354,helioptile,id-694,5,60,58,1
1355,clawitzer,id-693,13,353,100,1
1356,clauncher,id-692,5,83,66,1
1357,dragalge,id-691,18,815,173,1
1358,skrelp,id-690,5,73,64,1
1359,axww,id-610,6,,64,1
1360,aurorus,id-699,27,2250,104,1
1361,amaura,id-698,13,252,72,1
1362,spinda,id-327,11,50,126,1
1363,grumpig,id-326,9,715,165,1
1364,spoink,id-325,7,306,66,1
1365,torkoal,id-324,5,804,165,1
1366,camerupt,id-323,19,2200,161,1
1367,numel,id-322,7,240,61,1
1368,wailord,id-321,145,3980,175,1
1369,wailmer,id-320,20,1300,80,1
1370,vibrava,id-329,11,153,119,1
1371,trapinch,id-328,7,150,58,1
1372,slipioom,id-188,6,,119,1
1373,koffing,id-109,6,10,68,1
1374,lickitung,id-108,12,655,77,1
1375,hitmonchan,id-107,14,502,159,1
1376,hitmonlee,id-106,15,498,159,1
1377,marowak,id-105,10,450,149,1
1378,cubone,id-104,4,65,64,1
1379,exeggutor,id-103,20,1200,186,1
1380,exeggcute,id-102,4,25,65,1
1381,electrode,id-101,12,666,172,1
1382,voltorb,id-100,5,104,66,1
1383,anorith,rec-347-dup-0,7,,71,1
1384,anorjth,rec-347-dup-0,7,125,71,1
1385,lycanroc-midday,id-745,8,250,170,1
1386,rockruff,id-744,5,92,56,1
1387,mareanie,id-747,4,80,61,1
1388,granbull,id-210,14,487,158,1
1389,ursaring,id-217,18,1258,175,1
1390,teddiursa,id-216,6,88,66,1
1391,sneasel,id-215,9,280,86,1
1392,heracross,id-214,15,540,175,1
1393,deoxys-attack,id-386,17,608,270,0
1394,deoxys-speed,id-386,17,608,270,0
1395,deoxys-defense,id-386,17,608,270,0
1396,wormadam-trash,id-413,5,65,148,0
1397,toxapex,id-748,7,145,173,1
1398,giratina-origin,id-487,69,6500,340,0
1399,shaymin-sky,id-492,4,52,270,0
1400,pidgey,id-16,3,18,50,1
1401,pidgeotto,id-17,11,300,122,1
1402,kakuna,id-14,6,100,72,1
1403,beedrill,id-15,10,295,178,1
1404,butterfree,id-12,11,320,198,1
1405,weedle,id-13,3,32,39,1
1406,caterpie,id-10,3,29,39,1
1407,metapod,id-11,7,99,72,1
1408,pidgeot,id-18,15,395,216,1
1409,rattata,id-19,3,35,51,1
1410,victim'l,id-494,4,,300,1
1411,victlrii,id-494,,40,300,1
1412,pidgeot,rec-18-dup-0,15,,216,1
1413,pidgeot,rec-18-dup-1,,395,216,1
1414,lumirieon,id-457,12,,161,1
1415,pikacju-kalos-cap,id-25,,60,112,0
1416,dustkull,id-355,8,,59,1
1417,drowzee,rec-96-dup-0,,324,66,1
1418,slowpoke-galar,rec-79-dup-0,12,,63,0
1419,slowpoke-galar,id-79,,,63,0
1420,sharpeto,rec-319-dup-0,18,888,161,1
1421,whisca5h,id-340,,236,164,1
1422,geodudd-alola,id-74,,203,60,0
1423,geotude-aoola,id-74,,203,60,0
1424,ducklett,id-580,5,55,61,1
1425,spesr0w,id-21,,20,52,1
1426,pr:meap,id-57,,320,159,1
1427,mewtwo-mega-y,rec-150-dup-1,15,,351,0
1428,mewywo-mega-y,rec-150-dup-0,15,330,351,0
1429,arro1<uda,rec-846-dup-0,5,10,56,1
1430,kramorant,id-845,,180,166,1
1431,znorunt,rec-361-dup-0,7,168,60,1
1432,farfeychd,id-83,,150,132,1
1433,mizmagiuz,id-429,9,44,173,1
1434,lat:os,id-381,20,,300,1
1435,spoinck,rec-325-dup-0,7,306,66,1
1436,mimikyu-t0tem-busted,rec-778-dup-1,4,28,167,0
1437,mimikyu-totem-bu5ted,rec-778-dup-1,4,28,167,0
1438,gourgekst-super,id-711,17,,173,0
1439,gourgeist-5uper,id-711,17,,173,0
1440,wormadarn-trash,id-413,,65,148,0
1441,hpno,rec-97-dup-0,16,756,169,1
1442,digjyrsby,rec-660-dup-0,10,424,148,1
1443,digger5by,rec-660-dup-0,10,424,148,1
1444,kecleon,id-352,10,220,154,1
1445,shuppet,id-353,6,23,59,1
1446,milotic,id-350,62,1620,189,1
1447,castform,id-351,3,8,147,1
1448,dusclops,id-356,16,306,159,1
1449,tropius,id-357,20,1000,161,1
1450,banette,id-354,11,125,159,1
1451,duskull,id-355,8,150,59,1
1452,dubwool,rec-832-dup-0,,430,172,1
1453,chimecho,id-358,6,10,159,1
1454,absol,id-359,12,470,163,1
1455,alomomola,id-594,12,316,165,1
1456,joltik,id-595,1,6,64,1
1457,galvantula,id-596,8,143,165,1
1458,ferroseed,id-597,6,188,61,1
1459,foongus,id-590,2,10,59,1
1460,amoonguss,id-591,6,105,162,1
1461,frillish,id-592,12,330,67,1
1462,jellicent,id-593,22,1350,168,1
1463,ferrothorn,id-598,10,1100,171,1
1464,klink,id-599,3,210,60,1
1465,raichu-alola,id-26,7,210,243,0
1466,sandshrew-alola,id-27,7,400,60,0
1467,sandslash-alola,id-28,12,550,158,0
1468,vulpix-alola,id-37,6,99,60,0
1469,ninetales-alola,id-38,11,199,177,0
1470,diglett-alola,id-50,2,10,53,0
1471,dugtrio-alola,id-51,7,666,149,0
1472,meowth-alola,id-52,4,42,58,0
1473,persian-alola,id-53,11,330,154,0
1474,cleffa,id-173,3,30,44,1
1475,chinchou,id-170,5,120,66,1
1476,lanturn,id-171,12,225,161,1
1477,togetic,id-176,6,32,142,1
1478,natu,id-177,2,20,64,1
1479,igglybuff,id-174,3,10,42,1
1480,togepi,id-175,3,15,49,1
1481,delibied,rec-225-dup-0,9,160,116,1
1482,delibird,rec-225-dup-0,,160,116,1
1483,deoxyst-speed,id-386,17,,270,0
1484,deoys-speed,id-386,17,,270,0
1485,palossand,id-770,13,2500,168,1
1486,pyukumuku,id-771,3,12,144,1
1487,type-null,id-772,19,1205,107,1
1488,silvally,id-773,23,1005,285,1
1489,groudon-primal,id-383,50,9997,347,0
1490,rayquaza-mega,id-384,108,3920,351,0
1491,turtonator,id-776,20,2120,170,1
1492,togedemaru,id-777,3,33,152,1
1493,glalie-mega,id-362,21,3502,203,0
1494,diancie-mega,id-719,11,278,315,0
1495,metagross-mega,id-376,25,9429,315,0
1496,kyogre-primal,id-382,98,4300,347,0
1497,sharpedo-mega,id-319,25,1303,196,0
1498,slowbro-mega,id-80,20,1200,207,0
1499,steelix-mega,id-208,105,7400,214,0
1500,pidgeot-mega,id-18,22,505,261,0
1501,ekans,id-23,20,69,58,1
1502,fearow,id-22,12,380,155,1
1503,spearow,id-21,3,20,52,1
1504,raticate,id-20,7,185,145,1
1505,sandshrew,id-27,6,120,60,1
1506,raichu,id-26,8,300,243,1
1507,pikachu,id-25,4,60,112,1
1508,arbok,id-24,35,650,157,1
1509,nidoran-f,id-29,4,70,55,1
1510,sandslash,id-28,10,295,158,1
1511,baltoi,rec-343-dup-0,5,215,60,1
1512,baltoy,rec-343-dup-0,,215,60,1
1513,dangela,id-114,,350,87,1
1514,tankela,id-114,10,,87,1
1515,chimecbo,id-358,,10,159,1
1516,chimexo,rec-358-dup-0,6,10,159,1
1517,pelipper,rec-279-dup-0,12,,154,1
1518,pelipper,rec-279-dup-1,12,,154,1
1519,eldeooss,id-830,5,,161,1
1520,lairiri,id-305,9,,151,1
1521,krovyle,rec-253-dup-0,9,216,142,1
1522,grovyle,rec-253-dup-0,9,,142,1
1523,xatu,id-178,,,165,1
1524,breloom,rec-286-dup-0,,392,161,1
1525,klevki,id-707,2,,165,1
1526,kurturr,id-533,12,,142,1
1527,mightyena,id-262,10,370,147,1
1528,noctol,id-164,16,,158,1
1529,noktowl,id-164,16,,158,1
1530,zigzagoon,id-263,4,175,56,1
1531,gourgeist-smwll,id-711,,95,173,0
1532,gourgist-smal|,id-711,7,95,173,0
1533,klamperl,id-366,,525,69,1
1534,zneasel,id-215,,280,86,1
1535,clampwrl,id-366,,525,69,1
1536,cascoon,id-268,7,115,72,1
1537,dustox,id-269,12,316,173,1
1538,tapu-vuiu,id-787,,455,285,1
1539,dapu-pulu,id-787,19,,285,1
1540,aerodactyl,rec-142-dup-1,,590,180,1
1541,mothiiii,id-414,,233,148,1
1542,krookodole,id-553,,963,260,1
1543,hippo2don,rec-450-dup-0,20,3000,184,1
1544,azeld,id-482,,3,290,1
1545,aze|f,id-482,3,,290,1
1546,cactufne,id-332,,774,166,1
1547,kactvrne,id-332,,774,166,1
1548,toxtrikity-low-key,rec-849-dup-0,16,400,176,0
1549,grujpi9,rec-326-dup-1,9,715,165,1
1550,eecscadriil,id-530,7,404,178,1
1551,corphish,id-341,6,115,62,1
1552,ponyta-galar,id-77,8,240,82,0
1553,baltoy,id-343,5,215,60,1
1554,crawdaunt,id-342,11,328,164,1
1555,lileep,id-345,10,238,71,1
1556,claydol,id-344,15,1080,175,1
1557,anorith,id-347,7,125,71,1
1558,rapidash-galar,id-78,17,800,175,0
1559,feebas,id-349,6,74,40,1
1560,armaldo,id-348,15,682,173,1
1561,qwilfish,id-211,5,39,88,1
1562,vanillish,id-583,11,410,138,1
1563,vanillite,id-582,4,57,61,1
1564,swanna,id-581,13,242,166,1
1565,wishiwashi-solo,id-746,2,3,61,1
1566,emolga,id-587,4,50,150,1
1567,sawsbuck,id-586,19,925,166,1
1568,deerling,id-585,6,195,67,1
1569,vanilluxe,id-584,13,575,268,1
1570,oricorio-baile,id-741,6,34,167,1
1571,escavalier,id-589,10,330,173,1
1572,karrablast,id-588,5,59,63,1
1573,crabominable,id-740,17,1800,167,1
1574,muk-alola,id-89,10,520,175,0
1575,ariados,id-168,11,335,140,1
1576,golem-alola,id-76,17,3160,223,0
1577,graveler-alola,id-75,10,1100,137,0
1578,greninja-ash,id-658,15,400,288,0
1579,ribombee,id-743,2,5,162,1
1580,marowak-alola,id-105,10,340,149,0
1581,exeggutor-alola,id-103,109,4156,186,0
1582,sentret,id-161,8,60,43,1
1583,feraligatr,id-160,23,888,239,1
1584,zygarde-50-power-construct,id-718,50,3050,300,0
1585,arfeus,id-493,32,,324,1
1586,ledyba,id-165,10,108,53,1
1587,noctowl,id-164,16,408,158,1
1588,spinarak,id-167,5,85,50,1
1589,ledian,id-166,14,356,137,1
1590,fletchinder,id-662,7,160,134,1
1591,talonflame,id-663,12,245,175,1
1592,sunflora,id-192,8,85,149,1
1593,gunzhoos-totem,id-735,,600,146,0
1594,fletchling,id-661,3,17,56,1
1595,vivillon,id-666,12,170,185,1
1596,wormadam-sandy,id-413,5,65,148,0
1597,scatterbug,id-664,3,25,40,1
1598,audino-mega,id-531,15,320,425,0
1599,golisopod,id-768,20,1080,186,1
1600,altaria-mega,id-334,15,206,207,0
1601,passimian,id-766,20,828,172,1
1602,sceptile-mega,id-254,19,552,284,0
1603,swampert-mega,id-260,19,1020,286,0
1604,latios-mega,id-381,23,700,315,0
1605,latias-mega,id-380,18,520,315,0
1606,floette-eternal,id-670,2,9,243,0
1607,abomasnow-mega,id-460,27,1850,208,0
1608,ninetales,id-38,11,199,177,1
1609,jigglypuff,id-39,5,55,95,1
1610,nidoking,id-34,14,620,253,1
1611,clefairy,id-35,6,75,113,1
1612,clefable,id-36,13,400,242,1
1613,vulpix,id-37,6,99,60,1
1614,nidorina,id-30,8,200,128,1
1615,nidoqueen,id-31,13,600,253,1
1616,nidoran-m,id-32,5,90,55,1
1617,nidorino,id-33,9,195,128,1
1618,rookidy,id-821,,18,49,1
1619,roockiclee,id-821,2,,49,1
1620,vanilluxd,rec-584-dup-0,13,575,268,1
1621,vanilluxe,rec-584-dup-0,13,,268,1
1622,shedjnja,rec-292-dup-0,8,12,83,1
1623,vrnipede,id-543,,53,52,1
1624,rat:cate-totem-ajola,id-20,14,1050,145,0
1625,totidile,id-158,6,95,63,1
1626,dotofile,id-158,6,95,63,1
1627,jumplvff,id-189,,30,207,1
1628,machoke,rec-67-dup-1,,705,142,1
1629,mzchoke,rec-67-dup-1,15,705,142,1
1630,nidoran-m,rec-32-dup-0,5,,55,1
1631,watchog,rec-505-dup-0,11,,147,1
1632,pid0ye,id-519,,21,53,1
1633,pidovw,id-519,3,,53,1
1634,donphan,id-232,,,175,1
1635,tornadus-therian,rec-641-dup-0,,630,290,0
1636,tornadu5-therian,rec-641-dup-1,14,630,290,0
1637,kroagunk,id-453,,230,60,1
