medium,release
m_49452d95,rl_5d1a1033
m_8f623a74,rl_e023ad2c
m_be2dfbe8,rl_4877148a
m_ff572cae,rl_4ab3ac47
m_80ff3b3c,rl_eb6e4622
m_05ab6e75,rl_47e37981
m_797409a3,rl_1bbbafe9
m_e8d24524,rl_c58c666a
m_fe50f48a,rl_8c6dd689
m_8192f254,rl_9e9fa7e9
m_8aaab3c7,rl_c99cad21
m_394d7206,rl_84bc41a5
m_e037b41a,rl_249abe0b
m_c3bd5209,rl_74888768
m_2c305c44,rl_795fdbd9
m_f03a85f4,rl_3f2ce848
m_f846d159,rl_0e41170d
m_f3e8fc82,rl_a2ff8896
m_a6ae0822,rl_3a1536bb
m_15a0e4b0,rl_034a1ada
m_06b6b73f,rl_13d2316c
m_dca89c59,rl_d289d3c3
m_dfa82e84,rl_7e4bafb3
m_49df6e5a,rl_13d2316c
m_a4b5d574,rl_9cad648c
m_cb560a8c,rl_7bb2789b
m_f0cbb0b9,rl_f49eadc8
m_6721c210,rl_d81863c3
m_e33ba81d,rl_d264ff8e
m_f970d848,rl_f98943ae
m_e432e7b9,rl_b1ed6792
m_694e6ae8,rl_2c3118a3
m_61ef4c84,rl_559bfa38
m_5821692a,rl_edd65424
m_f3698b18,rl_31996ee9
m_f5882851,rl_d6f2a03c
m_ed59d027,rl_ea66f065
m_d6120a6b,rl_03879bfd
m_f35c4be6,rl_a099859a
m_4872624f,rl_3d2edafd
m_3b5714fe,rl_cd8bfc80
m_173cfc8b,rl_bdaa346c
m_5bba13f9,rl_3e0095d4
m_01e390a3,rl_9f50648d
m_618ccc50,rl_7e868866
m_7f9e1bfe,rl_e8d8114a
m_9fe086d1,rl_19b5ece1
m_654d0c7c,rl_0045ab47
m_7d84928f,rl_4ec61906
m_9cf9537d,rl_f942ebd1
m_5a8b3e74,rl_c8759768
m_3165c3ed,rl_04a261e0
m_6ece1db5,rl_68dbb6be
m_744de01d,rl_1af8b61b
m_976dde52,rl_dcbe9b41
m_13d4d793,rl_c0ebd081
m_fb7171b0,rl_d5e22c8d
m_4947a7ab,rl_e1575e4e
m_78c38295,rl_6ec714fe
m_eeea7ae0,rl_a839f7dd
m_a6d6f3db,rl_c3b1731a
m_a81b6543,rl_3e76a542
m_d1d5b1ed,rl_29d2892d
m_733e3423,rl_cdfe8cf9
m_a8f6c22a,rl_a704ac65
m_ad05212f,rl_aec829b6
m_1eaf481c,rl_06f2bdd7
m_223afe3f,rl_a839f7dd
m_c31d2c8f,rl_539ef639
m_d016bae5,rl_2db60f23
m_799d93e0,rl_2513c932
m_3b99e5bc,rl_bb2ea3cb
m_9276079d,rl_2c3118a3
m_17b5c39f,rl_3b659707
m_a9d1d1b6,rl_3b30f99a
m_50926ce2,rl_bc949642
m_80dca9a6,rl_fffb0764
m_61e26f55,rl_0c0d039a
m_1cab2cb6,rl_61a27f41
m_197a0aca,rl_68cd8482
m_3f0fa2fb,rl_2df1bb05
m_42161a07,rl_805b570d
m_9792a81c,rl_26f93735
m_549435d3,rl_a60d5fd7
m_fc6d65ec,rl_160f0e05
m_498e1fbc,rl_c0ebd081
m_6216d5e9,rl_00689c42
m_243fb6c8,rl_4486ec53
m_1c13e1c3,rl_19be699a
m_5ad0b984,rl_4566ae38
m_430b19b6,rl_213141a7
m_e8b7c8c1,rl_ab9b11e0
m_1c655d5b,rl_bbdc30b8
m_014a1407,rl_f1a373f3
m_e33b7462,rl_f3e67653
m_061197c2,rl_d9652c87
m_726fb5f6,rl_9c3e0b39
m_5ca7f7f9,rl_dfb2fec9
m_1087d9c1,rl_24f38b74
m_43c48581,rl_b8e800ae
m_f4ed29bf,rl_5b8f686e
m_052b79c0,rl_4b99cf87
m_76f598cc,rl_2e99f9d7
m_2cea564f,rl_71c9f421
m_1c61a389,rl_adf777ba
m_67e9582a,rl_092f6489
m_bf82485c,rl_dbe9a3b3
m_ea9d2b02,rl_e9235cc2
m_a228c5c8,rl_93d08391
m_66421ef5,rl_b6e325c6
m_98ce3f75,rl_61d432fc
m_9cf3c6c8,rl_01c4ada0
m_4ffe69e2,rl_766ed38b
m_c34a3fef,rl_4f0ab114
m_5dd5ae58,rl_ab220ba1
m_ffa44e5b,rl_2b90c5d5
m_4c10835e,rl_02248a3f
m_1f32af6c,rl_4ce8cafe
m_d45183f3,rl_8db1cf03
m_e151d029,rl_0d411ece
m_2b14abc3,rl_641b83b9
m_8baa591a,rl_e051a91e
m_949858db,rl_b618739b
m_2ab45f21,rl_8b076d89
m_97fef479,rl_983ae467
m_581b0128,rl_f81601b9
m_5b8c8115,rl_b8587adb
m_636a2bdb,rl_e4ab6833
m_f8618a89,rl_3cac1939
m_47629a62,rl_e9b51234
m_968e567d,rl_ca4473c7
m_2fb21ebf,rl_18df2f21
m_a6891da0,rl_62112554
m_02662991,rl_8c1f9faa
m_a28c28d9,rl_12e389a8
m_aa2a75d6,rl_1b82f138
m_2971b63b,rl_1e46a4e9
m_26d4545f,rl_9e0fda3e
m_8e4193b5,rl_fab112a0
m_9b931dcf,rl_2471503e
m_e5c9de9a,rl_f5b8ba8c
m_90be11c6,rl_5bbc208a
m_c90d6078,rl_e826c61f
m_6c704625,rl_c9c89891
m_8cfd8637,rl_889c6b09
m_22e49e79,rl_4b9d900d
m_651bfdc3,rl_a1af091b
m_a3f5b02b,rl_027677b2
m_80a0a170,rl_9e60c6c0
m_d945edd7,rl_37a854cf
m_66c27b41,rl_0391c96e
m_332f1794,rl_249630bb
m_bf13c079,rl_482b289b
m_f03abf09,rl_9047679f
m_3597664e,rl_fa65770b
m_e192ffae,rl_2e9554cc
m_fe863eed,rl_16d08a20
m_5ffdb142,rl_2124f158
m_72708e9f,rl_4980a37e
m_719a6fe8,rl_28b0dab3
m_8b6f6205,rl_7467e171
m_a4bf2616,rl_efa5308c
m_efaabc48,rl_19075825
m_77f9c5ee,rl_8d22f3d2
m_4dfdfe40,rl_433798d5
m_d8b19c68,rl_1f1b26a5
m_998e6d1f,rl_e8962a4d
m_44840462,rl_0cdef26d
m_fb87fdf9,rl_7bf405c3
m_4fcb79a3,rl_23737d5d
m_7439a2c6,rl_72daf826
m_c80408fb,rl_4879cddb
m_a10d19dc,rl_1730cd88
m_172ff5be,rl_cf476a1d
m_6d10209c,rl_90338862
m_45eddb2b,rl_96e7de7f
m_62ce90fd,rl_a132d58e
m_dfd40726,rl_1b103438
m_54dc9852,rl_f1b203bf
m_0cbb373e,rl_8140da33
m_8f13c262,rl_dd3eb50c
m_2a45f8ab,rl_a41a2f5e
m_01561c45,rl_e7518df9
m_26ead0bc,rl_30b80b29
m_e1a3dafc,rl_7d080c09
m_77f257ce,rl_615146b1
m_f1b99981,rl_5ee88e5b
m_0c436bc6,rl_4731d1ba
m_608bcdbe,rl_0c2cb64c
m_13fcc817,rl_b549e96a
m_165f371f,rl_a1617fc4
m_b0732c7e,rl_007944d5
m_7eebdf7a,rl_9df9b94f
m_9514c20f,rl_653013ae
m_a801204b,rl_ec29a34d
m_fad28e22,rl_578fbb24
m_d6bf7f7d,rl_d4b856a8
m_ae9ac044,rl_67db3242
m_f2fe8867,rl_9feb8be2
m_ecf20028,rl_200116e6
m_5df9824c,rl_0a0c812f
m_cd648a5a,rl_429560cf
m_ad4b268a,rl_6ab9e13b
m_c5cd7cbd,rl_080656c8
m_af6bf071,rl_e948f207
m_622027c3,rl_7b1f3945
m_6b9bbe20,rl_0a3b4e6e
m_3a9c5864,rl_104a1c03
m_f6c641d1,rl_86c7c071
m_b5cfba7c,rl_0dd5dbe3
m_cb8a4668,rl_b17441cf
m_4bd25d56,rl_0ef96d43
m_b43487b5,rl_479b800f
m_e1820a0d,rl_2603c717
m_eb99a2d1,rl_600ffe2b
m_e740742a,rl_6ec714fe
m_03898e16,rl_278fe403
m_54b5a645,rl_18d8a26f
m_1fc55078,rl_155abe32
m_5ca020ce,rl_0366499d
m_07ad676f,rl_feba5074
m_015499ef,rl_f16527e7
m_9a2cb826,rl_732d50aa
m_59e23899,rl_1519f868
m_a96a99a4,rl_7fdb2d61
m_0b41bc89,rl_74fc482a
m_9b8e52b0,rl_abd204a4
m_feba2f98,rl_3dce7f3d
m_e57fba0b,rl_4e8750a0
m_720aa45f,rl_324c9d86
m_d5106db2,rl_226f1f74
m_bd3ec020,rl_5ee6df3a
m_4037ce71,rl_1eeca137
m_71134ff5,rl_72cc3764
m_60e7a701,rl_5d6a2af7
m_6741f73d,rl_51451b80
m_47f13aa4,rl_84cfdeab
m_3bbe51f6,rl_9b3acf23
m_e1fe5ea2,rl_68a9d3e5
m_b8640600,rl_55fec5cf
m_c18afe21,rl_9b5367e2
m_9fae9fc2,rl_ab5429ad
m_7bf9ba60,rl_1de590ca
m_8048329c,rl_7fdb2d61
m_ab881ba0,rl_a23f2c25
m_59e2073b,rl_e586a6fd
m_eaff8101,rl_3f5a2e59
m_566265a5,rl_2ff1ab02
m_59a0638e,rl_df92474f
m_4c97b19a,rl_e291749f
m_a28e2c52,rl_04c39a5c
m_5c776659,rl_47bd2f3e
m_8c9969d6,rl_1eb13c19
m_e23c17fc,rl_8e19a73d
m_81f90f04,rl_724b0a28
m_f1120c70,rl_612fde28
m_7539cdcc,rl_4b043788
m_a5054a6f,rl_b2dcf843
m_966a86ca,rl_4641a5f2
m_3898943a,rl_79f0d4de
m_f02bdcf6,rl_24d85971
m_69bc362c,rl_8275f6be
m_55ecc774,rl_982469a7
m_fd3a4186,rl_60581b10
m_e0d1a93e,rl_0a64a347
m_70e66ff9,rl_3e77cf1c
m_15b9765f,rl_a27ff25c
m_7489e6fc,rl_61aadcdf
m_a8d8ca6a,rl_d0454689
m_e469b02f,rl_6c9055b4
m_c8fa5b7a,rl_80a1ec7f
m_8def4810,rl_e5dfdb6c
m_ada71bea,rl_37071384
m_adb3af17,rl_79cc6eeb
m_97ebda36,rl_c0e3d305
m_17bbc767,rl_95fb4815
m_f301a00b,rl_6d7e6ec1
m_2d2320d4,rl_bca22a50
m_029bb81b,rl_7a0bcb51
m_593fc55b,rl_7ba53e9b
m_320edd4e,rl_a06d0915
m_16f5a935,rl_e6ef4ef1
m_483531da,rl_014e62ed
m_a9d22c35,rl_8e9bd9ee
m_20c18109,rl_ce6b77ed
m_898614e3,rl_d0673a3a
m_96d2f49c,rl_60b9ab2f
m_64026069,rl_4cc3ad2c
m_98a35268,rl_a5364eb0
m_ef7df8c4,rl_20c5c915
m_2423d248,rl_abb1278b
m_f3c1c05a,rl_e027db68
m_789174b6,rl_e04a7c89
m_9e6c5e23,rl_7b02a585
m_597436a1,rl_f984985e
m_7847c0f6,rl_7a8111a5
m_4122850a,rl_9ea1fe22
m_ffc43cba,rl_07232dd9
m_81e9ade7,rl_29a1f69b
m_04f55cde,rl_921a9bbf
m_4b93584e,rl_2348dac5
m_ef3a89d5,rl_a8f52d4e
m_f9fe8731,rl_d6733e60
m_ce8d2633,rl_c8a5b56a
m_67abc313,rl_4bea6083
m_800043f2,rl_fea341b9
m_3bfcd403,rl_83506e54
m_34fc2edf,rl_604cba95
m_93fbe2ff,rl_415e9fea
m_b08ab92e,rl_b1f997a8
m_d0a241af,rl_9a9b007f
m_f148fa84,rl_849b6446
m_80ba0409,rl_d00b9bd4
m_df5111ed,rl_fcebd81e
m_57f03443,rl_0a663a3e
m_c5a79086,rl_9724b9d3
m_40dea81c,rl_ca625cad
m_46c84437,rl_95afd222
m_89f57865,rl_57409ee9
m_7ff4b23e,rl_c4571b6f
m_3312bb4e,rl_5dbbd6c1
m_2bcd481c,rl_783ea3ca
m_bfa05a77,rl_a540a69b
m_333889ca,rl_74bf306f
m_b9a7daf9,rl_859086c5
m_8d79e484,rl_fe05f4e9
m_632c6da2,rl_bb16e276
m_ee1f52c5,rl_7f772655
m_5f70489a,rl_eed4321a
m_8e8d03c3,rl_a7ccf659
m_278ce3b5,rl_67c9a5dc
m_73ce7e84,rl_b4636ba8
m_0e67e09a,rl_3b5a5860
m_03d1f0d1,rl_dfdf0eb0
m_0d994f25,rl_eb68ec31
m_26ce6f7b,rl_0f865ced
m_1b833b4c,rl_2c953aa0
m_fc333c97,rl_1e140856
m_8a6b0807,rl_983ae467
m_456e02c6,rl_358654c5
m_9189f7b0,rl_1abea99d
m_c28e3487,rl_b17cb21b
m_1e68dd06,rl_0c4a9055
m_649b89f6,rl_43fd716b
m_a74f362a,rl_3a84ef8b
m_7b55735a,rl_807892f1
m_30126403,rl_cf626ab4
m_85d69847,rl_a840a51f
m_492c8e4c,rl_78f38df1
m_14dfad0b,rl_23de4cf2
m_4235da31,rl_da79efcf
m_cd5af07e,rl_7ec71b74
m_9240626f,rl_52157d8e
m_d404d43c,rl_b95e1f04
m_e2efc911,rl_61546652
m_96dfc99d,rl_245189b3
m_5675ebae,rl_699ffa7e
m_5234b068,rl_9d4a1dfb
m_aa501758,rl_d4944a7c
m_65973662,rl_2970c4be
m_de1bb39b,rl_2e074f60
m_dbbb612b,rl_29257bbe
m_42184b95,rl_2872cae2
m_c9582815,rl_097f295d
m_110b9c50,rl_21e5455f
m_cad2a1ed,rl_59e55783
m_876a4d91,rl_751cb767
m_52943a20,rl_91dd4b48
m_75b66be3,rl_8f116b28
m_c4e64ee3,rl_f4b5ce6c
m_cb46845b,rl_66b7f302
m_f271abc2,rl_461b3933
m_639447be,rl_db5f6285
m_e80b6bb1,rl_e75c2976
m_a65354a3,rl_8c77705a
m_1b02f77a,rl_dc504b76
m_e7a58727,rl_f70c13a8
m_42d6dda4,rl_46e87f54
m_a9fc3846,rl_ca03f854
m_afbf64f5,rl_476ec7a4
m_53f58a0d,rl_5aeec162
m_73b49530,rl_cff3a262
m_f7418b6c,rl_901b8b99
m_9bbec0da,rl_260af213
m_a9aee89a,rl_8ffe971b
m_a0e9d8ca,rl_78d464f6
m_1917b1ce,rl_6bdcf6aa
m_4ddf683c,rl_9365306d
m_f0562ea0,rl_12bbbf57
m_186a991a,rl_4877148a
m_99cc6cf1,rl_99f5c529
m_cecc7041,rl_5cb8158f
m_6375090f,rl_91abf051
m_05b5c94e,rl_15d80137
m_a7f777b5,rl_9d7b8b41
m_8d8d7d68,rl_92f75a58
m_0a2312a1,rl_56a3d853
m_5a808d44,rl_8923796f
m_302c720a,rl_331d359a
m_2015b9a2,rl_bb07508c
m_2e4ffce1,rl_3f032bf8
m_03d5368d,rl_64e246dc
m_0dc0d407,rl_1cf7a6b6
m_544818c4,rl_7de56976
m_e0af73d7,rl_b075d1cc
m_27de0c9e,rl_d01f8608
m_0d76fdb3,rl_b12d2979
m_7aff780e,rl_d6a64ede
m_83aa90e1,rl_85f4dded
m_17486c17,rl_b6a87dd0
m_9689c3ea,rl_cb07d493
m_adb9869b,rl_93efd63d
m_ae00e12e,rl_0f291cb1
m_6aaf1339,rl_e23e9b5e
m_7b0a17fa,rl_fe1d51b4
m_0f6af3d6,rl_a82cc6f1
m_ef65d05b,rl_1a1873e4
m_e824420b,rl_4644be90
m_c145a70e,rl_a282efa3
m_78aa092c,rl_8a52fdc8
m_7473c242,rl_fbe841ef
m_d988cac7,rl_81a17bb4
m_e8c96532,rl_81ba7329
m_5dc49813,rl_2eba9b33
m_66466e75,rl_8cd863e9
m_ff78f683,rl_c7710bdc
m_3d8558ab,rl_14dffd6a
m_b2d7e3df,rl_99c40967
m_8c9f6c07,rl_f84710a6
m_d9648a08,rl_330b02be
m_571577fb,rl_f4bb56f6
m_ecd160f0,rl_ca03a469
m_0fb93fc9,rl_4bd4d823
m_ce4b48ad,rl_54a1516a
m_b4cbdbe8,rl_73186f2d
m_c04c0166,rl_063fe5fd
m_3475ea5c,rl_069f6570
m_23d8466a,rl_5bcc0b90
m_ab57abb8,rl_c27ae527
m_70a31f22,rl_30665608
m_4ee9c6f6,rl_1a3dde00
m_8ca1423f,rl_37671260
m_8be892a7,rl_54c7cf38
m_73e2b10b,rl_d0e08d7d
m_9a8120cf,rl_0fd852f5
m_4005516f,rl_2a3f08e6
m_4fbffd91,rl_af4fa79f
m_c26193ec,rl_8f523ef1
m_d93de0b0,rl_be641915
m_a8036fee,rl_b65b389a
m_b1e0df98,rl_3740aeb8
m_8a22ec39,rl_f122f06c
m_da94273e,rl_8955956f
m_6071c20a,rl_f062e319
m_f0f723e0,rl_b4e8da3b
m_6d038941,rl_c32a44ec
m_733d289d,rl_40a74cf2
m_c5c6f640,rl_c0828228
m_98087318,rl_9a9dba3e
m_622ead03,rl_e080a0d2
m_9bf74a57,rl_356d1a65
m_3138f4e6,rl_7487e613
m_8865baa2,rl_577d625d
m_c15be852,rl_fc234e7d
m_9ff048ca,rl_5df68013
m_b3ab8ba3,rl_d004a4cc
m_810b4f59,rl_fc14be82
m_c7863e3a,rl_b79bbad6
m_eda8979f,rl_836c649d
m_1dad4dea,rl_86666159
m_04cc20e5,rl_01b1f634
m_969f905c,rl_b477278f
m_5c34af14,rl_b671dc53
m_3a46b7e5,rl_8748d566
m_b6b6af4e,rl_39fadc8f
m_6e8abff2,rl_9de9a925
m_a8950c76,rl_fb15f26f
m_b15eac7e,rl_9d73d7ba
m_b3dc56ec,rl_8beed965
m_7cff2dbc,rl_e1370bc7
m_6c6fd90c,rl_75c2f8b8
m_51e1e0a0,rl_5a1830d2
m_12cab865,rl_f2ccb832
m_70576666,rl_e62e4ee9
m_c73f666d,rl_abfce052
m_ea3b4481,rl_ffb8c184
m_a1807da6,rl_e3877e54
m_9cecd7eb,rl_97f0bbfd
m_81c5fe71,rl_c2dd352d
m_46e51449,rl_5e4fa8f5
m_16ffd6aa,rl_8cc18a87
m_20e9d8fa,rl_78f34483
m_3f6a15f9,rl_580571e8
m_4d618ddc,rl_d802ea19
m_0a9a0ec0,rl_62b81491
m_efdbc1c3,rl_892307d2
m_4f41ff44,rl_45646a26
m_6318772b,rl_8dc20e65
m_5a48bc4d,rl_b710ad41
m_e81d489f,rl_50680505
m_9d198fc8,rl_038d1917
m_24f04d9b,rl_f74be15f
m_a1aebedf,rl_7d080c09
m_5bde5401,rl_9b33d354
m_f63b3f19,rl_a8aa9b3d
m_3db19fc0,rl_4f110b49
m_f78518fd,rl_3d787d4e
m_98f7815d,rl_e0be7d19
m_27045758,rl_9f0ec0ca
m_21278fbb,rl_2c81dd7f
m_f89d3093,rl_5f56d41f
m_c5c988da,rl_0e9f6185
m_06dca4ba,rl_fc9dcf65
m_12715b5d,rl_5cbcf59f
m_ff8e8daf,rl_b9a6dc80
m_7600ae11,rl_1b871c69
m_1b5333d0,rl_f0663143
m_1b2fa161,rl_1e1bb1b6
m_22643f5c,rl_22ed37b8
m_831e04fb,rl_eb88a8e6
m_efccbae3,rl_3708ac21
m_ef4d90ef,rl_a0ee60d6
m_9071d247,rl_c6f85a2d
m_16bd1758,rl_4a7c307b
m_b96cd8ad,rl_88c299bc
m_4891b056,rl_637739cc
m_5346471d,rl_5f60f67c
m_614608b3,rl_c2517b9a
m_b617bea0,rl_6cf31dee
m_902435d6,rl_3eac998b
m_dadfec75,rl_c46cfc16
m_46f73d47,rl_00a39030
m_245ed3f4,rl_01ed0167
m_185ec6c6,rl_b9eac8ab
m_c3ce2060,rl_b4a71649
m_3dd11853,rl_cf65bb38
m_28a5c623,rl_0bd0b034
m_59bfc021,rl_10f0b418
m_bbe577f0,rl_a929f45c
m_95d76e0a,rl_918edde8
m_3c863ac0,rl_01079eca
m_9f0a4cf2,rl_f5a51810
m_c1c641d7,rl_52d26184
m_dff2ed3d,rl_962c0bdd
m_43590392,rl_03644ae9
m_291ac081,rl_4dde306a
m_e81d8518,rl_359e7f5b
m_72e28f99,rl_ba27afc1
m_a035842a,rl_d4c8d1d2
m_30addc0a,rl_44f13970
m_5a76ad1e,rl_9614da85
m_d7b9541e,rl_f89364ad
m_623a88eb,rl_02b25ef7
m_c61d4355,rl_a9c9f21a
m_0cb2b84f,rl_c5951ec9
m_3ba874ed,rl_7f8a7aa1
m_aaaf73e4,rl_9fe5e500
m_960e6a47,rl_adde3235
m_0e0a5594,rl_0c8dade4
m_06100caa,rl_de239585
m_83a2367a,rl_368ada95
m_d3d521ed,rl_de239585
m_3407078f,rl_5071cc38
m_8a6de706,rl_042cb675
m_0827b6a0,rl_bd71a03c
m_0d71e257,rl_ff7f32f8
m_15c45ecf,rl_90bab66c
m_b391259b,rl_3f4c2e67
m_46c30bd1,rl_2f3f13a2
m_890610fc,rl_1b88e6f4
m_12308e6d,rl_aebaba7d
m_f2e355d0,rl_6b62a73a
m_ca57ffda,rl_b03f34d3
m_bd4f9ee6,rl_541f5519
m_25d97474,rl_52a85eb1
m_6877fb00,rl_f2918f16
m_8f413213,rl_50a025a2
m_05602419,rl_3fd05ed8
m_78a68c2f,rl_e949cf75
m_2ffffe40,rl_70b8ddb4
m_60aec951,rl_1098bd28
m_6e2e6022,rl_706bcec8
m_c81581c3,rl_a10f2b27
m_4fc9c474,rl_0e6e63ba
m_3d6f3dfc,rl_ed74a018
m_8162077f,rl_ad194a8c
m_6e8d65d7,rl_787b14f6
m_f0d203bb,rl_6fbe62aa
m_5c3d0b0a,rl_50437051
m_1cf35af4,rl_f20a6f91
m_0afb3684,rl_680014bd
m_9937b885,rl_9fce293e
m_01693a78,rl_20b64a96
m_e017859d,rl_2295c0ba
m_6d8c4146,rl_7644a1d4
m_5c9544db,rl_462602ff
m_2fcca629,rl_4dac94a3
m_7cec862a,rl_8e3b4f0d
m_764f8d96,rl_091c8635
m_5e3f9885,rl_613ad80d
m_5c91004e,rl_ad48925e
m_ad4df190,rl_7bd1722b
m_80ca4c00,rl_e99b497b
m_906698a5,rl_fc6369f3
m_b9d1c137,rl_0c14a55c
m_2343990c,rl_37195e31
m_66845e83,rl_442631e3
m_fce2b7a2,rl_34a24857
m_178eef41,rl_5d91fb5f
m_609f360d,rl_c020731e
m_9b726fb6,rl_1291b4e5
m_6677b2ab,rl_626db5e7
m_96f1facd,rl_7394c0cc
m_57b3d349,rl_fc6fe4d7
m_a8f8dfa4,rl_ad8a7705
m_9c200b1b,rl_fd37a230
m_5e6bc629,rl_56f6dc9e
m_4a726e08,rl_9d2a58b6
m_430fe718,rl_200e566e
m_5da7b85f,rl_740f00b7
m_6ec53362,rl_7f413a2a
m_7d924cba,rl_e56a59d2
m_1740d011,rl_d70e60bc
m_a4da11e6,rl_4c9cb82f
m_c2d06ea1,rl_490bc52a
m_50f6e576,rl_d48f40f2
m_a49727c2,rl_0cc1c4da
m_bb5930a3,rl_59599d00
m_c06df933,rl_b4ec5da3
m_85f4c363,rl_3515c11e
m_742528c4,rl_4a453dd9
m_bdab681a,rl_06948389
m_c25d48bc,rl_e3e8638b
m_b2c1e26a,rl_8b6a702e
m_47441930,rl_fd17fed5
m_492d207f,rl_147edd93
m_3802bcff,rl_71289b37
m_be3cf149,rl_f87b99be
m_8705fd73,rl_12b4cc53
m_d7517e02,rl_90e2dce9
m_498f44bd,rl_ebad178f
m_72d52bd2,rl_fe200ece
m_3b05dbac,rl_5cbf9496
m_e8b23f79,rl_dd860f6e
m_9b9e9f14,rl_ec6f100c
m_6284c736,rl_4c0a9622
m_96bc6bbb,rl_f3bdb0bf
m_3e895bbe,rl_01426aa2
m_90778926,rl_1a8b495e
m_d5619bbb,rl_91c62f6c
m_6860a82a,rl_9b33d354
m_e7b6dd05,rl_5fc1e04d
m_08dc46f6,rl_cf13d05f
m_d278f577,rl_ca91c3b2
m_3570fb07,rl_c2dd352d
m_a268fd07,rl_1984cf90
m_8ccd9ec6,rl_31df64eb
m_bd66c584,rl_75d7f78f
m_3107f483,rl_233e4e8d
m_b7dabb55,rl_febbdd0a
m_17e2e032,rl_bac4c151
m_99e9edab,rl_a551c895
m_e4c7b29c,rl_d9ddb462
m_daa67be3,rl_61229088
m_f6c63ae2,rl_48063a91
m_b6a67400,rl_2bd80882
m_93f4af07,rl_421908d8
m_5eb442d9,rl_2cd8be48
m_f070477f,rl_c7ec0435
m_6d1e317c,rl_f08bc710
m_7a36a2ef,rl_514a019f
m_5de17763,rl_d9f31a90
m_98e57b17,rl_8b6f66cf
m_56661ce2,rl_0247954b
m_ef31b865,rl_c60d177f
m_acb8612d,rl_63569d0d
m_14ae77b4,rl_ed7b9302
m_0f0eba0a,rl_1ddbf4dc
m_feb4a4d6,rl_4e7431e4
m_7f54b8d4,rl_7c733bc1
m_7064c0d6,rl_d48f40f2
m_2767ed8e,rl_61b6dc2e
m_de2747d5,rl_c3b7075b
m_d380a0c2,rl_016c6ac1
m_64525269,rl_b7acfa02
m_7961e1bf,rl_35434e56
m_ed1a73f9,rl_62491886
m_a5cb5725,rl_fde872d4
m_1d84249f,rl_da5a384d
m_c108b559,rl_f9b96cc7
m_c7023650,rl_81cf8dad
m_c7164047,rl_d38ae6a8
m_d71a03f4,rl_ce6e35cf
m_95699f7e,rl_e7efeaa3
m_2784ce65,rl_7ba14a3f
m_8d7223e8,rl_ab67c414
m_9e009d84,rl_564e108e
m_e41b90ec,rl_a9e78b97
m_f998a130,rl_b4a9ed1c
m_c9ade407,rl_805fb115
m_1655f648,rl_81add7f8
m_711bb00f,rl_175a0715
m_842bde3e,rl_71162c7d
m_70a01751,rl_e247eb31
m_18b1f2e0,rl_b7d1b01b
m_66fcf32f,rl_153b1321
m_3ff56623,rl_46f49da3
m_5a6429aa,rl_02bb99c1
m_d98b79b3,rl_feba5074
m_0306bf9e,rl_74bf306f
m_a39964d1,rl_5c1cfea7
m_10ee0bb9,rl_cb6bbb46
m_39540005,rl_32e54dfc
m_95c830eb,rl_60e85136
m_0c99387c,rl_17b010c9
m_739c7f82,rl_950cd560
m_fbdf7b5e,rl_5aa64417
m_6916016f,rl_f1dce98c
m_ede3fbd2,rl_997e049c
m_b43c6e03,rl_cf0a07c2
m_2c8e91ef,rl_a5285ff5
m_5d656f4f,rl_7b01f77a
m_031b5e14,rl_e0ddc20a
m_a57174be,rl_105ae3bc
m_52aecacf,rl_fb5217d5
m_604f9250,rl_c60855ef
m_dd92d302,rl_18b2cc90
m_372cf2fb,rl_c123805c
m_a10f283f,rl_5d8cf2ab
m_84c7e1bb,rl_96f45a5b
m_fb402cd1,rl_c41f8bee
m_6f590f72,rl_0a3ef0cf
m_0770d523,rl_a07c82af
m_79646417,rl_57103250
m_77507417,rl_da1c26dd
m_d80d13d6,rl_3e0a2741
m_3438ea73,rl_6c062795
m_2993e8a1,rl_8d39cb19
m_4f88dd46,rl_e92e84e7
m_f6d64f77,rl_cacff261
m_ea3cadbe,rl_6fdbe2ca
m_20ef8cb5,rl_6c17e01a
m_e8dd99bd,rl_21d21cc6
m_c74bd8fd,rl_631238b7
m_5ad5f9bd,rl_54c7cf38
m_201781d9,rl_3562e47a
m_e817b861,rl_bcec3ba6
m_a06de024,rl_da8eb41c
m_b02c2798,rl_d9479510
m_0c76a659,rl_ed69de3f
m_12211180,rl_16437ccc
m_8c588bb2,rl_4aa274a7
m_9c96d458,rl_5e145160
m_d1c9d80a,rl_cf24da9c
m_35765597,rl_69c7e0c6
m_044206bc,rl_02d13d62
m_f041f9f4,rl_a4b2bec9
m_4dbbbb50,rl_06070096
m_360b8635,rl_27e36aa1
m_2a900d63,rl_b0c16808
m_d6304afb,rl_f1350763
m_23fde510,rl_5f024ee3
m_790119cb,rl_0dea8d8b
m_e8f18ecf,rl_90ca7261
m_e253a321,rl_9ba0e227
m_7d411151,rl_78e1e743
m_2104d3b6,rl_51ddd4f8
m_ba0461c1,rl_3fd9dc00
m_210f2d47,rl_96e7de7f
m_4dadbc01,rl_1295138f
m_e24e5b93,rl_4d8684eb
m_5eafbd6a,rl_30eeeb9c
m_674b5242,rl_a27ff25c
m_9e2936b0,rl_9d8aae40
m_1545ae88,rl_efcc86c4
m_442983ec,rl_cc8d6222
m_1e92b681,rl_8f66e6b0
m_04d7da2c,rl_541f5519
m_4c36eb3a,rl_7644a1d4
m_ec4a2ca9,rl_c7dbf8ee
m_d58141ff,rl_2af4b54c
m_1b2bef73,rl_603b9bc0
m_4f8a537e,rl_d7ac67ff
m_9bd5afd2,rl_2af4b54c
m_a74f0e3f,rl_4c8a84f4
m_879604ae,rl_9b8c0605
m_344e26a2,rl_8ca05f5a
m_f3bc660c,rl_f3c5b91c
m_f92415ee,rl_6e0d21b8
m_58a1aa28,rl_a26ddbb2
m_eeedd597,rl_8ea73558
m_77224d05,rl_b2db03cd
m_81f6dd99,rl_88fd8d60
m_f8dfdc81,rl_968b8b34
m_2cb82f76,rl_624740cf
m_c531cf64,rl_e7bf378c
m_f26ac5ca,rl_324c9d86
m_a4adb2c4,rl_4f7674b7
m_a90b93f6,rl_6b4d37a8
m_69cefc6d,rl_a570a9ba
m_ba7bf9fe,rl_4ae9da07
m_143099c3,rl_43fd716b
m_dcf926c6,rl_c31be698
m_b098fd2b,rl_260e555e
m_98a5b665,rl_ba1e25ee
m_9fbcc5d9,rl_4a5f1917
m_a373661a,rl_910c1d1c
m_8424fd89,rl_5b35240a
m_05540516,rl_7c9b9570
m_9722461e,rl_0b70b00a
m_673751fd,rl_1f5a5889
m_28723102,rl_9713d734
m_2dccb118,rl_290c145d
m_87a54d75,rl_e6611ac8
m_ecf5d510,rl_71cf72eb
m_a1618a76,rl_b4d92e7d
m_15295c57,rl_f72e4bdf
m_09cf80ef,rl_0d0c4230
m_099621b8,rl_7117c577
m_676bcc3f,rl_8f0caf61
m_9e5f40de,rl_03644ae9
m_65aa097e,rl_5763e0cd
m_d4b63922,rl_b6f4018b
m_bbfb75e5,rl_adc33f0f
m_b87dab0e,rl_509607a5
m_9cbb0329,rl_8a184fdd
m_c443f322,rl_b48b4c1d
m_a2ea1ad7,rl_588fd593
m_314476c4,rl_355aabd3
m_808f2f9a,rl_bcb05b35
m_228f8b7c,rl_29b52244
m_7ef9141d,rl_99947c1e
m_c94757cd,rl_ba986f62
m_1d64370e,rl_fc6369f3
m_69d31456,rl_eed95d7c
m_e7a58505,rl_7e52a9cb
m_01bfa4e2,rl_c69322f3
m_02374572,rl_4618d0a7
m_d8164829,rl_367931ba
m_29263d81,rl_49b5642c
m_5347cf20,rl_7baa6663
m_6bf1424d,rl_f1a373f3
m_df4654a2,rl_adf777ba
m_2ceaa6e8,rl_35f4f079
m_4e43c3b3,rl_bf18f5f9
m_0be7e1e1,rl_2f102d77
m_2f32e55f,rl_ee23273c
m_42474eee,rl_e14a1ece
m_cb0a8adf,rl_29a1f69b
m_13687fa6,rl_04a261e0
m_31127468,rl_5c9b8dd0
m_c77714ae,rl_47f79a3f
m_60088404,rl_cfc6ee0e
m_0aa0ee0a,rl_dbed4b49
m_ce7fd7a2,rl_da58686a
m_9f5948f4,rl_3c710111
m_20d5d9a5,rl_cee2612e
m_bee840b4,rl_a741ed6a
m_708c8400,rl_bb8af19b
m_0cd5cd55,rl_043d4c4e
m_e93a5c79,rl_fa8da914
m_eceb03e4,rl_63f86505
m_919d3a81,rl_63f86505
m_60b2f5ba,rl_330b02be
m_ec9b61af,rl_aa0ccbfc
m_b2f53d60,rl_1b6de6c8
m_cf3f2627,rl_5c0da5c0
m_9ae59946,rl_1dbaada4
m_2f7b550a,rl_9feb8be2
m_d4176b12,rl_310cc734
m_97fb0bd1,rl_19f74194
m_10791dd7,rl_325b6f0e
m_ae8bf1e5,rl_837ab506
m_679649fe,rl_d6dcfdcf
m_94212ed5,rl_17eb22f9
m_f7e206b2,rl_35d8d6ca
m_7176200b,rl_79d8ac45
m_44dae6c1,rl_6f1d651e
m_15115892,rl_adec39a8
m_e07430e3,rl_afa8254e
m_43347af4,rl_2b8fe238
m_4ab3032a,rl_8333fe46
m_30778ccc,rl_966d11ee
m_dab91516,rl_0acd9d7c
m_f06b12cb,rl_c81ea118
m_84a0852a,rl_abc7f7c9
m_52dd499a,rl_0cb79f5c
m_eade3a8b,rl_afdf5305
m_2b92a9f3,rl_9b864a27
m_f7960f35,rl_d40caf60
m_a0d4c830,rl_90da3f05
m_41ef28c4,rl_84934e97
m_cec3f700,rl_a2102f7f
m_3015f761,rl_09cb68a0
m_31aa86d4,rl_19969ab9
m_0147e5b0,rl_331ff0da
m_51ab06a9,rl_814550b5
m_a6a99348,rl_da928eb7
m_6d68e021,rl_e5bd3e99
m_1594d2fc,rl_3251e3af
m_0a8d6937,rl_308b9694
m_10b3a298,rl_a3154aff
m_400bfec6,rl_d788f821
m_7700b7f8,rl_81b627a4
m_419bcfc2,rl_71b94ae5
m_835c782c,rl_ea8d042d
m_1d83f9ac,rl_5fdbd143
m_9e1e1151,rl_1dec18f1
m_1a6ead36,rl_85f6be8a
m_09414b5c,rl_80fabf39
m_0d16fe4b,rl_847b3096
m_173e6678,rl_9fe9db64
m_e4ae8dea,rl_badc305d
m_09e9f39a,rl_069f6570
m_dc4d23e3,rl_f9639a1e
m_c6ba00e2,rl_0f6f8d96
m_a73a7f3e,rl_0c175259
m_21006908,rl_8f9302e8
m_84e48786,rl_f9639a1e
m_51c04838,rl_4f569310
m_76ec8037,rl_f563bd6f
m_95b88757,rl_6ae3df89
m_409f583a,rl_be636d79
m_fa7aae4b,rl_bf99a68f
m_f4e76f01,rl_1dbaada4
m_080b78cc,rl_fc238ff7
m_f93c7aab,rl_a2cd6489
m_70cb9967,rl_e0df0234
m_0767ffd4,rl_2d1bce32
m_10e1afce,rl_5ed816ca
m_e7499669,rl_b5d04cbc
m_9bbcc94e,rl_ba5e59b3
m_bf1c3ad2,rl_adaf3ce1
m_91943a87,rl_3821fc72
m_aa5bf1e6,rl_e623c6af
m_3e2bb0d6,rl_aa504785
m_493e6e6a,rl_29257bbe
m_d99146a2,rl_74ba8ae9
m_60dc0161,rl_70894c4c
m_195b7c95,rl_422b4029
m_f90a3840,rl_ad311ff2
m_c2c8c0d5,rl_31361d28
m_5eb857b6,rl_9b066315
m_0b860fec,rl_8f116b28
m_924cf74a,rl_d664afb1
m_a801c428,rl_f9023c7b
m_479fa251,rl_b41740cc
m_fbb97086,rl_1bdf8ed4
m_3a500537,rl_52157d8e
m_ebc26462,rl_cae177bb
m_22199bd6,rl_2f149bed
m_46131fb4,rl_da935583
m_983d27e6,rl_0dfa7466
m_f0431d28,rl_1cabdcf9
m_ee0cb9b6,rl_a320d09d
m_781d2c41,rl_716593c9
m_7f35e11c,rl_43412936
m_21a6fc80,rl_41abc6fb
m_7839e1e7,rl_994b9491
m_16cef7a3,rl_9a1e1dbc
m_6f168a33,rl_92d640d4
m_ca7bba14,rl_4e6c2f7c
m_73829c10,rl_3d8fbf3d
m_50090153,rl_ba723515
m_35273f6d,rl_b1c5f9fc
m_e2c30dcc,rl_8bb617e7
m_330585bc,rl_abbd387e
m_38033b9e,rl_6553081f
m_b5257faa,rl_b1fa9eca
m_4231cdf1,rl_d06f9c71
m_02054280,rl_a2102f7f
m_9c190e98,rl_cf976be0
m_7a22cb9f,rl_1ce6581b
m_943dea21,rl_bae2ec30
m_46ec4251,rl_83cdcd21
m_f59cf692,rl_7f5206b4
m_f6e852b6,rl_220523db
m_59bc0809,rl_23197d11
m_d1a79a0f,rl_bb02eca0
m_0e36f0a3,rl_4d0e728c
m_3e123e34,rl_7162f57a
m_6deec738,rl_d10adb0f
m_a22d80fa,rl_32d8c452
m_1c94513d,rl_6f613d02
m_cf30c01d,rl_8d5c5086
m_c0c8554a,rl_c07a6f4b
m_43f9bf9f,rl_c0828228
m_f6a7b0c2,rl_04915c51
m_cb97dadc,rl_80b564d5
m_1b713a26,rl_199581bd
m_6654ce25,rl_a1fcad72
m_99873103,rl_23197d11
m_ee452207,rl_43986c43
m_000d7fbc,rl_8c01cac7
m_30914db7,rl_354a782b
m_08104703,rl_274654d4
m_5104ea00,rl_9dab308d
m_a9535295,rl_23722f9e
m_4c727bfa,rl_be1bbcb9
m_0f51f887,rl_87030bff
m_45a006e9,rl_f6c41074
m_7fa449b3,rl_c7e71b6a
m_b8b498ec,rl_52585a56
m_caf8bd00,rl_34255f70
m_c294701e,rl_ffcd5c73
m_d6a909b3,rl_b37476a2
m_2a3b19e2,rl_99c40967
m_196fe4be,rl_1cabdcf9
m_fd45e2fa,rl_52fb9a21
m_08af323b,rl_71ad7faa
m_485716bc,rl_c290e5b8
m_bca94458,rl_283924c8
m_7d4ef950,rl_294453e3
m_805b4407,rl_b5c0c8ca
m_4519c260,rl_90f82ccf
m_77e3268b,rl_96792289
m_710d9abd,rl_eee07018
m_1c351a5d,rl_df446ed8
m_87851a36,rl_7d7da515
m_a7742ee7,rl_874e7368
m_34977d91,rl_5e76b8b7
m_12c85675,rl_14200368
m_8e64c622,rl_368d26e1
m_39d679ed,rl_52531f08
m_15ba7414,rl_c1b41a87
m_d944c378,rl_ac2ef5bc
m_3a9381ca,rl_b05d223b
m_52919f6b,rl_4c9a4819
m_d0279d23,rl_385a52b6
m_5b831954,rl_8c7f00a8
m_09910515,rl_64182885
m_2b78b5c9,rl_db5f6285
m_154fc336,rl_46ddfd66
m_a107cf3b,rl_155abe32
m_ba8020fd,rl_256c8bb5
m_c937b77e,rl_e1446123
m_c9a1be21,rl_dab31fc0
m_c5e491eb,rl_713798a7
m_5a006db5,rl_38e934e4
m_f21c1994,rl_5dd5f0c9
m_bfe16ade,rl_2bfb98de
m_4f3342c0,rl_cb3cddcf
m_ae59ad2f,rl_4ec8239c
m_c3e96bc1,rl_b0d2f9e2
m_0b8a17a0,rl_9113b3f9
m_6775ca74,rl_50fe0631
m_0e0f48f7,rl_94cbefeb
m_9669fe8f,rl_d1cfb3b4
m_10d6618d,rl_4d633c4c
m_c719a5c3,rl_ba2b92a4
m_7ca1cc14,rl_5819e43a
m_e9019432,rl_f8d18d80
m_1bb5d9fc,rl_12c6c464
m_32ef9476,rl_873cace3
m_aa9f0828,rl_518612a4
m_5bf9c484,rl_99fb3f68
m_7106c827,rl_833b8cfe
m_18cff55b,rl_965dfaaf
m_39260034,rl_7c920550
m_543fdd1c,rl_c1c7d447
m_e1def6a8,rl_69893f89
m_c599e2a9,rl_9c986ae5
m_6cc662cb,rl_a5b41a90
m_b81cafae,rl_cae177bb
m_59a9c301,rl_622ba274
m_8ffa6390,rl_88cbe507
m_fe05e8f5,rl_af2e3ac8
m_aef28743,rl_f9dbaff4
m_5062870e,rl_19ab3468
m_71fbf525,rl_f962cfb9
m_0fb20e46,rl_ec7fe254
m_f08c808e,rl_928f45a7
m_d7e5e7a3,rl_abe0293f
m_196cfd23,rl_2e742399
m_819465de,rl_01108bb0
m_4748d201,rl_7b02a585
m_6e98ce69,rl_87be152e
m_3172ae32,rl_aec829b6
m_4c6d7a8f,rl_48ef600b
m_0553ce40,rl_539ef639
m_f963cba5,rl_bf56b479
m_a2871ba7,rl_40485526
m_42d78da2,rl_9893504f
m_1c9308de,rl_5505932e
m_d1116181,rl_7f4b5bbd
m_620815ea,rl_f5946732
m_603c3d40,rl_5c519e01
m_f5085fdb,rl_9d98cd64
m_be9bd9c4,rl_4a27e819
m_c2b230ea,rl_36f156b4
m_9810b5e6,rl_a38f766c
m_cbec5385,rl_a4491a7f
m_41d5b5dd,rl_4003b8d1
m_b043ff01,rl_5e4869f7
m_9c4154aa,rl_17e07969
m_26f3b0d7,rl_71b8d4aa
m_49877348,rl_b9a6dc80
m_bab0c15e,rl_a7241171
m_fce72e90,rl_ad86f6d9
m_46281261,rl_f5c4e42d
m_11c7ef16,rl_6e0454db
m_cf5cadaa,rl_3e0333b8
m_f9f41e6f,rl_39c21144
m_daaa27da,rl_8757f606
m_b5acc62d,rl_dc152058
m_9b15ead6,rl_901b8b99
m_17aeae71,rl_97d70a96
m_2d17db0d,rl_2be0dc11
m_c29e74e7,rl_0327a4d0
m_1e52138d,rl_01f0ceb2
m_5122a17a,rl_b608d107
m_a441cf40,rl_d7c0607d
m_f9f1e513,rl_7aa82fd3
m_77707fc0,rl_48211b45
m_ea1d68ce,rl_05ae023a
m_5b5aca83,rl_f4e0c3a2
m_bb86ed88,rl_0ae10130
m_fdd93084,rl_e90ce9e4
m_a8a0b5e9,rl_b9e14dac
m_41b9ce54,rl_521ff170
m_488e1957,rl_55d1e0db
m_a1cd673c,rl_91c62f6c
m_99d854af,rl_ef03e8de
m_c7952af6,rl_2c90d418
m_37707201,rl_1b0605dd
m_fcc3b437,rl_99b200c9
m_02f11035,rl_f35ad63f
m_7430ba2c,rl_13d1666a
m_4190a1cb,rl_b0ad792f
m_3996306d,rl_c3d60dba
m_7973f9f4,rl_f75a015b
m_2b63264b,rl_eb17c720
m_a5a7e364,rl_34dd77c1
m_c7a5cb57,rl_a595f26a
m_e2d2a596,rl_0aa4574a
m_11f13a71,rl_5ef91b10
m_49410381,rl_5e87919b
m_d130a92f,rl_c1562bcb
m_6e19aea9,rl_3264da94
m_19e3a8ac,rl_6572d861
m_27bdc137,rl_b8474b0c
m_a244bbef,rl_d75fa299
m_c29c3321,rl_94ad445a
m_d86a72dc,rl_1660ae3b
m_84552190,rl_4471a0f8
m_fa6b7e46,rl_aabade46
m_838a654a,rl_748ca982
m_9dc63f87,rl_1660ae3b
m_d45e2734,rl_35f55ce3
m_9072aaba,rl_4ad6d4b3
m_ccec9f43,rl_63569d0d
m_2fdb2481,rl_70c25a51
m_3f355abd,rl_01a6a05b
m_92873dc6,rl_f0fa318d
m_9579fa59,rl_41a8cab4
m_8cba318b,rl_7d7da515
m_80f56c04,rl_76581b50
m_cc9c778e,rl_8430e5f7
m_4c60593b,rl_a61a5617
m_66858c99,rl_5bf746f6
m_c8b361fd,rl_0323230b
m_c947a37a,rl_ffedabf5
m_64ab8ffb,rl_9e4acefd
m_c10f685e,rl_4b09cfd7
m_4452d847,rl_de430d21
m_6b74feee,rl_f511fad5
m_4d1cb421,rl_b0d06015
m_ea12274a,rl_3e0a2741
m_efa55a46,rl_e2758f3a
m_23192c5e,rl_df79d5fe
m_38732dc4,rl_3bd37e1e
m_1d41ccc4,rl_0888291a
m_f7781a36,rl_058978ab
m_1eaf463f,rl_5a26f63d
m_c39513de,rl_1fcd0e0a
m_f3ef093f,rl_df1ca8a7
m_ae32b141,rl_9efa9955
m_a07ca0ef,rl_67d8873d
m_03dc471c,rl_5d1a1033
m_0efbae3c,rl_0787b166
m_ba227a4d,rl_b6e2f1f7
m_ab2fbe02,rl_80fec27a
m_755b8aa9,rl_dc2dbdf6
m_384e4061,rl_7915ba2e
m_ba25fb25,rl_8d2f7d42
m_a30c06b5,rl_24d11bba
m_59905919,rl_28fa05a8
m_a9a679db,rl_3709d93b
m_64aef173,rl_60a1c9e8
m_9da53bcd,rl_df6d5c56
m_6ba24f54,rl_1d5bc764
m_abbcb8cb,rl_9b391965
m_ccc01107,rl_3c436dd3
m_83d8ac36,rl_82f82730
m_3282f628,rl_2af34ed0
m_7d4ddc9b,rl_adffe944
m_1690afae,rl_ab6c2116
m_7c48be28,rl_7e880d34
m_167c808a,rl_2881c810
m_da793c3d,rl_9103692d
m_6693390c,rl_4548fa57
m_3dbebaed,rl_0e956917
m_1ec6fa2b,rl_7117c577
m_78a839f7,rl_68ca0eb5
m_63a6424d,rl_044bb5ca
m_3391d724,rl_b89a2246
m_9f85390e,rl_1dec18f1
m_1ceedaa2,rl_44966ecc
m_9be22ed7,rl_8a0bfffc
m_63d8efd1,rl_34362de1
m_e59e8208,rl_c39129ac
m_9acfc95b,rl_e3261c3f
m_fa60286a,rl_d62eb476
m_6c2892a9,rl_a5ffc9dc
m_109caabf,rl_47e98b59
m_4244c2e1,rl_65106b79
m_dcbebd7d,rl_369a4185
m_85d3da75,rl_a1c5e222
m_fb455401,rl_b7a634d9
m_4f6479ca,rl_a405e314
m_cdb9d953,rl_939dbbb6
m_b6a1aa5b,rl_3553c98d
m_57ebc6f7,rl_5cdc5660
m_d7728b79,rl_c6079911
m_2f9184c6,rl_bdc3008b
m_522ed091,rl_58a3989b
m_0a3423b1,rl_f9ac4910
m_45dbeb1c,rl_063610dc
m_20205f95,rl_16f793ff
m_c745a698,rl_15fcbb38
m_153923c5,rl_426b54e6
m_bca12d23,rl_deac5d0e
m_df038028,rl_aa41b577
m_d3000f5f,rl_6c60db91
m_ad27ba81,rl_7c99a5b1
m_174695b7,rl_fea341b9
m_537617e0,rl_6764965b
m_9dbd772b,rl_ed8fa5f0
m_e95db8e5,rl_e6dbe808
m_7c39bd44,rl_a7980276
m_240dfd86,rl_596d5e68
m_eb85a462,rl_4ec8239c
m_670b30a0,rl_ebf16c77
m_7304735d,rl_f234e898
m_4ab9344c,rl_af50f1b8
m_cd5f5eeb,rl_7ed28a7c
m_2ec32abc,rl_1b103438
m_ad5880f8,rl_8e3b4f0d
m_86469ae6,rl_77c5620b
m_9e4ac874,rl_511628e8
m_9e96f6f2,rl_58a7de1f
m_6717f83a,rl_8871a809
m_149cf034,rl_1de02547
m_96b7a7ec,rl_455b04da
m_870a4a0c,rl_4b5be28f
m_2e6d14b5,rl_181ada14
m_09787ed0,rl_0d3651ba
m_065d7b11,rl_33471682
m_2a80ec05,rl_59a65875
m_3294a0e5,rl_0dfc1807
m_d2896e5c,rl_f203f425
m_04063bea,rl_ef8ba877
m_94331177,rl_76ff6cae
m_0950ffdd,rl_45d390a6
m_657f0ca3,rl_69d54751
m_8d9376f6,rl_559ea036
m_f956753f,rl_2de43137
m_da4c4961,rl_1a481ba8
m_1ca32fd2,rl_5aaa361d
m_0a5e437c,rl_66c58846
m_39ef1f1c,rl_8d3e9681
m_fbb6aeb4,rl_f5dd802b
m_6a3fc3d6,rl_159070ed
m_2a644fda,rl_31224112
m_2a0d00d5,rl_d0cebe6a
m_530b7980,rl_80f20fe1
m_8b3d120e,rl_a65f8ec0
m_bed938c3,rl_b4b4a14c
m_683e3d14,rl_e064db28
m_d433ebec,rl_637739cc
m_ca2f0f16,rl_35017a9c
m_f0cd4ab1,rl_02ab9cfa
m_4d84f557,rl_5e3ab2bd
m_f7eba79f,rl_5a26f63d
m_c782aa43,rl_eb6e4622
m_cb3beeeb,rl_ef2b1308
m_5233b8ee,rl_23931f1a
m_86e31d00,rl_3bd5542d
m_2f4b2380,rl_75fedeca
m_7d0f12af,rl_7ee2e637
m_352e1a62,rl_7d1a894f
m_d6c17d5e,rl_5cccca00
m_99507d49,rl_294453e3
m_b5abdd9b,rl_ba08b629
m_0057ee59,rl_d1b55250
m_1719199f,rl_5b6314fc
m_b9a0a9a9,rl_0f877beb
m_0b2ffdde,rl_21c8b228
m_ad919c4f,rl_edd65424
m_f602949f,rl_f17394a9
m_ee6e4ec5,rl_8e101aa9
m_0b97b038,rl_6586b3ff
m_3665f355,rl_fa8f2f81
m_143a613a,rl_bca9eb55
m_1c3c200c,rl_ab7d2511
m_9390cee2,rl_df464907
m_3c3cca4c,rl_a732e0ee
m_015f84ce,rl_9103692d
m_3dacae16,rl_eae05ddb
m_70970be3,rl_c930d4bd
m_4e5b6821,rl_90701d19
m_170e293f,rl_0664df78
m_ef440aad,rl_8c7fe450
m_604fc184,rl_f6d22583
m_76dcc825,rl_67315568
m_4784d4bf,rl_1ea202e1
m_d54b8aba,rl_ecd57cb9
m_dce1fdb8,rl_c70667a9
m_736572e1,rl_3c07a69f
m_71d0f8d6,rl_56aed7dd
m_bae45d5a,rl_e0062c68
m_ef2dec31,rl_58473412
m_d5b76937,rl_f76f7a60
m_37169116,rl_92061e22
m_ddf56bf8,rl_e950e794
m_8dce86c8,rl_b607a1e8
m_5295e5ae,rl_e335fe31
m_7b7bdd67,rl_7160bea3
m_ad19681c,rl_2ba2ac4b
m_230943b1,rl_8d0c9752
m_d07f0fb2,rl_1d54d68d
m_dd99f144,rl_04915c51
m_6c4f30f3,rl_ce0727f9
m_fd1fb24b,rl_216a9ed5
m_30deeefc,rl_d1312d83
m_0cada865,rl_713181d8
m_8b3bc8ae,rl_035d544c
m_042e5c7b,rl_ac9319b8
m_061bb65f,rl_0ba0c9d2
m_9ffd58f9,rl_8c974ed7
m_db9446c4,rl_fca27398
m_98c55e80,rl_85c8e6e4
m_16739c57,rl_21452b48
m_4ac2d860,rl_f70c13a8
m_c2ac77cb,rl_331749d3
m_a0d1d322,rl_1353e1e8
m_a2f3bcfd,rl_8a2de21a
m_0a4de239,rl_7353678b
m_4fbf3e6c,rl_0e0e467c
m_e40099c7,rl_b17001c4
m_936742c0,rl_ef64599c
m_b79eb44e,rl_674f41e1
m_0395111e,rl_bb62d735
m_5e5cb897,rl_eeab1861
m_c98b92bc,rl_f7bcd837
m_f1d4783f,rl_01079eca
m_349df417,rl_9cacde80
m_88af9381,rl_c9d4e8b1
m_4e96a8ca,rl_0446ff2d
m_fe7eb1c4,rl_338c492a
m_328f2d0f,rl_52c35a4b
m_75fa504f,rl_6c8eaeae
m_68becec9,rl_8e2d0ed6
m_eba1da14,rl_cd9045d3
m_37d5ddbc,rl_71626d66
m_6a937462,rl_1b791751
m_5eaf824e,rl_7e4bafb3
m_c67e50ad,rl_87e6ec3a
m_0b5bdf97,rl_cae93807
m_1a750e1e,rl_c9665f03
m_2145c12d,rl_c96eef7d
m_34473460,rl_ea3acfdf
m_0040ab60,rl_a80d0551
m_5a013e9d,rl_e579ce0c
m_c49f6104,rl_102bc141
m_5738e1c2,rl_6c55cabb
m_079b53b3,rl_01d17ba5
m_8733b107,rl_abd5173c
m_d457493e,rl_07ec6bac
m_c2b79205,rl_b099cbe2
m_f1e787f3,rl_6b9b0875
m_5293fa52,rl_d20e6c82
m_650e3415,rl_24d693c4
m_6ada9a1f,rl_f234e898
m_e96a0970,rl_c73955e5
m_e7dc3cee,rl_9734e86a
m_31bff654,rl_c0a6841c
m_688806a0,rl_cb678272
m_43800d99,rl_2f66bece
m_d0708b7c,rl_a926e669
m_c2a764ed,rl_ec963c04
m_8623d8e0,rl_ae03da1f
m_13d9a6a5,rl_12e76e9c
m_752542af,rl_519419c0
m_892f8f2c,rl_e28deee2
m_f246e679,rl_6ba2e852
m_03203343,rl_df3540e2
m_9b847358,rl_9a17232a
m_baaccd2b,rl_3fcfec01
m_b75e1f4a,rl_a57d86a3
m_46bd5d37,rl_f0fe6a24
m_148cb0aa,rl_5f3aa069
m_08737fc4,rl_8396a5d5
m_6aa853d0,rl_8f523ef1
m_86dfa751,rl_93caea0d
m_ce3f16cd,rl_45a7d7e3
m_c71331ef,rl_d9479510
m_083f7a5d,rl_75b27675
m_bcff8acf,rl_61ae06a3
m_a3c8d3a0,rl_aa58f4a0
m_9f427e8f,rl_e7df8098
m_e467bb55,rl_58a6dabe
m_f611ffa4,rl_50dbdf6a
m_af115c0d,rl_165e1de4
m_192ed5f5,rl_b8587adb
m_c473ee52,rl_5ef53f4e
m_e1bf4af5,rl_4f813b6a
m_ac7c9fb7,rl_91442a46
m_e9d7de74,rl_b8c0d3d2
m_a4209b1b,rl_3ab33870
m_fb8e2f81,rl_1301e953
m_a59a8958,rl_868c071d
m_c63e15c4,rl_e8962a4d
m_995b6a55,rl_45572bb6
m_f49c6c0a,rl_5bf93a57
m_a0d022d6,rl_8acc3613
m_c418a063,rl_da7e2fb6
m_874a49ae,rl_c4f6cb2a
m_d0184588,rl_202b2dd6
m_b7d76c27,rl_cb5559f4
m_58fab6a2,rl_167c93e9
m_a55e3fe2,rl_624e052d
m_49884478,rl_043646cc
m_84aa715e,rl_cd63d25a
m_fc0a9483,rl_620fd5cc
m_f28048f9,rl_df8ca41d
m_651897bd,rl_2474f345
m_8d888776,rl_59e2a7f7
m_f67a50c4,rl_4404ac23
m_d14a565d,rl_c7f4ff8c
m_e2832228,rl_4b37fd4e
m_c7799118,rl_0e8dfae0
m_ea04fbea,rl_7e285aed
m_5f8966e5,rl_3817963d
m_5ea7a26f,rl_2f962f44
m_74ac46bf,rl_b2afefb4
m_bda87053,rl_1c9aa4d0
m_6f01d1fd,rl_624ffa75
m_fec17379,rl_bbde8f1c
m_2080e5d5,rl_0f125b19
m_f22992e2,rl_f8f324d7
m_029a0b0e,rl_9a969b75
m_b5ff6578,rl_24522747
m_8e75197d,rl_4aa5fb70
m_0288c233,rl_05fe5be2
m_9252bbbe,rl_a1b70521
m_39d4450c,rl_3821fc72
m_472d3e59,rl_8ae83e71
m_86b3e7ed,rl_bc37b3a1
m_135a7d12,rl_ebc78c92
m_7863f54c,rl_7ef1e0c7
m_4a83f73c,rl_160c80c2
m_ef8129ec,rl_b849c90d
m_8b907696,rl_fc726490
m_59a35d1e,rl_3fc363b1
m_757e19de,rl_96985eb6
m_2a03e89f,rl_bcc14df0
m_f8c29d55,rl_0697ff12
m_a3196e02,rl_b036c301
m_05ea9069,rl_2299adc0
m_eccc41c0,rl_e3da6601
m_23e6eeec,rl_2881c810
m_c36d2c6a,rl_70826c4b
m_c0b43c2e,rl_f3998192
m_86fc82ac,rl_8ea28266
m_d0fa11c7,rl_e773cc90
m_924d02d8,rl_2182ba93
m_985db745,rl_7292c35a
m_39b7b8bb,rl_081a82b5
m_ee0f5900,rl_ad6d1cfb
m_52eab38e,rl_23737d5d
m_3106326d,rl_98cd00cf
m_cff639d0,rl_4d633c4c
m_4e8187dc,rl_051977b8
m_a125e9a7,rl_5cbcf59f
m_100e222c,rl_1772714e
m_a2fd79bc,rl_ee5c7069
m_6d3d270a,rl_10c5d2f5
m_f89e58f4,rl_d2adef01
m_27509d43,rl_2c84c4cc
m_08da47bd,rl_854856d6
m_27ad808c,rl_bbcdacbb
m_8a6ded0a,rl_863e0bcd
m_53e02b31,rl_bc08fa5e
m_baa0d6d3,rl_7bf63978
m_ce401726,rl_beb48e0d
m_05b630d9,rl_48f3ba04
m_a1436a86,rl_4820332b
m_1ec4bee0,rl_d3d4284d
m_c2d4736d,rl_8d212118
m_95cb48e6,rl_859e726f
m_a3b101a1,rl_34472cff
m_c1405dca,rl_b1b702ca
m_fce9851e,rl_16f31b90
m_26f2d675,rl_c56b6c47
m_54dcf1cf,rl_3e446cdb
m_476092f5,rl_52cdb06e
m_7dd08a94,rl_d59693b4
m_60ec818a,rl_8e392ad0
m_fc3f25a5,rl_dd717dfd
m_d810eb01,rl_923f6ce0
m_5a164414,rl_e9b640e0
m_8686d977,rl_7bf405c3
m_3afff23f,rl_dec6a0f7
m_9b5ce5f6,rl_b14526ef
m_84e91e7a,rl_14345b3b
m_6af41162,rl_ddb32f36
m_48d149a7,rl_160c80c2
m_97be5675,rl_8cfb0dd9
m_45ca4690,rl_ab6c2116
m_47559179,rl_f273266b
m_00d6c555,rl_c21d577f
m_0570eee8,rl_84f9008d
m_447f52c3,rl_1a1873e4
m_152ed9a1,rl_2a59c455
m_d76eeb10,rl_dc5ea9fc
m_3e798d90,rl_8a905233
m_368c2734,rl_cd3b3bca
m_ece7fa2d,rl_279d236d
m_00b1b65b,rl_94449ae3
m_25d7789f,rl_857d6c6a
m_e718f08b,rl_c7ec0435
m_7876eeb9,rl_e4af4237
m_ba6bea47,rl_e281b818
m_054035ee,rl_59a65875
m_1dec8cd0,rl_5ce369ae
m_a4895847,rl_81e1dfb4
m_6f8d5ede,rl_8f68219b
m_d730610d,rl_a5abeced
m_c0585339,rl_ccd3f5a9
m_0db62c14,rl_63d73e90
m_0da22f00,rl_0a63e31b
m_e509da49,rl_c9bd0b3a
m_6c8d1501,rl_ca6f6cf9
m_cde3414e,rl_afcd19de
m_96613e42,rl_4cfd6fbf
m_f3e9c693,rl_75d7f78f
m_1a2195c3,rl_4d3d7d3f
m_cdb8c070,rl_71c78987
m_8adad973,rl_7e042d82
m_617bc51a,rl_b3b371c0
m_2edeb980,rl_c51fbb94
m_332a1f74,rl_6fa6182e
m_936dea3d,rl_81b69a76
m_e9b876b2,rl_93c4995b
m_a6047496,rl_043646cc
m_5edc6e15,rl_6c3ad908
m_8b1c2a94,rl_aa75d6cc
m_e6868fbf,rl_87e93763
m_ca7f005e,rl_c5785d7c
m_3d89c44a,rl_203f6b7a
m_1f0e8183,rl_34bde907
m_14353b54,rl_64e91680
m_84ae1790,rl_c4d72431
m_bb39bfed,rl_a282efa3
m_3f20c48f,rl_218fca8d
m_924279bc,rl_cf5ec22d
m_aa6d0d67,rl_3fd05ed8
m_a670adef,rl_197a264b
m_2b98ee12,rl_16765704
m_0f45bdbf,rl_97b7614f
m_c3aac9ee,rl_6c89d8b6
m_5514c0bf,rl_24534008
m_2d55a3d8,rl_99a146c6
m_d3de3e29,rl_6ada4b22
m_78741733,rl_3961a867
m_e54cbdee,rl_523ad68c
m_0c595621,rl_52d3e789
m_9ac48de1,rl_1de52480
m_3e6a3fdd,rl_b4a9ed1c
m_d9365181,rl_4543370c
m_73e2e32a,rl_c840816a
m_f2d27ad5,rl_8a905233
m_a563a5b0,rl_d9ba9110
m_c19a42c0,rl_f1bcc616
m_2f5499ab,rl_1aabc439
m_cc573f4d,rl_0127f1f6
m_177ea548,rl_2bd8ae6b
m_e02bfe98,rl_1984cf90
m_d54db513,rl_7dd0014b
m_f4da3b4d,rl_c99a1c76
m_5756fe20,rl_748ca982
m_09376a6b,rl_766ed38b
m_dfc52311,rl_830d69f6
m_74c4fe9f,rl_bce1bfb0
m_8d041fdc,rl_646c514d
m_b2a115f0,rl_67f4ac20
m_ab9e8f74,rl_0127f1f6
m_e44a6843,rl_cc3977b4
m_e38d7085,rl_c47975dd
m_b22cd771,rl_d3f47bec
m_27260945,rl_2efaf9fd
m_0d4796cc,rl_0f5e2978
m_0aef12fc,rl_79fea2fe
m_4f6fde88,rl_3abb9037
m_a184a571,rl_1ee564c8
m_6effe2b3,rl_1fd365d7
m_115361ae,rl_84dda153
m_9392ff1c,rl_fa17304e
m_700ee6ce,rl_d8a81a14
m_c796dc94,rl_9021e1a0
m_83ef28ed,rl_d870a24e
m_261cf8fe,rl_3bac7192
m_5de74c16,rl_d352201e
m_e6781b55,rl_6a96c7ad
m_55351f7c,rl_c4acbd79
m_aac48173,rl_0b71cc50
m_349f6997,rl_888bf72f
m_eeb1852d,rl_a2ce9e2e
m_03e78360,rl_597b42fb
m_153e8437,rl_260c83a5
m_d1796b2f,rl_4df74962
m_7ae44d5e,rl_60969a74
m_be982146,rl_14be6e2d
m_04f39914,rl_a87fb30b
m_c39687f7,rl_71f5aee2
m_6371f5f1,rl_fd28fd97
m_b953132b,rl_52fb6ba6
m_90ed4d67,rl_9a4ae238
m_52a39b01,rl_de8fd5c8
m_d6baefcf,rl_61e99811
m_db4a3153,rl_f1a4a89f
m_76a79191,rl_b44136d5
m_ffda5bd0,rl_d7a13d0e
m_181d301e,rl_373f122c
m_24072b0d,rl_34f37e66
m_14867abd,rl_538b6152
m_a54cc40c,rl_1ecebf53
m_b05dc15a,rl_c5d1a515
m_73c11b6d,rl_a78c432b
m_2bb2078b,rl_7133ad30
m_62fe4fcd,rl_1121bbcf
m_f9b96b0c,rl_164070e0
m_c91d9274,rl_f346c44c
m_f6e9d1f2,rl_990ffaa0
m_8c5bbbd0,rl_f346c44c
m_00441ad5,rl_c37d1750
m_5dfdb11b,rl_a4f2a0d3
m_863c4d3c,rl_5b173b9e
m_dca53d23,rl_fff57aef
m_cbc7be0c,rl_40485526
m_2c67a7d3,rl_8cf3f36f
m_25026c1f,rl_8391e35f
m_1bec1482,rl_3f5c74f4
m_5a47d096,rl_0dabd1eb
m_e71dfab4,rl_3fb58c3b
m_6ad35936,rl_50c58987
m_ea878585,rl_3b098bad
m_e051f9f0,rl_8823a808
m_2db4195c,rl_b2e52ce5
m_b37dc788,rl_7ce8838b
m_1bdfbbc8,rl_ce0649c9
m_3f1f7c23,rl_7068d3cc
m_841f319c,rl_4acbb031
m_332b6606,rl_6c60db91
m_ab02668d,rl_d96c3caf
m_f0d31dcb,rl_f1259b1d
m_cd60369a,rl_f9536886
m_b8db82a6,rl_c65d7890
m_7134aea5,rl_e9985e98
m_11253b5e,rl_dfe24539
m_48e79202,rl_197a264b
m_6cd101ae,rl_299cccbc
m_d0f32af2,rl_79a44f04
m_f8b86542,rl_158a2401
m_5407fe91,rl_23f7a359
m_2453b79f,rl_51a5ed6f
m_4b35ee0d,rl_a29170be
m_da75cecc,rl_27eeeac2
m_2bed33e4,rl_dc02431c
m_0728c580,rl_6067d7c6
m_e1324e9d,rl_7039368b
m_87ae51d5,rl_c3e49517
m_c705996a,rl_84bcf69f
m_1fa36a70,rl_7dcd4ddb
m_1b96b1e0,rl_ec933d6b
m_d71289b5,rl_7dcd4ddb
m_99c9cbdb,rl_b1ae4af2
m_bf23fc87,rl_b44b2861
m_98d9ae6d,rl_e8c9ed4b
m_6cb9e84f,rl_b203f02b
m_0bdcf710,rl_26f93735
m_89ac91ee,rl_4d6f3e30
m_96144452,rl_75bd2f58
m_ead8c0aa,rl_2fdd51d1
m_fabc3ab9,rl_fe516f1d
m_2041e284,rl_8d30772a
m_0b4b83b3,rl_75c2f8b8
m_eb891161,rl_3ae20fab
m_bb5bb0cc,rl_939dbbb6
m_7ef1a493,rl_77441f2b
m_50444699,rl_21eb5bf0
m_2bc5d00f,rl_feb96ead
m_3e68473f,rl_41fc56f9
m_d001e086,rl_83115ed7
m_b7ac2230,rl_d5cab028
m_5ffb6c97,rl_4dba3db9
m_a9d03110,rl_db5380bf
m_63ee1671,rl_8eb488a9
m_44b32bc7,rl_7ba14a3f
m_47a364da,rl_c0a6841c
m_cede3719,rl_41400c56
m_5df6460a,rl_bd0a6df1
m_659ab192,rl_a543f2cf
m_b1d4d40c,rl_01ba79f1
m_38cea9db,rl_f5f9a086
m_73ab1b34,rl_be43ce62
m_22b72f47,rl_6efca946
m_330a275d,rl_dc504b76
m_708314b6,rl_23722f9e
m_9c48d9de,rl_a5540eaf
m_af2fede2,rl_72ec9ff3
m_773f80c8,rl_c0b44ec9
m_335cce1b,rl_3188d659
m_847a831e,rl_f2918f16
m_f0439128,rl_46d2fc81
m_ad3e4aa5,rl_502bfde3
m_cfdaa1cd,rl_60530c57
m_4421b021,rl_1af8b61b
m_dc70c2e9,rl_b45ae499
m_43990cf4,rl_9084476f
m_6454e7b0,rl_c4f28ea6
m_b391c406,rl_5d116ce8
m_dd92b813,rl_dc6c664e
m_6b03b38c,rl_472f1210
m_30a5fa79,rl_394f6487
m_35971ce7,rl_30f57e7e
m_10da133b,rl_78f38df1
m_2b45bd42,rl_f670f28d
m_4b0deb4a,rl_0092d273
m_0faf3359,rl_93294ff5
m_98150e9f,rl_c0b44ec9
m_a04586d3,rl_6ae3abb4
m_43669994,rl_2ac6ab94
m_8bf15fdb,rl_80076451
m_7d78b5fe,rl_836e2049
m_dfa90ec6,rl_02dcf9bf
m_ed12e311,rl_e593f747
m_84dcceb4,rl_22d48eb9
m_57ddb15f,rl_64551b92
m_453455c5,rl_d289d3c3
m_4448b491,rl_dd8f6025
m_6d811150,rl_9b5367e2
m_2f4e5c87,rl_ff1baab7
m_abf3aede,rl_bc3764f4
m_d09e9957,rl_4ab9c62e
m_4c9d1410,rl_e4a5ad76
m_57432dcb,rl_65b8c00e
m_3bc230b7,rl_a92fc00a
m_648dd874,rl_dc3beac3
m_8a61b24e,rl_38e6c49d
m_f0c5d1f5,rl_2449b262
m_525c065c,rl_fe04d589
m_2770d3df,rl_1ee66340
m_913de7b2,rl_b06d0e30
m_9562222f,rl_774d05cb
m_2dbbc498,rl_622dd86d
m_aa5422f5,rl_3f6203d3
m_c823dcdd,rl_46857b46
m_fda3ecd2,rl_987ba742
m_c7e90661,rl_21d21cc6
m_d81d54e5,rl_1e0a6371
m_4f06d4cf,rl_3e9e8a79
m_47c85b12,rl_8987acb6
m_1536abc9,rl_34a24857
m_6d4f67a9,rl_a0ebbd71
m_16d6529d,rl_e4b3f349
m_be110bc3,rl_931ec366
m_2f692f3e,rl_316a2a14
m_6c7ee5e5,rl_e733c0c7
m_54d54ac7,rl_88bea0b1
m_1d978c78,rl_44e5b17a
m_00b50e1f,rl_a83a5bfd
m_c1a1f03c,rl_52034839
m_ddabbf2f,rl_41187b0d
m_0d3d199b,rl_c7da852c
m_f3d498b3,rl_1f3d5a2a
m_781a04c4,rl_4a9a4689
m_f48052e1,rl_7bbf4f3c
m_4f7e00d3,rl_9225fc20
m_e991ddd0,rl_0c6139a3
m_21b4cbc6,rl_a3cbb14d
m_87ff2ea4,rl_f2ccb832
m_ae9730df,rl_1ff30dbe
m_a0eff6dd,rl_4afd7797
m_ffd2f73b,rl_5b6314fc
m_2e726167,rl_cfec597a
m_30cd8b24,rl_0391c96e
m_a3c6f5bf,rl_ad6d22af
m_d1c18c61,rl_e277d716
m_ad96b7d8,rl_0e922c59
m_b31f7d72,rl_dd3e45bc
m_d9ff5099,rl_7ec4ee5c
m_335208b8,rl_b7acfa02
m_5458417c,rl_9cd5fa56
m_29a5021d,rl_f06536b9
m_277af1c0,rl_02c52272
m_c2c3342c,rl_c7303ba9
m_8698f4e6,rl_a80f99d9
m_b0f5d365,rl_6fa6182e
m_f6a94ca4,rl_5c35ada9
m_315576b9,rl_0ee18eb9
m_e5a72a05,rl_f8ebfa91
m_5eebd1d0,rl_13299fe4
m_97e2495e,rl_4887fbce
m_168f73d4,rl_d445e5ee
m_553bddf5,rl_2852fd84
m_578baccd,rl_8379407a
m_259317bc,rl_28a842f0
m_1f56f5f8,rl_8e9112e5
m_bbdc5e54,rl_833b8cfe
m_1f90b4b0,rl_3bcf203e
m_a851cc56,rl_9dab308d
m_5867ff3d,rl_e60ed141
m_e5380a41,rl_9a0c9d00
m_89502aaf,rl_c22f0a51
m_e06f9830,rl_e6843ebf
m_b70887a1,rl_53f04676
m_504a4084,rl_c9a153f8
m_f7bea37c,rl_e08fae37
m_9f913214,rl_7fc61dee
m_29c08e51,rl_51674dc1
m_74c4d23d,rl_b95e1f04
m_1614b7fe,rl_23eeb314
m_dd7d4de0,rl_ed69de3f
m_f26770f6,rl_59e0028a
m_3a3ee6c4,rl_a45e0746
m_66287c26,rl_843dcfe7
m_c864f240,rl_71f13d49
m_0c352ea1,rl_24ff422e
m_efdd9aec,rl_4cf884da
m_6382fa88,rl_f71570aa
m_e0508b42,rl_4179bb57
m_4d0b252c,rl_72049c41
m_936bef3d,rl_24ff422e
m_d4be48a5,rl_3b9c5a69
m_8a607806,rl_9f7d5a27
m_13f17312,rl_55d4da0f
m_ebb1264f,rl_96f44f1a
m_5628944e,rl_a23255ae
m_fe0d1eeb,rl_cf62892e
m_aa438843,rl_880409e5
m_27bb3b05,rl_289542f1
m_04c399af,rl_a732e0ee
m_d83723b9,rl_7823ed4e
m_8ca62662,rl_98ec09f8
m_69081a13,rl_4c9fd4f3
m_7b98c1e5,rl_1ada5cbd
m_3f09ee97,rl_036b4273
m_4fb7bbd0,rl_949d5b3f
m_c30ae180,rl_a52ed3d6
m_df55b128,rl_5463f1e8
m_158528b5,rl_8a1ace86
m_50f4aced,rl_02166146
m_5c1ff77f,rl_b3bfba99
m_e0075ce5,rl_4d9d60da
m_6ae4205f,rl_77d23800
m_b93b3971,rl_4a22e7f8
m_cb26ca87,rl_0a3cc25c
m_a30c309c,rl_c901e7e3
m_8f3acb1c,rl_b0fd0b07
m_7bd3b203,rl_7ff0f4ff
m_495a4ea5,rl_b5390fe7
m_2250c3df,rl_6c60204a
m_d1991a1c,rl_c161c21d
m_42599d0d,rl_7c3c8168
m_24bc90e4,rl_5f7354db
m_575f65a5,rl_d7205fa6
m_db212ff2,rl_b290d7f8
m_9a4ab82f,rl_5071cc38
m_72fb8ebc,rl_6d8269e4
m_7dde4a13,rl_117e02dd
m_7a14cca6,rl_97a85a54
m_22ae4781,rl_24bdeb9f
m_e4b0b258,rl_8725955c
m_9004f9f1,rl_71420dc1
m_e3e79d5b,rl_0784230b
m_3a8bbed4,rl_b4c8e177
m_5f626d97,rl_6af96fc8
m_0581ddc2,rl_a00edb7a
m_7caff9d6,rl_57ae6561
m_03424c1a,rl_2bd8c41e
m_ef660fac,rl_fc9986d4
m_45088f3d,rl_438bb219
m_397328cc,rl_912442ab
m_522b64d7,rl_46a96ac5
m_03ddba2f,rl_5f4d2487
m_c9c63f17,rl_14116ac7
m_6899d114,rl_6f84acaf
m_239ad299,rl_20308390
m_79fcf907,rl_1a9970c8
m_09680e17,rl_e59ac0bb
m_a8646962,rl_937dfb38
m_7cadb1d2,rl_5fd1ee2c
m_6873ca04,rl_1c870cb1
m_a45be230,rl_2193f0f1
m_9c5ed67a,rl_7d338ad3
m_b138cbf1,rl_b140931e
m_5d91db35,rl_3e0c62ca
m_fa0b0e53,rl_ec478f51
m_d357bed0,rl_692817b5
m_3edaee3d,rl_c61c0938
m_62852ee7,rl_f61ea9f4
m_fbf28704,rl_42fe48fb
m_917457ca,rl_d1dd7d7b
m_b826da3e,rl_1596af19
m_af802e16,rl_6fe3c1ab
m_d1366ef3,rl_21d1905e
m_2e601246,rl_76593b8b
m_39509144,rl_f1a4a89f
m_322f7257,rl_f1808844
m_f9dbd35d,rl_d6b933c4
m_c866e0fc,rl_38b13830
m_c053aa6d,rl_dac93930
m_c7096c29,rl_59127af6
m_cfd4303c,rl_3b659707
m_96a607b3,rl_26db8bd6
m_66dd65ee,rl_dbef5617
m_2db1922b,rl_5137540c
m_920c01bf,rl_aa2959d6
m_e8e8ba91,rl_39a5f0b8
m_7c8b2fec,rl_8f9302e8
m_2dc81cda,rl_467e5df9
m_9705c1b9,rl_4f7f7a4f
m_78daff81,rl_33f3823a
m_33063b33,rl_b277787f
m_d8b8004c,rl_ceb5e301
m_fd3deaef,rl_46a1954d
m_7acffa19,rl_6ed13380
m_eaf3c2bf,rl_5efa57d7
m_da0eda9a,rl_a749a4ec
m_246b6f26,rl_b8ad50ee
m_d9a5fb72,rl_b5433890
m_d47d3f3a,rl_2591b201
m_40c702f5,rl_6effc811
m_637d801c,rl_a2ecb69d
m_9538f26e,rl_4388f061
m_45b700dd,rl_8823a808
m_34725c17,rl_dbe9a3b3
m_0dc97e99,rl_db421f92
m_b7f3b32b,rl_9a029ff8
m_bb46a86d,rl_1fb43791
m_7090127e,rl_331c23c7
m_9d26b69a,rl_788553dd
m_b4cf2d9f,rl_d32fb6ce
m_a9750827,rl_91e0a083
m_b4c8ac4d,rl_913b24e6
m_c028bf4a,rl_76cee8fc
m_fb022b70,rl_b8276e4f
m_29756c28,rl_9b4f7478
m_3f5f97a7,rl_16ef033a
m_a4c0b2a0,rl_2474f345
m_450c4539,rl_d0e08d7d
m_b376aa93,rl_75cd1915
m_89c9833f,rl_95650451
m_7b618281,rl_312d74f2
m_ed71b305,rl_a7ab2be1
m_30f66683,rl_e52ff2e8
m_45b04bbb,rl_68436b50
m_6b0e8559,rl_5b4f7f4c
m_d8d285b7,rl_7268a97f
m_e0b45c6d,rl_788a4347
m_3c7e0bd4,rl_b80b5507
m_99b814ec,rl_4309d42e
m_a5ccdbf4,rl_dde77fb1
m_6374224e,rl_a094cc3f
m_74720cba,rl_81c68774
m_de3d19bb,rl_739a0888
m_52828d54,rl_6b48896b
m_804d5373,rl_81cc05a0
m_e2048266,rl_41bf7f63
m_759498bf,rl_df1ca8a7
m_3086d3eb,rl_74e52823
m_341ae1fc,rl_5e125150
m_479770b8,rl_666d2e61
m_7549729c,rl_39d8dda2
m_24d822fa,rl_3ed8974a
m_49e531d1,rl_0a3b4e6e
m_8db5eeb6,rl_51a384cf
m_0b0275f4,rl_aba2962b
m_d3027e76,rl_8ab5fa05
m_10830838,rl_c43d6145
m_4dc00d4e,rl_8ee8d13b
m_b8a8886f,rl_2d821300
m_f246d63d,rl_7d0f3e3e
m_531a04ee,rl_921477ce
m_735bf2c1,rl_368d26e1
m_2c1a8bf5,rl_68e81fe2
m_59b1f45c,rl_9132012f
m_72fc88f9,rl_82086c28
m_81e82f94,rl_3b8c8c23
m_100f2aad,rl_a8ef3a69
m_2f8317b0,rl_96985eb6
m_343f1bba,rl_de3aea5d
m_f9e23880,rl_ba723515
m_5d3f1a1f,rl_63757082
m_fc27ab04,rl_7c7f1326
m_9bbb8c06,rl_794fc584
m_52dac201,rl_36731dd5
m_0f648143,rl_b3fabe3c
m_6b161e73,rl_026ca9e3
m_9ea94469,rl_9624dea8
m_caa2e536,rl_b652142c
m_b82ae642,rl_8b96cbab
m_8cdd804b,rl_6a65943d
m_2a005cec,rl_f756ef4b
m_2dba3d82,rl_a411b9d3
m_3bba5595,rl_7c48a135
m_c6d0c7e3,rl_42229992
m_00407911,rl_89061a0d
m_bc5a3749,rl_c8c02104
m_e32c2078,rl_5675648b
m_fa2e7e1f,rl_cc0f0c5e
m_ae419924,rl_ad8a7705
m_01f919d4,rl_49e80920
m_66bf4aa9,rl_be7ae19d
m_7d82e84f,rl_f9f15345
m_89a794f8,rl_11df945f
m_e4a73439,rl_3a6d661e
m_2b5f9d20,rl_e54cfc1f
m_91c70a11,rl_c1604c55
m_34090f42,rl_c14f3527
m_e14aebbd,rl_8072e9ae
m_eac6db87,rl_9270da57
m_f490e3c1,rl_383e2de1
m_9cde2ea5,rl_5c8e9bfd
m_fbf0b3ad,rl_1a5d7cc2
m_5842f72f,rl_06a3bb99
m_b1d5ddd8,rl_eb88a8e6
m_01d47d32,rl_4ca5466f
m_a0b8f5e4,rl_6144c127
m_10d69050,rl_fc9dcf65
m_6b199179,rl_ce9ebda1
m_0f3ac118,rl_b5691c1a
m_c3cedad0,rl_beb5d054
m_90a81005,rl_7ec71b74
m_1553a043,rl_01322582
m_1265c930,rl_8871a809
m_1ced8777,rl_b89a2246
m_0dcb9e06,rl_97f45ba5
m_b085dd73,rl_c388b79a
m_95e83134,rl_089098f6
m_7e3a6ec3,rl_cbbb4a27
m_7244c1c5,rl_daa8d6ed
m_1066f4bf,rl_f3068bd4
m_2073e49d,rl_359e7f5b
m_e0fc93e9,rl_6ea09f96
m_d95a3005,rl_c37d1750
m_88e8d5d1,rl_46f75ede
m_a5bd7baa,rl_22fd1e5e
m_1a0fbc12,rl_ba1023cd
m_51a60d40,rl_501a956a
m_43448852,rl_85e0d5a0
m_ca08023d,rl_c76acae2
m_9f7ce63d,rl_1b0605dd
m_2650ee4d,rl_5e952f2a
m_0e719147,rl_b7b3cb85
m_7a4447ff,rl_ffb807b4
m_c1e6babb,rl_b633ce28
m_5fb64fba,rl_6cf31dee
m_4efeb224,rl_c27ae527
m_a6425d72,rl_dfac3c78
m_2a3a4a36,rl_15cbf638
m_650a201a,rl_e3da6601
m_38600053,rl_cfd92b27
m_457f9077,rl_ec1ae6ae
m_6b8a0be2,rl_17b9ac22
m_ebfef7a3,rl_03e9c5f5
m_1dbae2dc,rl_71596219
m_717f410a,rl_06b44c55
m_d3f81a47,rl_ee630b34
m_eeee9536,rl_2ee07488
m_284fa32a,rl_90e1bcf1
m_682ffd3d,rl_58edc783
m_a46366e6,rl_53c55d65
m_95c22659,rl_6f70b24a
m_43cd0fa0,rl_fb5b2d9b
m_fe67a4de,rl_dfc66810
m_38f3fd81,rl_2449b262
m_698a9c22,rl_e8556595
m_2eb2600c,rl_e030b50b
m_7c32e88d,rl_0c893931
m_dc785972,rl_551a37d4
m_56215465,rl_04541c68
m_55e24aea,rl_7aeebf9b
m_76c352fb,rl_ba0f36d4
m_40cee628,rl_37a878dc
m_499cf6ce,rl_6c89d8b6
m_d9d647cd,rl_8eddc313
m_04ec21a1,rl_d5353082
m_df57c35e,rl_10896cbc
m_965d914b,rl_175a0715
m_61fd3495,rl_326caf73
m_7fefa567,rl_6e8ebd78
m_eb4387b8,rl_3095ed25
m_c807246b,rl_854b7be8
m_d6d0684d,rl_43ba008a
m_286953af,rl_55be8220
m_b9ca0945,rl_ab1d898c
m_6e1b18ab,rl_3dc4db78
m_a9035c4e,rl_eb31b04b
m_01c587ae,rl_9f9e0463
m_7faec618,rl_35017a9c
m_a2b0c00f,rl_ce0067bd
m_a5da2cc5,rl_dc4224f4
m_968eee25,rl_f66c7539
m_6de2d892,rl_1d07790b
m_3605578a,rl_bd28f6fb
m_f3c70a40,rl_79c3970e
m_26184d57,rl_61180149
m_d22cb1a8,rl_6d4c2f7b
m_962bb00c,rl_0298dfee
m_4edff4de,rl_c48c7f71
m_7013076c,rl_4c6025e4
m_e5f6e884,rl_1236c69e
m_2d7208aa,rl_8c3f847c
m_3c1cac05,rl_8c55fd49
m_52c21274,rl_efc1258c
m_6bc6a2a0,rl_0366499d
m_280f484c,rl_219cca28
m_b4f2bb96,rl_ec98547b
m_36f39951,rl_3bdc332e
m_95a7b8df,rl_b2ce101a
m_e3c83e7b,rl_3d787d4e
m_7f73bf44,rl_8e59d74c
m_dce1f8ab,rl_0a3867ca
m_3102bd52,rl_d43114f2
m_06850e51,rl_34fdf267
m_9bd5b3da,rl_593bb42f
m_2b02ec71,rl_6a1a9267
m_3f1e533a,rl_52d0fa21
m_b70227b6,rl_6149e548
m_4800b57d,rl_42409676
m_48dbd912,rl_0f6f8d96
m_bd30a0ec,rl_51d5986e
m_e9d12b2e,rl_3ad9f97f
m_1be378df,rl_5952e929
m_42c0fcaa,rl_453efeb0
m_b21902f3,rl_fc50e8c4
m_1ed82085,rl_f81e8f51
m_bdbcc459,rl_302289e1
m_034b321d,rl_bfb0a654
m_e9a8be67,rl_548a895d
m_9ad88e57,rl_c7ef1450
m_1d12ded0,rl_c29c3469
m_73259f9e,rl_89c95b7a
m_bd7fbbe3,rl_48211b45
m_ccfece04,rl_518612a4
m_d813a377,rl_7c3c8168
m_282bcd71,rl_27cddad9
m_6df9d8fc,rl_58cc1652
m_d5aee7b3,rl_3b958deb
m_c54de477,rl_2c65024b
m_67c0bf2e,rl_d77ee4f8
m_59e736ee,rl_023e3cf0
m_e177eaf8,rl_6db2afca
m_ffdfc652,rl_c388b79a
m_133a0dc1,rl_32847dc4
m_f9958274,rl_d449ee1d
m_b147715d,rl_d64d325a
m_c5e800a3,rl_6effc811
m_cf875f16,rl_587d85fd
m_a0acf059,rl_2af34ed0
m_add6c5f3,rl_ef8b7c59
m_097c132a,rl_9404f9d7
m_7f2bc3ab,rl_15418df1
m_be39477d,rl_9614da85
m_b73c594e,rl_8a2de21a
m_4195533f,rl_937dfb38
m_29e5f5be,rl_3e77cf1c
m_39ddd6c0,rl_8dde6399
m_eefb1426,rl_e887b644
m_1be27cdb,rl_5c698ef1
m_31a57206,rl_55d1e0db
m_a564b468,rl_e07977f2
m_12137d6a,rl_18113e71
m_88bc3c4c,rl_8bce8e91
m_0e61ab64,rl_dc1a0f87
m_a9415278,rl_ea8fca84
m_31549775,rl_2d5cdea9
m_e5154038,rl_abffd9ad
m_5f28e2a4,rl_9b0cde14
m_c78dc0cc,rl_4f7f7a4f
m_f30a7ddb,rl_27dba276
m_c50a6f29,rl_08ee17fa
m_508d5918,rl_f2bd9dbd
m_70f5f4b4,rl_bc05c73a
m_b6ba2c31,rl_2aa8ef19
m_a4115ebc,rl_b733e163
m_f0358897,rl_e701f4d0
m_378e41c8,rl_969e85a0
m_6e65d6fc,rl_c8210bc1
m_44b99f18,rl_805b570d
m_d50a2bc7,rl_cc511f73
m_3998071a,rl_b41346e3
m_74c29d31,rl_0e2e1247
m_459fadd5,rl_2a3428eb
m_5fd438f2,rl_d6268614
m_591c4c97,rl_bcfc1314
m_87bef0a2,rl_9559caa0
m_de47123b,rl_b16c1217
m_ffb98698,rl_e97486a0
m_9f7ebc92,rl_5fd20aa9
m_a2d01682,rl_daac0715
m_e91f1684,rl_ece262d0
m_26fa8ead,rl_02888c26
m_2367ae75,rl_dd6773d3
m_58322d1f,rl_fbc2f8d4
m_3ae8d71d,rl_396e3be9
m_b91e7cef,rl_ec72f351
m_79b5b60b,rl_793a28b1
m_9ade1633,rl_ac3cd4c3
m_a9b233bb,rl_5b4f7f4c
m_4f491a12,rl_fac5be5d
m_2765e40b,rl_8fb944ea
m_f4c60c9d,rl_7dc3b703
m_aa9720a0,rl_f1808844
m_08f561e9,rl_1b6de6c8
m_cde6cdf4,rl_c0d49e52
m_0cca586e,rl_39239fbc
m_b093953b,rl_7acd645a
m_d3c25bb5,rl_a5d2b1b5
m_72f0871b,rl_1eb13c19
m_4065c25f,rl_88c2ba33
m_023510f2,rl_2e991311
m_15b0c98a,rl_506a39be
m_6b8056a2,rl_9f570502
m_23df6bb0,rl_7c1f2ac2
m_880938df,rl_bc188287
m_d17dd020,rl_ac7ad4bc
m_63093d55,rl_f546f508
m_dfcc1f01,rl_f94b6c1b
m_13b4c218,rl_df74a216
m_6aed9494,rl_88294fa2
m_df1e2349,rl_74533758
m_d07f8b62,rl_be660fd0
m_f2c113fe,rl_433c888e
m_9781c67f,rl_a235c18b
m_23c994f1,rl_9b9e1cbd
m_f3e3ac43,rl_2dc7000e
m_199ea751,rl_f9ac4910
m_5778d526,rl_eba9b8ef
m_dd313e45,rl_a672d85e
m_3388331a,rl_1b8aa89e
m_74ae1f39,rl_a132d58e
m_329c992d,rl_d3013eb4
m_15550eb5,rl_df94b67e
m_75246e8c,rl_f36687d0
m_f89c982f,rl_cd62ec96
m_155973bf,rl_cdddda37
m_4e19c781,rl_45152257
m_89eef656,rl_bf10c928
m_542feaec,rl_732b0e9d
m_cdb4857a,rl_90f7576f
m_14226604,rl_324c7065
m_efb20d9d,rl_e134e6f9
m_dcd3f285,rl_52585a56
m_01f4b8ae,rl_dbc74149
m_06435b53,rl_38dc3f7a
m_e3185c15,rl_c39a401b
m_a2963867,rl_713181d8
m_1cc58a9b,rl_9fb1af9a
m_2e716ffe,rl_14ff750b
m_f2fef4ba,rl_d6b933c4
m_fd6e97b4,rl_79f248eb
m_529bfccf,rl_e1370bc7
m_1c73ea8c,rl_368ada95
m_ea56f4d5,rl_38244f82
m_0c136f38,rl_9f61b3c0
m_414e5ed7,rl_95d813ac
m_ab6b954f,rl_e6ef4ef1
m_e647a8dc,rl_f0adaa91
m_e6b15166,rl_da894fef
m_b7b95e79,rl_2fa8fad9
m_5d1afee2,rl_3188d659
m_fcdcd9aa,rl_9d003b93
m_06bcaad2,rl_b6fd99b2
m_2247bcb9,rl_f1b203bf
m_d44f8844,rl_624e052d
m_8b671e81,rl_f511fad5
m_53634fe8,rl_ebe01fd0
m_83f675e3,rl_aa690976
m_303e0f55,rl_52fb9a21
m_d8e87219,rl_65466112
m_915b7dbf,rl_62491886
m_02f4be59,rl_e4b60234
m_5f78bbc5,rl_80e678d4
m_54575fd6,rl_1ea202e1
m_f7763d35,rl_acdc3d42
m_15b4d255,rl_d14b7538
m_429f570f,rl_3d654b07
m_4711cdf8,rl_a251c650
m_119c016d,rl_3593b743
m_9f53e244,rl_a5b41a90
m_5fae132e,rl_f16624d0
m_4d27edee,rl_2da37bac
m_40444fc3,rl_e6a6d79d
m_3188cec3,rl_37f891aa
m_dcd16c38,rl_6067d7c6
m_afb6bffd,rl_35f4f079
m_72fcbfe5,rl_742109bf
m_2d7bc7b0,rl_8ac0e85d
m_3eb1e6d3,rl_1396b268
m_8b805e98,rl_fa33fbf6
m_5e64ebb2,rl_f3a19ee5
m_707d5d5f,rl_acdc3d42
m_cea0d692,rl_f4c4cd52
m_8862c22e,rl_fe78d094
m_26604017,rl_f2dc41ba
m_32694bc4,rl_bcfc1314
m_2a41038a,rl_4722be96
m_5d69bf20,rl_d408f83c
m_7577d88d,rl_e0095ef9
m_011038fa,rl_27e9901b
m_862aa691,rl_81c6b87a
m_17cb9008,rl_b4df7b2e
m_c48db823,rl_1b871c69
m_a816f24b,rl_38b13830
m_0192cd73,rl_7ed41eaf
m_fbc025ee,rl_eb0a9113
m_6ea2da95,rl_e51b4644
m_5c40cb28,rl_845ba861
m_c7cebd9b,rl_bc08fa5e
m_280e3be3,rl_afa5fcce
m_960957ab,rl_b9734e9a
m_cb66e346,rl_4ed68e5c
m_a777c37a,rl_f3c22b92
m_0228fd9b,rl_205e16c7
m_c5f8fef4,rl_dcb999b9
m_9eeb6873,rl_86e82560
m_66fb1802,rl_6a2299cb
m_db3d4a24,rl_da79efcf
m_9a25468b,rl_3816067b
m_b8fc7560,rl_2c2093cb
m_fb5b03c4,rl_f5b9ac8b
m_7520eb13,rl_ef3ddec4
m_a40991a1,rl_aac9e13e
m_bc7d7991,rl_b8a1f2e0
m_eb59b9e1,rl_f5b8ba8c
m_1a36b910,rl_dee8b939
m_add6cd66,rl_c4f28ea6
m_d122b662,rl_894a933b
m_6bf80bd3,rl_0340fb82
m_df871423,rl_09759ee2
m_45320e64,rl_4ba10ae0
m_39ff0142,rl_c9e7f03c
m_6aafb61f,rl_1d667907
m_b37b287a,rl_dbe28fa4
m_3d8a08a7,rl_48595905
m_4a0a3679,rl_8ed8f8dd
m_06f3d309,rl_43a62b46
m_b25f7907,rl_ea66f065
m_7ad7626b,rl_25c196db
m_97f989ee,rl_c7a7f44b
m_64dcf35c,rl_622ba274
m_fae23d5c,rl_61307edc
m_21fd8b39,rl_08a3d8e9
m_7b8db50d,rl_279f555c
m_3a7096f5,rl_08a3d8e9
m_ee433445,rl_7ff4eccf
m_eefc6cb8,rl_07afc251
m_5d4b0b24,rl_494ece6f
m_97167467,rl_e9b51234
m_a08f7942,rl_170b97ef
m_ea9cf506,rl_5ff97936
m_206d63a1,rl_0b68ccb2
m_94d411dd,rl_2573f558
m_c67242a4,rl_26b88ae7
m_91251c74,rl_6a6f0fbb
m_32ad71e6,rl_289542f1
m_137da9c5,rl_66d39d6b
m_ae94a940,rl_9e41f459
m_3a6ea6d7,rl_9e47e169
m_c91e5f71,rl_9f196444
m_8f4abb57,rl_3f7a9456
m_c0266c15,rl_1afd5169
m_8ecf7809,rl_951bf748
m_aede10a9,rl_8b741ab7
m_c7fa615e,rl_57f7cf8d
m_5d9d6f68,rl_6573c029
m_70734d95,rl_4a9ece1a
m_a60db5a9,rl_e96facea
m_50c78404,rl_02bd87d9
m_a0e61963,rl_3e6ea514
m_62b3df3c,rl_65aebd12
m_cdb95385,rl_53bdcdee
m_4affa382,rl_c41e1664
m_f8b6d38e,rl_0ff811c5
m_ca1f391c,rl_75b27675
m_f24a8e83,rl_94076c45
m_6bc43617,rl_5b8ebb1a
m_6e40db29,rl_67e25b23
m_a603ed62,rl_978ed684
m_ea6c0c41,rl_7646b4a8
m_95d973f2,rl_2e991311
m_5bcfcba8,rl_192809e3
m_e8fad204,rl_553d5602
m_aac6043c,rl_876bbc49
m_90053bc9,rl_3051a2d1
m_a1b23b9a,rl_94859692
m_4163f527,rl_abf8a5b3
m_3d304e35,rl_561d09f4
m_79f7e49a,rl_7ff0f4ff
m_2512b8fc,rl_0ea50f9d
m_dd6f3d76,rl_b4961980
m_e8aefacd,rl_b0a1407a
m_e917df01,rl_cc8d6222
m_c120e43d,rl_86d6f01b
m_67a44d08,rl_8a8cdc19
m_70229aa6,rl_4244bd56
m_f2d4f075,rl_8499283c
m_9f2e8c3c,rl_f460e8ec
m_6b32e941,rl_38496c4c
m_7491ae5e,rl_b2bd422a
m_0b78f5a5,rl_6a732890
m_b4a9e7f3,rl_e9b86277
m_ef57ce72,rl_da58686a
m_714e127c,rl_ebadb753
m_eb3c03fc,rl_81c6b87a
m_3f47968d,rl_34f37e66
m_5488702c,rl_a68e6d3b
m_ae3dd8b4,rl_014e7539
m_5ecf0bda,rl_00975eb0
m_2ff9d6f2,rl_e953f515
m_657935e1,rl_1865f4cf
m_c75b2ba5,rl_1d6fffe9
m_fd1a9c38,rl_21a5a43d
m_0c47940d,rl_b89f8305
m_fcbe563e,rl_d82c6c40
m_ce8f6385,rl_767e14ce
m_6a49b80f,rl_d008dcb4
m_b8537f10,rl_2ee6867b
m_e1cef072,rl_225a9124
m_fcea6347,rl_5c21482b
m_7f4d130f,rl_def948e6
m_be71d6b7,rl_88946c6a
m_7f1459f3,rl_5897336f
m_396cbffb,rl_83eba9f9
m_72740169,rl_b39e1f1a
m_c3efcbed,rl_88bea0b1
m_ce630178,rl_909a4b50
m_03099149,rl_54babad5
m_5a123630,rl_fa6fdbb5
m_2481754b,rl_5e9a58cc
m_828f7f9a,rl_f9387255
m_8f7d66b0,rl_c4bf35b4
m_efb7552c,rl_807892f1
m_b7fa10b7,rl_0f125b19
m_e0789808,rl_f40b65e5
m_8f826c4e,rl_34d83fc6
m_b4e10577,rl_af4e5d92
m_77f9c45e,rl_82005315
m_322259ee,rl_c3c4115b
m_2e520bd3,rl_79e5f51e
m_c769a4fe,rl_d922d243
m_5e3ace57,rl_20c5c915
m_0887df76,rl_c3046810
m_82a2f43d,rl_5aa2faba
m_f1e050a1,rl_cdd1f9bd
m_e9cdc993,rl_2a7a441a
m_a93f7598,rl_b7ea91dc
m_4febd6ae,rl_2ca0cac4
m_43f7ca39,rl_5463f1e8
m_5c7c0df1,rl_def948e6
m_ad473b2c,rl_207ce398
m_3a196160,rl_b738dc9c
m_54111ee3,rl_5a414c9d
m_21539dfe,rl_355a0b3e
m_f8893374,rl_b0fb5099
m_3ab7ff6c,rl_c654e80d
m_15f13bb3,rl_58a4ba1b
m_8de42ab1,rl_5d3927ae
m_ceede81d,rl_86e494af
m_10c57970,rl_47fce718
m_da2d5aae,rl_102bc141
m_a6f1a74b,rl_034546d1
m_63bd7931,rl_a39bb32a
m_c4a4eddc,rl_48f44d0a
m_058205b6,rl_127f7041
m_85efd2ec,rl_e3e28081
m_cb93743b,rl_6af8736e
m_1f823a63,rl_921710a6
m_f8f9f021,rl_d0ed0d19
m_11539d5f,rl_a4e015a8
m_ea286d26,rl_6af2c9eb
m_690ed749,rl_86cf2e6e
m_8ff409a6,rl_f8fc331e
m_d104d929,rl_f631c0bb
m_edf2b825,rl_d91c055b
m_b74e2fc5,rl_74c7cbab
m_e745ce88,rl_8b7c2f2c
m_42d7c3f2,rl_a5d2b1b5
m_550cd39f,rl_cf8dab08
m_202efb67,rl_4ceead6e
m_e72202da,rl_aa8428a5
m_f92c6928,rl_ccd64c8b
m_dae40885,rl_f946bdad
m_9027a3e6,rl_74fc482a
m_7dc3d138,rl_3ebe7064
m_442a30c2,rl_164eae18
m_70dec67b,rl_c6b9f55a
m_56bc2443,rl_4015e59f
m_8f39ff56,rl_ca420552
m_2f4186fa,rl_b3d6276f
m_7500f1cb,rl_424eb0a7
m_7049c635,rl_ad311ff2
m_cc0113e7,rl_23d5c215
m_d836b504,rl_af1e9549
m_6588337f,rl_3240733c
m_d1917d05,rl_c91f64d1
m_83f2184e,rl_1b70108f
m_08100962,rl_70f7b8a7
m_2ca68e6f,rl_23e6e3f0
m_17d009c5,rl_c54e3cad
m_9b6ad633,rl_7466cdf1
m_2b93015b,rl_fb4e3480
m_5db62c7c,rl_b3b7bffd
m_441ba437,rl_a2418043
m_a35008bb,rl_e83a04cf
m_2f722bd0,rl_bbbbb990
m_3aa75a6b,rl_84bd7ec3
m_01c978ec,rl_0dee88fb
m_fc12dccc,rl_cd3b3bca
m_943751e7,rl_e9feb9a3
m_5090ee5f,rl_b89f8305
m_cf926a63,rl_26e2e9db
m_2bab449c,rl_6d3abba4
m_981b772c,rl_f8d34bd1
m_8969045e,rl_5d50cf79
m_b523e7d0,rl_9c27224c
m_f3daf1ef,rl_48063a91
m_436f2fc6,rl_027787c7
m_958b2f55,rl_1c202e51
m_5518f817,rl_e99012c1
m_98483d83,rl_a4cb12f2
m_5fcabdbb,rl_b6a87dd0
m_cc5a0441,rl_0554646f
m_650ba5d8,rl_dabdb2ca
m_edebe71f,rl_1d7f0da8
m_7175897d,rl_d1d6e5f2
m_fa37a01b,rl_869df67a
m_bb43f817,rl_bb7982b3
m_5dd3bf47,rl_ef0907c0
m_a91e2310,rl_dd264154
m_3c7f58f4,rl_fed1e5aa
m_8e04d395,rl_eaf492fc
m_a26f7e99,rl_f6294742
m_fc0b44f2,rl_5a6927cc
m_3a542c0e,rl_14b4029b
m_b2852b8c,rl_5ac66dcd
m_de86eec2,rl_1d4d8f82
m_b5894c1d,rl_349ccf75
m_47b92ea3,rl_42875c5c
m_690da6c6,rl_b6d7c0dc
m_0b5eae7f,rl_3563e23c
m_2f366d88,rl_f76f7a60
m_364a4e4d,rl_42229992
m_76d14a69,rl_ec93b4af
m_c2ee2d83,rl_fa970fa2
m_f0ca4c01,rl_cf476a1d
m_83d94bac,rl_43b15c35
m_b3b2d683,rl_39e3f5c3
m_df032f1b,rl_d2ec1183
m_85e771dc,rl_ed76c2e2
m_a25ec6d1,rl_741a566d
m_6a89ce02,rl_97669efc
m_66cb40b9,rl_e8461259
m_c9068b61,rl_cee2612e
m_955dd7d9,rl_f6cfd968
m_56d9599d,rl_d7a2a985
m_88bae1c3,rl_a41a2f5e
m_2ef6afa9,rl_66a6e473
m_d5d76228,rl_b5f63c37
m_ec7e1d73,rl_ac23e9d5
m_1468845a,rl_35e4350a
m_9eba622b,rl_93c20d87
m_2375d965,rl_20158f88
m_227fb408,rl_fb3be71a
m_3a2b8b4e,rl_37047767
m_bc6e2c9a,rl_1ada5cbd
m_7c76d6a6,rl_1cdd94f4
m_ece71ccb,rl_3859c30d
m_a15a6ec7,rl_6a2299cb
m_71d94b2f,rl_b44b2861
m_fff199e2,rl_b0111b40
m_bc4edbff,rl_c02a99d5
m_c3c8947f,rl_11be8446
m_8708a79c,rl_88b77327
m_2251e7d6,rl_7ddb7171
m_9e262306,rl_834a43b4
m_9be5fd33,rl_4b84057d
m_7668a61e,rl_e9d3b31a
m_c8709f70,rl_dfe352ce
m_4dcbd93b,rl_102b4322
m_bb753e9a,rl_e293213a
m_1201c0ee,rl_cf626ab4
m_c5a00e7a,rl_560f86ec
m_54243afb,rl_8dc5063a
m_68ae0181,rl_d004a4cc
m_995be7af,rl_9ccfba89
m_16deb1a7,rl_5e4fa8f5
m_00cacda4,rl_7e4ba649
m_b874e6a5,rl_317cc64c
m_a3903176,rl_6467e4ab
m_6c444821,rl_2145eb51
m_3c82cede,rl_4f110b49
m_54dfaa1e,rl_b76544cb
m_10c33b08,rl_2b97a5e1
m_abc8548e,rl_364a6ded
m_b0ae71d0,rl_81561d2d
m_34b93441,rl_666d2e61
m_e5f7c858,rl_c10ca1fa
m_538b522f,rl_f8fc331e
m_d6416c3c,rl_55c65628
m_2ddc4a2a,rl_283f62e6
m_1b1f1424,rl_4309d42e
m_63355854,rl_6175607f
m_3e9156b9,rl_68dbb6be
m_bf8f7497,rl_93d08391
m_1d77ea33,rl_e3709026
m_9f2cf5e5,rl_bce1bfb0
m_df9dcffe,rl_5d1f8c76
m_3f89c02d,rl_868b77fa
m_4bf213c8,rl_2d3f556f
m_fcfdceb5,rl_3ee75381
m_eb15a2c5,rl_5f177921
m_c776dc0c,rl_a49dff7c
m_7a1100a2,rl_5bbc208a
m_b27f94fb,rl_7afccf6e
m_0526b1ed,rl_d2d8b620
m_f36de72e,rl_c04c8802
m_7f8a070c,rl_888ae157
m_6c6c6039,rl_523ffb6b
m_f7ecfa15,rl_1b837f8b
m_2333c596,rl_7ef71979
m_ae90d2c7,rl_caacb562
m_33be1872,rl_495259be
m_12aa416f,rl_753e9d9a
m_3eb30103,rl_1aabc439
m_b11add70,rl_403c2263
m_0e0e43f5,rl_dd40fb68
m_3a0f0dec,rl_6d840214
m_94fd325d,rl_392c18b3
m_6e6be303,rl_0172ce85
m_8d5416a5,rl_b326926f
m_16d080b4,rl_f20f98bf
m_038f508e,rl_90b04a4f
m_0166937a,rl_5d6f3a15
m_e5ce4a42,rl_a595f26a
m_e69e9bf2,rl_f477f96a
m_9c5f13e6,rl_218322cd
m_13fa067c,rl_1ed2cac2
m_57992aba,rl_e62e4ee9
m_2b567123,rl_5b74ebf3
m_28b5e534,rl_f7bbf24c
m_06b9cca7,rl_340ab6a7
m_28bdfe66,rl_d1725858
m_26425e5b,rl_8803c776
m_4e89d838,rl_0c0a8f64
m_e40055be,rl_d7be9884
m_c1ffd394,rl_2ef37688
m_44c2205b,rl_d4c77035
m_bc66f6a8,rl_f6a9b7d4
m_529340d8,rl_1cc98d99
m_6d0af4eb,rl_8e76ccc0
m_e5fcc79b,rl_0e80d4f2
m_1e8edd76,rl_50856c00
m_570548bd,rl_893de0d8
m_b04ef957,rl_a09c6bba
m_a8d56f89,rl_97c9e38d
m_db1973d0,rl_ec015581
m_5f40edb7,rl_ffcd5c73
m_f1bead0a,rl_8f6b7b5e
m_fc9599d1,rl_269f244c
m_3c14d552,rl_abc24994
m_5074fd8d,rl_b5691c1a
m_91fdf844,rl_2aa86442
m_3cd39417,rl_6c55cabb
m_c425632c,rl_519419c0
m_654f4b6f,rl_d87b836c
m_6fac1a0f,rl_286ef322
m_f195f9c4,rl_dd38ec3e
m_9cd5a774,rl_8ee8d13b
m_71f51f55,rl_75144e61
m_847f0fdc,rl_46763ffc
m_2e2ab102,rl_1e97d5f2
m_b05d62b8,rl_4de6cf83
m_44b1002e,rl_e8820e04
m_e5f4a13b,rl_c527ca54
m_81943472,rl_85b6c10c
m_9a65b0e0,rl_e447a1c7
m_35dfcc99,rl_6f613d02
m_4e741d09,rl_1a03ecde
m_50acf58f,rl_4212cc6d
m_55065324,rl_a3154aff
m_31394b2c,rl_38d80049
m_2b8fe71e,rl_476ec7a4
m_5bc1a509,rl_e0e2a69b
m_bce58f41,rl_4dd35d7e
m_830174fe,rl_3faa485c
m_f426eb6e,rl_beb2fa25
m_48b12f8e,rl_c25479dd
m_fe359986,rl_d513a69d
m_a62a1803,rl_8379407a
m_265cd70b,rl_869590c1
m_76e7e737,rl_2bb6e158
m_13e5c0f5,rl_61aadcdf
m_da9b9fbf,rl_ffcad270
m_b8c904cf,rl_c1c25cf0
m_0c213b73,rl_21abcad7
m_e98ef702,rl_f3f38e71
m_e6b9ad2b,rl_f16527e7
m_0d920a23,rl_06ed1e02
m_1f1a9d78,rl_5c817c62
m_b20759e5,rl_9475e7de
m_df615c97,rl_cee4ba0b
m_90e63ea4,rl_79cd07d4
m_afffff01,rl_de8fd5c8
m_a9d8744e,rl_9a9ce9b1
m_12b3eec5,rl_0d0b29af
m_40b4c1e7,rl_51f5b501
m_67b41bab,rl_3d373e31
m_7a8219c9,rl_3fe807e2
m_7ed39c26,rl_423aee76
m_a23898b6,rl_664815f8
m_ddaeda39,rl_6523e282
m_e51cd958,rl_9977523c
m_a42ae667,rl_7cdbe931
m_0edbe6d9,rl_9229415f
m_e9ee6b29,rl_bb32e574
m_c3032651,rl_ec1ae6ae
m_3b56be7d,rl_7d0b346e
m_e71cf63d,rl_92af6563
m_dfe08dc7,rl_d7b0fa85
m_b37416d3,rl_ec52874f
m_98332978,rl_4263783a
m_c014a2b1,rl_6cf92453
m_6aa4e670,rl_2468568a
m_fd2ac5b7,rl_fc90358c
m_1861a37e,rl_b0f6c86f
m_79ad32b8,rl_63757082
m_d875dcca,rl_da353891
m_283cd222,rl_f82b54ef
m_c93555ae,rl_0c53840f
m_d8ce0a9c,rl_954e6447
m_714c467d,rl_d82c798e
m_933c1b86,rl_0cb00d8d
m_6229a85f,rl_9fe75626
m_11c0b63c,rl_741aa49d
m_2efb15e7,rl_27efafc2
m_2100b125,rl_23db40e2
m_1db9ff81,rl_ac68812c
m_5dacb63e,rl_0e7b89e0
m_b1056ced,rl_8f572f31
m_2415af1f,rl_2fe8dd6d
m_a334672c,rl_f062e319
m_198e22fe,rl_39de54ec
m_094d9873,rl_f93a99c8
m_e6770862,rl_34cb18e8
m_3a3b2a90,rl_e9feb9a3
m_bbf19017,rl_f3867dd1
m_a2c54b61,rl_992c5433
m_0e03d3b0,rl_40765295
m_7e4507bb,rl_38013cca
m_96de52af,rl_595e66d1
m_b4a2e8e3,rl_78be5b1b
m_d29a857d,rl_21866bd9
m_faee2445,rl_cadd79d5
m_56f67c8b,rl_a381acd5
m_2c96d31b,rl_d12c6485
m_71101a85,rl_fb175343
m_338b674f,rl_1bbaccd5
m_8e546d70,rl_b2b04296
m_46879040,rl_857693f4
m_787bf6d9,rl_cf644ecf
m_6c591579,rl_170b97ef
m_013b823c,rl_d1ab5aa3
m_2f2659a6,rl_6c6d3efb
m_086c849d,rl_adcd46b3
m_0b7534fc,rl_490d6ed6
m_08b42d69,rl_5836778c
m_92de66b9,rl_b394e786
m_a0135471,rl_4f9b3dde
m_753211c8,rl_224747e5
m_dfe09162,rl_73186f2d
m_cc8e1ef2,rl_02888c26
m_2f8293e3,rl_c25479dd
m_c33bca9d,rl_b39e1f1a
m_9cbeda81,rl_96f0d1bc
m_836f997d,rl_8b4dcd8f
m_4c30758f,rl_080656c8
m_e4651656,rl_52cdb06e
m_107e705c,rl_5dfe372d
m_7a2f4c57,rl_f35ad63f
m_b47f480f,rl_c3fd5f23
m_131a4d92,rl_96267eed
m_904849a2,rl_17bf8561
m_5052c7d9,rl_a7980276
m_75c5f53d,rl_dc03cd8e
m_b7ee4e5a,rl_bc99d887
m_93a3dd15,rl_9eead87a
m_edf022d7,rl_6ca7f93d
m_e40006d0,rl_44c3ac8d
m_f4bf0931,rl_27f68970
m_b11b4284,rl_39c8bfb9
m_8306513d,rl_cdd575ba
m_e014eee7,rl_18d6f6b6
m_6d9a62ad,rl_66a3d336
m_79dd7d36,rl_7bdaeebb
m_0eb102ed,rl_199581bd
m_37727f39,rl_4c204181
m_66e314a6,rl_219e7846
m_1b727148,rl_d083b0d9
m_05279ff1,rl_334891e6
m_fa1793e0,rl_5fac32a4
m_9aa869fe,rl_0dd5dbe3
m_17222eef,rl_ba87242d
m_2aba2655,rl_a5c5312b
m_b63298d1,rl_5ef142dd
m_6eb8ce4e,rl_23de4cf2
m_b4960a53,rl_ccf9e6ac
m_c940f804,rl_e97486a0
m_828029c5,rl_5d91fb5f
m_fb1270a4,rl_190e7bc2
m_51c1b048,rl_91d88aad
m_de967b3c,rl_4fa69354
m_25e3635f,rl_7915be05
m_5e919fdd,rl_71fbb858
m_eb791f41,rl_73950c5e
m_279f1efa,rl_592f9c0c
m_2d9b0eda,rl_1c355a21
m_59a4fb27,rl_8a873418
m_0c33d6e1,rl_84acfa9f
m_110e51b6,rl_6d724705
m_783f6773,rl_bbe25817
m_0ec5e8fc,rl_e3df4035
m_a80e4dda,rl_4b9d900d
m_648573c5,rl_4ec5da30
m_b4b59b98,rl_4b159b11
m_ac1d5ff8,rl_8045ac68
m_b39e07a2,rl_7646b4a8
m_86a2f8ca,rl_6b626375
m_80d2c1d4,rl_a14679cd
m_f915a72f,rl_f32788b7
m_2140641f,rl_03c20711
m_dfbcbe47,rl_8a52fdc8
m_ec15a285,rl_260e389b
m_c8759a18,rl_ea51ec29
m_665df52f,rl_a5f2fdea
m_28230aed,rl_f587a10a
m_47cba2c7,rl_016264b0
m_fd2a1824,rl_43a24ee1
m_abf10da6,rl_ab583ece
m_eafcfb13,rl_ca0b1efd
m_000aa0c2,rl_b32e850f
m_ce9d9a51,rl_cc48185f
m_8505b978,rl_c2417de2
m_221e5a41,rl_ffa927b0
m_a76a1e99,rl_bf444bc3
m_80eab6ae,rl_e3877e54
m_f4ed147c,rl_12c1ee34
m_9c4f1cf3,rl_2fa1feb4
m_b6618d8e,rl_644fff5e
m_b441a696,rl_13a163df
m_c244124f,rl_f4c3c35a
m_e424bb12,rl_0250a6b9
m_f7f1efbf,rl_cc6c42d6
m_5d9ea8fb,rl_a2fb43f0
m_de6b8b30,rl_d08561ce
m_feb277dc,rl_51ddd4f8
m_e6b7cbb2,rl_a40516c5
m_a2bc95d2,rl_1aa15aa7
m_62da5c86,rl_2bd80882
m_06838ff2,rl_185db876
m_ffc8ea9b,rl_521ff170
m_1364304b,rl_fe516f1d
m_c058f213,rl_8be0d212
m_6a23e25d,rl_7d228cf8
m_76b3aa9a,rl_0e5f89af
m_fd6b0895,rl_f72e4bdf
m_c13f4300,rl_fc801d49
m_03f4acd4,rl_74ba8ae9
m_115d3c49,rl_b71ec1a3
m_d25ddc1d,rl_6701f76e
m_dcaa8b56,rl_648fa397
m_de9516a8,rl_358654c5
m_aec897c9,rl_1cd2c8fb
m_2e41d261,rl_f966bad8
m_e3ffee56,rl_0a00626a
m_41e88b9a,rl_cca6c813
m_219fca07,rl_333ac536
m_a71fd12c,rl_ffbff940
m_0756400b,rl_7e822a81
m_66d81251,rl_e3fc170c
m_8371a6d4,rl_5c5e171c
m_ca6b9085,rl_f29d4d81
m_9eb74aa8,rl_1f4fbd2e
m_2a842e65,rl_2d6bfe37
m_fdc357ee,rl_7ccbb16b
m_20506102,rl_0c8c462f
m_ab61d821,rl_bf501f60
m_cc2b88ab,rl_7b0f1ef3
m_389faf97,rl_fc49c136
m_3825dc5f,rl_bf4d48da
m_ee00de96,rl_e160459d
m_f6634ed1,rl_cac57e5f
m_4a3be19d,rl_bb8af19b
m_c8cdf5f7,rl_425fad53
m_bdfed6e4,rl_fb1eacbf
m_be7305e4,rl_ce135117
m_e6e25182,rl_ac3cd4c3
m_e7f38786,rl_1d86631a
m_6eff3e58,rl_45724f6f
m_acf4ff39,rl_3a1e4c04
m_db465bb4,rl_6c05eac1
m_6060e993,rl_3cac8785
m_e867be8f,rl_0c03ed8f
m_80249c67,rl_c4801a44
m_b1f59bd8,rl_79fea2fe
m_7addd638,rl_818628c7
m_d58353ae,rl_a95af141
m_fd32c476,rl_13c83071
m_73f81641,rl_1fdb613c
m_1b295fa3,rl_6e86f2a8
m_0e3aa524,rl_441833c8
m_e3e9a46a,rl_43a24ee1
m_16a105f5,rl_1772714e
m_1edd03c2,rl_b6d7c0dc
m_ce97b7f1,rl_624740cf
m_e87dd9f6,rl_a6d12ddd
m_b29aee79,rl_77b3961f
m_0bf890ec,rl_251713c4
m_7f38896b,rl_a61a5617
m_b438c2c5,rl_1b837f8b
m_7aa74129,rl_b6fd99b2
m_07dc9d15,rl_2cd8be48
m_444dab16,rl_d8e4f76b
m_53155db6,rl_20bfd8bc
m_fa14579b,rl_8b94b538
m_5799cc90,rl_25ab7a60
m_2d5713f1,rl_9369d81d
m_fce67842,rl_02166146
m_69368f78,rl_530e915f
m_53032edf,rl_b4110c5c
m_bfdd33ca,rl_c72d4f19
m_436a90c2,rl_87213947
m_3e1e4dd8,rl_aa344ec2
m_4f2b0326,rl_00f3a72c
m_8e40cd0b,rl_863a05ab
m_05d0c2bb,rl_16aa73bd
m_ecd8c471,rl_4124220f
m_2f6dd4f5,rl_d96791b5
m_043a6a63,rl_51aba4cd
m_7ce304bd,rl_fc11a344
m_e1319b66,rl_653013ae
m_619c2759,rl_6a2bae2a
m_03f61645,rl_e0b887f2
m_3becd0c6,rl_6a4ae9c3
m_a06def25,rl_5eb95719
m_4d73deff,rl_465e21bb
m_1d49e1cc,rl_fbcbcbd2
m_161e0e70,rl_be641915
m_4fbbf4ab,rl_f54155fc
m_7d137633,rl_bf84b289
m_3b3eba3d,rl_bc949642
m_af49c453,rl_98106673
m_c4eb1ebf,rl_fe78d094
m_1b66f89d,rl_55aad83a
m_bef154ce,rl_f8933f58
m_b61c9afe,rl_a713a3bb
m_76146ff4,rl_82482fda
m_847a5ec4,rl_cb147fd8
m_b7c843db,rl_a2fad26a
m_f7a89514,rl_921c2578
m_68a4b5a7,rl_b990736b
m_03c86b08,rl_6586b3ff
m_c59e57be,rl_816b7e05
m_93e9b1f5,rl_3faa485c
m_14577639,rl_b9eac8ab
m_692edbf5,rl_2a7646ff
m_48565d4e,rl_aa2959d6
m_de01ac4f,rl_76ff6cae
m_5528e3b3,rl_16624d9a
m_91ca080c,rl_40c44ee7
m_c39b7ab1,rl_6720b831
m_a2d05501,rl_f36ee561
m_9df59c19,rl_365f6a6c
m_c5ba7b32,rl_808d0b3f
m_5515f53d,rl_f3796418
m_e910395c,rl_34739656
m_abae311e,rl_f2b21743
m_8083365a,rl_7466cdf1
m_cf9c052f,rl_7fcbf586
m_cb354104,rl_32d15e45
m_a69232e9,rl_8dbe53a6
m_c39bbd64,rl_d0ab8fab
m_4fad4105,rl_eeb730a7
m_a976b323,rl_4b2be26e
m_310d7cb0,rl_9998fcfc
m_49f52c33,rl_7c5d4c63
m_762cbedd,rl_c579e803
m_6b3706ce,rl_337652cd
m_d9c1d8b7,rl_49cde81e
m_16be5303,rl_d8df521f
m_ee80725f,rl_d81863c3
m_27196bf9,rl_134701f2
m_c15d93b5,rl_ca91c3b2
m_c1fd231b,rl_db765d3f
m_1d2547a9,rl_7bf63978
m_a4ebafc0,rl_69300c95
m_02fa91fa,rl_9b0cde14
m_ddc87959,rl_d597697c
m_f43617a1,rl_dd176e35
m_dae65f20,rl_2aaf1c3c
m_43addc04,rl_813c0795
m_b589eb58,rl_39d8dda2
m_8afaac37,rl_f6495daf
m_334a8166,rl_d05365c2
m_d362eb51,rl_6e8858af
m_a8b2f389,rl_99513d96
m_d4370f58,rl_abfce052
m_db3d1046,rl_337634d5
m_f629b952,rl_006a9d88
m_ce6b71a9,rl_1492b864
m_c428983f,rl_561d09f4
m_20507133,rl_ce6e35cf
m_45680418,rl_b8e788b3
m_877efe14,rl_54a1516a
m_0ba021b4,rl_4f5f0482
m_c74f5d2e,rl_e3302aec
m_0ebd3a68,rl_486a3f00
m_ca5f6456,rl_fe490e93
m_bd4e0e7c,rl_f06536b9
m_8048839b,rl_d09b1e4a
m_2c1376f0,rl_74d1b5c3
m_85944486,rl_e83a04cf
m_d9585840,rl_d609aa11
m_f32ae676,rl_2e608965
m_3fe70e4f,rl_59e34790
m_5d186170,rl_e64e6971
m_b346a4fa,rl_d214f616
m_4dd5a259,rl_921c6cf7
m_e0710064,rl_a7ed6dc0
m_62fc95ce,rl_a9ec2617
m_ff3a1f96,rl_2e196d63
m_f62f80d1,rl_de67dad2
m_f22484c5,rl_c4ba6a09
m_c13ff3a3,rl_2e196d63
m_babd8d9d,rl_7915be05
m_2073fa12,rl_1835b581
m_97e95415,rl_4d3f6eb2
m_6eb6c873,rl_d58de4cf
m_3a3e8415,rl_4d725470
m_e4ceb88b,rl_699e6306
m_82e1f79d,rl_b756e1de
m_18f49031,rl_764ab298
m_f9b4f7a1,rl_b33a05d2
m_75ecd67a,rl_a4cb12f2
m_5aed0917,rl_4da33388
m_a572a485,rl_ab3ce541
m_f125cb0e,rl_96f45a5b
m_acdb98ac,rl_99cf3505
m_0bd1189a,rl_893de0d8
m_72005f52,rl_8d6e619d
m_4ae30796,rl_f08bc710
m_b7d39baf,rl_593ba526
m_790bb28b,rl_c8a9dbd1
m_5d1160be,rl_1542fd85
m_c2da8d53,rl_e3c3ff88
m_abf223a5,rl_0cae4ee5
m_ca8e5248,rl_79e5f51e
m_750c4ac4,rl_097e29d3
m_f397942a,rl_8a1ace86
m_17cb94ff,rl_64e91680
m_0fa9b8f4,rl_88c299bc
m_0a4b68d3,rl_81d77798
m_d161be13,rl_e11a8cb9
m_d90c2d11,rl_b63caaec
m_f1ecaab1,rl_0e6e63ba
m_0535bb0d,rl_d40caf60
m_a47a1034,rl_f3a1b0d4
m_8301f579,rl_d264ff8e
m_17712830,rl_91dd4b48
m_2ccd52ea,rl_c7f4ff8c
m_cff8d241,rl_2c9368cd
m_39f6f68e,rl_2263342e
m_6e024e02,rl_72db1578
m_1c38b0ef,rl_d445e5ee
m_44a12f93,rl_23f7a359
m_6d140404,rl_34e82b58
m_5eb0aabb,rl_26db8bd6
m_732ffdbb,rl_8736207a
m_05bf698f,rl_60e85136
m_74cb88aa,rl_43be0a0d
m_45d10d72,rl_d67fc3bb
m_2823fc21,rl_473b302f
m_40fc2693,rl_5a462a54
m_22d775d9,rl_ce34c289
m_892b0943,rl_50a27c06
m_5b7317d1,rl_c88b1c08
m_be4597c0,rl_dd3e45bc
m_1e1e62da,rl_c043b0a5
m_ebf8cb89,rl_7160bea3
m_22d6028f,rl_031c1404
m_0eef4666,rl_e228e781
m_0abf674c,rl_190db7ce
m_7a43df51,rl_1299c16f
m_3696fe04,rl_a2afc17f
m_cc9bd9c5,rl_dd6d5ef6
m_16231e3d,rl_283f62e6
m_89886622,rl_b72fd229
m_130b8e6d,rl_8c1e5ba2
m_074dd33c,rl_345303a4
m_a671fdf4,rl_699e6306
m_03843685,rl_3c707c8f
m_f2a634e3,rl_da48a6f3
m_eaee999d,rl_7824e607
m_6b3c2bbd,rl_fb0719f6
m_452fbabd,rl_7d89f717
m_2b05a3e5,rl_82c6a98b
m_5c20af02,rl_6aee4ba9
m_91a7187d,rl_936af2dd
m_d8242100,rl_0b0e1e62
m_a7d4fbab,rl_71ad7faa
m_e02e86d9,rl_810f4628
m_40545a6a,rl_daa8d6ed
m_e87a7743,rl_cc083c46
m_9208629d,rl_d9ee0e44
m_6833e129,rl_86cb2a63
m_0b202462,rl_56e47339
m_4abbe43d,rl_dc195828
m_73f16478,rl_2a253ef1
m_9d8a1bdb,rl_175a4973
m_67b7abae,rl_1596af19
m_5afeb88d,rl_f50c4132
m_f6bac031,rl_9b9595f2
m_1ac7c6b7,rl_ca3e044b
m_717a0b6c,rl_b16c1217
m_14db25ef,rl_90cc22ab
m_0543c26d,rl_687d4dac
m_3f546535,rl_ba3bfcfa
m_e04784d1,rl_80615d6f
m_085e1e29,rl_ad30d2e6
m_0ff194f5,rl_a77ef925
m_ad28ce02,rl_b0d2f9e2
m_0eced348,rl_8b2cbe5f
m_a2532d5e,rl_05884e85
m_905f2f1d,rl_89e36482
m_02797a87,rl_c9bbc323
m_5de48913,rl_31323939
m_9e8fdd4b,rl_d98f8094
m_182cdd50,rl_eb46fcf1
m_94917fb0,rl_67c7ef4f
m_c98fd70a,rl_d35717fd
m_006fa8e0,rl_dc43f62a
m_04e18ad0,rl_3a330808
m_cc1ba1f1,rl_fb9d4783
m_3e9f824f,rl_0d16f53d
m_0dcd0381,rl_8f04cb54
m_bfae488b,rl_e0ddc20a
m_894d45cb,rl_1fe14e11
m_6d1d5753,rl_6a902ef6
m_7fb5edba,rl_dd587c9c
m_3797c1f7,rl_2185e995
m_8cd7d32d,rl_65d5fd7d
m_17cb2379,rl_d544f1da
m_9909ffef,rl_066037fb
m_63b1d756,rl_da353891
m_9e48b26a,rl_f3a1b0d4
m_0db9955e,rl_01d1a7d8
m_320bfd78,rl_65466112
m_f7b76978,rl_6fde852b
m_44692f15,rl_9a1e1dbc
m_6be57586,rl_a63d0ab1
m_b70bf2be,rl_3eee5e68
m_6ab9885f,rl_e74cbbcf
m_f8d9ffa4,rl_623d5c75
m_b866c9c2,rl_3977a28c
m_f45970f0,rl_05fe5be2
m_b2b413dd,rl_bf8d69c6
m_9c1cfc46,rl_140910e8
m_dada8944,rl_d98f8094
m_fe865cfc,rl_0e3cd7f6
m_a4d04104,rl_53d9dc41
m_8c011955,rl_08231edc
m_a6d9a00d,rl_6a65943d
m_0c43ec22,rl_b075d1cc
m_13d8da4d,rl_3e39a414
m_3c84e8f3,rl_4bc9154a
m_c82a9ffc,rl_7aaa72b9
m_4bea0f54,rl_6ce74f4d
m_1b2a95c8,rl_af1401ed
m_549fff35,rl_3e3ce473
m_653b7b63,rl_2edb0436
m_66387698,rl_156fc2e4
m_fc2419e8,rl_758bcaf1
m_51244571,rl_80f20fe1
m_d7aca3d0,rl_4a25445c
m_e017f974,rl_912442ab
m_8dad74ea,rl_5094b6e0
m_faa50d40,rl_3e97a12d
m_bfd05d63,rl_0f865ced
m_b7560995,rl_30b0a6c1
m_98b38691,rl_d04cddad
m_24b82ac2,rl_eca6c810
m_e5667c21,rl_e72dd501
m_92257f96,rl_d96241e9
m_1fcc7ccd,rl_26809277
m_f67973ed,rl_7c48a135
m_5eb071fc,rl_f0586656
m_b1dc0514,rl_72246c9c
m_fe6afa96,rl_a7e1ab67
m_de158c21,rl_6a2d4ac8
m_d6cfe046,rl_90e2dce9
m_282ac180,rl_e08fae37
m_b92253f0,rl_115b6ad8
m_c1e82216,rl_74d5a9f5
m_130fc6be,rl_f587a10a
m_c4d13b00,rl_c35b9883
m_feec5d88,rl_33471682
m_2672e5f0,rl_932d5932
m_78fa9f9f,rl_02ab9cfa
m_8187f27d,rl_044ffe39
m_6e0f08bd,rl_6dca37f7
m_b461e2b5,rl_f771ad95
m_9107031d,rl_585b9046
m_689c8c1b,rl_e080a0d2
m_4db311e8,rl_bb9c5ff8
m_a4e6f9fb,rl_506c0509
m_41d37654,rl_5c698ef1
m_b70af862,rl_56f878e8
m_ab42b540,rl_bca6f6fb
m_1d61dd4a,rl_175a4973
m_66effc73,rl_a80d0551
m_26e89118,rl_6e0059c6
m_0ee78dbd,rl_bae261ed
m_d9d6d206,rl_7f4b5bbd
m_475b660e,rl_b6f4018b
m_4e87e0f9,rl_24d85971
m_841dc956,rl_3212f5c4
m_169993db,rl_76850aca
m_7ec6469b,rl_ebfc5234
m_8a397138,rl_ebfc5234
m_9e16eb2a,rl_18d7c024
m_aa44b299,rl_6dee9ea9
m_7e2205dc,rl_c83e9450
m_50c61d28,rl_b1a0360d
m_9e2878e9,rl_94bbd237
m_61622e5e,rl_b27d2466
m_aff38e79,rl_7665beb1
m_03f2f2b4,rl_fffb0764
m_a81e2157,rl_43c39220
m_1e6c210c,rl_190e7bc2
m_56d9c026,rl_33f3823a
m_817628a4,rl_5cdea458
m_13744edb,rl_5f4749a6
m_9329038d,rl_1dca9a32
m_f5f66cdf,rl_302289e1
m_f16ff06c,rl_aaddd2ac
m_d22f634f,rl_af6e352d
m_7dd7f738,rl_7f267d4a
m_baa885d4,rl_e5d02d32
m_b83eafa8,rl_34208009
m_3483b7f4,rl_df3540e2
m_c039ff49,rl_75b7961e
m_39ac103b,rl_8bcb7bcc
m_aab359dd,rl_ccd64c8b
m_e3092e27,rl_3802e9d7
m_0124f57f,rl_4731d1ba
m_0381aad1,rl_f40b65e5
m_c186bc3e,rl_fc2d9472
m_2bc5263e,rl_0570c43d
m_5134c205,rl_a8991006
m_f04da714,rl_39a00777
m_4c5f6764,rl_9229415f
m_4ea56982,rl_d8b85465
m_d2da544e,rl_fad1e119
m_8b51b302,rl_1199ae46
m_ce85f575,rl_95a747ce
m_0fcacff0,rl_950cd560
m_28a60ad3,rl_58a4ba1b
m_689cad56,rl_8365fdfd
m_4223707f,rl_69a9ecd3
m_ccccbe45,rl_01b6d801
m_97a089ea,rl_aabcb049
m_01793360,rl_fae92bfc
m_6ea7641f,rl_23e2934c
m_dd873ccb,rl_22350731
m_d2c21321,rl_abceb256
m_cf0999e8,rl_de7e5b65
m_4e37c4a4,rl_f6e99f03
m_3f6e1fef,rl_c7897823
m_041d08e3,rl_aa519ae8
m_33be491d,rl_48bc3674
m_ba645031,rl_d9fdb8fa
m_c26fe2b3,rl_23586db2
m_87968fb7,rl_df92474f
m_db13ce06,rl_a7abe1e2
m_3849b6f9,rl_75bd2f58
m_ae059bfc,rl_db817d9d
m_0f513e66,rl_a03eb0d1
m_ef86fc0a,rl_1ce37004
m_f387ea77,rl_c8c4e97d
m_cdaec896,rl_02bf13f3
m_533cbcd8,rl_e0da0b8f
m_738e975a,rl_07afc251
m_447ec96d,rl_4ad6d4b3
m_9e2fdf49,rl_67313510
m_d0d1a453,rl_0fd9abdc
m_28bedaee,rl_2fec6e28
m_99d5998a,rl_5194bb90
m_4d8a24ee,rl_75174444
m_8803090b,rl_904c67c0
m_2d72ae9a,rl_4b841c4e
m_a5538f5e,rl_f4b5ce6c
m_69bc1afc,rl_3b0cd226
m_6d88d455,rl_f99e8f03
m_239caba8,rl_cb0b7ce6
m_3a08d856,rl_ae1b7ef5
m_256dcda6,rl_fa9744e5
m_c4b697ba,rl_4c0a9622
m_55406f3d,rl_d94b4842
m_725e48da,rl_cdf73a43
m_cafbc41d,rl_a6cb6074
m_59a24861,rl_f75f1145
m_6330b84b,rl_b582fa4a
m_f4cfd145,rl_d2e4b748
m_3648fd40,rl_910641a7
m_38448db6,rl_0b27d2e3
m_61c08af3,rl_04c762b3
m_5ed1c5be,rl_6d833050
m_1ff0f22b,rl_890d5c86
m_b0223d0b,rl_986b2427
m_1911df80,rl_86a3ea1d
m_b5fb7c64,rl_ab3ce541
m_b207fe6a,rl_ef25ff84
m_6728aff2,rl_bb32e574
m_b26b77ea,rl_1004a29e
m_ece3e677,rl_954e6447
m_3abb369b,rl_0f10ed07
m_6a3ef08e,rl_f3c22b92
m_2ab54ad0,rl_2305550e
m_094dba60,rl_0659740b
m_2f0cd9c6,rl_e28deee2
m_3a9e75fb,rl_1730cd88
m_c7ef4128,rl_b6b28722
m_00fdc6ca,rl_5ef142dd
m_874c0438,rl_78e94f05
m_dd831a1d,rl_3ff4773a
m_a6fb2aa7,rl_b773c982
m_1d773abf,rl_edeb2c2b
m_e2081acd,rl_7194765d
m_04ec1f21,rl_2947f3cb
m_1d5c1bf1,rl_ce210461
m_7253bc53,rl_384a0339
m_66ae25b2,rl_f1350763
m_65d8a7f8,rl_23ea50f4
m_d3ec98e5,rl_01d17ba5
m_99a63a17,rl_365f6a6c
m_27fc2c74,rl_2046137c
m_c5ae860f,rl_059fb5fc
m_03bc5886,rl_e4489438
m_bb3188f3,rl_71cf72eb
m_55740828,rl_df8ca41d
m_badf9502,rl_5a1b62c7
m_c6398dad,rl_55491cbe
m_17f73272,rl_dabdb2ca
m_b46bda36,rl_5ee6df3a
m_c3b3606a,rl_af59034f
m_e8fae5b1,rl_b5160737
m_9a691c83,rl_3d8277c6
m_56866c91,rl_9b2eaa07
m_aceb5754,rl_445676f5
m_805a5f79,rl_facbd118
m_31f52b79,rl_5a01aa01
m_d046a689,rl_5390b52b
m_74903de3,rl_ba0e95a5
m_8479047c,rl_e84e0596
m_31444701,rl_ecd66c54
m_80efe1f1,rl_2d5cdea9
m_79fb3769,rl_54ae5597
m_a753f103,rl_dd860f6e
m_9b872d5b,rl_f0e41433
m_23dca9c4,rl_32859110
m_3328e0ab,rl_e3fc170c
m_3f282b27,rl_55491cbe
m_cc2a3029,rl_fd059317
m_9925b01d,rl_b168de7c
m_d499a7c6,rl_0bfae529
m_4b81c142,rl_a0ce426c
m_8ec4a96a,rl_5e2ed845
m_d86902d4,rl_9bad7196
m_13957cdc,rl_d84c5201
m_fcd171ee,rl_f668f0a9
m_50a8a2e7,rl_4f5f0482
m_a48f9a0e,rl_2404e156
m_c7cae600,rl_e701f4d0
m_bf2e9efa,rl_92405174
m_7f326cdf,rl_5552f55f
m_543bd680,rl_1ada65e9
m_51c77ecd,rl_bc75a076
m_3b28fd53,rl_1cb1f63a
m_e3eecd0d,rl_d977811d
m_0fc1ffd2,rl_3cb4db8f
m_d54e8345,rl_61c5e761
m_594f1e71,rl_69d282cb
m_f3febb71,rl_2aa86442
m_2b1ee6fe,rl_b7cd6100
m_b806d435,rl_8c5c5c52
m_92e9dde8,rl_dabeb731
m_ca782278,rl_637b69c8
m_faee1a2e,rl_fdd43dc8
m_643e52a7,rl_874f15d8
m_469cc8a7,rl_5f6c0a08
m_b6db8b4d,rl_c3128dec
m_d0af4220,rl_e954704c
m_da054460,rl_8d150795
m_0a34b4d6,rl_52d26184
m_a02666bb,rl_fa992cf9
m_8405f653,rl_a18b4fce
m_f4410f46,rl_afde0e17
m_3650fa0f,rl_92061e22
m_0b5c4dcb,rl_5eda989b
m_c60ca828,rl_74f27641
m_aa16b6b7,rl_2a99573d
m_636a745d,rl_477afa5b
m_62b9bf63,rl_aea1ac29
m_863cbf4c,rl_0fed2ee1
m_69151dfb,rl_b3337969
m_c3566358,rl_8a873418
m_cc2e5f45,rl_127279ca
m_e6d5f2c2,rl_60969a74
m_ae9993d5,rl_ecfecf18
m_6f099a41,rl_ee3be6a6
m_6786cecd,rl_023667ca
m_05cde0d3,rl_3ab407c0
m_bfb194bf,rl_8b1ac682
m_6219cdde,rl_9fcc1a17
m_fac4393c,rl_c676e20c
m_0fe19a9d,rl_5560bc90
m_e92cbe22,rl_d44fa747
m_abb2072b,rl_f12d87f2
m_89aeeb68,rl_c632a231
m_ff926155,rl_e225563d
m_90ad0450,rl_cce9cf18
m_592fd40b,rl_b764569e
m_977defdd,rl_697396e1
m_1103ac24,rl_d7c0607d
m_fe2fcc3e,rl_23e1c08a
m_95e8b4bb,rl_aa87e23e
m_62712154,rl_b73f3bb1
m_9f3b7fff,rl_e447a1c7
m_84508d78,rl_78396b7d
m_fcdf206b,rl_4814f7c4
m_5c286baf,rl_9e664385
m_0d34ae6b,rl_0554646f
m_2b056772,rl_1dda8da6
m_132e5474,rl_d12a9119
m_d560ab70,rl_c8c02104
m_d850af7e,rl_8955956f
m_12373b7c,rl_4136cd58
m_d8b3d070,rl_733242dc
m_246a7443,rl_f983aa94
m_cd7cc885,rl_2d20075b
m_51beccec,rl_fca8012c
m_11c07d06,rl_969e85a0
m_41700029,rl_702ca482
m_3aaecf96,rl_8ac725b7
m_b83d6e8c,rl_0d931701
m_9bc40b14,rl_db817d9d
m_1bbbef4b,rl_4bd1973b
m_a6d7274d,rl_0ef49446
m_7d282ea3,rl_6f7b5bae
m_e2340f4a,rl_84c26969
m_82c97dc3,rl_392b6d76
m_0a194705,rl_3bd5db66
m_f2fa1296,rl_476fb566
m_f81c4e05,rl_9b0a84f1
m_f5190e8f,rl_78e8e611
m_b77e36a5,rl_fed53426
m_a7ee816d,rl_548c0321
m_cb274674,rl_24f7b661
m_5f8a9258,rl_764ab298
m_89b3b6c7,rl_a5959cf6
m_885ff76c,rl_bd9e5427
m_fcc8ea9b,rl_a0b4cd41
m_c3263f8e,rl_1a9970c8
m_c16d3fc6,rl_c7299fe4
m_ea551d5d,rl_09e33d67
m_8faa6d2d,rl_5952e929
m_013065f2,rl_cf974a32
m_9499fb59,rl_20b4e4b3
m_b53953e2,rl_a4e5c655
m_b6bf63da,rl_cda8b831
m_81fa0713,rl_70f7b8a7
m_a234ae87,rl_ed27c42c
m_a01ef8ca,rl_b5aef17f
m_25e4756c,rl_7353678b
m_c5d3188b,rl_3f5cdcb2
m_35568454,rl_dba43cd2
m_75c8ade7,rl_c4d72431
m_6b4a61d6,rl_678ebb5b
m_3c1e038b,rl_ac7b7f26
m_b383515b,rl_c5a3a518
m_966a5681,rl_05becdcc
m_412c2b79,rl_a89f0043
m_35165cd2,rl_9316890b
m_71bf7ed1,rl_21fb663b
m_9b33efc9,rl_9021e1a0
m_c66335ed,rl_a5fc53c5
m_3bb4bfae,rl_ec94d79f
m_5fb10b09,rl_8bb617e7
m_848bcf9d,rl_ad2588e9
m_401d6316,rl_0516aa9b
m_0e5b5dd2,rl_99a146c6
m_e2903d6a,rl_37671260
m_aace3816,rl_800f3890
m_509dc154,rl_fe1d51b4
m_4f36a196,rl_adc33f0f
m_16030de9,rl_0b034424
m_e56cdea2,rl_735a54c5
m_64e65226,rl_987ba742
m_1d121fe7,rl_881217a1
m_218de32a,rl_c1303909
m_3b05369b,rl_bc8a52e6
m_97ad50fe,rl_a1f88180
m_d62b7892,rl_afc9e60b
m_6cba533f,rl_b849c90d
m_cfbb38a9,rl_4c0845aa
m_52e7550c,rl_8f509f97
m_0415637b,rl_fb88daab
m_926d6f64,rl_7e1ad9f5
m_d46aaf9b,rl_14d323fd
m_13a7cbf4,rl_851ee5a2
m_c8a6c78f,rl_ec53e8e9
m_6c00cef8,rl_9a8da99a
m_c29a6043,rl_28e7f331
m_c55ccfa3,rl_5ef98327
m_d8215470,rl_2872cae2
m_e0e8e51e,rl_788553dd
m_17763df0,rl_4cb46b27
m_a0fed10a,rl_abb1c5d3
m_b0bc980e,rl_9f7c4ff0
m_367a4f22,rl_8313802d
m_db4a7ace,rl_7d5ce356
m_acc0e24d,rl_cf09c4f2
m_59465032,rl_9201589f
m_526250cf,rl_a65f8ec0
m_4c1409b6,rl_2afae3ef
m_580aa4b9,rl_24191f2d
m_c40e7b15,rl_b3820f00
m_98cbce54,rl_857c4210
m_f44d62a2,rl_b76544cb
m_0ca25d13,rl_2efd4711
m_02892376,rl_2aa8ef19
m_0fbc15a4,rl_7cfbb4ec
m_80addf66,rl_89e36482
m_6a09b0a2,rl_d1cd4d15
m_f6f71912,rl_751cb767
m_e11c9a31,rl_3d5c91fc
m_26960a29,rl_df818ce3
m_b57c7913,rl_072563e2
m_92accbf4,rl_a54629d7
m_7032e38b,rl_15f511a0
m_a5185ef5,rl_ed697bde
m_4223ff11,rl_08e37447
m_518d8a6c,rl_50680505
m_7d282a21,rl_95f01020
m_d041850c,rl_5f1afdf5
m_0810c76a,rl_977b38ad
m_7619aa5b,rl_99f7e380
m_6dea7fc3,rl_c46d3df6
m_19764d24,rl_9097ef02
m_b95bf2f2,rl_ab1155ce
m_ba819e51,rl_192175ee
m_aa4d67be,rl_80076451
m_04920cf3,rl_ea586d71
m_cfa30a7f,rl_87537c0f
m_65c30787,rl_0e922c59
m_c54e3156,rl_b57c5e59
m_173ccdda,rl_4be6b85f
m_b98f0910,rl_81789df3
m_b30b3cb0,rl_c929cf3d
m_9a4b183c,rl_125accf6
m_28802cc0,rl_c982731e
m_fd4e05a8,rl_618ac732
m_c9460d7a,rl_d8e42bee
m_ad71dd09,rl_4df74962
m_1747a2ac,rl_62c1b4e4
m_08a7b3ab,rl_10f62fab
m_5828fcdd,rl_45646a26
m_daed3470,rl_6ae31adc
m_707b0f6e,rl_4d6f3e30
m_c253ee4f,rl_2d5e4434
m_83b13535,rl_42243ca3
m_c82ef2fe,rl_5de3ba53
m_03d6a152,rl_d66a845d
m_3a427502,rl_d6115996
m_52dc8ded,rl_445676f5
m_663d47c1,rl_929d756c
m_9f86b9d3,rl_bec158cb
m_ba1aa455,rl_61229088
m_4da8ac8e,rl_24089ef8
m_ee27ec78,rl_4f756de6
m_cb1b9404,rl_878db9cd
m_bfbb5865,rl_aea6c553
m_70427db5,rl_7081bad4
m_2e732c77,rl_83479c0a
m_3943e665,rl_a1617fc4
m_2de371bc,rl_5461f68a
m_5190f564,rl_78be5b1b
m_0d196f7c,rl_e32068c3
m_e3c3777f,rl_1396b268
m_30d78ac9,rl_0ec280ab
m_93e451fe,rl_4a97b289
m_0a27c412,rl_b381c286
m_dfe5559e,rl_efc1258c
m_27cbe133,rl_aa0adaff
m_39c0b289,rl_1aa43652
m_417a5651,rl_ec1806ec
m_9d8977ee,rl_5ad619bf
m_eb9b67fe,rl_e1518539
m_97e3022d,rl_c5239a95
m_f2262308,rl_b620d8bf
m_bb43d4be,rl_38411775
m_76ea9de1,rl_3cb5ba67
m_910eaee1,rl_01cd9db0
m_1b3804e3,rl_72857503
m_6e7f7987,rl_5a89f039
m_1a4cb982,rl_d694a41b
m_1596090e,rl_8b94b538
m_bb959c60,rl_f2cc849a
m_eae3c0b3,rl_fdd554c6
m_79ac94b4,rl_689922d1
m_0bf82169,rl_3cad2d48
m_53c8cabb,rl_39ccc029
m_65529649,rl_554bac9c
m_4c032832,rl_28dd398e
m_888492e8,rl_6573c029
m_e7b04969,rl_18b2cc90
m_bcf299df,rl_b2acea3c
m_2b89aaf6,rl_092a8d3f
m_eb3c619f,rl_5ee1a517
m_7f9534ec,rl_7c920550
m_78855b2a,rl_d89e5cf1
m_804fe7b8,rl_932d5932
m_03e49956,rl_f2cc849a
m_9a7f290e,rl_49177bd6
m_df063e56,rl_93caea0d
m_53f2b3ab,rl_a811356f
m_b3add9ea,rl_40a74cf2
m_edf7df5d,rl_84934e97
m_239f18ec,rl_d010ad91
m_badf0d8f,rl_79223eb5
m_6b253fba,rl_3d057edf
m_5bc79c55,rl_6334bb3b
m_8ad7da9a,rl_12935e79
m_5efdc745,rl_ba79d12f
m_f92b9a44,rl_95399fad
m_c0a15c2b,rl_45c577ca
m_db968976,rl_062236a2
m_bf3e04af,rl_db75e9c3
m_139edb30,rl_905ebfec
m_7381757e,rl_691ee422
m_2cf6d9fd,rl_45fb092a
m_8c4eee40,rl_2b7ddaf8
m_7b75e4d0,rl_2d2921f0
m_731f8fd8,rl_7d82d4ab
m_902e34e4,rl_9e36b713
m_5d8bb8cc,rl_51eaa4f4
m_7eaeeedc,rl_256fd65a
m_904b5bee,rl_3afaa7d0
m_77cb4ca2,rl_5f2c8396
m_73cdf06d,rl_c14f3527
m_f8907f31,rl_58f011a6
m_9c5cc943,rl_7d1f582c
m_618e3b60,rl_75523405
m_98317f70,rl_6d9607c9
m_a3bd7b34,rl_2019c946
m_fb7cb8c4,rl_75fedeca
m_5da4bd33,rl_da5e86d2
m_0201c0ab,rl_1e9bd3b4
m_934bd3da,rl_60c0ed97
m_fa3f0d72,rl_22f444a6
m_b6c3825f,rl_3bdc332e
m_967a2079,rl_02248a3f
m_cb03f1f4,rl_941ffd00
m_be408d59,rl_2cabd2ff
m_00dbb06b,rl_c309d314
m_c75a2a24,rl_0b034424
m_9d467b25,rl_c11a2615
m_7a4b8ae0,rl_3ae20fab
m_bc912b13,rl_48f44d0a
m_af0b0c25,rl_487690a6
m_9a7358f3,rl_edc77626
m_77db0606,rl_cb1c32e8
m_d87cbbae,rl_d01a9221
m_3350d9f7,rl_6f160a39
m_20c17368,rl_612c3d99
m_1ca43427,rl_8650da78
m_6e93a3b4,rl_79a3d702
m_2f5af440,rl_69300c95
m_8415b9c2,rl_cacb8d0f
m_bc905a91,rl_51e31c76
m_f981d877,rl_0bd0b034
m_6f0231e2,rl_cb1c32e8
m_ba118fef,rl_d8ac065d
m_dbebe8e6,rl_56d17bb1
m_2c17a08d,rl_d01f8608
m_60530911,rl_449f3f0b
m_7df3b9da,rl_90da3f05
m_38c5794c,rl_3151bac3
m_8094a06e,rl_daa77526
m_ab83ac92,rl_7a814bd0
m_b2844057,rl_fa7a94de
m_684b4731,rl_960daf9d
m_f3b2b1fc,rl_8ebbe6fa
m_9cc1fb78,rl_a9317475
m_1a8f1b64,rl_356d85ff
m_8a17b72d,rl_663df724
m_a7d0a373,rl_94076c45
m_64ce8016,rl_b12440bf
m_7cc212ee,rl_f76ad53e
m_6871882b,rl_f78d6715
m_2a974689,rl_2100fbda
m_3f44e8ee,rl_7c83446d
m_6024d3de,rl_8f509f97
m_08099def,rl_bd9eccdf
m_5cc7ab6a,rl_c7425ad5
m_430ce991,rl_54367897
m_c11fd470,rl_1e84f472
m_3789be4d,rl_f93a99c8
m_d0597579,rl_868c071d
m_f695624a,rl_f5498187
m_3f3e7a9f,rl_8a81f3ff
m_8e82294a,rl_55f28b4e
m_251d5c5e,rl_7a1937af
m_7507ec50,rl_e09836bd
m_d14419e0,rl_2ec5f05c
m_b66e7ffb,rl_a52ef1db
m_0ff604a2,rl_d36ad3da
m_efabed03,rl_5f2c8396
m_7cec5130,rl_facbd118
m_cad4d195,rl_f6975409
m_9b32f8df,rl_3a0b4f85
m_66ea4100,rl_d251a0dd
m_f1e3cd2c,rl_25a1ea83
m_e796dfb9,rl_967f2204
m_ad0dcb60,rl_d9e8d97c
m_c7dc2534,rl_747f4c32
m_d805295b,rl_2d66e302
m_bca493c2,rl_f0c8ffb1
m_57acbe4f,rl_777a9d73
m_c13d1340,rl_532ed48e
m_d52f2d47,rl_2b97a5e1
m_e2a1a0bb,rl_f7251068
m_8241512e,rl_67caab66
m_ddf2f9aa,rl_de67dad2
m_c6deb8fd,rl_43ce5e19
m_22550cfd,rl_90636843
m_1ee484c3,rl_8bece675
m_41d5e4d8,rl_7c6fe712
m_ea221523,rl_a840a51f
m_bf21550c,rl_95a747ce
m_712601d7,rl_0a63e31b
m_b12b48d5,rl_016f1812
m_69884515,rl_1053a5c9
m_646dce01,rl_c9b837a1
m_30194be0,rl_9584fdcb
m_a3dfe5c8,rl_8aa07b1f
m_3bdd6b95,rl_842eaec1
m_702ec0df,rl_4ad52964
m_ab80387d,rl_54a6763f
m_74c42f75,rl_acc4339d
m_cfea8a62,rl_7f052c6b
m_9ba8ce11,rl_afea1f4c
m_7e0c940b,rl_f273266b
m_32611caf,rl_615146b1
m_459e7a55,rl_9dcdcbfa
m_ecf758ed,rl_a2fb43f0
m_c16c6104,rl_8f837241
m_686800c3,rl_db106b28
m_b8559368,rl_8e101aa9
m_0022ec95,rl_7480ec72
m_66375253,rl_810946da
m_60124173,rl_c2b2779d
m_7ef0f372,rl_2193f0f1
m_66894442,rl_4fdaa13e
m_3869a4d1,rl_98a4d492
m_86c1f00e,rl_49fb7ebb
m_56cbc2c0,rl_d30a19a9
m_3788e5b1,rl_29849235
m_924bed25,rl_b65587aa
m_46b4644a,rl_058978ab
m_7f1d67c7,rl_30f57e7e
m_65acd630,rl_7ffe10dd
m_9caa8d22,rl_ee630b34
m_965a15d5,rl_c6e6a0e3
m_76a1b62a,rl_d641c515
m_38760cbc,rl_d5eb58a7
m_400f524f,rl_717cbb07
m_e0c44717,rl_623553a4
m_793f7455,rl_fd0f4238
m_014f1103,rl_88cbe507
m_0b3faac5,rl_e8820e04
m_1fefda60,rl_10f195bb
m_76bca151,rl_9a17232a
m_0def2327,rl_3c2547a4
m_1d96ec3a,rl_6d00186a
m_f93ad1e6,rl_59cfbc83
m_7c85b025,rl_eeb79b2d
m_7236f3f8,rl_cb373a9c
m_bff02b55,rl_94fdb2e1
m_925cba3a,rl_84bc41a5
m_8444e99a,rl_b8e788b3
m_b3e20bdb,rl_bfb6531f
m_24effaad,rl_6a2ce6b9
m_7403b9da,rl_2bb6e158
m_3300c1cc,rl_f946bdad
m_653d4529,rl_9a5dde7f
m_eda0640f,rl_e8e878f1
m_0b19729d,rl_f65afaaa
m_0ecc7332,rl_aa3fe214
m_1a97a3cc,rl_cdd1f9bd
m_60f11747,rl_7a443cf2
m_b159b0d1,rl_739a0888
m_5b2e25b9,rl_14116ac7
m_17734dee,rl_3c5d5761
m_d0edf8d8,rl_ee6cefc1
m_9147507c,rl_ffe1ab61
m_af78c38e,rl_47c45898
m_65e3d305,rl_f76ad53e
m_495d58b0,rl_7ddb7171
m_6f830cbc,rl_5d87492b
m_78c93dc3,rl_78fd373c
m_0822b19a,rl_9a371e6c
m_9cd965ab,rl_d1cd4d15
m_7d77d1a3,rl_7485bc49
m_672a11f8,rl_16f793ff
m_e10928a2,rl_09ee5f04
m_415c046a,rl_aa97f016
m_fee1ed7c,rl_de430d21
m_4ce2481e,rl_91040b4b
m_4992204b,rl_63b71988
m_01221b2e,rl_f912d976
m_e1e427c5,rl_2f976f6e
m_b048c4a9,rl_3e9c75ea
m_1636b1bd,rl_c4a5b7d4
m_cace4cc6,rl_30923378
m_c56b6bbb,rl_3977a28c
m_233f570d,rl_39197104
m_664736c3,rl_0acd9d7c
m_269a0dbc,rl_b8d25de7
m_f02a6af0,rl_53b12c7b
m_de741e6d,rl_2a4e86a3
m_1bf15b37,rl_fd2d08e6
m_21a36761,rl_9225fc20
m_b203391b,rl_17eb22f9
m_741dd8bd,rl_2a039c1a
m_6aee57ef,rl_2d9be7a2
m_d8cd6656,rl_2606b659
m_76710a08,rl_c1dddca9
m_8714aee2,rl_1450dbb7
m_113af20e,rl_56f878e8
m_2cf46bcf,rl_c9665f03
m_33771960,rl_23ea50f4
m_e3df5c38,rl_0f10ed07
m_0934b233,rl_192809e3
m_371ca7a9,rl_52a4d72b
m_b53be92c,rl_32476e9a
m_2824e192,rl_17b30587
m_a3b6b2c2,rl_f1f4ba16
m_cb85144f,rl_5c5e144e
m_ea0a7fc4,rl_c9736b18
m_440e96a7,rl_7a1937af
m_7e47e521,rl_5a462a54
m_601a0835,rl_2761ad27
m_96a16f7a,rl_dcc7bfc0
m_d5304f93,rl_2d9be7a2
m_ca3f5b3f,rl_c39f2222
m_75e7e55a,rl_5858c89c
m_b220743c,rl_d26c28cf
m_60c05f15,rl_503e3e4e
m_98f57794,rl_8d1b2b43
m_f2570dea,rl_86e494af
m_e3547d1f,rl_f2285395
m_03929052,rl_58c9f45e
m_101d203e,rl_f879054a
m_6020fcb1,rl_ca8ac938
m_d74de3d6,rl_1e86c35a
m_5aa574a0,rl_88837a53
m_bd702447,rl_5cdea458
m_346c40f7,rl_95dde351
m_26eefe51,rl_f21efa9f
m_7c490cc4,rl_c9772b91
m_9720edee,rl_11606dac
