release,artist_credit
rl0,ac141
rl1,ac141
rl2,ac141
rl3,ac1319
rl4,ac141
rl5,ac823
rl6,ac4060
rl7,ac141
rl8,ac4339
rl9,ac2992
rl10,ac2635
rl11,ac2635
rl12,ac1297
rl13,ac3519
rl14,ac2055
rl15,ac1274
rl16,ac1965
rl17,ac1965
rl18,ac1000
rl19,ac4065
rl20,ac3400
rl21,ac3781
rl22,ac4272
rl23,ac2897
rl24,ac2090
rl25,ac3891
rl26,ac3426
rl27,ac81
rl28,ac659
rl29,ac141
rl30,ac3792
rl31,ac3358
rl32,ac1229
rl33,ac3827
rl34,ac520
rl35,ac4024
rl36,ac141
rl37,ac1381
rl38,ac3536
rl39,ac141
rl40,ac1258
rl41,ac2204
rl42,ac2543
rl43,ac4356
rl44,ac4506
rl45,ac740
rl46,ac227
rl47,ac341
rl48,ac1624
rl49,ac1781
rl50,ac2053
rl51,ac3838
rl52,ac141
rl53,ac387
rl54,ac1035
rl55,ac2905
rl56,ac1995
rl57,ac420
rl58,ac141
rl59,ac1092
rl60,ac4315
rl61,ac737
rl62,ac435
rl63,ac4214
rl64,ac141
rl65,ac2353
rl66,ac2076
rl67,ac2373
rl68,ac3418
rl69,ac2951
rl70,ac497
rl71,ac1595
rl72,ac2525
rl73,ac640
rl74,ac141
rl75,ac1418
rl76,ac494
rl77,ac3100
rl78,ac2066
rl79,ac141
rl80,ac3870
rl81,ac1722
rl82,ac3176
rl83,ac2337
rl84,ac3715
rl85,ac3128
rl86,ac4613
rl87,ac3967
rl88,ac4592
rl89,ac3895
rl90,ac296
rl91,ac4279
rl92,ac2942
rl93,ac1755
rl94,ac50
rl95,ac1065
rl96,ac4036
rl97,ac4083
rl98,ac3086
rl99,ac4063
rl100,ac3719
rl101,ac907
rl102,ac3438
rl103,ac2387
rl104,ac3922
rl105,ac2953
rl106,ac141
rl107,ac3107
rl108,ac664
rl109,ac141
rl110,ac1594
rl111,ac141
rl112,ac1330
rl113,ac2989
rl114,ac1608
rl115,ac4084
rl116,ac3872
rl117,ac3091
rl118,ac159
rl119,ac159
rl120,ac3757
rl121,ac893
rl122,ac2861
rl123,ac3748
rl124,ac2286
rl125,ac1910
rl126,ac1130
rl127,ac2584
rl128,ac3693
rl129,ac1482
rl130,ac3808
rl131,ac4071
rl132,ac4574
rl133,ac1692
rl134,ac4426
rl135,ac286
rl136,ac3985
rl137,ac1007
rl138,ac3224
rl139,ac4104
rl140,ac3977
rl141,ac1738
rl142,ac2630
rl143,ac1675
rl144,ac141
rl145,ac4122
rl146,ac40
rl147,ac1457
rl148,ac912
rl149,ac162
rl150,ac4330
rl151,ac3516
rl152,ac528
rl153,ac2573
rl154,ac141
rl155,ac3119
rl156,ac141
rl157,ac1025
rl158,ac141
rl159,ac3583
rl160,ac2343
rl161,ac141
rl162,ac3373
rl163,ac141
rl164,ac251
rl165,ac1040
rl166,ac2127
rl167,ac141
rl168,ac1589
rl169,ac1975
rl170,ac610
rl171,ac2235
rl172,ac2876
rl173,ac3823
rl174,ac2800
rl175,ac4361
rl176,ac1491
rl177,ac3245
rl178,ac1334
rl179,ac4481
rl180,ac2909
rl181,ac1560
rl182,ac691
rl183,ac4040
rl184,ac965
rl185,ac3113
rl186,ac2299
rl187,ac141
rl188,ac186
rl189,ac2319
rl190,ac2169
rl191,ac3026
rl192,ac1944
rl193,ac1986
rl194,ac141
rl195,ac4507
rl196,ac4532
rl197,ac141
rl198,ac123
rl199,ac2039
rl200,ac4131
rl201,ac4335
rl202,ac141
rl203,ac141
rl204,ac3953
rl205,ac3917
rl206,ac2202
rl207,ac1664
rl208,ac1664
rl209,ac507
rl210,ac141
rl211,ac826
rl212,ac1355
rl213,ac4439
rl214,ac1387
rl215,ac1281
rl216,ac367
rl217,ac3192
rl218,ac1247
rl219,ac4548
rl220,ac141
rl221,ac1598
rl222,ac1777
rl223,ac1844
rl224,ac3918
rl225,ac2549
rl226,ac4550
rl227,ac4037
rl228,ac2644
rl229,ac4550
rl230,ac437
rl231,ac141
rl232,ac706
rl233,ac3584
rl234,ac3430
rl235,ac3688
rl236,ac141
rl237,ac4555
rl238,ac1529
rl239,ac272
rl240,ac1522
rl241,ac1522
rl242,ac2047
rl243,ac141
rl244,ac1189
rl245,ac1569
rl246,ac962
rl247,ac707
rl248,ac6
rl249,ac812
rl250,ac3276
rl251,ac3276
rl252,ac688
rl253,ac304
rl254,ac141
rl255,ac2898
rl256,ac2068
rl257,ac900
rl258,ac4354
rl259,ac2923
rl260,ac141
rl261,ac4393
rl262,ac2857
rl263,ac141
rl264,ac141
rl265,ac2951
rl266,ac1468
rl267,ac2133
rl268,ac85
rl269,ac523
rl270,ac141
rl271,ac4196
rl272,ac4056
rl273,ac3545
rl274,ac169
rl275,ac3631
rl276,ac141
rl277,ac897
rl278,ac3264
rl279,ac4013
rl280,ac2607
rl281,ac2646
rl282,ac919
rl283,ac1095
rl284,ac1836
rl285,ac1914
rl286,ac141
rl287,ac141
rl288,ac141
rl289,ac891
rl290,ac141
rl291,ac4388
rl292,ac2420
rl293,ac1790
rl294,ac1921
rl295,ac2795
rl296,ac2162
rl297,ac1934
rl298,ac63
rl299,ac2696
rl300,ac660
rl301,ac500
rl302,ac2395
rl303,ac2063
rl304,ac608
rl305,ac738
rl306,ac141
rl307,ac4311
rl308,ac141
rl309,ac3375
rl310,ac3309
rl311,ac2718
rl312,ac2718
rl313,ac2317
rl314,ac2528
rl315,ac3899
rl316,ac2512
rl317,ac4616
rl318,ac141
rl319,ac3254
rl320,ac2546
rl321,ac1708
rl322,ac4134
rl323,ac2820
rl324,ac141
rl325,ac1084
rl326,ac1084
rl327,ac712
rl328,ac1579
rl329,ac1558
rl330,ac1502
rl331,ac83
rl332,ac2933
rl333,ac1237
rl334,ac1458
rl335,ac4175
rl336,ac843
rl337,ac3496
rl338,ac3076
rl339,ac3876
rl340,ac3876
rl341,ac4620
rl342,ac943
rl343,ac2222
rl344,ac4284
rl345,ac141
rl346,ac2895
rl347,ac4372
rl348,ac1200
rl349,ac1261
rl350,ac1504
rl351,ac3939
rl352,ac3320
rl353,ac4406
rl354,ac3937
rl355,ac3254
rl356,ac1052
rl357,ac3118
rl358,ac91
rl359,ac3780
rl360,ac141
rl361,ac141
rl362,ac979
rl363,ac3582
rl364,ac2481
rl365,ac2114
rl366,ac3323
rl367,ac1711
rl368,ac894
rl369,ac604
rl370,ac2850
rl371,ac3183
rl372,ac587
rl373,ac1076
rl374,ac1243
rl375,ac1291
rl376,ac2145
rl377,ac1810
rl378,ac4161
rl379,ac784
rl380,ac2709
rl381,ac686
rl382,ac1096
rl383,ac706
rl384,ac3995
rl385,ac4547
rl386,ac4547
rl387,ac3368
rl388,ac1312
rl389,ac2442
rl390,ac4128
rl391,ac344
rl392,ac141
rl393,ac3842
rl394,ac141
rl395,ac4551
rl396,ac2032
rl397,ac141
rl398,ac3371
rl399,ac4473
rl400,ac141
rl401,ac141
rl402,ac2165
rl403,ac2414
rl404,ac141
rl405,ac334
rl406,ac141
rl407,ac3454
rl408,ac3787
rl409,ac668
rl410,ac527
rl411,ac3772
rl412,ac204
rl413,ac3004
rl414,ac727
rl415,ac2598
rl416,ac4617
rl417,ac141
rl418,ac3444
rl419,ac2067
rl420,ac2524
rl421,ac4233
rl422,ac2978
rl423,ac2524
rl424,ac379
rl425,ac379
rl426,ac141
rl427,ac141
rl428,ac896
rl429,ac3961
rl430,ac3532
rl431,ac1671
rl432,ac3015
rl433,ac3493
rl434,ac4477
rl435,ac794
rl436,ac141
rl437,ac3939
rl438,ac2450
rl439,ac2034
rl440,ac918
rl441,ac889
rl442,ac2347
rl443,ac4099
rl444,ac141
rl445,ac141
rl446,ac1657
rl447,ac1667
rl448,ac3418
rl449,ac376
rl450,ac3649
rl451,ac4358
rl452,ac2271
rl453,ac1633
rl454,ac1964
rl455,ac3586
rl456,ac1394
rl457,ac484
rl458,ac801
rl459,ac3871
rl460,ac2128
rl461,ac3060
rl462,ac4474
rl463,ac2535
rl464,ac141
rl465,ac141
rl466,ac2489
rl467,ac1687
rl468,ac141
rl469,ac2316
rl470,ac3095
rl471,ac1026
rl472,ac469
rl473,ac3264
rl474,ac1066
rl475,ac141
rl476,ac141
rl477,ac2651
rl478,ac141
rl479,ac2927
rl480,ac667
rl481,ac857
rl482,ac1169
rl483,ac464
rl484,ac1820
rl485,ac17
rl486,ac3622
rl487,ac4101
rl488,ac1026
rl489,ac543
rl490,ac3622
rl491,ac2308
rl492,ac3421
rl493,ac141
rl494,ac4386
rl495,ac1632
rl496,ac1206
rl497,ac141
rl498,ac2209
rl499,ac2208
rl500,ac4118
rl501,ac422
rl502,ac1616
rl503,ac141
rl504,ac3760
rl505,ac2699
rl506,ac255
rl507,ac1131
rl508,ac4306
rl509,ac3270
rl510,ac141
rl511,ac502
rl512,ac4365
rl513,ac1273
rl514,ac2408
rl515,ac4164
rl516,ac1730
rl517,ac1698
rl518,ac312
rl519,ac141
rl520,ac1925
rl521,ac1810
rl522,ac1810
rl523,ac278
rl524,ac4297
rl525,ac2740
rl526,ac4306
rl527,ac1840
rl528,ac1448
rl529,ac160
rl530,ac1723
rl531,ac216
rl532,ac4497
rl533,ac141
rl534,ac3178
rl535,ac1548
rl536,ac3913
rl537,ac797
rl538,ac4116
rl539,ac3742
rl540,ac1150
rl541,ac1659
rl542,ac2022
rl543,ac1424
rl544,ac3805
rl545,ac1691
rl546,ac170
rl547,ac4516
rl548,ac1065
rl549,ac3228
rl550,ac3865
rl551,ac181
rl552,ac3652
rl553,ac1385
rl554,ac842
rl555,ac1785
rl556,ac4194
rl557,ac2690
rl558,ac141
rl559,ac4517
rl560,ac2285
rl561,ac902
rl562,ac1294
rl563,ac1563
rl564,ac2107
rl565,ac141
rl566,ac3050
rl567,ac853
rl568,ac141
rl569,ac4591
rl570,ac1394
rl571,ac141
rl572,ac3080
rl573,ac4352
rl574,ac3071
rl575,ac1901
rl576,ac1309
rl577,ac858
rl578,ac3804
rl579,ac4071
rl580,ac383
rl581,ac769
rl582,ac2197
rl583,ac647
rl584,ac3091
rl585,ac398
rl586,ac3898
rl587,ac4293
rl588,ac4142
rl589,ac141
rl590,ac3698
rl591,ac3268
rl592,ac141
rl593,ac4290
rl594,ac488
rl595,ac2296
rl596,ac361
rl597,ac1740
rl598,ac3422
rl599,ac2207
rl600,ac2780
rl601,ac141
rl602,ac3134
rl603,ac2377
rl604,ac3045
rl605,ac3125
rl606,ac2305
rl607,ac4243
rl608,ac3689
rl609,ac1945
rl610,ac2965
rl611,ac378
rl612,ac1986
rl613,ac563
rl614,ac1895
rl615,ac4242
rl616,ac2819
rl617,ac563
rl618,ac714
rl619,ac714
rl620,ac2377
rl621,ac1389
rl622,ac724
rl623,ac141
rl624,ac141
rl625,ac637
rl626,ac3155
rl627,ac4329
rl628,ac1327
rl629,ac2100
rl630,ac1025
rl631,ac141
rl632,ac141
rl633,ac659
rl634,ac1011
rl635,ac141
rl636,ac141
rl637,ac409
rl638,ac4179
rl639,ac4296
rl640,ac141
rl641,ac2010
rl642,ac141
rl643,ac141
rl644,ac3732
rl645,ac628
rl646,ac524
rl647,ac524
rl648,ac2767
rl649,ac3232
rl650,ac1649
rl651,ac1441
rl652,ac3242
rl653,ac1905
rl654,ac1537
rl655,ac629
rl656,ac3987
rl657,ac2042
rl658,ac2212
rl659,ac1673
rl660,ac2348
rl661,ac141
rl662,ac141
rl663,ac1621
rl664,ac141
rl665,ac2034
rl666,ac3902
rl667,ac1750
rl668,ac2834
rl669,ac4130
rl670,ac141
rl671,ac2813
rl672,ac141
rl673,ac141
rl674,ac1948
rl675,ac2983
rl676,ac2638
rl677,ac2230
rl678,ac141
rl679,ac1255
rl680,ac1259
rl681,ac1196
rl682,ac141
rl683,ac1702
rl684,ac4349
rl685,ac751
rl686,ac1022
rl687,ac3722
rl688,ac2262
rl689,ac1425
rl690,ac141
rl691,ac3189
rl692,ac141
rl693,ac496
rl694,ac418
rl695,ac3267
rl696,ac141
rl697,ac3310
rl698,ac141
rl699,ac141
rl700,ac87
rl701,ac2902
rl702,ac2937
rl703,ac1371
rl704,ac1795
rl705,ac3483
rl706,ac1397
rl707,ac2345
rl708,ac1810
rl709,ac1224
rl710,ac1859
rl711,ac1502
rl712,ac1815
rl713,ac3685
rl714,ac141
rl715,ac2034
rl716,ac1291
rl717,ac141
rl718,ac141
rl719,ac141
rl720,ac141
rl721,ac2520
rl722,ac1026
rl723,ac2413
rl724,ac4553
rl725,ac833
rl726,ac3550
rl727,ac267
rl728,ac1705
rl729,ac2322
rl730,ac2079
rl731,ac2865
rl732,ac4549
rl733,ac3211
rl734,ac1439
rl735,ac4301
rl736,ac3661
rl737,ac3312
rl738,ac2997
rl739,ac892
rl740,ac3197
rl741,ac1028
rl742,ac2682
rl743,ac2192
rl744,ac3161
rl745,ac86
rl746,ac3667
rl747,ac888
rl748,ac141
rl749,ac4142
rl750,ac3373
rl751,ac1225
rl752,ac4433
rl753,ac4418
rl754,ac4602
rl755,ac2220
rl756,ac438
rl757,ac442
rl758,ac141
rl759,ac1588
rl760,ac2700
rl761,ac454
rl762,ac141
rl763,ac141
rl764,ac141
rl765,ac1731
rl766,ac141
rl767,ac141
rl768,ac3734
rl769,ac2969
rl770,ac228
rl771,ac4229
rl772,ac26
rl773,ac609
rl774,ac2092
rl775,ac842
rl776,ac578
rl777,ac2768
rl778,ac3538
rl779,ac1994
rl780,ac2295
rl781,ac129
rl782,ac4433
rl783,ac750
rl784,ac713
rl785,ac3430
rl786,ac2341
rl787,ac983
rl788,ac412
rl789,ac3421
rl790,ac2778
rl791,ac704
rl792,ac2511
rl793,ac141
rl794,ac4366
rl795,ac667
rl796,ac141
rl797,ac2038
rl798,ac1162
rl799,ac2906
rl800,ac2568
rl801,ac4161
rl802,ac354
rl803,ac1257
rl804,ac4244
rl805,ac141
rl806,ac2290
rl807,ac2568
rl808,ac3256
rl809,ac656
rl810,ac81
rl811,ac69
rl812,ac2944
rl813,ac141
rl814,ac2491
rl815,ac627
rl816,ac1982
rl817,ac175
rl818,ac2361
rl819,ac400
rl820,ac141
rl821,ac141
rl822,ac1840
rl823,ac4427
rl824,ac141
rl825,ac141
rl826,ac146
rl827,ac2417
rl828,ac141
rl829,ac3391
rl830,ac141
rl831,ac3346
rl832,ac141
rl833,ac2234
rl834,ac3322
rl835,ac1349
rl836,ac4334
rl837,ac2560
rl838,ac1171
rl839,ac1351
rl840,ac2681
rl841,ac679
rl842,ac3886
rl843,ac1733
rl844,ac4008
rl845,ac3830
rl846,ac3017
rl847,ac2313
rl848,ac3025
rl849,ac1661
rl850,ac4154
rl851,ac1000
rl852,ac176
rl853,ac3389
rl854,ac1832
rl855,ac3423
rl856,ac3069
rl857,ac940
rl858,ac26
rl859,ac3723
rl860,ac2109
rl861,ac3278
rl862,ac4267
rl863,ac2601
rl864,ac2964
rl865,ac723
rl866,ac141
rl867,ac141
rl868,ac141
rl869,ac4322
rl870,ac199
rl871,ac303
rl872,ac814
rl873,ac141
rl874,ac2656
rl875,ac3833
rl876,ac488
rl877,ac141
rl878,ac1245
rl879,ac2182
rl880,ac141
rl881,ac2433
rl882,ac3336
rl883,ac976
rl884,ac2770
rl885,ac3479
rl886,ac4272
rl887,ac4410
rl888,ac271
rl889,ac2521
rl890,ac3876
rl891,ac1266
rl892,ac2913
rl893,ac488
rl894,ac2270
rl895,ac1689
rl896,ac4429
rl897,ac1372
rl898,ac466
rl899,ac757
rl900,ac4136
rl901,ac4002
rl902,ac583
rl903,ac2780
rl904,ac4550
rl905,ac141
rl906,ac141
rl907,ac393
rl908,ac141
rl909,ac3355
rl910,ac2272
rl911,ac1835
rl912,ac2106
rl913,ac141
rl914,ac4379
rl915,ac4330
rl916,ac3637
rl917,ac3637
rl918,ac3617
rl919,ac3915
rl920,ac141
rl921,ac3227
rl922,ac141
rl923,ac3456
rl924,ac3512
rl925,ac2825
rl926,ac3776
rl927,ac1046
rl928,ac3284
rl929,ac141
rl930,ac1060
rl931,ac4464
rl932,ac3883
rl933,ac4292
rl934,ac1699
rl935,ac767
rl936,ac141
rl937,ac4568
rl938,ac4503
rl939,ac2261
rl940,ac3262
rl941,ac2458
rl942,ac848
rl943,ac2556
rl944,ac3311
rl945,ac212
rl946,ac350
rl947,ac3115
rl948,ac2960
rl949,ac3805
rl950,ac1134
rl951,ac3855
rl952,ac1769
rl953,ac1043
rl954,ac1347
rl955,ac4493
rl956,ac4488
rl957,ac1834
rl958,ac1969
rl959,ac1345
rl960,ac3089
rl961,ac141
rl962,ac324
rl963,ac4491
rl964,ac583
rl965,ac141
rl966,ac750
rl967,ac3940
rl968,ac141
rl969,ac3791
rl970,ac376
rl971,ac2009
rl972,ac3611
rl973,ac141
rl974,ac141
rl975,ac2419
rl976,ac141
rl977,ac141
rl978,ac1654
rl979,ac4022
rl980,ac4428
rl981,ac141
rl982,ac1567
rl983,ac756
rl984,ac160
rl985,ac2082
rl986,ac923
rl987,ac4094
rl988,ac3949
rl989,ac4158
rl990,ac369
rl991,ac3578
rl992,ac881
rl993,ac4404
rl994,ac1817
rl995,ac919
rl996,ac3620
rl997,ac11
rl998,ac141
rl999,ac3989
rl1000,ac875
rl1001,ac713
rl1002,ac3102
rl1003,ac1123
rl1004,ac2270
rl1005,ac141
rl1006,ac1244
rl1007,ac3168
rl1008,ac1137
rl1009,ac2654
rl1010,ac4273
rl1011,ac3905
rl1012,ac141
rl1013,ac3492
rl1014,ac871
rl1015,ac1795
rl1016,ac3729
rl1017,ac1692
rl1018,ac1553
rl1019,ac4222
rl1020,ac4273
rl1021,ac1125
rl1022,ac2695
rl1023,ac2923
rl1024,ac1689
rl1025,ac2281
rl1026,ac2281
rl1027,ac3138
rl1028,ac4454
rl1029,ac996
rl1030,ac3607
rl1031,ac2217
rl1032,ac4604
rl1033,ac1132
rl1034,ac2470
rl1035,ac4405
rl1036,ac1776
rl1037,ac695
rl1038,ac1033
rl1039,ac2927
rl1040,ac2838
rl1041,ac1712
rl1042,ac1239
rl1043,ac141
rl1044,ac4332
rl1045,ac141
rl1046,ac141
rl1047,ac274
rl1048,ac2290
rl1049,ac2897
rl1050,ac1792
rl1051,ac1295
rl1052,ac1295
rl1053,ac1031
rl1054,ac2536
rl1055,ac3704
rl1056,ac3396
rl1057,ac141
rl1058,ac3867
rl1059,ac908
rl1060,ac1989
rl1061,ac1763
rl1062,ac141
rl1063,ac318
rl1064,ac2182
rl1065,ac1693
rl1066,ac226
rl1067,ac141
rl1068,ac3103
rl1069,ac2206
rl1070,ac3502
rl1071,ac3081
rl1072,ac141
rl1073,ac1913
rl1074,ac1460
rl1075,ac2173
rl1076,ac3405
rl1077,ac543
rl1078,ac558
rl1079,ac2752
rl1080,ac141
rl1081,ac2412
rl1082,ac2881
rl1083,ac573
rl1084,ac1278
rl1085,ac1986
rl1086,ac2353
rl1087,ac2337
rl1088,ac2686
rl1089,ac3950
rl1090,ac2723
rl1091,ac2072
rl1092,ac141
rl1093,ac1343
rl1094,ac4010
rl1095,ac141
rl1096,ac1774
rl1097,ac1446
rl1098,ac2082
rl1099,ac866
rl1100,ac778
rl1101,ac3836
rl1102,ac4524
rl1103,ac2264
rl1104,ac141
rl1105,ac911
rl1106,ac772
rl1107,ac3048
rl1108,ac2772
rl1109,ac4000
rl1110,ac3135
rl1111,ac506
rl1112,ac844
rl1113,ac2357
rl1114,ac4171
rl1115,ac21
rl1116,ac1705
rl1117,ac141
rl1118,ac3591
rl1119,ac2246
rl1120,ac2130
rl1121,ac1265
rl1122,ac3606
rl1123,ac4229
rl1124,ac2706
rl1125,ac192
rl1126,ac618
rl1127,ac2636
rl1128,ac4069
rl1129,ac330
rl1130,ac141
rl1131,ac141
rl1132,ac4339
rl1133,ac141
rl1134,ac4464
rl1135,ac3090
rl1136,ac1596
rl1137,ac141
rl1138,ac4561
rl1139,ac2435
rl1140,ac4540
rl1141,ac2406
rl1142,ac434
rl1143,ac4045
rl1144,ac4417
rl1145,ac4417
rl1146,ac3739
rl1147,ac4253
rl1148,ac2501
rl1149,ac3873
rl1150,ac4442
rl1151,ac2761
rl1152,ac2350
rl1153,ac1746
rl1154,ac3959
rl1155,ac1102
rl1156,ac1449
rl1157,ac2354
rl1158,ac141
rl1159,ac763
rl1160,ac332
rl1161,ac458
rl1162,ac1171
rl1163,ac1171
rl1164,ac3837
rl1165,ac4425
rl1166,ac141
rl1167,ac125
rl1168,ac672
rl1169,ac976
rl1170,ac4024
rl1171,ac2463
rl1172,ac141
rl1173,ac2927
rl1174,ac141
rl1175,ac1653
rl1176,ac141
rl1177,ac1378
rl1178,ac2185
rl1179,ac141
rl1180,ac1986
rl1181,ac3156
rl1182,ac3262
rl1183,ac3629
rl1184,ac141
rl1185,ac2373
rl1186,ac2373
rl1187,ac141
rl1188,ac141
rl1189,ac3971
rl1190,ac1797
rl1191,ac1797
rl1192,ac1821
rl1193,ac1111
rl1194,ac3748
rl1195,ac141
rl1196,ac2694
rl1197,ac685
rl1198,ac1322
rl1199,ac3475
rl1200,ac154
rl1201,ac4021
rl1202,ac1674
rl1203,ac1886
rl1204,ac3643
rl1205,ac4405
rl1206,ac4198
rl1207,ac3602
rl1208,ac3056
rl1209,ac3783
rl1210,ac3434
rl1211,ac1374
rl1212,ac1374
rl1213,ac2381
rl1214,ac1007
rl1215,ac4094
rl1216,ac4543
rl1217,ac1479
rl1218,ac3594
rl1219,ac2219
rl1220,ac237
rl1221,ac4045
rl1222,ac1981
rl1223,ac4360
rl1224,ac2569
rl1225,ac277
rl1226,ac141
rl1227,ac141
rl1228,ac4574
rl1229,ac273
rl1230,ac1810
rl1231,ac1792
rl1232,ac1400
rl1233,ac2448
rl1234,ac141
rl1235,ac141
rl1236,ac141
rl1237,ac3064
rl1238,ac3064
rl1239,ac3795
rl1240,ac141
rl1241,ac141
rl1242,ac425
rl1243,ac4459
rl1244,ac4561
rl1245,ac1376
rl1246,ac3686
rl1247,ac2025
rl1248,ac2950
rl1249,ac2735
rl1250,ac141
rl1251,ac1365
rl1252,ac4444
rl1253,ac141
rl1254,ac2645
rl1255,ac344
rl1256,ac141
rl1257,ac339
rl1258,ac1467
rl1259,ac1125
rl1260,ac2828
rl1261,ac2331
rl1262,ac2041
rl1263,ac4338
rl1264,ac1500
rl1265,ac3171
rl1266,ac719
rl1267,ac3265
rl1268,ac2040
rl1269,ac4204
rl1270,ac221
rl1271,ac761
rl1272,ac57
rl1273,ac103
rl1274,ac1541
rl1275,ac3746
rl1276,ac124
rl1277,ac4396
rl1278,ac141
rl1279,ac4203
rl1280,ac3866
rl1281,ac3244
rl1282,ac4197
rl1283,ac3124
rl1284,ac4453
rl1285,ac3246
rl1286,ac1884
rl1287,ac4270
rl1288,ac2032
rl1289,ac2612
rl1290,ac928
rl1291,ac3263
rl1292,ac1990
rl1293,ac4213
rl1294,ac4213
rl1295,ac4123
rl1296,ac2643
rl1297,ac2921
rl1298,ac2783
rl1299,ac402
rl1300,ac4629
rl1301,ac3845
rl1302,ac1184
rl1303,ac3691
rl1304,ac178
rl1305,ac3147
rl1306,ac3257
rl1307,ac3266
rl1308,ac4572
rl1309,ac786
rl1310,ac4435
rl1311,ac849
rl1312,ac1609
rl1313,ac3463
rl1314,ac3052
rl1315,ac465
rl1316,ac193
rl1317,ac2312
rl1318,ac1
rl1319,ac437
rl1320,ac437
rl1321,ac1499
rl1322,ac141
rl1323,ac3138
rl1324,ac323
rl1325,ac2467
rl1326,ac2376
rl1327,ac1697
rl1328,ac4584
rl1329,ac3542
rl1330,ac3473
rl1331,ac1147
rl1332,ac2157
rl1333,ac1186
rl1334,ac416
rl1335,ac2687
rl1336,ac187
rl1337,ac141
rl1338,ac2242
rl1339,ac4467
rl1340,ac141
rl1341,ac141
rl1342,ac141
rl1343,ac2543
rl1344,ac4398
rl1345,ac736
rl1346,ac148
rl1347,ac1635
rl1348,ac141
rl1349,ac984
rl1350,ac1288
rl1351,ac1725
rl1352,ac3538
rl1353,ac218
rl1354,ac1741
rl1355,ac3388
rl1356,ac893
rl1357,ac1766
rl1358,ac141
rl1359,ac1872
rl1360,ac2925
rl1361,ac2973
rl1362,ac3051
rl1363,ac3750
rl1364,ac4056
rl1365,ac189
rl1366,ac89
rl1367,ac631
rl1368,ac495
rl1369,ac2558
rl1370,ac141
rl1371,ac3503
rl1372,ac141
rl1373,ac1283
rl1374,ac3946
rl1375,ac141
rl1376,ac2689
rl1377,ac141
rl1378,ac3984
rl1379,ac141
rl1380,ac141
rl1381,ac897
rl1382,ac1809
rl1383,ac141
rl1384,ac4311
rl1385,ac1138
rl1386,ac3961
rl1387,ac1134
rl1388,ac1134
rl1389,ac3906
rl1390,ac1703
rl1391,ac3455
rl1392,ac141
rl1393,ac2112
rl1394,ac4386
rl1395,ac2531
rl1396,ac292
rl1397,ac1282
rl1398,ac141
rl1399,ac1159
rl1400,ac3529
rl1401,ac4046
rl1402,ac2037
rl1403,ac141
rl1404,ac2121
rl1405,ac3976
rl1406,ac280
rl1407,ac543
rl1408,ac2266
rl1409,ac316
rl1410,ac1819
rl1411,ac158
rl1412,ac3554
rl1413,ac141
rl1414,ac4555
rl1415,ac3881
rl1416,ac782
rl1417,ac4578
rl1418,ac141
rl1419,ac485
rl1420,ac4578
rl1421,ac2994
rl1422,ac2429
rl1423,ac1866
rl1424,ac963
rl1425,ac920
rl1426,ac2042
rl1427,ac2802
rl1428,ac4369
rl1429,ac141
rl1430,ac141
rl1431,ac1542
rl1432,ac418
rl1433,ac141
rl1434,ac141
rl1435,ac141
rl1436,ac3034
rl1437,ac141
rl1438,ac169
rl1439,ac138
rl1440,ac2124
rl1441,ac141
rl1442,ac1737
rl1443,ac2692
rl1444,ac450
rl1445,ac4254
rl1446,ac2276
rl1447,ac141
rl1448,ac141
rl1449,ac521
rl1450,ac2493
rl1451,ac2243
rl1452,ac2386
rl1453,ac2269
rl1454,ac662
rl1455,ac2012
rl1456,ac3464
rl1457,ac1377
rl1458,ac1098
rl1459,ac1033
rl1460,ac4391
rl1461,ac1276
rl1462,ac3361
rl1463,ac1643
rl1464,ac92
rl1465,ac3600
rl1466,ac902
rl1467,ac3590
rl1468,ac3590
rl1469,ac1468
rl1470,ac1770
rl1471,ac672
rl1472,ac141
rl1473,ac995
rl1474,ac3763
rl1475,ac141
rl1476,ac848
rl1477,ac2237
rl1478,ac4079
rl1479,ac2354
rl1480,ac3083
rl1481,ac926
rl1482,ac926
rl1483,ac3579
rl1484,ac1572
rl1485,ac1572
rl1486,ac2176
rl1487,ac2507
rl1488,ac2279
rl1489,ac348
rl1490,ac3532
rl1491,ac3307
rl1492,ac3205
rl1493,ac4399
rl1494,ac3660
rl1495,ac579
rl1496,ac3091
rl1497,ac1077
rl1498,ac288
rl1499,ac141
rl1500,ac2888
rl1501,ac2974
rl1502,ac3694
rl1503,ac141
rl1504,ac50
rl1505,ac4213
rl1506,ac440
rl1507,ac141
rl1508,ac4164
rl1509,ac2893
rl1510,ac141
rl1511,ac3286
rl1512,ac141
rl1513,ac2564
rl1514,ac341
rl1515,ac2067
rl1516,ac2493
rl1517,ac141
rl1518,ac3773
rl1519,ac805
rl1520,ac2258
rl1521,ac1504
rl1522,ac3709
rl1523,ac1195
rl1524,ac3238
rl1525,ac2660
rl1526,ac2919
rl1527,ac122
rl1528,ac2404
rl1529,ac2919
rl1530,ac141
rl1531,ac141
rl1532,ac2441
rl1533,ac3325
rl1534,ac509
rl1535,ac2161
rl1536,ac3747
rl1537,ac3010
rl1538,ac1576
rl1539,ac4622
rl1540,ac2762
rl1541,ac3499
rl1542,ac1582
rl1543,ac4627
rl1544,ac141
rl1545,ac4624
rl1546,ac3104
rl1547,ac1487
rl1548,ac1708
rl1549,ac4076
rl1550,ac1839
rl1551,ac1143
rl1552,ac786
rl1553,ac4264
rl1554,ac3831
rl1555,ac205
rl1556,ac2218
rl1557,ac807
rl1558,ac2987
rl1559,ac365
rl1560,ac141
rl1561,ac260
rl1562,ac141
rl1563,ac3217
rl1564,ac3367
rl1565,ac1869
rl1566,ac141
rl1567,ac4077
rl1568,ac96
rl1569,ac4234
rl1570,ac982
rl1571,ac3967
rl1572,ac646
rl1573,ac3493
rl1574,ac141
rl1575,ac4477
rl1576,ac1030
rl1577,ac3883
rl1578,ac412
rl1579,ac141
rl1580,ac871
rl1581,ac1654
rl1582,ac2935
rl1583,ac4077
rl1584,ac738
rl1585,ac1861
rl1586,ac2387
rl1587,ac2578
rl1588,ac3679
rl1589,ac141
rl1590,ac3127
rl1591,ac1814
rl1592,ac3852
rl1593,ac141
rl1594,ac1045
rl1595,ac141
rl1596,ac811
rl1597,ac141
rl1598,ac2146
rl1599,ac941
rl1600,ac3277
rl1601,ac3203
rl1602,ac3726
rl1603,ac1068
rl1604,ac4146
rl1605,ac2210
rl1606,ac593
rl1607,ac551
rl1608,ac1061
rl1609,ac3743
rl1610,ac1923
rl1611,ac2110
rl1612,ac141
rl1613,ac4263
rl1614,ac3486
rl1615,ac1122
rl1616,ac141
rl1617,ac2730
rl1618,ac2074
rl1619,ac3052
rl1620,ac3807
rl1621,ac3807
rl1622,ac223
rl1623,ac1333
rl1624,ac4176
rl1625,ac1658
rl1626,ac309
rl1627,ac3487
rl1628,ac1812
rl1629,ac3740
rl1630,ac2149
rl1631,ac160
rl1632,ac3548
rl1633,ac3509
rl1634,ac1687
rl1635,ac3251
rl1636,ac3929
rl1637,ac3726
rl1638,ac3153
rl1639,ac3970
rl1640,ac4470
rl1641,ac4238
rl1642,ac4238
rl1643,ac2650
rl1644,ac141
rl1645,ac2028
rl1646,ac3579
rl1647,ac1254
rl1648,ac1256
rl1649,ac1389
rl1650,ac3718
rl1651,ac3240
rl1652,ac3479
rl1653,ac4622
rl1654,ac2614
rl1655,ac94
rl1656,ac4005
rl1657,ac4005
rl1658,ac141
rl1659,ac1638
rl1660,ac2410
rl1661,ac141
rl1662,ac1925
rl1663,ac141
rl1664,ac2928
rl1665,ac141
rl1666,ac2740
rl1667,ac870
rl1668,ac267
rl1669,ac737
rl1670,ac3579
rl1671,ac141
rl1672,ac1856
rl1673,ac2931
rl1674,ac557
rl1675,ac1719
rl1676,ac4507
rl1677,ac66
rl1678,ac406
rl1679,ac4574
rl1680,ac1060
rl1681,ac4549
rl1682,ac3558
rl1683,ac3193
rl1684,ac141
rl1685,ac3333
rl1686,ac1986
rl1687,ac4519
rl1688,ac213
rl1689,ac4425
rl1690,ac433
rl1691,ac3292
rl1692,ac2273
rl1693,ac3067
rl1694,ac1265
rl1695,ac3938
rl1696,ac141
rl1697,ac141
rl1698,ac2570
rl1699,ac2764
rl1700,ac693
rl1701,ac332
rl1702,ac2583
rl1703,ac657
rl1704,ac141
rl1705,ac2194
rl1706,ac141
rl1707,ac4488
rl1708,ac2693
rl1709,ac2693
rl1710,ac3188
rl1711,ac1767
rl1712,ac636
rl1713,ac141
rl1714,ac3090
rl1715,ac1646
rl1716,ac182
rl1717,ac921
rl1718,ac4009
rl1719,ac1306
rl1720,ac141
rl1721,ac482
rl1722,ac141
rl1723,ac328
rl1724,ac3928
rl1725,ac1572
rl1726,ac3439
rl1727,ac3444
rl1728,ac141
rl1729,ac1561
rl1730,ac3067
rl1731,ac267
rl1732,ac1236
rl1733,ac141
rl1734,ac2138
rl1735,ac156
rl1736,ac1198
rl1737,ac2390
rl1738,ac3511
rl1739,ac2529
rl1740,ac2331
rl1741,ac222
rl1742,ac3642
rl1743,ac3642
rl1744,ac717
rl1745,ac2427
rl1746,ac468
rl1747,ac3757
rl1748,ac2879
rl1749,ac1100
rl1750,ac1559
rl1751,ac3305
rl1752,ac851
rl1753,ac1728
rl1754,ac1728
rl1755,ac842
rl1756,ac259
rl1757,ac141
rl1758,ac141
rl1759,ac4050
rl1760,ac1765
rl1761,ac2110
rl1762,ac1273
rl1763,ac141
rl1764,ac2897
rl1765,ac4468
rl1766,ac3285
rl1767,ac3533
rl1768,ac2469
rl1769,ac3821
rl1770,ac374
rl1771,ac1231
rl1772,ac3262
rl1773,ac130
rl1774,ac824
rl1775,ac1265
rl1776,ac3051
rl1777,ac3803
rl1778,ac3406
rl1779,ac2905
rl1780,ac4324
rl1781,ac660
rl1782,ac613
rl1783,ac1551
rl1784,ac2483
rl1785,ac914
rl1786,ac1789
rl1787,ac4621
rl1788,ac4621
rl1789,ac2673
rl1790,ac4402
rl1791,ac2464
rl1792,ac619
rl1793,ac141
rl1794,ac2961
rl1795,ac828
rl1796,ac1685
rl1797,ac4071
rl1798,ac3065
rl1799,ac3498
rl1800,ac2061
rl1801,ac4088
rl1802,ac2890
rl1803,ac3590
rl1804,ac4353
rl1805,ac4485
rl1806,ac877
rl1807,ac767
rl1808,ac141
rl1809,ac141
rl1810,ac835
rl1811,ac3035
rl1812,ac141
rl1813,ac52
rl1814,ac1767
rl1815,ac2280
rl1816,ac3844
rl1817,ac3443
rl1818,ac1334
rl1819,ac3721
rl1820,ac4392
rl1821,ac3640
rl1822,ac141
rl1823,ac2868
rl1824,ac3243
rl1825,ac1577
rl1826,ac141
rl1827,ac1718
rl1828,ac141
rl1829,ac141
rl1830,ac590
rl1831,ac2877
rl1832,ac4553
rl1833,ac4419
rl1834,ac2573
rl1835,ac322
rl1836,ac3150
rl1837,ac729
rl1838,ac141
rl1839,ac141
rl1840,ac4485
rl1841,ac1167
rl1842,ac4168
rl1843,ac3654
rl1844,ac626
rl1845,ac2815
rl1846,ac3786
rl1847,ac1554
rl1848,ac236
rl1849,ac2469
rl1850,ac4003
rl1851,ac4590
rl1852,ac227
rl1853,ac3636
rl1854,ac2523
rl1855,ac3571
rl1856,ac4003
rl1857,ac254
rl1858,ac357
rl1859,ac481
rl1860,ac1345
rl1861,ac4248
rl1862,ac141
rl1863,ac3064
rl1864,ac2607
rl1865,ac3894
rl1866,ac39
rl1867,ac3792
rl1868,ac2087
rl1869,ac936
rl1870,ac1380
rl1871,ac141
rl1872,ac2862
rl1873,ac1347
rl1874,ac1347
rl1875,ac756
rl1876,ac2567
rl1877,ac1363
rl1878,ac141
rl1879,ac2590
rl1880,ac3030
rl1881,ac924
rl1882,ac610
rl1883,ac434
rl1884,ac3883
rl1885,ac2637
rl1886,ac4492
rl1887,ac427
rl1888,ac3489
rl1889,ac2705
rl1890,ac58
rl1891,ac80
rl1892,ac1407
rl1893,ac2516
rl1894,ac3044
rl1895,ac259
rl1896,ac151
rl1897,ac1602
rl1898,ac3637
rl1899,ac3930
rl1900,ac3622
rl1901,ac475
rl1902,ac1557
rl1903,ac1360
rl1904,ac232
rl1905,ac3272
rl1906,ac3743
rl1907,ac3323
rl1908,ac3336
rl1909,ac3346
rl1910,ac2901
rl1911,ac1352
rl1912,ac1
rl1913,ac2402
rl1914,ac1376
rl1915,ac2452
rl1916,ac1587
rl1917,ac4510
rl1918,ac947
rl1919,ac4518
rl1920,ac141
rl1921,ac1878
rl1922,ac3573
rl1923,ac4135
rl1924,ac847
rl1925,ac741
rl1926,ac141
rl1927,ac396
rl1928,ac2397
rl1929,ac2397
rl1930,ac3189
rl1931,ac177
rl1932,ac1642
rl1933,ac141
rl1934,ac1736
rl1935,ac2038
rl1936,ac3482
rl1937,ac3792
rl1938,ac4414
rl1939,ac1809
rl1940,ac141
rl1941,ac2019
rl1942,ac3743
rl1943,ac1457
rl1944,ac2065
rl1945,ac1106
rl1946,ac1886
rl1947,ac141
rl1948,ac2912
rl1949,ac126
rl1950,ac2054
rl1951,ac141
rl1952,ac4458
rl1953,ac3219
rl1954,ac141
rl1955,ac2913
rl1956,ac3027
rl1957,ac1131
rl1958,ac1592
rl1959,ac3027
rl1960,ac70
rl1961,ac322
rl1962,ac2984
rl1963,ac321
rl1964,ac3985
rl1965,ac1504
rl1966,ac1234
rl1967,ac1449
rl1968,ac518
rl1969,ac3759
rl1970,ac141
rl1971,ac1660
rl1972,ac141
rl1973,ac141
rl1974,ac141
rl1975,ac464
rl1976,ac3793
rl1977,ac2687
rl1978,ac141
rl1979,ac141
rl1980,ac3844
rl1981,ac141
rl1982,ac3026
rl1983,ac3526
rl1984,ac153
rl1985,ac4346
rl1986,ac1338
rl1987,ac141
rl1988,ac3624
rl1989,ac1398
rl1990,ac141
rl1991,ac493
rl1992,ac141
rl1993,ac885
rl1994,ac2337
rl1995,ac4348
rl1996,ac3751
rl1997,ac2728
rl1998,ac3442
rl1999,ac4174
rl2000,ac2661
rl2001,ac1607
rl2002,ac141
rl2003,ac4261
rl2004,ac1599
rl2005,ac1109
rl2006,ac1181
rl2007,ac2564
rl2008,ac1041
rl2009,ac3613
rl2010,ac3206
rl2011,ac476
rl2012,ac373
rl2013,ac895
rl2014,ac4325
rl2015,ac1517
rl2016,ac888
rl2017,ac3956
rl2018,ac3235
rl2019,ac3363
rl2020,ac2427
rl2021,ac2918
rl2022,ac141
rl2023,ac900
rl2024,ac2626
rl2025,ac655
rl2026,ac1149
rl2027,ac3281
rl2028,ac2731
rl2029,ac2731
rl2030,ac141
rl2031,ac3967
rl2032,ac2845
rl2033,ac893
rl2034,ac3136
rl2035,ac3994
rl2036,ac2343
rl2037,ac3086
rl2038,ac1375
rl2039,ac2278
rl2040,ac2908
rl2041,ac4350
rl2042,ac4301
rl2043,ac4017
rl2044,ac4312
rl2045,ac1594
rl2046,ac3270
rl2047,ac141
rl2048,ac2649
rl2049,ac2649
rl2050,ac1169
rl2051,ac2246
rl2052,ac671
rl2053,ac141
rl2054,ac141
rl2055,ac1164
rl2056,ac264
rl2057,ac3504
rl2058,ac3939
rl2059,ac1625
rl2060,ac141
rl2061,ac415
rl2062,ac3522
rl2063,ac181
rl2064,ac2513
rl2065,ac3049
rl2066,ac4255
rl2067,ac141
rl2068,ac3515
rl2069,ac3247
rl2070,ac2556
rl2071,ac2130
rl2072,ac423
rl2073,ac1782
rl2074,ac1260
rl2075,ac141
rl2076,ac141
rl2077,ac3619
rl2078,ac141
rl2079,ac443
rl2080,ac3618
rl2081,ac721
rl2082,ac4056
rl2083,ac4218
rl2084,ac1682
rl2085,ac2186
rl2086,ac1985
rl2087,ac3966
rl2088,ac1851
rl2089,ac4473
rl2090,ac2728
rl2091,ac141
rl2092,ac1583
rl2093,ac141
rl2094,ac4548
rl2095,ac3153
rl2096,ac141
rl2097,ac1090
rl2098,ac141
rl2099,ac1249
rl2100,ac688
rl2101,ac2720
rl2102,ac141
rl2103,ac3349
rl2104,ac215
rl2105,ac971
rl2106,ac1126
rl2107,ac3364
rl2108,ac335
rl2109,ac1763
rl2110,ac893
rl2111,ac2913
rl2112,ac2913
rl2113,ac3581
rl2114,ac141
rl2115,ac141
rl2116,ac3226
rl2117,ac2814
rl2118,ac4294
rl2119,ac3897
rl2120,ac4417
rl2121,ac141
rl2122,ac2899
rl2123,ac2900
rl2124,ac3768
rl2125,ac2777
rl2126,ac3123
rl2127,ac141
rl2128,ac1291
rl2129,ac141
rl2130,ac3073
rl2131,ac1721
rl2132,ac141
rl2133,ac4271
rl2134,ac3914
rl2135,ac141
rl2136,ac2050
rl2137,ac1460
rl2138,ac53
rl2139,ac141
rl2140,ac2052
rl2141,ac3513
rl2142,ac2901
rl2143,ac760
rl2144,ac141
rl2145,ac4410
rl2146,ac4288
rl2147,ac1061
rl2148,ac2910
rl2149,ac707
rl2150,ac903
rl2151,ac3591
rl2152,ac1795
rl2153,ac400
rl2154,ac974
rl2155,ac974
rl2156,ac868
rl2157,ac1425
rl2158,ac1286
rl2159,ac1156
rl2160,ac4378
rl2161,ac2151
rl2162,ac393
rl2163,ac2519
rl2164,ac1240
rl2165,ac3985
rl2166,ac3315
rl2167,ac4611
rl2168,ac318
rl2169,ac4019
rl2170,ac4375
rl2171,ac1827
rl2172,ac1690
rl2173,ac1033
rl2174,ac160
rl2175,ac141
rl2176,ac2847
rl2177,ac1427
rl2178,ac2030
rl2179,ac291
rl2180,ac3942
rl2181,ac2486
rl2182,ac3
rl2183,ac1241
rl2184,ac1793
rl2185,ac141
rl2186,ac4251
rl2187,ac4518
rl2188,ac3114
rl2189,ac2428
rl2190,ac141
rl2191,ac3698
rl2192,ac1270
rl2193,ac1401
rl2194,ac2792
rl2195,ac277
rl2196,ac141
rl2197,ac953
rl2198,ac196
rl2199,ac1037
rl2200,ac4319
rl2201,ac3552
rl2202,ac3557
rl2203,ac3619
rl2204,ac4471
rl2205,ac309
rl2206,ac3798
rl2207,ac4472
rl2208,ac871
rl2209,ac3692
rl2210,ac2489
rl2211,ac3797
rl2212,ac3639
rl2213,ac3182
rl2214,ac3824
rl2215,ac1956
rl2216,ac1143
rl2217,ac3367
rl2218,ac141
rl2219,ac4337
rl2220,ac296
rl2221,ac296
rl2222,ac1451
rl2223,ac4086
rl2224,ac1562
rl2225,ac1394
rl2226,ac375
rl2227,ac829
rl2228,ac2150
rl2229,ac1465
rl2230,ac474
rl2231,ac141
rl2232,ac141
rl2233,ac632
rl2234,ac4104
rl2235,ac2599
rl2236,ac2120
rl2237,ac4161
rl2238,ac4163
rl2239,ac4163
rl2240,ac936
rl2241,ac3464
rl2242,ac3464
rl2243,ac141
rl2244,ac4128
rl2245,ac3669
rl2246,ac76
rl2247,ac141
rl2248,ac141
rl2249,ac4120
rl2250,ac135
rl2251,ac2101
rl2252,ac141
rl2253,ac2360
rl2254,ac2229
rl2255,ac141
rl2256,ac645
rl2257,ac2138
rl2258,ac907
rl2259,ac141
rl2260,ac214
rl2261,ac4412
rl2262,ac3381
rl2263,ac207
rl2264,ac436
rl2265,ac160
rl2266,ac249
rl2267,ac141
rl2268,ac1722
rl2269,ac2365
rl2270,ac682
rl2271,ac3143
rl2272,ac141
rl2273,ac967
rl2274,ac542
rl2275,ac3245
rl2276,ac2901
rl2277,ac2896
rl2278,ac1674
rl2279,ac1674
rl2280,ac1499
rl2281,ac2911
rl2282,ac2970
rl2283,ac3461
rl2284,ac3783
rl2285,ac141
rl2286,ac3113
rl2287,ac2874
rl2288,ac2396
rl2289,ac399
rl2290,ac3835
rl2291,ac141
rl2292,ac298
rl2293,ac796
rl2294,ac472
rl2295,ac3481
rl2296,ac141
rl2297,ac4563
rl2298,ac26
rl2299,ac3464
rl2300,ac141
rl2301,ac197
rl2302,ac141
rl2303,ac1443
rl2304,ac2449
rl2305,ac141
rl2306,ac141
rl2307,ac2662
rl2308,ac1797
rl2309,ac344
rl2310,ac4415
rl2311,ac2552
rl2312,ac141
rl2313,ac3239
rl2314,ac2219
rl2315,ac3902
rl2316,ac2312
rl2317,ac2635
rl2318,ac2831
rl2319,ac1890
rl2320,ac141
rl2321,ac2598
rl2322,ac1677
rl2323,ac965
rl2324,ac3342
rl2325,ac1733
rl2326,ac163
rl2327,ac1596
rl2328,ac1269
rl2329,ac141
rl2330,ac2503
rl2331,ac74
rl2332,ac2363
rl2333,ac1810
rl2334,ac1620
rl2335,ac161
rl2336,ac4315
rl2337,ac575
rl2338,ac142
rl2339,ac3690
rl2340,ac3165
rl2341,ac3549
rl2342,ac141
rl2343,ac141
rl2344,ac2121
rl2345,ac3375
rl2346,ac496
rl2347,ac3774
rl2348,ac4501
rl2349,ac2446
rl2350,ac836
rl2351,ac836
rl2352,ac1559
rl2353,ac3137
rl2354,ac141
rl2355,ac84
rl2356,ac2108
rl2357,ac3750
rl2358,ac672
rl2359,ac3932
rl2360,ac1958
rl2361,ac141
rl2362,ac141
rl2363,ac4123
rl2364,ac1699
rl2365,ac4520
rl2366,ac1801
rl2367,ac567
rl2368,ac3387
rl2369,ac556
rl2370,ac1739
rl2371,ac2856
rl2372,ac3106
rl2373,ac3410
rl2374,ac3446
rl2375,ac1696
rl2376,ac4230
rl2377,ac1375
rl2378,ac3494
rl2379,ac639
rl2380,ac2103
rl2381,ac141
rl2382,ac3054
rl2383,ac2962
rl2384,ac1784
rl2385,ac2411
rl2386,ac141
rl2387,ac4415
rl2388,ac2736
rl2389,ac2515
rl2390,ac3873
rl2391,ac1025
rl2392,ac112
rl2393,ac3298
rl2394,ac3298
rl2395,ac2975
rl2396,ac1302
rl2397,ac223
rl2398,ac3290
rl2399,ac3462
rl2400,ac694
rl2401,ac1840
rl2402,ac190
rl2403,ac2425
rl2404,ac3801
rl2405,ac3555
rl2406,ac141
rl2407,ac2807
rl2408,ac3789
rl2409,ac919
rl2410,ac3112
rl2411,ac3525
rl2412,ac1384
rl2413,ac190
rl2414,ac2694
rl2415,ac3602
rl2416,ac2874
rl2417,ac141
rl2418,ac730
rl2419,ac34
rl2420,ac850
rl2421,ac141
rl2422,ac3320
rl2423,ac1678
rl2424,ac2202
rl2425,ac2972
rl2426,ac607
rl2427,ac2172
rl2428,ac250
rl2429,ac141
rl2430,ac2226
rl2431,ac1114
rl2432,ac3869
rl2433,ac301
rl2434,ac1631
rl2435,ac1631
rl2436,ac2175
rl2437,ac2175
rl2438,ac141
rl2439,ac1714
rl2440,ac597
rl2441,ac141
rl2442,ac396
rl2443,ac2386
rl2444,ac141
rl2445,ac65
rl2446,ac2985
rl2447,ac2018
rl2448,ac145
rl2449,ac3505
rl2450,ac1870
rl2451,ac141
rl2452,ac3024
rl2453,ac1704
rl2454,ac2611
rl2455,ac3710
rl2456,ac4590
rl2457,ac2860
rl2458,ac4609
rl2459,ac31
rl2460,ac141
rl2461,ac3829
rl2462,ac1533
rl2463,ac3503
rl2464,ac1748
rl2465,ac4222
rl2466,ac4222
rl2467,ac2045
rl2468,ac2045
rl2469,ac1
rl2470,ac141
rl2471,ac3052
rl2472,ac141
rl2473,ac141
rl2474,ac146
rl2475,ac665
rl2476,ac3833
rl2477,ac2276
rl2478,ac478
rl2479,ac4362
rl2480,ac141
rl2481,ac1858
rl2482,ac141
rl2483,ac2098
rl2484,ac1677
rl2485,ac1677
rl2486,ac1949
rl2487,ac459
rl2488,ac377
rl2489,ac1249
rl2490,ac2539
rl2491,ac141
rl2492,ac141
rl2493,ac1549
rl2494,ac3106
rl2495,ac1594
rl2496,ac4081
rl2497,ac36
rl2498,ac3365
rl2499,ac3547
rl2500,ac141
rl2501,ac3807
rl2502,ac3225
rl2503,ac4601
rl2504,ac2570
rl2505,ac2817
rl2506,ac2738
rl2507,ac1047
rl2508,ac974
rl2509,ac4572
rl2510,ac141
rl2511,ac4464
rl2512,ac1941
rl2513,ac3593
rl2514,ac3593
rl2515,ac3421
rl2516,ac3960
rl2517,ac3872
rl2518,ac2048
rl2519,ac141
rl2520,ac876
rl2521,ac876
rl2522,ac744
rl2523,ac445
rl2524,ac141
rl2525,ac2563
rl2526,ac3542
rl2527,ac2933
rl2528,ac3983
rl2529,ac141
rl2530,ac2418
rl2531,ac1504
rl2532,ac4058
rl2533,ac993
rl2534,ac1335
rl2535,ac1435
rl2536,ac632
rl2537,ac4306
rl2538,ac3455
rl2539,ac299
rl2540,ac3331
rl2541,ac3445
rl2542,ac141
rl2543,ac453
rl2544,ac4277
rl2545,ac1060
rl2546,ac3189
rl2547,ac18
rl2548,ac2678
rl2549,ac3248
rl2550,ac400
rl2551,ac141
rl2552,ac3055
rl2553,ac927
rl2554,ac141
rl2555,ac359
rl2556,ac2234
rl2557,ac2015
rl2558,ac2639
rl2559,ac222
rl2560,ac1829
rl2561,ac2815
rl2562,ac2151
rl2563,ac3108
rl2564,ac1766
rl2565,ac927
rl2566,ac1908
rl2567,ac2974
rl2568,ac141
rl2569,ac4113
rl2570,ac703
rl2571,ac4567
rl2572,ac4043
rl2573,ac388
rl2574,ac4556
rl2575,ac4451
rl2576,ac1100
rl2577,ac1687
rl2578,ac642
rl2579,ac3620
rl2580,ac141
rl2581,ac1294
rl2582,ac141
rl2583,ac939
rl2584,ac522
rl2585,ac2437
rl2586,ac4272
rl2587,ac3599
rl2588,ac107
rl2589,ac1437
rl2590,ac762
rl2591,ac401
rl2592,ac1349
rl2593,ac449
rl2594,ac141
rl2595,ac1626
rl2596,ac2175
rl2597,ac1182
rl2598,ac3730
rl2599,ac2430
rl2600,ac141
rl2601,ac1622
rl2602,ac2844
rl2603,ac971
rl2604,ac1855
rl2605,ac794
rl2606,ac401
rl2607,ac4415
rl2608,ac480
rl2609,ac141
rl2610,ac141
rl2611,ac3212
rl2612,ac3561
rl2613,ac2487
rl2614,ac687
rl2615,ac3353
rl2616,ac141
rl2617,ac141
rl2618,ac2816
rl2619,ac2612
rl2620,ac141
rl2621,ac141
rl2622,ac2612
rl2623,ac3055
rl2624,ac801
rl2625,ac3057
rl2626,ac337
rl2627,ac139
rl2628,ac396
rl2629,ac141
rl2630,ac4114
rl2631,ac2952
rl2632,ac2550
rl2633,ac634
rl2634,ac3049
rl2635,ac739
rl2636,ac1095
rl2637,ac3601
rl2638,ac4137
rl2639,ac878
rl2640,ac183
rl2641,ac1126
rl2642,ac3117
rl2643,ac3475
rl2644,ac1809
rl2645,ac4623
rl2646,ac980
rl2647,ac3167
rl2648,ac3641
rl2649,ac1219
rl2650,ac141
rl2651,ac454
rl2652,ac684
rl2653,ac4614
rl2654,ac1252
rl2655,ac141
rl2656,ac4456
rl2657,ac3195
rl2658,ac3474
rl2659,ac625
rl2660,ac2276
rl2661,ac3022
rl2662,ac141
rl2663,ac141
rl2664,ac141
rl2665,ac141
rl2666,ac3916
rl2667,ac2753
rl2668,ac3217
rl2669,ac4470
rl2670,ac3958
rl2671,ac478
rl2672,ac2099
rl2673,ac4092
rl2674,ac667
rl2675,ac141
rl2676,ac141
rl2677,ac141
rl2678,ac4210
rl2679,ac725
rl2680,ac1043
rl2681,ac1854
rl2682,ac938
rl2683,ac1462
rl2684,ac1462
rl2685,ac2451
rl2686,ac956
rl2687,ac2170
rl2688,ac141
rl2689,ac524
rl2690,ac141
rl2691,ac1235
rl2692,ac2748
rl2693,ac141
rl2694,ac4099
rl2695,ac2371
rl2696,ac141
rl2697,ac1085
rl2698,ac519
rl2699,ac236
rl2700,ac56
rl2701,ac2485
rl2702,ac141
rl2703,ac2315
rl2704,ac141
rl2705,ac1986
rl2706,ac2804
rl2707,ac3897
rl2708,ac3897
rl2709,ac141
rl2710,ac1590
rl2711,ac3123
rl2712,ac1881
rl2713,ac3279
rl2714,ac71
rl2715,ac2790
rl2716,ac3070
rl2717,ac4381
rl2718,ac141
rl2719,ac2560
rl2720,ac141
rl2721,ac1042
rl2722,ac141
rl2723,ac141
rl2724,ac419
rl2725,ac4378
rl2726,ac108
rl2727,ac700
rl2728,ac807
rl2729,ac807
rl2730,ac2249
rl2731,ac3016
rl2732,ac141
rl2733,ac1141
rl2734,ac1088
rl2735,ac1170
rl2736,ac141
rl2737,ac2109
rl2738,ac245
rl2739,ac4121
rl2740,ac4232
rl2741,ac141
rl2742,ac1952
rl2743,ac2465
rl2744,ac3464
rl2745,ac4062
rl2746,ac2760
rl2747,ac626
rl2748,ac4305
rl2749,ac1984
rl2750,ac2553
rl2751,ac3517
rl2752,ac2874
rl2753,ac141
rl2754,ac2210
rl2755,ac2210
rl2756,ac3338
rl2757,ac141
rl2758,ac4090
rl2759,ac3630
rl2760,ac3630
rl2761,ac3300
rl2762,ac4224
rl2763,ac352
rl2764,ac951
rl2765,ac3412
rl2766,ac3969
rl2767,ac910
rl2768,ac141
rl2769,ac1522
rl2770,ac2158
rl2771,ac141
rl2772,ac1051
rl2773,ac2678
rl2774,ac3014
rl2775,ac1299
rl2776,ac141
rl2777,ac1084
rl2778,ac4035
rl2779,ac4138
rl2780,ac4146
rl2781,ac2372
rl2782,ac2206
rl2783,ac2527
rl2784,ac949
rl2785,ac3851
rl2786,ac2981
rl2787,ac4380
rl2788,ac1844
rl2789,ac1844
rl2790,ac3500
rl2791,ac3500
rl2792,ac2556
rl2793,ac3912
rl2794,ac245
rl2795,ac3140
rl2796,ac141
rl2797,ac3863
rl2798,ac1462
rl2799,ac3013
rl2800,ac1003
rl2801,ac185
rl2802,ac141
rl2803,ac355
rl2804,ac3497
rl2805,ac3024
rl2806,ac3719
rl2807,ac1116
rl2808,ac2903
rl2809,ac16
rl2810,ac1702
rl2811,ac2819
rl2812,ac2420
rl2813,ac2420
rl2814,ac2347
rl2815,ac34
rl2816,ac141
rl2817,ac141
rl2818,ac2616
rl2819,ac1961
rl2820,ac3809
rl2821,ac3849
rl2822,ac1827
rl2823,ac3382
rl2824,ac141
rl2825,ac141
rl2826,ac3772
rl2827,ac1226
rl2828,ac59
rl2829,ac141
rl2830,ac4388
rl2831,ac1416
rl2832,ac141
rl2833,ac954
rl2834,ac2344
rl2835,ac1937
rl2836,ac141
rl2837,ac3205
rl2838,ac395
rl2839,ac3147
rl2840,ac1155
rl2841,ac3947
rl2842,ac4221
rl2843,ac141
rl2844,ac141
rl2845,ac439
rl2846,ac1986
rl2847,ac4173
rl2848,ac4253
rl2849,ac418
rl2850,ac3871
rl2851,ac2537
rl2852,ac1756
rl2853,ac3434
rl2854,ac3871
rl2855,ac141
rl2856,ac1594
rl2857,ac3727
rl2858,ac2546
rl2859,ac551
rl2860,ac3731
rl2861,ac940
rl2862,ac1745
rl2863,ac141
rl2864,ac1967
rl2865,ac4153
rl2866,ac837
rl2867,ac141
rl2868,ac1170
rl2869,ac765
rl2870,ac2821
rl2871,ac619
rl2872,ac141
rl2873,ac1262
rl2874,ac141
rl2875,ac346
rl2876,ac1147
rl2877,ac3068
rl2878,ac584
rl2879,ac141
rl2880,ac4462
rl2881,ac517
rl2882,ac2251
rl2883,ac1201
rl2884,ac141
rl2885,ac428
rl2886,ac1552
rl2887,ac1130
rl2888,ac1130
rl2889,ac4205
rl2890,ac1329
rl2891,ac3665
rl2892,ac3857
rl2893,ac1210
rl2894,ac141
rl2895,ac141
rl2896,ac3453
rl2897,ac3047
rl2898,ac141
rl2899,ac3134
rl2900,ac141
rl2901,ac605
rl2902,ac1131
rl2903,ac2951
rl2904,ac3357
rl2905,ac1199
rl2906,ac1908
rl2907,ac2214
rl2908,ac3095
rl2909,ac3609
rl2910,ac1413
rl2911,ac986
rl2912,ac2419
rl2913,ac4230
rl2914,ac1503
rl2915,ac141
rl2916,ac113
rl2917,ac1218
rl2918,ac2739
rl2919,ac661
rl2920,ac3449
rl2921,ac669
rl2922,ac1570
rl2923,ac2152
rl2924,ac614
rl2925,ac176
rl2926,ac3009
rl2927,ac4036
rl2928,ac3646
rl2929,ac1163
rl2930,ac141
rl2931,ac3718
rl2932,ac300
rl2933,ac3433
rl2934,ac817
rl2935,ac4300
rl2936,ac2724
rl2937,ac4446
rl2938,ac3556
rl2939,ac1641
rl2940,ac4560
rl2941,ac2055
rl2942,ac2413
rl2943,ac3282
rl2944,ac341
rl2945,ac3081
rl2946,ac1333
rl2947,ac3359
rl2948,ac4153
rl2949,ac4008
rl2950,ac2144
rl2951,ac141
rl2952,ac4247
rl2953,ac69
rl2954,ac238
rl2955,ac141
rl2956,ac1059
rl2957,ac4578
rl2958,ac1924
rl2959,ac1433
rl2960,ac141
rl2961,ac1059
rl2962,ac3492
rl2963,ac3682
rl2964,ac4029
rl2965,ac4336
rl2966,ac91
rl2967,ac3300
rl2968,ac4195
rl2969,ac4317
rl2970,ac3156
rl2971,ac404
rl2972,ac191
rl2973,ac1005
rl2974,ac1538
rl2975,ac2581
rl2976,ac263
rl2977,ac141
rl2978,ac4547
rl2979,ac4047
rl2980,ac2464
rl2981,ac3803
rl2982,ac563
rl2983,ac4596
rl2984,ac3060
rl2985,ac2227
rl2986,ac134
rl2987,ac1725
rl2988,ac667
rl2989,ac506
rl2990,ac2105
rl2991,ac159
rl2992,ac757
rl2993,ac1228
rl2994,ac322
rl2995,ac1867
rl2996,ac3399
rl2997,ac141
rl2998,ac3745
rl2999,ac2191
rl3000,ac182
rl3001,ac1119
rl3002,ac848
rl3003,ac3998
rl3004,ac4199
rl3005,ac1943
rl3006,ac2252
rl3007,ac4015
rl3008,ac223
rl3009,ac320
rl3010,ac1613
rl3011,ac2840
rl3012,ac4628
rl3013,ac3651
rl3014,ac141
rl3015,ac4598
rl3016,ac3900
rl3017,ac2608
rl3018,ac2886
rl3019,ac3338
rl3020,ac141
rl3021,ac4293
rl3022,ac141
rl3023,ac233
rl3024,ac4184
rl3025,ac3169
rl3026,ac3221
rl3027,ac3787
rl3028,ac4508
rl3029,ac137
rl3030,ac4227
rl3031,ac2035
rl3032,ac141
rl3033,ac3954
rl3034,ac1337
rl3035,ac1366
rl3036,ac4570
rl3037,ac742
rl3038,ac3139
rl3039,ac4087
rl3040,ac3677
rl3041,ac2486
rl3042,ac412
rl3043,ac864
rl3044,ac1985
rl3045,ac3858
rl3046,ac4385
rl3047,ac1766
rl3048,ac2316
rl3049,ac4070
rl3050,ac2757
rl3051,ac469
rl3052,ac2555
rl3053,ac1704
rl3054,ac3470
rl3055,ac141
rl3056,ac1437
rl3057,ac917
rl3058,ac3843
rl3059,ac403
rl3060,ac3477
rl3061,ac512
rl3062,ac141
rl3063,ac4485
rl3064,ac3217
rl3065,ac420
rl3066,ac141
rl3067,ac1366
rl3068,ac2113
rl3069,ac2113
rl3070,ac2918
rl3071,ac3320
rl3072,ac141
rl3073,ac3007
rl3074,ac4523
rl3075,ac2033
rl3076,ac141
rl3077,ac141
rl3078,ac3202
rl3079,ac3478
rl3080,ac3075
rl3081,ac4093
rl3082,ac893
rl3083,ac1491
rl3084,ac1491
rl3085,ac358
rl3086,ac141
rl3087,ac141
rl3088,ac141
rl3089,ac3752
rl3090,ac2909
rl3091,ac2371
rl3092,ac3620
rl3093,ac1521
rl3094,ac891
rl3095,ac830
rl3096,ac2444
rl3097,ac3826
rl3098,ac2320
rl3099,ac2189
rl3100,ac1044
rl3101,ac4496
rl3102,ac4455
rl3103,ac819
rl3104,ac141
rl3105,ac1824
rl3106,ac2152
rl3107,ac2035
rl3108,ac2035
rl3109,ac4107
rl3110,ac1257
rl3111,ac1257
rl3112,ac3619
rl3113,ac4357
rl3114,ac2464
rl3115,ac3593
rl3116,ac1273
rl3117,ac3471
rl3118,ac4426
rl3119,ac3749
rl3120,ac1831
rl3121,ac2272
rl3122,ac2258
rl3123,ac141
rl3124,ac485
rl3125,ac1796
rl3126,ac2889
rl3127,ac3121
rl3128,ac3370
rl3129,ac1635
rl3130,ac4590
rl3131,ac141
rl3132,ac3911
rl3133,ac1112
rl3134,ac4448
rl3135,ac4262
rl3136,ac3702
rl3137,ac160
rl3138,ac4094
rl3139,ac2002
rl3140,ac4320
rl3141,ac141
rl3142,ac258
rl3143,ac1902
rl3144,ac1188
rl3145,ac681
rl3146,ac141
rl3147,ac141
rl3148,ac13
rl3149,ac444
rl3150,ac4607
rl3151,ac3031
rl3152,ac3799
rl3153,ac141
rl3154,ac3237
rl3155,ac3206
rl3156,ac4159
rl3157,ac2644
rl3158,ac939
rl3159,ac141
rl3160,ac43
rl3161,ac1349
rl3162,ac4477
rl3163,ac2494
rl3164,ac3825
rl3165,ac3544
rl3166,ac99
rl3167,ac2998
rl3168,ac2666
rl3169,ac1316
rl3170,ac492
rl3171,ac2983
rl3172,ac3030
rl3173,ac395
rl3174,ac141
rl3175,ac1869
rl3176,ac319
rl3177,ac1755
rl3178,ac3314
rl3179,ac1323
rl3180,ac2602
rl3181,ac573
rl3182,ac338
rl3183,ac141
rl3184,ac565
rl3185,ac51
rl3186,ac698
rl3187,ac214
rl3188,ac141
rl3189,ac1101
rl3190,ac289
rl3191,ac1546
rl3192,ac141
rl3193,ac141
rl3194,ac3540
rl3195,ac3540
rl3196,ac1894
rl3197,ac1894
rl3198,ac1286
rl3199,ac141
rl3200,ac3342
rl3201,ac3409
rl3202,ac1526
rl3203,ac3081
rl3204,ac141
rl3205,ac4185
rl3206,ac2641
rl3207,ac3055
rl3208,ac141
rl3209,ac1923
rl3210,ac2058
rl3211,ac668
rl3212,ac233
rl3213,ac531
rl3214,ac2887
rl3215,ac3272
rl3216,ac4328
rl3217,ac533
rl3218,ac444
rl3219,ac2649
rl3220,ac4225
rl3221,ac4225
rl3222,ac141
rl3223,ac109
rl3224,ac3186
rl3225,ac198
rl3226,ac4460
rl3227,ac1917
rl3228,ac4068
rl3229,ac4262
rl3230,ac1703
rl3231,ac600
rl3232,ac774
rl3233,ac3394
rl3234,ac2460
rl3235,ac1788
rl3236,ac4291
rl3237,ac1583
rl3238,ac2745
rl3239,ac4561
rl3240,ac3924
rl3241,ac2889
rl3242,ac875
rl3243,ac2268
rl3244,ac1252
rl3245,ac4170
rl3246,ac681
rl3247,ac3051
rl3248,ac2085
rl3249,ac1153
rl3250,ac2372
rl3251,ac2185
rl3252,ac1955
rl3253,ac3226
rl3254,ac3226
rl3255,ac1009
rl3256,ac55
rl3257,ac3408
rl3258,ac141
rl3259,ac1923
rl3260,ac1040
rl3261,ac2123
rl3262,ac3571
rl3263,ac2795
rl3264,ac1065
rl3265,ac3098
rl3266,ac1565
rl3267,ac720
rl3268,ac4248
rl3269,ac1172
rl3270,ac2885
rl3271,ac3022
rl3272,ac3769
rl3273,ac3769
rl3274,ac3481
rl3275,ac3720
rl3276,ac2932
rl3277,ac1894
rl3278,ac3207
rl3279,ac3070
rl3280,ac1094
rl3281,ac988
rl3282,ac3585
rl3283,ac1030
rl3284,ac1030
rl3285,ac72
rl3286,ac1579
rl3287,ac1579
rl3288,ac1584
rl3289,ac3340
rl3290,ac152
rl3291,ac152
rl3292,ac2151
rl3293,ac2151
rl3294,ac185
rl3295,ac4079
rl3296,ac141
rl3297,ac141
rl3298,ac141
rl3299,ac224
rl3300,ac1200
rl3301,ac141
rl3302,ac1350
rl3303,ac1660
rl3304,ac3565
rl3305,ac141
rl3306,ac850
rl3307,ac141
rl3308,ac2653
rl3309,ac2441
rl3310,ac960
rl3311,ac3001
rl3312,ac1759
rl3313,ac1463
rl3314,ac652
rl3315,ac1595
rl3316,ac1805
rl3317,ac1496
rl3318,ac2326
rl3319,ac3982
rl3320,ac2158
rl3321,ac4558
rl3322,ac3466
rl3323,ac205
rl3324,ac4261
rl3325,ac3647
rl3326,ac3124
rl3327,ac1469
rl3328,ac4239
rl3329,ac844
rl3330,ac141
rl3331,ac4395
rl3332,ac141
rl3333,ac1713
rl3334,ac141
rl3335,ac2485
rl3336,ac2577
rl3337,ac1926
rl3338,ac526
rl3339,ac3679
rl3340,ac141
rl3341,ac2225
rl3342,ac3063
rl3343,ac2803
rl3344,ac141
rl3345,ac2126
rl3346,ac3968
rl3347,ac3037
rl3348,ac3762
rl3349,ac4189
rl3350,ac1792
rl3351,ac990
rl3352,ac2614
rl3353,ac2456
rl3354,ac1810
rl3355,ac2218
rl3356,ac2577
rl3357,ac141
rl3358,ac1166
rl3359,ac529
rl3360,ac1573
rl3361,ac1295
rl3362,ac745
rl3363,ac2996
rl3364,ac141
rl3365,ac2706
rl3366,ac2706
rl3367,ac4595
rl3368,ac765
rl3369,ac62
rl3370,ac2150
rl3371,ac4301
rl3372,ac3106
rl3373,ac2501
rl3374,ac1882
rl3375,ac4554
rl3376,ac3882
rl3377,ac4324
rl3378,ac3714
rl3379,ac294
rl3380,ac294
rl3381,ac2051
rl3382,ac1267
rl3383,ac141
rl3384,ac1305
rl3385,ac667
rl3386,ac2512
rl3387,ac539
rl3388,ac141
rl3389,ac3274
rl3390,ac906
rl3391,ac2365
rl3392,ac3904
rl3393,ac141
rl3394,ac4278
rl3395,ac3645
rl3396,ac569
rl3397,ac2099
rl3398,ac1560
rl3399,ac4207
rl3400,ac4277
rl3401,ac141
rl3402,ac141
rl3403,ac2525
rl3404,ac658
rl3405,ac501
rl3406,ac141
rl3407,ac466
rl3408,ac537
rl3409,ac2141
rl3410,ac141
rl3411,ac141
rl3412,ac141
rl3413,ac141
rl3414,ac2849
rl3415,ac141
rl3416,ac2228
rl3417,ac4487
rl3418,ac889
rl3419,ac1697
rl3420,ac1771
rl3421,ac709
rl3422,ac1083
rl3423,ac4238
rl3424,ac131
rl3425,ac3664
rl3426,ac1421
rl3427,ac4181
rl3428,ac3386
rl3429,ac141
rl3430,ac2293
rl3431,ac3357
rl3432,ac141
rl3433,ac3677
rl3434,ac141
rl3435,ac4606
rl3436,ac1532
rl3437,ac2873
rl3438,ac1660
rl3439,ac1638
rl3440,ac141
rl3441,ac510
rl3442,ac445
rl3443,ac1640
rl3444,ac952
rl3445,ac242
rl3446,ac3538
rl3447,ac141
rl3448,ac1854
rl3449,ac1854
rl3450,ac579
rl3451,ac2339
rl3452,ac4363
rl3453,ac514
rl3454,ac749
rl3455,ac3468
rl3456,ac1638
rl3457,ac4060
rl3458,ac354
rl3459,ac1576
rl3460,ac4413
rl3461,ac838
rl3462,ac4471
rl3463,ac1952
rl3464,ac1503
rl3465,ac2542
rl3466,ac1536
rl3467,ac141
rl3468,ac878
rl3469,ac1489
rl3470,ac2303
rl3471,ac402
rl3472,ac2169
rl3473,ac809
rl3474,ac3880
rl3475,ac4421
rl3476,ac3602
rl3477,ac905
rl3478,ac208
rl3479,ac2350
rl3480,ac1918
rl3481,ac1500
rl3482,ac1938
rl3483,ac1754
rl3484,ac719
rl3485,ac3683
rl3486,ac2693
rl3487,ac2780
rl3488,ac3501
rl3489,ac3501
rl3490,ac1238
rl3491,ac3032
rl3492,ac4022
rl3493,ac3647
rl3494,ac3625
rl3495,ac2242
rl3496,ac4096
rl3497,ac1997
rl3498,ac960
rl3499,ac141
rl3500,ac141
rl3501,ac166
rl3502,ac541
rl3503,ac1129
rl3504,ac185
rl3505,ac141
rl3506,ac2932
rl3507,ac4147
rl3508,ac3801
rl3509,ac1516
rl3510,ac364
rl3511,ac2160
rl3512,ac801
rl3513,ac574
rl3514,ac141
rl3515,ac2606
rl3516,ac3024
rl3517,ac726
rl3518,ac1012
rl3519,ac3822
rl3520,ac3293
rl3521,ac1845
rl3522,ac2349
rl3523,ac3272
rl3524,ac4384
rl3525,ac570
rl3526,ac203
rl3527,ac141
rl3528,ac141
rl3529,ac1440
rl3530,ac3339
rl3531,ac3339
rl3532,ac1899
rl3533,ac75
rl3534,ac1600
rl3535,ac4077
rl3536,ac141
rl3537,ac3910
rl3538,ac1405
rl3539,ac1405
rl3540,ac141
rl3541,ac2754
rl3542,ac555
rl3543,ac141
rl3544,ac879
rl3545,ac4604
rl3546,ac4604
rl3547,ac883
rl3548,ac1866
rl3549,ac2815
rl3550,ac141
rl3551,ac2630
rl3552,ac2324
rl3553,ac3740
rl3554,ac2017
rl3555,ac3236
rl3556,ac2229
rl3557,ac2229
rl3558,ac1743
rl3559,ac4505
rl3560,ac1992
rl3561,ac141
rl3562,ac2955
rl3563,ac794
rl3564,ac3481
rl3565,ac1651
rl3566,ac308
rl3567,ac141
rl3568,ac4502
rl3569,ac4591
rl3570,ac3615
rl3571,ac3592
rl3572,ac2325
rl3573,ac3351
rl3574,ac141
rl3575,ac220
rl3576,ac2616
rl3577,ac3584
rl3578,ac2627
rl3579,ac107
rl3580,ac1328
rl3581,ac3423
rl3582,ac2818
rl3583,ac859
rl3584,ac1823
rl3585,ac1447
rl3586,ac547
rl3587,ac2475
rl3588,ac1679
rl3589,ac2353
rl3590,ac294
rl3591,ac3700
rl3592,ac141
rl3593,ac3208
rl3594,ac3585
rl3595,ac4290
rl3596,ac2038
rl3597,ac3770
rl3598,ac1203
rl3599,ac141
rl3600,ac4323
rl3601,ac1970
rl3602,ac141
rl3603,ac3662
rl3604,ac4500
rl3605,ac3461
rl3606,ac141
rl3607,ac2163
rl3608,ac2148
rl3609,ac1452
rl3610,ac2849
rl3611,ac4599
rl3612,ac3067
rl3613,ac141
rl3614,ac3874
rl3615,ac529
rl3616,ac4386
rl3617,ac81
rl3618,ac1907
rl3619,ac4025
rl3620,ac3671
rl3621,ac141
rl3622,ac1888
rl3623,ac101
rl3624,ac3942
rl3625,ac2106
rl3626,ac1373
rl3627,ac766
rl3628,ac2616
rl3629,ac734
rl3630,ac590
rl3631,ac417
rl3632,ac141
rl3633,ac648
rl3634,ac2570
rl3635,ac141
rl3636,ac1717
rl3637,ac3550
rl3638,ac1548
rl3639,ac287
rl3640,ac141
rl3641,ac2901
rl3642,ac4457
rl3643,ac144
rl3644,ac2320
rl3645,ac2320
rl3646,ac566
rl3647,ac2143
rl3648,ac3304
rl3649,ac2093
rl3650,ac141
rl3651,ac237
rl3652,ac141
rl3653,ac49
rl3654,ac479
rl3655,ac4389
rl3656,ac1772
rl3657,ac278
rl3658,ac141
rl3659,ac141
rl3660,ac353
rl3661,ac3005
rl3662,ac1177
rl3663,ac1904
rl3664,ac141
rl3665,ac3752
rl3666,ac141
rl3667,ac3205
rl3668,ac688
rl3669,ac923
rl3670,ac3858
rl3671,ac352
rl3672,ac1278
rl3673,ac141
rl3674,ac404
rl3675,ac194
rl3676,ac1744
rl3677,ac4258
rl3678,ac550
rl3679,ac1006
rl3680,ac3840
rl3681,ac2576
rl3682,ac4391
rl3683,ac1162
rl3684,ac2505
rl3685,ac2421
rl3686,ac632
rl3687,ac141
rl3688,ac3249
rl3689,ac909
rl3690,ac305
rl3691,ac141
rl3692,ac3732
rl3693,ac3732
rl3694,ac1015
rl3695,ac1301
rl3696,ac2752
rl3697,ac4495
rl3698,ac141
rl3699,ac1794
rl3700,ac394
rl3701,ac3049
rl3702,ac4363
rl3703,ac2567
rl3704,ac2045
rl3705,ac2272
rl3706,ac3346
rl3707,ac1987
rl3708,ac511
rl3709,ac1360
rl3710,ac1360
rl3711,ac2469
rl3712,ac4184
rl3713,ac2765
rl3714,ac2775
rl3715,ac4072
rl3716,ac3845
rl3717,ac2374
rl3718,ac1034
rl3719,ac3420
rl3720,ac4421
rl3721,ac3973
rl3722,ac560
rl3723,ac3456
rl3724,ac112
rl3725,ac112
rl3726,ac1618
rl3727,ac932
rl3728,ac3531
rl3729,ac141
rl3730,ac2534
rl3731,ac2335
rl3732,ac2053
rl3733,ac690
rl3734,ac141
rl3735,ac1191
rl3736,ac141
rl3737,ac1468
rl3738,ac438
rl3739,ac3990
rl3740,ac2151
rl3741,ac295
rl3742,ac154
rl3743,ac154
rl3744,ac419
rl3745,ac141
rl3746,ac138
rl3747,ac893
rl3748,ac394
rl3749,ac141
rl3750,ac141
rl3751,ac2917
rl3752,ac2425
rl3753,ac4219
rl3754,ac2543
rl3755,ac3395
rl3756,ac207
rl3757,ac738
rl3758,ac773
rl3759,ac3430
rl3760,ac96
rl3761,ac4314
rl3762,ac193
rl3763,ac193
rl3764,ac1556
rl3765,ac107
rl3766,ac141
rl3767,ac141
rl3768,ac2735
rl3769,ac3313
rl3770,ac3588
rl3771,ac2658
rl3772,ac3255
rl3773,ac3230
rl3774,ac3230
rl3775,ac402
rl3776,ac1849
rl3777,ac774
rl3778,ac774
rl3779,ac141
rl3780,ac141
rl3781,ac3952
rl3782,ac141
rl3783,ac924
rl3784,ac4188
rl3785,ac3812
rl3786,ac173
rl3787,ac3753
rl3788,ac2303
rl3789,ac94
rl3790,ac1204
rl3791,ac718
rl3792,ac2497
rl3793,ac4529
rl3794,ac4497
rl3795,ac4052
rl3796,ac1909
rl3797,ac141
rl3798,ac141
rl3799,ac4452
rl3800,ac845
rl3801,ac4175
rl3802,ac348
rl3803,ac3172
rl3804,ac141
rl3805,ac4455
rl3806,ac4319
rl3807,ac4562
rl3808,ac4061
rl3809,ac1361
rl3810,ac314
rl3811,ac3119
rl3812,ac141
rl3813,ac2711
rl3814,ac3504
rl3815,ac3728
rl3816,ac3324
rl3817,ac3733
rl3818,ac947
rl3819,ac1375
rl3820,ac2725
rl3821,ac2356
rl3822,ac3643
rl3823,ac2409
rl3824,ac2596
rl3825,ac141
rl3826,ac3851
rl3827,ac1876
rl3828,ac4182
rl3829,ac141
rl3830,ac1014
rl3831,ac237
rl3832,ac1630
rl3833,ac3362
rl3834,ac61
rl3835,ac141
rl3836,ac1144
rl3837,ac281
rl3838,ac189
rl3839,ac1246
rl3840,ac2581
rl3841,ac455
rl3842,ac141
rl3843,ac141
rl3844,ac3529
rl3845,ac2466
rl3846,ac4164
rl3847,ac1389
rl3848,ac1741
rl3849,ac1705
rl3850,ac3096
rl3851,ac141
rl3852,ac1498
rl3853,ac2595
rl3854,ac744
rl3855,ac141
rl3856,ac3588
rl3857,ac3817
rl3858,ac2224
rl3859,ac1804
rl3860,ac1494
rl3861,ac2749
rl3862,ac2002
rl3863,ac2287
rl3864,ac2840
rl3865,ac3329
rl3866,ac141
rl3867,ac3686
rl3868,ac3752
rl3869,ac2669
rl3870,ac1217
rl3871,ac141
rl3872,ac4287
rl3873,ac4522
rl3874,ac212
rl3875,ac141
rl3876,ac141
rl3877,ac3629
rl3878,ac3975
rl3879,ac4143
rl3880,ac1180
rl3881,ac3620
rl3882,ac1838
rl3883,ac141
rl3884,ac141
rl3885,ac141
rl3886,ac4512
rl3887,ac4512
rl3888,ac2262
rl3889,ac4130
rl3890,ac141
rl3891,ac1388
rl3892,ac3403
rl3893,ac4463
rl3894,ac3041
rl3895,ac1880
rl3896,ac2057
rl3897,ac222
rl3898,ac4131
rl3899,ac4250
rl3900,ac2758
rl3901,ac141
rl3902,ac1461
rl3903,ac4534
rl3904,ac2060
rl3905,ac3311
rl3906,ac1287
rl3907,ac884
rl3908,ac653
rl3909,ac562
rl3910,ac2763
rl3911,ac1790
rl3912,ac2962
rl3913,ac4123
rl3914,ac2259
rl3915,ac1927
rl3916,ac3604
rl3917,ac4624
rl3918,ac2934
rl3919,ac3210
rl3920,ac2284
rl3921,ac3946
rl3922,ac1165
rl3923,ac4277
rl3924,ac585
rl3925,ac2527
rl3926,ac1965
rl3927,ac825
rl3928,ac1903
rl3929,ac141
rl3930,ac130
rl3931,ac2601
rl3932,ac141
rl3933,ac1655
rl3934,ac3707
rl3935,ac589
rl3936,ac1332
rl3937,ac4150
rl3938,ac4422
rl3939,ac753
rl3940,ac766
rl3941,ac141
rl3942,ac469
rl3943,ac4355
rl3944,ac2083
rl3945,ac1779
rl3946,ac2692
rl3947,ac495
rl3948,ac1741
rl3949,ac3595
rl3950,ac2986
rl3951,ac1668
rl3952,ac891
rl3953,ac650
rl3954,ac1709
rl3955,ac2547
rl3956,ac141
rl3957,ac141
rl3958,ac3276
rl3959,ac141
rl3960,ac4387
rl3961,ac4155
rl3962,ac1612
rl3963,ac368
rl3964,ac141
rl3965,ac4387
rl3966,ac4475
rl3967,ac141
rl3968,ac3788
rl3969,ac141
rl3970,ac1082
rl3971,ac1939
rl3972,ac1957
rl3973,ac2241
rl3974,ac1321
rl3975,ac4136
rl3976,ac141
rl3977,ac3363
rl3978,ac3348
rl3979,ac1073
rl3980,ac141
rl3981,ac141
rl3982,ac3344
rl3983,ac2102
rl3984,ac4431
rl3985,ac141
rl3986,ac2346
rl3987,ac141
rl3988,ac850
rl3989,ac815
rl3990,ac1673
rl3991,ac723
rl3992,ac491
rl3993,ac141
rl3994,ac2412
rl3995,ac2010
rl3996,ac470
rl3997,ac1019
rl3998,ac935
rl3999,ac2662
rl4000,ac301
rl4001,ac301
rl4002,ac479
rl4003,ac141
rl4004,ac808
rl4005,ac1611
rl4006,ac141
rl4007,ac722
rl4008,ac276
rl4009,ac1336
rl4010,ac3130
rl4011,ac3837
rl4012,ac3837
rl4013,ac2403
rl4014,ac1775
rl4015,ac3381
rl4016,ac3122
rl4017,ac4537
rl4018,ac3174
rl4019,ac633
rl4020,ac141
rl4021,ac2155
rl4022,ac4378
rl4023,ac2586
rl4024,ac3218
rl4025,ac2001
rl4026,ac4264
rl4027,ac467
rl4028,ac3167
rl4029,ac3445
rl4030,ac645
rl4031,ac556
rl4032,ac1932
rl4033,ac1932
rl4034,ac141
rl4035,ac3512
rl4036,ac4291
rl4037,ac3296
rl4038,ac1274
rl4039,ac3805
rl4040,ac475
rl4041,ac4537
rl4042,ac1079
rl4043,ac3809
rl4044,ac141
rl4045,ac3110
rl4046,ac2326
rl4047,ac4409
rl4048,ac1303
rl4049,ac2841
rl4050,ac3726
rl4051,ac3596
rl4052,ac195
rl4053,ac2007
rl4054,ac4449
rl4055,ac512
rl4056,ac1930
rl4057,ac275
rl4058,ac140
rl4059,ac2458
rl4060,ac2392
rl4061,ac1784
rl4062,ac2499
rl4063,ac581
rl4064,ac4434
rl4065,ac2195
rl4066,ac3126
rl4067,ac1974
rl4068,ac2147
rl4069,ac4511
rl4070,ac2408
rl4071,ac1115
rl4072,ac1650
rl4073,ac4404
rl4074,ac3000
rl4075,ac1191
rl4076,ac1957
rl4077,ac620
rl4078,ac1038
rl4079,ac998
rl4080,ac2213
rl4081,ac2213
rl4082,ac1601
rl4083,ac303
rl4084,ac2965
rl4085,ac4479
rl4086,ac4480
rl4087,ac3912
rl4088,ac781
rl4089,ac4201
rl4090,ac141
rl4091,ac4271
rl4092,ac548
rl4093,ac141
rl4094,ac62
rl4095,ac2715
rl4096,ac29
rl4097,ac4136
rl4098,ac883
rl4099,ac2985
rl4100,ac2462
rl4101,ac141
rl4102,ac3912
rl4103,ac563
rl4104,ac2604
rl4105,ac2303
rl4106,ac407
rl4107,ac141
rl4108,ac3628
rl4109,ac2236
rl4110,ac3245
rl4111,ac141
rl4112,ac1848
rl4113,ac4285
rl4114,ac4418
rl4115,ac141
rl4116,ac3657
rl4117,ac3369
rl4118,ac2957
rl4119,ac2613
rl4120,ac1187
rl4121,ac141
rl4122,ac638
rl4123,ac1342
rl4124,ac253
rl4125,ac2709
rl4126,ac141
rl4127,ac1032
rl4128,ac141
rl4129,ac3599
rl4130,ac3527
rl4131,ac1664
rl4132,ac3896
rl4133,ac2884
rl4134,ac281
rl4135,ac302
rl4136,ac3650
rl4137,ac3019
rl4138,ac2622
rl4139,ac141
rl4140,ac141
rl4141,ac4226
rl4142,ac3836
rl4143,ac141
rl4144,ac2304
rl4145,ac4625
rl4146,ac285
rl4147,ac3779
rl4148,ac3819
rl4149,ac1109
rl4150,ac141
rl4151,ac1423
rl4152,ac1105
rl4153,ac3160
rl4154,ac4172
rl4155,ac1029
rl4156,ac1108
rl4157,ac772
rl4158,ac2966
rl4159,ac1278
rl4160,ac304
rl4161,ac2708
rl4162,ac4091
rl4163,ac2685
rl4164,ac4326
rl4165,ac1857
rl4166,ac3062
rl4167,ac3229
rl4168,ac1043
rl4169,ac111
rl4170,ac3980
rl4171,ac1368
rl4172,ac3588
rl4173,ac141
rl4174,ac4135
rl4175,ac3716
rl4176,ac4262
rl4177,ac141
rl4178,ac141
rl4179,ac2498
rl4180,ac3894
rl4181,ac1023
rl4182,ac1986
rl4183,ac2319
rl4184,ac141
rl4185,ac3012
rl4186,ac2392
rl4187,ac4390
rl4188,ac1485
rl4189,ac1857
rl4190,ac799
rl4191,ac1806
rl4192,ac3436
rl4193,ac2302
rl4194,ac2722
rl4195,ac3550
rl4196,ac2360
rl4197,ac1177
rl4198,ac508
rl4199,ac2110
rl4200,ac141
rl4201,ac507
rl4202,ac1308
rl4203,ac3827
rl4204,ac3827
rl4205,ac1042
rl4206,ac3403
rl4207,ac3968
rl4208,ac200
rl4209,ac1592
rl4210,ac1592
rl4211,ac3339
rl4212,ac800
rl4213,ac1606
rl4214,ac1628
rl4215,ac141
rl4216,ac651
rl4217,ac3924
rl4218,ac541
rl4219,ac1493
rl4220,ac1544
rl4221,ac1099
rl4222,ac783
rl4223,ac695
rl4224,ac4537
rl4225,ac3935
rl4226,ac2587
rl4227,ac2886
rl4228,ac4561
rl4229,ac141
rl4230,ac3993
rl4231,ac4389
rl4232,ac772
rl4233,ac1820
rl4234,ac2086
rl4235,ac3417
rl4236,ac3614
rl4237,ac186
rl4238,ac3274
rl4239,ac4561
rl4240,ac3501
rl4241,ac2766
rl4242,ac3508
rl4243,ac3508
rl4244,ac3214
rl4245,ac2011
rl4246,ac4155
rl4247,ac4223
rl4248,ac555
rl4249,ac3404
rl4250,ac4003
rl4251,ac1630
rl4252,ac2556
rl4253,ac60
rl4254,ac654
rl4255,ac1625
rl4256,ac4061
rl4257,ac1878
rl4258,ac141
rl4259,ac141
rl4260,ac3842
rl4261,ac11
rl4262,ac198
rl4263,ac3145
rl4264,ac1665
rl4265,ac141
rl4266,ac4028
rl4267,ac1334
rl4268,ac957
rl4269,ac1810
rl4270,ac3233
rl4271,ac1617
rl4272,ac3567
rl4273,ac3585
rl4274,ac846
rl4275,ac1874
rl4276,ac3326
rl4277,ac2520
rl4278,ac438
rl4279,ac141
rl4280,ac590
rl4281,ac3163
rl4282,ac141
rl4283,ac3513
rl4284,ac141
rl4285,ac3934
rl4286,ac141
rl4287,ac2282
rl4288,ac715
rl4289,ac839
rl4290,ac233
rl4291,ac544
rl4292,ac4451
rl4293,ac1177
rl4294,ac4146
rl4295,ac141
rl4296,ac2875
rl4297,ac858
rl4298,ac4098
rl4299,ac4345
rl4300,ac2143
rl4301,ac3427
rl4302,ac165
rl4303,ac141
rl4304,ac3304
rl4305,ac4014
rl4306,ac141
rl4307,ac16
rl4308,ac4165
rl4309,ac2156
rl4310,ac2572
rl4311,ac1763
rl4312,ac3109
rl4313,ac3692
rl4314,ac4111
rl4315,ac2453
rl4316,ac4127
rl4317,ac4127
rl4318,ac141
rl4319,ac4127
rl4320,ac133
rl4321,ac4064
rl4322,ac141
rl4323,ac3302
rl4324,ac404
rl4325,ac1355
rl4326,ac3305
rl4327,ac60
rl4328,ac2614
rl4329,ac778
rl4330,ac2703
rl4331,ac2814
rl4332,ac1986
rl4333,ac3462
rl4334,ac141
rl4335,ac141
rl4336,ac141
rl4337,ac2079
rl4338,ac2472
rl4339,ac4432
rl4340,ac2688
rl4341,ac4245
rl4342,ac1703
rl4343,ac2315
rl4344,ac141
rl4345,ac1729
rl4346,ac141
rl4347,ac141
rl4348,ac3692
rl4349,ac1603
rl4350,ac1411
rl4351,ac2920
rl4352,ac1726
rl4353,ac141
rl4354,ac438
rl4355,ac3534
rl4356,ac4106
rl4357,ac670
rl4358,ac3736
rl4359,ac2603
rl4360,ac1846
rl4361,ac3778
rl4362,ac1941
rl4363,ac2788
rl4364,ac1459
rl4365,ac1662
rl4366,ac2070
rl4367,ac141
rl4368,ac2673
rl4369,ac3598
rl4370,ac2702
rl4371,ac1312
rl4372,ac1697
rl4373,ac756
rl4374,ac4249
rl4375,ac3282
rl4376,ac3958
rl4377,ac2436
rl4378,ac205
rl4379,ac2517
rl4380,ac4060
rl4381,ac1401
rl4382,ac3008
rl4383,ac4403
rl4384,ac1786
rl4385,ac141
rl4386,ac3771
rl4387,ac141
rl4388,ac4231
rl4389,ac431
rl4390,ac3571
rl4391,ac2505
rl4392,ac4436
rl4393,ac1736
rl4394,ac3233
rl4395,ac157
rl4396,ac3375
rl4397,ac141
rl4398,ac970
rl4399,ac2830
rl4400,ac141
rl4401,ac1344
rl4402,ac269
rl4403,ac141
rl4404,ac141
rl4405,ac1869
rl4406,ac2367
rl4407,ac657
rl4408,ac1797
rl4409,ac2150
rl4410,ac563
rl4411,ac2012
rl4412,ac4283
rl4413,ac141
rl4414,ac141
rl4415,ac812
rl4416,ac3346
rl4417,ac1324
rl4418,ac3401
rl4419,ac2319
rl4420,ac1503
rl4421,ac3845
rl4422,ac313
rl4423,ac787
rl4424,ac1362
rl4425,ac3318
rl4426,ac1247
rl4427,ac568
rl4428,ac3715
rl4429,ac141
rl4430,ac2671
rl4431,ac3053
rl4432,ac141
rl4433,ac1409
rl4434,ac4387
rl4435,ac1930
rl4436,ac141
rl4437,ac2995
rl4438,ac3215
rl4439,ac707
rl4440,ac1744
rl4441,ac1919
rl4442,ac3341
rl4443,ac2567
rl4444,ac1447
rl4445,ac3424
rl4446,ac1050
rl4447,ac1399
rl4448,ac4192
rl4449,ac1908
rl4450,ac660
rl4451,ac1953
rl4452,ac141
rl4453,ac1849
rl4454,ac1008
rl4455,ac929
rl4456,ac1374
rl4457,ac1717
rl4458,ac2389
rl4459,ac3582
rl4460,ac1717
rl4461,ac3101
rl4462,ac1408
rl4463,ac1158
rl4464,ac3096
rl4465,ac1979
rl4466,ac1050
rl4467,ac141
rl4468,ac4161
rl4469,ac265
rl4470,ac4101
rl4471,ac4101
rl4472,ac3529
