release_group,artist_credit
rg0,ac3526
rg1,ac1608
rg2,ac2754
rg3,ac3551
rg4,ac2730
rg5,ac1109
rg6,ac1608
rg7,ac2404
rg8,ac1109
rg9,ac3246
rg10,ac4623
rg11,ac4188
rg12,ac141
rg13,ac1267
rg14,ac141
rg15,ac2957
rg16,ac1995
rg17,ac2553
rg18,ac141
rg19,ac3980
rg20,ac3906
rg21,ac1804
rg22,ac2576
rg23,ac1522
rg24,ac1522
rg25,ac2034
rg26,ac1702
rg27,ac1162
rg28,ac2481
rg29,ac12
rg30,ac4061
rg31,ac4335
rg32,ac4452
rg33,ac1927
rg34,ac260
rg35,ac1469
rg36,ac4568
rg37,ac3342
rg38,ac182
rg39,ac4417
rg40,ac4417
rg41,ac3683
rg42,ac3871
rg43,ac1584
rg44,ac3709
rg45,ac4375
rg46,ac2014
rg47,ac128
rg48,ac742
rg49,ac742
rg50,ac3730
rg51,ac3886
rg52,ac2120
rg53,ac2120
rg54,ac1844
rg55,ac141
rg56,ac686
rg57,ac2573
rg58,ac1533
rg59,ac2708
rg60,ac1658
rg61,ac2047
rg62,ac4120
rg63,ac1267
rg64,ac3140
rg65,ac446
rg66,ac2315
rg67,ac1651
rg68,ac2728
rg69,ac2583
rg70,ac1986
rg71,ac3743
rg72,ac435
rg73,ac933
rg74,ac2102
rg75,ac3408
rg76,ac224
rg77,ac4161
rg78,ac2745
rg79,ac697
rg80,ac1594
rg81,ac1165
rg82,ac422
rg83,ac1910
rg84,ac3075
rg85,ac267
rg86,ac4578
rg87,ac141
rg88,ac233
rg89,ac3115
rg90,ac4311
rg91,ac4272
rg92,ac4060
rg93,ac3084
rg94,ac3728
rg95,ac2189
rg96,ac4273
rg97,ac1918
rg98,ac3863
rg99,ac69
rg100,ac2738
rg101,ac1482
rg102,ac3034
rg103,ac141
rg104,ac3593
rg105,ac3192
rg106,ac3496
rg107,ac3496
rg108,ac442
rg109,ac2237
rg110,ac3883
rg111,ac4550
rg112,ac2037
rg113,ac4625
rg114,ac2596
rg115,ac141
rg116,ac1741
rg117,ac4094
rg118,ac524
rg119,ac3998
rg120,ac141
rg121,ac141
rg122,ac2448
rg123,ac3342
rg124,ac3310
rg125,ac61
rg126,ac1569
rg127,ac125
rg128,ac844
rg129,ac4357
rg130,ac2280
rg131,ac1031
rg132,ac141
rg133,ac551
rg134,ac3947
rg135,ac485
rg136,ac748
rg137,ac2085
rg138,ac4254
rg139,ac4350
rg140,ac1449
rg141,ac250
rg142,ac141
rg143,ac3581
rg144,ac1335
rg145,ac141
rg146,ac3851
rg147,ac3290
rg148,ac1836
rg149,ac1836
rg150,ac2469
rg151,ac141
rg152,ac3348
rg153,ac1624
rg154,ac1557
rg155,ac4173
rg156,ac2243
rg157,ac1569
rg158,ac141
rg159,ac3041
rg160,ac3910
rg161,ac3694
rg162,ac1659
rg163,ac141
rg164,ac815
rg165,ac3195
rg166,ac2556
rg167,ac2214
rg168,ac2874
rg169,ac141
rg170,ac4471
rg171,ac383
rg172,ac1921
rg173,ac141
rg174,ac627
rg175,ac141
rg176,ac4436
rg177,ac2067
rg178,ac812
rg179,ac3625
rg180,ac2093
rg181,ac141
rg182,ac404
rg183,ac4175
rg184,ac3908
rg185,ac785
rg186,ac1810
rg187,ac4094
rg188,ac3783
rg189,ac2204
rg190,ac2270
rg191,ac4139
rg192,ac1487
rg193,ac2202
rg194,ac141
rg195,ac1643
rg196,ac451
rg197,ac2222
rg198,ac2569
rg199,ac4337
rg200,ac3329
rg201,ac4518
rg202,ac4296
rg203,ac141
rg204,ac226
rg205,ac3349
rg206,ac4387
rg207,ac141
rg208,ac141
rg209,ac1712
rg210,ac4294
rg211,ac1009
rg212,ac3300
rg213,ac141
rg214,ac1967
rg215,ac141
rg216,ac653
rg217,ac4506
rg218,ac1303
rg219,ac4170
rg220,ac679
rg221,ac2120
rg222,ac4297
rg223,ac4406
rg224,ac1862
rg225,ac111
rg226,ac1269
rg227,ac141
rg228,ac4502
rg229,ac1845
rg230,ac4428
rg231,ac2035
rg232,ac3217
rg233,ac3215
rg234,ac141
rg235,ac4583
rg236,ac497
rg237,ac4457
rg238,ac1372
rg239,ac1491
rg240,ac141
rg241,ac1308
rg242,ac1839
rg243,ac1468
rg244,ac4284
rg245,ac4386
rg246,ac3990
rg247,ac141
rg248,ac141
rg249,ac3048
rg250,ac141
rg251,ac2465
rg252,ac1664
rg253,ac3024
rg254,ac1952
rg255,ac1617
rg256,ac3611
rg257,ac416
rg258,ac2718
rg259,ac1261
rg260,ac698
rg261,ac2835
rg262,ac4120
rg263,ac141
rg264,ac2466
rg265,ac4230
rg266,ac3264
rg267,ac896
rg268,ac3102
rg269,ac908
rg270,ac3008
rg271,ac921
rg272,ac3353
rg273,ac2815
rg274,ac3547
rg275,ac2426
rg276,ac480
rg277,ac3186
rg278,ac3272
rg279,ac2792
rg280,ac141
rg281,ac321
rg282,ac685
rg283,ac3121
rg284,ac141
rg285,ac4154
rg286,ac4538
rg287,ac141
rg288,ac1273
rg289,ac1119
rg290,ac1985
rg291,ac2646
rg292,ac141
rg293,ac3113
rg294,ac141
rg295,ac3821
rg296,ac501
rg297,ac3053
rg298,ac3759
rg299,ac965
rg300,ac296
rg301,ac1079
rg302,ac821
rg303,ac1276
rg304,ac2598
rg305,ac398
rg306,ac141
rg307,ac734
rg308,ac141
rg309,ac2533
rg310,ac1459
rg311,ac3916
rg312,ac2017
rg313,ac141
rg314,ac2028
rg315,ac1607
rg316,ac141
rg317,ac541
rg318,ac2241
rg319,ac1789
rg320,ac141
rg321,ac36
rg322,ac358
rg323,ac71
rg324,ac141
rg325,ac847
rg326,ac499
rg327,ac3478
rg328,ac313
rg329,ac3492
rg330,ac1489
rg331,ac2420
rg332,ac2913
rg333,ac607
rg334,ac2121
rg335,ac668
rg336,ac1556
rg337,ac2992
rg338,ac4255
rg339,ac3682
rg340,ac1588
rg341,ac2780
rg342,ac2780
rg343,ac2694
rg344,ac2539
rg345,ac83
rg346,ac2918
rg347,ac141
rg348,ac837
rg349,ac4543
rg350,ac4410
rg351,ac3496
rg352,ac3086
rg353,ac1440
rg354,ac3987
rg355,ac3842
rg356,ac3494
rg357,ac1573
rg358,ac141
rg359,ac1375
rg360,ac2994
rg361,ac141
rg362,ac4146
rg363,ac141
rg364,ac4334
rg365,ac773
rg366,ac3837
rg367,ac3051
rg368,ac4405
rg369,ac4312
rg370,ac1467
rg371,ac1012
rg372,ac1654
rg373,ac1324
rg374,ac734
rg375,ac1079
rg376,ac3732
rg377,ac4036
rg378,ac3133
rg379,ac4358
rg380,ac1884
rg381,ac141
rg382,ac141
rg383,ac4025
rg384,ac3517
rg385,ac141
rg386,ac3662
rg387,ac551
rg388,ac2322
rg389,ac2695
rg390,ac2271
rg391,ac618
rg392,ac850
rg393,ac1252
rg394,ac1460
rg395,ac1526
rg396,ac1081
rg397,ac18
rg398,ac1217
rg399,ac298
rg400,ac4229
rg401,ac377
rg402,ac3772
rg403,ac141
rg404,ac2444
rg405,ac1709
rg406,ac141
rg407,ac3646
rg408,ac909
rg409,ac4468
rg410,ac2107
rg411,ac4125
rg412,ac1092
rg413,ac1012
rg414,ac1012
rg415,ac2769
rg416,ac3541
rg417,ac729
rg418,ac4199
rg419,ac3556
rg420,ac729
rg421,ac3130
rg422,ac3240
rg423,ac1567
rg424,ac141
rg425,ac3112
rg426,ac1835
rg427,ac141
rg428,ac141
rg429,ac878
rg430,ac4507
rg431,ac1595
rg432,ac2041
rg433,ac141
rg434,ac141
rg435,ac141
rg436,ac4326
rg437,ac3225
rg438,ac3911
rg439,ac4081
rg440,ac3060
rg441,ac1961
rg442,ac50
rg443,ac2460
rg444,ac4488
rg445,ac141
rg446,ac1969
rg447,ac141
rg448,ac1613
rg449,ac1449
rg450,ac1294
rg451,ac2613
rg452,ac141
rg453,ac3281
rg454,ac1671
rg455,ac3197
rg456,ac2635
rg457,ac3609
rg458,ac3438
rg459,ac2513
rg460,ac3677
rg461,ac141
rg462,ac4338
rg463,ac141
rg464,ac1698
rg465,ac1797
rg466,ac1625
rg467,ac2427
rg468,ac141
rg469,ac3789
rg470,ac319
rg471,ac141
rg472,ac141
rg473,ac539
rg474,ac2464
rg475,ac2753
rg476,ac3052
rg477,ac3852
rg478,ac660
rg479,ac2857
rg480,ac1217
rg481,ac1820
rg482,ac1155
rg483,ac342
rg484,ac3729
rg485,ac148
rg486,ac2269
rg487,ac306
rg488,ac4046
rg489,ac3381
rg490,ac4076
rg491,ac4475
rg492,ac2725
rg493,ac1986
rg494,ac2860
rg495,ac1244
rg496,ac176
rg497,ac141
rg498,ac1722
rg499,ac324
rg500,ac4224
rg501,ac1259
rg502,ac3964
rg503,ac757
rg504,ac1044
rg505,ac4386
rg506,ac271
rg507,ac141
rg508,ac1219
rg509,ac4090
rg510,ac141
rg511,ac3339
rg512,ac3858
rg513,ac1132
rg514,ac141
rg515,ac3192
rg516,ac2487
rg517,ac881
rg518,ac157
rg519,ac3468
rg520,ac1759
rg521,ac11
rg522,ac2335
rg523,ac433
rg524,ac141
rg525,ac158
rg526,ac4388
rg527,ac2061
rg528,ac1786
rg529,ac141
rg530,ac141
rg531,ac1126
rg532,ac141
rg533,ac1094
rg534,ac4137
rg535,ac3211
rg536,ac141
rg537,ac2515
rg538,ac4567
rg539,ac2312
rg540,ac3406
rg541,ac141
rg542,ac4487
rg543,ac3966
rg544,ac3763
rg545,ac393
rg546,ac2996
rg547,ac1278
rg548,ac781
rg549,ac2349
rg550,ac1594
rg551,ac141
rg552,ac3364
rg553,ac2156
rg554,ac141
rg555,ac3155
rg556,ac947
rg557,ac304
rg558,ac1345
rg559,ac2784
rg560,ac273
rg561,ac729
rg562,ac2441
rg563,ac1810
rg564,ac2123
rg565,ac903
rg566,ac4349
rg567,ac2795
rg568,ac4062
rg569,ac4227
rg570,ac3876
rg571,ac1066
rg572,ac1723
rg573,ac141
rg574,ac1789
rg575,ac141
rg576,ac3461
rg577,ac4292
rg578,ac1114
rg579,ac141
rg580,ac1577
rg581,ac334
rg582,ac3953
rg583,ac141
rg584,ac3483
rg585,ac3671
rg586,ac3994
rg587,ac568
rg588,ac1201
rg589,ac3928
rg590,ac2505
rg591,ac2505
rg592,ac3654
rg593,ac917
rg594,ac2319
rg595,ac3593
rg596,ac3593
rg597,ac2261
rg598,ac472
rg599,ac141
rg600,ac1371
rg601,ac2217
rg602,ac245
rg603,ac3509
rg604,ac141
rg605,ac3296
rg606,ac141
rg607,ac141
rg608,ac100
rg609,ac722
rg610,ac2612
rg611,ac2347
rg612,ac2152
rg613,ac608
rg614,ac1771
rg615,ac1379
rg616,ac3835
rg617,ac3341
rg618,ac3959
rg619,ac4186
rg620,ac309
rg621,ac3202
rg622,ac2048
rg623,ac141
rg624,ac4061
rg625,ac417
rg626,ac888
rg627,ac291
rg628,ac1032
rg629,ac2840
rg630,ac3620
rg631,ac519
rg632,ac3243
rg633,ac2268
rg634,ac2144
rg635,ac418
rg636,ac3983
rg637,ac3548
rg638,ac2960
rg639,ac4123
rg640,ac4602
rg641,ac3049
rg642,ac1944
rg643,ac141
rg644,ac1814
rg645,ac4487
rg646,ac2535
rg647,ac141
rg648,ac3318
rg649,ac3118
rg650,ac3143
rg651,ac4336
rg652,ac1489
rg653,ac2511
rg654,ac1368
rg655,ac1257
rg656,ac2935
rg657,ac1
rg658,ac3091
rg659,ac107
rg660,ac962
rg661,ac962
rg662,ac2293
rg663,ac573
rg664,ac420
rg665,ac141
rg666,ac3750
rg667,ac2058
rg668,ac3872
rg669,ac670
rg670,ac2901
rg671,ac2887
rg672,ac1905
rg673,ac141
rg674,ac3671
rg675,ac465
rg676,ac4072
rg677,ac141
rg678,ac1756
rg679,ac2881
rg680,ac979
rg681,ac859
rg682,ac2133
rg683,ac1937
rg684,ac2420
rg685,ac3660
rg686,ac3403
rg687,ac141
rg688,ac649
rg689,ac650
rg690,ac4624
rg691,ac2347
rg692,ac1143
rg693,ac141
rg694,ac4270
rg695,ac1968
rg696,ac830
rg697,ac2135
rg698,ac136
rg699,ac1957
rg700,ac1015
rg701,ac3657
rg702,ac3322
rg703,ac2155
rg704,ac2834
rg705,ac4537
rg706,ac259
rg707,ac900
rg708,ac921
rg709,ac1413
rg710,ac2224
rg711,ac141
rg712,ac2337
rg713,ac2700
rg714,ac544
rg715,ac141
rg716,ac1463
rg717,ac3022
rg718,ac1099
rg719,ac141
rg720,ac2395
rg721,ac3829
rg722,ac141
rg723,ac772
rg724,ac1646
rg725,ac2038
rg726,ac3836
rg727,ac237
rg728,ac4590
rg729,ac3752
rg730,ac237
rg731,ac1030
rg732,ac1997
rg733,ac1609
rg734,ac1003
rg735,ac2877
rg736,ac312
rg737,ac3684
rg738,ac1503
rg739,ac1693
rg740,ac141
rg741,ac2236
rg742,ac4492
rg743,ac3579
rg744,ac141
rg745,ac2703
rg746,ac1504
rg747,ac177
rg748,ac507
rg749,ac4283
rg750,ac3161
rg751,ac2962
rg752,ac141
rg753,ac2689
rg754,ac685
rg755,ac3462
rg756,ac3462
rg757,ac4368
rg758,ac547
rg759,ac1007
rg760,ac2353
rg761,ac4091
rg762,ac3691
rg763,ac4164
rg764,ac1728
rg765,ac627
rg766,ac3826
rg767,ac112
rg768,ac112
rg769,ac1060
rg770,ac3404
rg771,ac141
rg772,ac3243
rg773,ac815
rg774,ac4116
rg775,ac337
rg776,ac2060
rg777,ac1424
rg778,ac2543
rg779,ac3952
rg780,ac3163
rg781,ac141
rg782,ac141
rg783,ac1294
rg784,ac141
rg785,ac2503
rg786,ac2502
rg787,ac4050
rg788,ac634
rg789,ac4071
rg790,ac141
rg791,ac4534
rg792,ac3070
rg793,ac3311
rg794,ac141
rg795,ac655
rg796,ac141
rg797,ac1193
rg798,ac4448
rg799,ac1399
rg800,ac1240
rg801,ac2897
rg802,ac3047
rg803,ac3113
rg804,ac2282
rg805,ac2282
rg806,ac766
rg807,ac1274
rg808,ac3282
rg809,ac1337
rg810,ac2695
rg811,ac4090
rg812,ac4403
rg813,ac4267
rg814,ac4472
rg815,ac3237
rg816,ac3237
rg817,ac136
rg818,ac502
rg819,ac1792
rg820,ac1792
rg821,ac3721
rg822,ac585
rg823,ac3596
rg824,ac1878
rg825,ac4192
rg826,ac4026
rg827,ac4381
rg828,ac3494
rg829,ac1882
rg830,ac141
rg831,ac3590
rg832,ac2690
rg833,ac4472
rg834,ac4238
rg835,ac141
rg836,ac286
rg837,ac2207
rg838,ac2532
rg839,ac1026
rg840,ac1026
rg841,ac1559
rg842,ac141
rg843,ac2725
rg844,ac1939
rg845,ac3068
rg846,ac3757
rg847,ac1460
rg848,ac1939
rg849,ac532
rg850,ac532
rg851,ac141
rg852,ac141
rg853,ac4239
rg854,ac141
rg855,ac805
rg856,ac2724
rg857,ac3731
rg858,ac141
rg859,ac2505
rg860,ac1600
rg861,ac141
rg862,ac141
rg863,ac2172
rg864,ac141
rg865,ac4317
rg866,ac578
rg867,ac3240
rg868,ac212
rg869,ac912
rg870,ac1823
rg871,ac1859
rg872,ac3167
rg873,ac160
rg874,ac717
rg875,ac510
rg876,ac2303
rg877,ac3872
rg878,ac1611
rg879,ac4264
rg880,ac1166
rg881,ac141
rg882,ac141
rg883,ac1218
rg884,ac52
rg885,ac3009
rg886,ac3918
rg887,ac2630
rg888,ac2022
rg889,ac2622
rg890,ac1955
rg891,ac145
rg892,ac141
rg893,ac3024
rg894,ac3844
rg895,ac4213
rg896,ac1498
rg897,ac918
rg898,ac4131
rg899,ac4164
rg900,ac141
rg901,ac141
rg902,ac956
rg903,ac849
rg904,ac2103
rg905,ac2104
rg906,ac738
rg907,ac4470
rg908,ac3897
rg909,ac4356
rg910,ac3662
rg911,ac1981
rg912,ac2313
rg913,ac141
rg914,ac510
rg915,ac4611
rg916,ac1023
rg917,ac4433
rg918,ac2063
rg919,ac2429
rg920,ac2874
rg921,ac1171
rg922,ac3555
rg923,ac141
rg924,ac3533
rg925,ac2873
rg926,ac214
rg927,ac3080
rg928,ac3055
rg929,ac2778
rg930,ac2778
rg931,ac3145
rg932,ac1433
rg933,ac1023
rg934,ac1941
rg935,ac4040
rg936,ac2226
rg937,ac1239
rg938,ac993
rg939,ac141
rg940,ac418
rg941,ac2901
rg942,ac3444
rg943,ac2885
rg944,ac1008
rg945,ac2762
rg946,ac4135
rg947,ac153
rg948,ac3202
rg949,ac3647
rg950,ac1546
rg951,ac1703
rg952,ac897
rg953,ac1685
rg954,ac2696
rg955,ac425
rg956,ac1283
rg957,ac1376
rg958,ac4113
rg959,ac94
rg960,ac3346
rg961,ac882
rg962,ac2051
rg963,ac141
rg964,ac620
rg965,ac1939
rg966,ac1737
rg967,ac2666
rg968,ac2175
rg969,ac4219
rg970,ac3506
rg971,ac1439
rg972,ac3340
rg973,ac3455
rg974,ac3032
rg975,ac1344
rg976,ac130
rg977,ac1259
rg978,ac34
rg979,ac2521
rg980,ac1029
rg981,ac280
rg982,ac365
rg983,ac141
rg984,ac2057
rg985,ac3410
rg986,ac3958
rg987,ac2873
rg988,ac3057
rg989,ac355
rg990,ac471
rg991,ac3324
rg992,ac4350
rg993,ac3076
rg994,ac1286
rg995,ac2800
rg996,ac205
rg997,ac1038
rg998,ac294
rg999,ac2586
rg1000,ac3498
rg1001,ac141
rg1002,ac1718
rg1003,ac1776
rg1004,ac141
rg1005,ac4221
rg1006,ac1252
rg1007,ac141
rg1008,ac4598
rg1009,ac555
rg1010,ac2777
rg1011,ac276
rg1012,ac141
rg1013,ac2033
rg1014,ac3770
rg1015,ac141
rg1016,ac141
rg1017,ac3124
rg1018,ac4572
rg1019,ac1626
rg1020,ac2160
rg1021,ac141
rg1022,ac3954
rg1023,ac848
rg1024,ac388
rg1025,ac1677
rg1026,ac2838
rg1027,ac1302
rg1028,ac2542
rg1029,ac122
rg1030,ac213
rg1031,ac227
rg1032,ac4063
rg1033,ac141
rg1034,ac141
rg1035,ac529
rg1036,ac3242
rg1037,ac3928
rg1038,ac3928
rg1039,ac957
rg1040,ac141
rg1041,ac2219
rg1042,ac222
rg1043,ac3710
rg1044,ac4427
rg1045,ac1856
rg1046,ac124
rg1047,ac1329
rg1048,ac141
rg1049,ac3779
rg1050,ac4385
rg1051,ac766
rg1052,ac1777
rg1053,ac2563
rg1054,ac314
rg1055,ac2693
rg1056,ac141
rg1057,ac1045
rg1058,ac3433
rg1059,ac573
rg1060,ac141
rg1061,ac4496
rg1062,ac3808
rg1063,ac1824
rg1064,ac108
rg1065,ac112
rg1066,ac137
rg1067,ac3809
rg1068,ac2828
rg1069,ac81
rg1070,ac4226
rg1071,ac141
rg1072,ac787
rg1073,ac4028
rg1074,ac4474
rg1075,ac1689
rg1076,ac141
rg1077,ac141
rg1078,ac4111
rg1079,ac3092
rg1080,ac756
rg1081,ac1819
rg1082,ac2412
rg1083,ac4174
rg1084,ac1205
rg1085,ac1908
rg1086,ac521
rg1087,ac567
rg1088,ac3119
rg1089,ac1558
rg1090,ac3592
rg1091,ac176
rg1092,ac3382
rg1093,ac141
rg1094,ac1986
rg1095,ac3618
rg1096,ac2928
rg1097,ac141
rg1098,ac1180
rg1099,ac877
rg1100,ac3052
rg1101,ac3973
rg1102,ac3037
rg1103,ac3799
rg1104,ac141
rg1105,ac2128
rg1106,ac2770
rg1107,ac3474
rg1108,ac2865
rg1109,ac2227
rg1110,ac1576
rg1111,ac4007
rg1112,ac4162
rg1113,ac450
rg1114,ac260
rg1115,ac1793
rg1116,ac4433
rg1117,ac4118
rg1118,ac1234
rg1119,ac269
rg1120,ac1189
rg1121,ac3973
rg1122,ac4122
rg1123,ac2909
rg1124,ac1854
rg1125,ac3723
rg1126,ac2706
rg1127,ac3375
rg1128,ac2414
rg1129,ac1769
rg1130,ac1019
rg1131,ac518
rg1132,ac141
rg1133,ac2030
rg1134,ac4264
rg1135,ac514
rg1136,ac3444
rg1137,ac2906
rg1138,ac1235
rg1139,ac49
rg1140,ac3156
rg1141,ac1203
rg1142,ac141
rg1143,ac141
rg1144,ac765
rg1145,ac846
rg1146,ac3086
rg1147,ac440
rg1148,ac928
rg1149,ac2428
rg1150,ac3477
rg1151,ac3000
rg1152,ac3718
rg1153,ac141
rg1154,ac4019
rg1155,ac671
rg1156,ac3939
rg1157,ac141
rg1158,ac4277
rg1159,ac2765
rg1160,ac3581
rg1161,ac866
rg1162,ac3704
rg1163,ac141
rg1164,ac1448
rg1165,ac141
rg1166,ac4599
rg1167,ac2715
rg1168,ac141
rg1169,ac4625
rg1170,ac911
rg1171,ac2141
rg1172,ac1225
rg1173,ac871
rg1174,ac2656
rg1175,ac141
rg1176,ac4583
rg1177,ac175
rg1178,ac2446
rg1179,ac42
rg1180,ac3954
rg1181,ac1000
rg1182,ac1297
rg1183,ac2303
rg1184,ac801
rg1185,ac2406
rg1186,ac658
rg1187,ac2890
rg1188,ac1691
rg1189,ac1425
rg1190,ac4195
rg1191,ac141
rg1192,ac141
rg1193,ac2879
rg1194,ac742
rg1195,ac1378
rg1196,ac4291
rg1197,ac4027
rg1198,ac1657
rg1199,ac4599
rg1200,ac1682
rg1201,ac141
rg1202,ac1134
rg1203,ac4000
rg1204,ac2930
rg1205,ac3344
rg1206,ac1516
rg1207,ac2098
rg1208,ac1384
rg1209,ac3087
rg1210,ac4517
rg1211,ac3840
rg1212,ac1541
rg1213,ac141
rg1214,ac141
rg1215,ac3091
rg1216,ac4284
rg1217,ac1851
rg1218,ac141
rg1219,ac141
rg1220,ac3147
rg1221,ac811
rg1222,ac1804
rg1223,ac2421
rg1224,ac4529
rg1225,ac3437
rg1226,ac3899
rg1227,ac2602
rg1228,ac982
rg1229,ac2002
rg1230,ac1355
rg1231,ac3747
rg1232,ac3388
rg1233,ac4014
rg1234,ac2182
rg1235,ac1052
rg1236,ac1575
rg1237,ac465
rg1238,ac3281
rg1239,ac3176
rg1240,ac141
rg1241,ac4305
rg1242,ac1322
rg1243,ac3795
rg1244,ac3233
rg1245,ac4379
rg1246,ac3204
rg1247,ac4391
rg1248,ac3791
rg1249,ac3791
rg1250,ac141
rg1251,ac141
rg1252,ac2654
rg1253,ac1616
rg1254,ac3351
rg1255,ac905
rg1256,ac141
rg1257,ac3069
rg1258,ac1823
rg1259,ac13
rg1260,ac13
rg1261,ac730
rg1262,ac533
rg1263,ac3060
rg1264,ac766
rg1265,ac706
rg1266,ac1736
rg1267,ac4060
rg1268,ac141
rg1269,ac3323
rg1270,ac2083
rg1271,ac4446
rg1272,ac4446
rg1273,ac1073
rg1274,ac3045
rg1275,ac3931
rg1276,ac4210
rg1277,ac974
rg1278,ac1206
rg1279,ac1025
rg1280,ac466
rg1281,ac547
rg1282,ac4444
rg1283,ac141
rg1284,ac1886
rg1285,ac141
rg1286,ac3527
rg1287,ac1187
rg1288,ac141
rg1289,ac2931
rg1290,ac4395
rg1291,ac1
rg1292,ac4433
rg1293,ac1048
rg1294,ac55
rg1295,ac3651
rg1296,ac141
rg1297,ac2921
rg1298,ac970
rg1299,ac141
rg1300,ac1237
rg1301,ac3365
rg1302,ac1255
rg1303,ac4456
rg1304,ac141
rg1305,ac2897
rg1306,ac2803
rg1307,ac1729
rg1308,ac141
rg1309,ac3827
rg1310,ac307
rg1311,ac2832
rg1312,ac2138
rg1313,ac4312
rg1314,ac2844
rg1315,ac2032
rg1316,ac3466
rg1317,ac1881
rg1318,ac2525
rg1319,ac3879
rg1320,ac2365
rg1321,ac4402
rg1322,ac2066
rg1323,ac3426
rg1324,ac3647
rg1325,ac141
rg1326,ac3904
rg1327,ac215
rg1328,ac794
rg1329,ac884
rg1330,ac1270
rg1331,ac4270
rg1332,ac99
rg1333,ac3285
rg1334,ac3867
rg1335,ac4524
rg1336,ac584
rg1337,ac2143
rg1338,ac4010
rg1339,ac141
rg1340,ac3479
rg1341,ac141
rg1342,ac3912
rg1343,ac541
rg1344,ac3235
rg1345,ac2449
rg1346,ac4437
rg1347,ac4588
rg1348,ac3091
rg1349,ac3951
rg1350,ac4518
rg1351,ac1665
rg1352,ac1691
rg1353,ac570
rg1354,ac140
rg1355,ac2285
rg1356,ac1236
rg1357,ac1638
rg1358,ac1638
rg1359,ac1691
rg1360,ac4473
rg1361,ac2593
rg1362,ac4230
rg1363,ac2304
rg1364,ac1592
rg1365,ac2259
rg1366,ac141
rg1367,ac2018
rg1368,ac3054
rg1369,ac141
rg1370,ac2367
rg1371,ac4444
rg1372,ac141
rg1373,ac3958
rg1374,ac4209
rg1375,ac141
rg1376,ac141
rg1377,ac141
rg1378,ac2583
rg1379,ac3160
rg1380,ac2400
rg1381,ac668
rg1382,ac141
rg1383,ac2920
rg1384,ac141
rg1385,ac141
rg1386,ac546
rg1387,ac3090
rg1388,ac686
rg1389,ac686
rg1390,ac4495
rg1391,ac141
rg1392,ac141
rg1393,ac2010
rg1394,ac2932
rg1395,ac2997
rg1396,ac141
rg1397,ac2641
rg1398,ac141
rg1399,ac141
rg1400,ac1642
rg1401,ac2272
rg1402,ac3531
rg1403,ac3730
rg1404,ac3700
rg1405,ac2848
rg1406,ac141
rg1407,ac1739
rg1408,ac2830
rg1409,ac141
rg1410,ac66
rg1411,ac294
rg1412,ac2412
rg1413,ac726
rg1414,ac1349
rg1415,ac756
rg1416,ac4022
rg1417,ac4369
rg1418,ac4332
rg1419,ac2025
rg1420,ac3807
rg1421,ac3843
rg1422,ac4234
rg1423,ac965
rg1424,ac2995
rg1425,ac4322
rg1426,ac1398
rg1427,ac1336
rg1428,ac844
rg1429,ac1502
rg1430,ac2537
rg1431,ac3445
rg1432,ac141
rg1433,ac556
rg1434,ac1499
rg1435,ac1784
rg1436,ac3715
rg1437,ac667
rg1438,ac4350
rg1439,ac2173
rg1440,ac2173
rg1441,ac1130
rg1442,ac141
rg1443,ac141
rg1444,ac4606
rg1445,ac141
rg1446,ac614
rg1447,ac141
rg1448,ac2671
rg1449,ac3239
rg1450,ac2512
rg1451,ac392
rg1452,ac3018
rg1453,ac1460
rg1454,ac2608
rg1455,ac1294
rg1456,ac2606
rg1457,ac4629
rg1458,ac141
rg1459,ac1611
rg1460,ac3251
rg1461,ac126
rg1462,ac3464
rg1463,ac141
rg1464,ac2218
rg1465,ac141
rg1466,ac2749
rg1467,ac1451
rg1468,ac1360
rg1469,ac3902
rg1470,ac642
rg1471,ac1360
rg1472,ac2661
rg1473,ac828
rg1474,ac3456
rg1475,ac476
rg1476,ac3126
rg1477,ac1066
rg1478,ac2702
rg1479,ac2902
rg1480,ac2570
rg1481,ac2970
rg1482,ac161
rg1483,ac2195
rg1484,ac3881
rg1485,ac4165
rg1486,ac141
rg1487,ac734
rg1488,ac141
rg1489,ac3505
rg1490,ac1587
rg1491,ac141
rg1492,ac141
rg1493,ac993
rg1494,ac3293
rg1495,ac4553
rg1496,ac2246
rg1497,ac3753
rg1498,ac3341
rg1499,ac367
rg1500,ac4060
rg1501,ac1494
rg1502,ac4189
rg1503,ac221
rg1504,ac4466
rg1505,ac2098
rg1506,ac1935
rg1507,ac501
rg1508,ac1587
rg1509,ac4174
rg1510,ac3462
rg1511,ac3631
rg1512,ac3399
rg1513,ac2286
rg1514,ac976
rg1515,ac892
rg1516,ac1159
rg1517,ac218
rg1518,ac141
rg1519,ac3268
rg1520,ac141
rg1521,ac4504
rg1522,ac3436
rg1523,ac3639
rg1524,ac2206
rg1525,ac141
rg1526,ac1801
rg1527,ac2465
rg1528,ac141
rg1529,ac3302
rg1530,ac3430
rg1531,ac2389
rg1532,ac645
rg1533,ac3265
rg1534,ac255
rg1535,ac2766
rg1536,ac2601
rg1537,ac141
rg1538,ac141
rg1539,ac141
rg1540,ac141
rg1541,ac1366
rg1542,ac1878
rg1543,ac817
rg1544,ac1154
rg1545,ac1733
rg1546,ac3609
rg1547,ac141
rg1548,ac1183
rg1549,ac740
rg1550,ac3550
rg1551,ac1035
rg1552,ac141
rg1553,ac2733
rg1554,ac3975
rg1555,ac1598
rg1556,ac4427
rg1557,ac4258
rg1558,ac1121
rg1559,ac1641
rg1560,ac4615
rg1561,ac824
rg1562,ac1092
rg1563,ac853
rg1564,ac141
rg1565,ac2190
rg1566,ac3073
rg1567,ac2783
rg1568,ac3304
rg1569,ac2752
rg1570,ac2752
rg1571,ac1229
rg1572,ac1938
rg1573,ac4262
rg1574,ac2560
rg1575,ac4615
rg1576,ac1217
rg1577,ac2889
rg1578,ac1409
rg1579,ac3312
rg1580,ac4203
rg1581,ac1621
rg1582,ac141
rg1583,ac141
rg1584,ac4250
rg1585,ac413
rg1586,ac1630
rg1587,ac1299
rg1588,ac141
rg1589,ac1362
rg1590,ac1362
rg1591,ac1199
rg1592,ac531
rg1593,ac3277
rg1594,ac146
rg1595,ac942
rg1596,ac4220
rg1597,ac2558
rg1598,ac3742
rg1599,ac166
rg1600,ac4455
rg1601,ac3096
rg1602,ac1767
rg1603,ac1657
rg1604,ac2127
rg1605,ac4172
rg1606,ac141
rg1607,ac2182
rg1608,ac465
rg1609,ac443
rg1610,ac141
rg1611,ac141
rg1612,ac2984
rg1613,ac2511
rg1614,ac141
rg1615,ac3823
rg1616,ac141
rg1617,ac4008
rg1618,ac864
rg1619,ac141
rg1620,ac3830
rg1621,ac141
rg1622,ac3320
rg1623,ac2175
rg1624,ac3019
rg1625,ac560
rg1626,ac2847
rg1627,ac2376
rg1628,ac3072
rg1629,ac2427
rg1630,ac3071
rg1631,ac4273
rg1632,ac141
rg1633,ac1877
rg1634,ac1692
rg1635,ac2143
rg1636,ac1581
rg1637,ac2921
rg1638,ac141
rg1639,ac2019
rg1640,ac4493
rg1641,ac2140
rg1642,ac1990
rg1643,ac1741
rg1644,ac662
rg1645,ac4009
rg1646,ac141
rg1647,ac3108
rg1648,ac4592
rg1649,ac996
rg1650,ac4194
rg1651,ac141
rg1652,ac2007
rg1653,ac141
rg1654,ac141
rg1655,ac141
rg1656,ac3454
rg1657,ac953
rg1658,ac141
rg1659,ac713
rg1660,ac3293
rg1661,ac2472
rg1662,ac3906
rg1663,ac626
rg1664,ac1821
rg1665,ac2606
rg1666,ac1724
rg1667,ac3877
rg1668,ac4028
rg1669,ac3739
rg1670,ac4389
rg1671,ac141
rg1672,ac1773
rg1673,ac141
rg1674,ac712
rg1675,ac3915
rg1676,ac3639
rg1677,ac141
rg1678,ac3949
rg1679,ac141
rg1680,ac3205
rg1681,ac895
rg1682,ac3881
rg1683,ac3015
rg1684,ac1333
rg1685,ac3282
rg1686,ac1181
rg1687,ac3561
rg1688,ac1740
rg1689,ac4223
rg1690,ac2230
rg1691,ac1186
rg1692,ac141
rg1693,ac825
rg1694,ac1699
rg1695,ac3692
rg1696,ac2110
rg1697,ac141
rg1698,ac4386
rg1699,ac2499
rg1700,ac141
rg1701,ac2151
rg1702,ac1944
rg1703,ac1944
rg1704,ac4384
rg1705,ac141
rg1706,ac2425
rg1707,ac3998
rg1708,ac1033
rg1709,ac4249
rg1710,ac3336
rg1711,ac1327
rg1712,ac1342
rg1713,ac4000
rg1714,ac3363
rg1715,ac1116
rg1716,ac1840
rg1717,ac3282
rg1718,ac1838
rg1719,ac141
rg1720,ac2040
rg1721,ac141
rg1722,ac844
rg1723,ac4486
rg1724,ac3006
rg1725,ac2491
rg1726,ac1287
rg1727,ac4218
rg1728,ac426
rg1729,ac1979
rg1730,ac141
rg1731,ac956
rg1732,ac3344
rg1733,ac3762
rg1734,ac3487
rg1735,ac1703
rg1736,ac1099
rg1737,ac3564
rg1738,ac1446
rg1739,ac1269
rg1740,ac4357
rg1741,ac2411
rg1742,ac141
rg1743,ac141
rg1744,ac3449
rg1745,ac784
rg1746,ac769
rg1747,ac4462
rg1748,ac3733
rg1749,ac3203
rg1750,ac4029
rg1751,ac141
rg1752,ac3866
rg1753,ac2106
rg1754,ac3067
rg1755,ac2764
rg1756,ac3831
rg1757,ac1774
rg1758,ac1499
rg1759,ac4138
rg1760,ac3408
rg1761,ac4015
rg1762,ac1536
rg1763,ac4251
rg1764,ac141
rg1765,ac141
rg1766,ac133
rg1767,ac3219
rg1768,ac141
rg1769,ac1606
rg1770,ac566
rg1771,ac1793
rg1772,ac141
rg1773,ac141
rg1774,ac3309
rg1775,ac1258
rg1776,ac3145
rg1777,ac3145
rg1778,ac3124
rg1779,ac141
rg1780,ac4093
rg1781,ac141
rg1782,ac719
rg1783,ac3136
rg1784,ac4090
rg1785,ac1622
rg1786,ac141
rg1787,ac141
rg1788,ac1407
rg1789,ac4285
rg1790,ac141
rg1791,ac29
rg1792,ac69
rg1793,ac4460
rg1794,ac4413
rg1795,ac3286
rg1796,ac634
rg1797,ac3185
rg1798,ac2324
rg1799,ac141
rg1800,ac141
rg1801,ac3461
rg1802,ac1794
rg1803,ac4627
rg1804,ac1961
rg1805,ac2308
rg1806,ac1141
rg1807,ac2825
rg1808,ac2953
rg1809,ac3942
rg1810,ac1974
rg1811,ac3468
rg1812,ac300
rg1813,ac4601
rg1814,ac4324
rg1815,ac3156
rg1816,ac2487
rg1817,ac751
rg1818,ac2884
rg1819,ac2149
rg1820,ac141
rg1821,ac141
rg1822,ac2235
rg1823,ac1612
rg1824,ac2989
rg1825,ac141
rg1826,ac141
rg1827,ac2616
rg1828,ac1425
rg1829,ac3075
rg1830,ac510
rg1831,ac3361
rg1832,ac3226
rg1833,ac2010
rg1834,ac141
rg1835,ac141
rg1836,ac3017
rg1837,ac2274
rg1838,ac4354
rg1839,ac1798
rg1840,ac988
rg1841,ac1408
rg1842,ac1628
rg1843,ac141
rg1844,ac2290
rg1845,ac3299
rg1846,ac4551
rg1847,ac2486
rg1848,ac3355
rg1849,ac2860
rg1850,ac4620
rg1851,ac3649
rg1852,ac1260
rg1853,ac141
rg1854,ac1200
rg1855,ac2108
rg1856,ac1191
rg1857,ac1191
rg1858,ac141
rg1859,ac141
rg1860,ac154
rg1861,ac3012
rg1862,ac2862
rg1863,ac1306
rg1864,ac3812
rg1865,ac4416
rg1866,ac4562
rg1867,ac3619
rg1868,ac1247
rg1869,ac637
rg1870,ac2953
rg1871,ac2840
rg1872,ac1717
rg1873,ac1000
rg1874,ac1123
rg1875,ac4301
rg1876,ac1083
rg1877,ac4099
rg1878,ac1498
rg1879,ac949
rg1880,ac141
rg1881,ac868
rg1882,ac4366
rg1883,ac141
rg1884,ac4001
rg1885,ac3779
rg1886,ac3945
rg1887,ac1150
rg1888,ac434
rg1889,ac4622
rg1890,ac3787
rg1891,ac2739
rg1892,ac3789
rg1893,ac3789
rg1894,ac1795
rg1895,ac141
rg1896,ac1416
rg1897,ac934
rg1898,ac2778
rg1899,ac2614
rg1900,ac4363
rg1901,ac3740
rg1902,ac3989
rg1903,ac141
rg1904,ac2228
rg1905,ac875
rg1906,ac141
rg1907,ac1685
rg1908,ac1685
rg1909,ac1098
rg1910,ac1675
rg1911,ac3578
rg1912,ac43
rg1913,ac59
rg1914,ac141
rg1915,ac141
rg1916,ac2517
rg1917,ac3290
rg1918,ac2851
rg1919,ac2243
rg1920,ac2243
rg1921,ac3424
rg1922,ac3976
rg1923,ac107
rg1924,ac3123
rg1925,ac4586
rg1926,ac141
rg1927,ac141
rg1928,ac141
rg1929,ac2241
rg1930,ac3027
rg1931,ac3482
rg1932,ac4549
rg1933,ac2898
rg1934,ac3614
rg1935,ac2133
rg1936,ac1789
rg1937,ac2820
rg1938,ac1553
rg1939,ac574
rg1940,ac574
rg1941,ac1782
rg1942,ac831
rg1943,ac611
rg1944,ac4242
rg1945,ac49
rg1946,ac49
rg1947,ac141
rg1948,ac86
rg1949,ac2529
rg1950,ac3869
rg1951,ac885
rg1952,ac1163
rg1953,ac2687
rg1954,ac141
rg1955,ac141
rg1956,ac1829
rg1957,ac404
rg1958,ac1738
rg1959,ac141
rg1960,ac1923
rg1961,ac2568
rg1962,ac3886
rg1963,ac3886
rg1964,ac141
rg1965,ac2013
rg1966,ac3016
rg1967,ac2113
rg1968,ac3475
rg1969,ac3475
rg1970,ac3652
rg1971,ac3346
rg1972,ac2350
rg1973,ac3218
rg1974,ac3084
rg1975,ac3084
rg1976,ac3333
rg1977,ac141
rg1978,ac3837
rg1979,ac2409
rg1980,ac404
rg1981,ac1965
rg1982,ac3010
rg1983,ac1288
rg1984,ac4613
rg1985,ac1997
rg1986,ac1096
rg1987,ac2757
rg1988,ac4077
rg1989,ac395
rg1990,ac1832
rg1991,ac1196
rg1992,ac141
rg1993,ac3153
rg1994,ac3153
rg1995,ac141
rg1996,ac3549
rg1997,ac1149
rg1998,ac866
rg1999,ac141
rg2000,ac943
rg2001,ac967
rg2002,ac668
rg2003,ac3463
rg2004,ac2337
rg2005,ac1979
rg2006,ac745
rg2007,ac3571
rg2008,ac2302
rg2009,ac1869
rg2010,ac3865
rg2011,ac3977
rg2012,ac2933
rg2013,ac502
rg2014,ac91
rg2015,ac170
rg2016,ac3116
rg2017,ac141
rg2018,ac857
rg2019,ac141
rg2020,ac713
rg2021,ac1857
rg2022,ac141
rg2023,ac3930
rg2024,ac3891
rg2025,ac1138
rg2026,ac2847
rg2027,ac3698
rg2028,ac2722
rg2029,ac141
rg2030,ac2587
rg2031,ac4038
rg2032,ac4008
rg2033,ac141
rg2034,ac893
rg2035,ac2406
rg2036,ac4378
rg2037,ac1165
rg2038,ac141
rg2039,ac141
rg2040,ac1061
rg2041,ac478
rg2042,ac1744
rg2043,ac141
rg2044,ac190
rg2045,ac183
rg2046,ac141
rg2047,ac3832
rg2048,ac4405
rg2049,ac2052
rg2050,ac2403
rg2051,ac4519
rg2052,ac141
rg2053,ac2685
rg2054,ac1320
rg2055,ac1836
rg2056,ac1970
rg2057,ac4488
rg2058,ac1177
rg2059,ac3757
rg2060,ac1265
rg2061,ac1599
rg2062,ac1457
rg2063,ac3030
rg2064,ac3665
rg2065,ac1147
rg2066,ac2507
rg2067,ac109
rg2068,ac4415
rg2069,ac141
rg2070,ac3244
rg2071,ac3363
rg2072,ac218
rg2073,ac141
rg2074,ac3750
rg2075,ac1081
rg2076,ac3400
rg2077,ac141
rg2078,ac329
rg2079,ac610
rg2080,ac1986
rg2081,ac2053
rg2082,ac1660
rg2083,ac214
rg2084,ac4426
rg2085,ac4604
rg2086,ac4300
rg2087,ac2417
rg2088,ac3557
rg2089,ac1169
rg2090,ac4096
rg2091,ac2552
rg2092,ac2197
rg2093,ac1796
rg2094,ac494
rg2095,ac2185
rg2096,ac3624
rg2097,ac3110
rg2098,ac2873
rg2099,ac1382
rg2100,ac1123
rg2101,ac1854
rg2102,ac1439
rg2103,ac906
rg2104,ac141
rg2105,ac4207
rg2106,ac1254
rg2107,ac4015
rg2108,ac376
rg2109,ac1167
rg2110,ac141
rg2111,ac166
rg2112,ac141
rg2113,ac2303
rg2114,ac3924
rg2115,ac2735
rg2116,ac4278
rg2117,ac606
rg2118,ac1493
rg2119,ac2254
rg2120,ac3205
rg2121,ac2451
rg2122,ac1499
rg2123,ac141
rg2124,ac3966
rg2125,ac4201
rg2126,ac141
rg2127,ac935
rg2128,ac2216
rg2129,ac141
rg2130,ac141
rg2131,ac2770
rg2132,ac2281
rg2133,ac2012
rg2134,ac3643
rg2135,ac741
rg2136,ac1533
rg2137,ac680
rg2138,ac4491
rg2139,ac889
rg2140,ac511
rg2141,ac1870
rg2142,ac156
rg2143,ac833
rg2144,ac3026
rg2145,ac651
rg2146,ac878
rg2147,ac2603
rg2148,ac141
rg2149,ac368
rg2150,ac4463
rg2151,ac4463
rg2152,ac141
rg2153,ac1400
rg2154,ac1726
rg2155,ac667
rg2156,ac2366
rg2157,ac3403
rg2158,ac718
rg2159,ac520
rg2160,ac2065
rg2161,ac682
rg2162,ac4127
rg2163,ac2074
rg2164,ac1162
rg2165,ac778
rg2166,ac2613
rg2167,ac2345
rg2168,ac560
rg2169,ac2975
rg2170,ac138
rg2171,ac141
rg2172,ac3594
rg2173,ac2955
rg2174,ac2483
rg2175,ac1903
rg2176,ac3104
rg2177,ac141
rg2178,ac1744
rg2179,ac1435
rg2180,ac223
rg2181,ac4505
rg2182,ac2761
rg2183,ac829
rg2184,ac1130
rg2185,ac2434
rg2186,ac387
rg2187,ac1725
rg2188,ac141
rg2189,ac3905
rg2190,ac141
rg2191,ac4052
rg2192,ac3172
rg2193,ac396
rg2194,ac3837
rg2195,ac2775
rg2196,ac141
rg2197,ac631
rg2198,ac1903
rg2199,ac3622
rg2200,ac1940
rg2201,ac228
rg2202,ac228
rg2203,ac141
rg2204,ac2299
rg2205,ac3786
rg2206,ac2669
rg2207,ac3585
rg2208,ac141
rg2209,ac1838
rg2210,ac1838
rg2211,ac2305
rg2212,ac3228
rg2213,ac3446
rg2214,ac1366
rg2215,ac3312
rg2216,ac521
rg2217,ac4370
rg2218,ac4306
rg2219,ac3110
rg2220,ac302
rg2221,ac684
rg2222,ac3934
rg2223,ac484
rg2224,ac3305
rg2225,ac141
rg2226,ac1133
rg2227,ac659
rg2228,ac3995
rg2229,ac409
rg2230,ac141
rg2231,ac736
rg2232,ac2011
rg2233,ac2475
rg2234,ac4345
rg2235,ac2284
rg2236,ac4121
rg2237,ac233
rg2238,ac4365
rg2239,ac537
rg2240,ac1347
rg2241,ac1085
rg2242,ac141
rg2243,ac1633
rg2244,ac141
rg2245,ac2264
rg2246,ac1092
rg2247,ac1934
rg2248,ac3371
rg2249,ac842
rg2250,ac1001
rg2251,ac231
rg2252,ac3661
rg2253,ac4311
rg2254,ac3471
rg2255,ac141
rg2256,ac141
rg2257,ac141
rg2258,ac1986
rg2259,ac512
rg2260,ac137
rg2261,ac2042
rg2262,ac1
rg2263,ac141
rg2264,ac137
rg2265,ac2392
rg2266,ac445
rg2267,ac4128
rg2268,ac2954
rg2269,ac522
rg2270,ac797
rg2271,ac2552
rg2272,ac4452
rg2273,ac2714
rg2274,ac4428
rg2275,ac1134
rg2276,ac1134
rg2277,ac2204
rg2278,ac141
rg2279,ac2194
rg2280,ac141
rg2281,ac1256
rg2282,ac3679
rg2283,ac4508
rg2284,ac3114
rg2285,ac2381
rg2286,ac2339
rg2287,ac3771
rg2288,ac141
rg2289,ac2229
rg2290,ac141
rg2291,ac3024
rg2292,ac848
rg2293,ac1035
rg2294,ac141
rg2295,ac3935
rg2296,ac141
rg2297,ac4264
rg2298,ac339
rg2299,ac107
rg2300,ac1549
rg2301,ac141
rg2302,ac141
rg2303,ac141
rg2304,ac141
rg2305,ac648
rg2306,ac4277
rg2307,ac4613
rg2308,ac4613
rg2309,ac2520
rg2310,ac2923
rg2311,ac4567
rg2312,ac1125
rg2313,ac2780
rg2314,ac141
rg2315,ac3728
rg2316,ac141
rg2317,ac141
rg2318,ac2234
rg2319,ac600
rg2320,ac3532
rg2321,ac1572
rg2322,ac141
rg2323,ac107
rg2324,ac1023
rg2325,ac1224
rg2326,ac1696
rg2327,ac4436
rg2328,ac2649
rg2329,ac4422
rg2330,ac2766
rg2331,ac3568
rg2332,ac134
rg2333,ac2191
rg2334,ac3499
rg2335,ac911
rg2336,ac141
rg2337,ac2072
rg2338,ac1337
rg2339,ac2086
rg2340,ac3773
rg2341,ac3558
rg2342,ac292
rg2343,ac13
rg2344,ac1625
rg2345,ac2494
rg2346,ac681
rg2347,ac69
rg2348,ac1228
rg2349,ac141
rg2350,ac1033
rg2351,ac141
rg2352,ac4418
rg2353,ac3504
rg2354,ac3272
rg2355,ac1387
rg2356,ac2531
rg2357,ac2748
rg2358,ac141
rg2359,ac1323
rg2360,ac3256
rg2361,ac2027
rg2362,ac1496
rg2363,ac3081
rg2364,ac3338
rg2365,ac4092
rg2366,ac223
rg2367,ac141
rg2368,ac1870
rg2369,ac2463
rg2370,ac1174
rg2371,ac1252
rg2372,ac159
rg2373,ac914
rg2374,ac629
rg2375,ac3107
rg2376,ac141
rg2377,ac4102
rg2378,ac141
rg2379,ac1115
rg2380,ac778
rg2381,ac1196
rg2382,ac3792
rg2383,ac301
rg2384,ac1378
rg2385,ac2584
rg2386,ac4595
rg2387,ac1188
rg2388,ac141
rg2389,ac3869
rg2390,ac4047
rg2391,ac943
rg2392,ac2807
rg2393,ac1246
rg2394,ac4198
rg2395,ac2577
rg2396,ac4627
rg2397,ac4627
rg2398,ac4491
rg2399,ac4430
rg2400,ac1306
rg2401,ac141
rg2402,ac2767
rg2403,ac2373
rg2404,ac2637
rg2405,ac3156
rg2406,ac4198
rg2407,ac4232
rg2408,ac2320
rg2409,ac1367
rg2410,ac141
rg2411,ac2946
rg2412,ac3031
rg2413,ac3792
rg2414,ac672
rg2415,ac4550
rg2416,ac3031
rg2417,ac475
rg2418,ac4143
rg2419,ac3442
rg2420,ac141
rg2421,ac3676
rg2422,ac2343
rg2423,ac1810
rg2424,ac3629
rg2425,ac3439
rg2426,ac2435
rg2427,ac4325
rg2428,ac396
rg2429,ac2830
rg2430,ac141
rg2431,ac278
rg2432,ac196
rg2433,ac203
rg2434,ac2068
rg2435,ac141
rg2436,ac3880
rg2437,ac2387
rg2438,ac4200
rg2439,ac194
rg2440,ac2186
rg2441,ac3370
rg2442,ac1131
rg2443,ac141
rg2444,ac2489
rg2445,ac866
rg2446,ac3401
rg2447,ac1198
rg2448,ac3895
rg2449,ac1543
rg2450,ac4417
rg2451,ac2396
rg2452,ac3313
rg2453,ac1065
rg2454,ac4101
rg2455,ac702
rg2456,ac2802
rg2457,ac2802
rg2458,ac628
rg2459,ac1330
rg2460,ac647
rg2461,ac394
rg2462,ac3098
rg2463,ac2286
rg2464,ac773
rg2465,ac783
rg2466,ac760
rg2467,ac593
rg2468,ac3395
rg2469,ac4184
rg2470,ac3665
rg2471,ac1766
rg2472,ac234
rg2473,ac626
rg2474,ac3276
rg2475,ac141
rg2476,ac1943
rg2477,ac2406
rg2478,ac1995
rg2479,ac1692
rg2480,ac453
rg2481,ac3236
rg2482,ac141
rg2483,ac4516
rg2484,ac1522
rg2485,ac4554
rg2486,ac2374
rg2487,ac3733
rg2488,ac3266
rg2489,ac1191
rg2490,ac2481
rg2491,ac2711
rg2492,ac1259
rg2493,ac951
rg2494,ac607
rg2495,ac2481
rg2496,ac3636
rg2497,ac1708
rg2498,ac4056
rg2499,ac3126
rg2500,ac3126
rg2501,ac2795
rg2502,ac2795
rg2503,ac2456
rg2504,ac2410
rg2505,ac1240
rg2506,ac956
rg2507,ac141
rg2508,ac3412
rg2509,ac141
rg2510,ac207
rg2511,ac220
rg2512,ac3857
rg2513,ac141
rg2514,ac3733
rg2515,ac3981
rg2516,ac395
rg2517,ac141
rg2518,ac3985
rg2519,ac4501
rg2520,ac2037
rg2521,ac1200
rg2522,ac605
rg2523,ac496
rg2524,ac1654
rg2525,ac141
rg2526,ac3881
rg2527,ac141
rg2528,ac275
rg2529,ac2999
rg2530,ac3937
rg2531,ac3716
rg2532,ac868
rg2533,ac3557
rg2534,ac2212
rg2535,ac3137
rg2536,ac141
rg2537,ac1245
rg2538,ac2913
rg2539,ac744
rg2540,ac141
rg2541,ac4130
rg2542,ac141
rg2543,ac883
rg2544,ac995
rg2545,ac216
rg2546,ac2158
rg2547,ac1797
rg2548,ac141
rg2549,ac3424
rg2550,ac796
rg2551,ac725
rg2552,ac1504
rg2553,ac2464
rg2554,ac1498
rg2555,ac141
rg2556,ac1177
rg2557,ac927
rg2558,ac1772
rg2559,ac2311
rg2560,ac4288
rg2561,ac3128
rg2562,ac3591
rg2563,ac2856
rg2564,ac444
rg2565,ac2912
rg2566,ac2344
rg2567,ac924
rg2568,ac990
rg2569,ac289
rg2570,ac1042
rg2571,ac2295
rg2572,ac305
rg2573,ac141
rg2574,ac889
rg2575,ac141
rg2576,ac141
rg2577,ac801
rg2578,ac2045
rg2579,ac2807
rg2580,ac4329
rg2581,ac2090
rg2582,ac1373
rg2583,ac3679
rg2584,ac3369
rg2585,ac141
rg2586,ac141
rg2587,ac2220
rg2588,ac1031
rg2589,ac1762
rg2590,ac3
rg2591,ac1639
rg2592,ac141
rg2593,ac2992
rg2594,ac1953
rg2595,ac141
rg2596,ac3150
rg2597,ac140
rg2598,ac3686
rg2599,ac551
rg2600,ac3679
rg2601,ac255
rg2602,ac2517
rg2603,ac322
rg2604,ac361
rg2605,ac910
rg2606,ac141
rg2607,ac2371
rg2608,ac1357
rg2609,ac1054
rg2610,ac4472
rg2611,ac141
rg2612,ac2151
rg2613,ac527
rg2614,ac1640
rg2615,ac4522
rg2616,ac1719
rg2617,ac2268
rg2618,ac2150
rg2619,ac4079
rg2620,ac3969
rg2621,ac4406
rg2622,ac2692
rg2623,ac4628
rg2624,ac3542
rg2625,ac4002
rg2626,ac1560
rg2627,ac4362
rg2628,ac177
rg2629,ac1857
rg2630,ac1282
rg2631,ac2462
rg2632,ac657
rg2633,ac353
rg2634,ac3917
rg2635,ac3983
rg2636,ac1997
rg2637,ac141
rg2638,ac141
rg2639,ac3105
rg2640,ac4561
rg2641,ac1065
rg2642,ac1452
rg2643,ac131
rg2644,ac3060
rg2645,ac4446
rg2646,ac4372
rg2647,ac141
rg2648,ac1919
rg2649,ac1654
rg2650,ac6
rg2651,ac2611
rg2652,ac2192
rg2653,ac3997
rg2654,ac1500
rg2655,ac3101
rg2656,ac141
rg2657,ac141
rg2658,ac2262
rg2659,ac1744
rg2660,ac1156
rg2661,ac3607
rg2662,ac703
rg2663,ac344
rg2664,ac4122
rg2665,ac141
rg2666,ac4414
rg2667,ac4520
rg2668,ac2163
rg2669,ac141
rg2670,ac141
rg2671,ac1068
rg2672,ac470
rg2673,ac2024
rg2674,ac4504
rg2675,ac2927
rg2676,ac2341
rg2677,ac2130
rg2678,ac3168
rg2679,ac909
rg2680,ac2458
rg2681,ac2842
rg2682,ac1867
rg2683,ac3768
rg2684,ac2079
rg2685,ac2148
rg2686,ac2082
rg2687,ac1590
rg2688,ac3346
rg2689,ac141
rg2690,ac141
rg2691,ac2493
rg2692,ac3517
rg2693,ac4070
rg2694,ac3167
rg2695,ac3688
rg2696,ac1791
rg2697,ac321
rg2698,ac3266
rg2699,ac141
rg2700,ac703
rg2701,ac3274
rg2702,ac186
rg2703,ac1241
rg2704,ac2964
rg2705,ac407
rg2706,ac288
rg2707,ac4361
rg2708,ac141
rg2709,ac2827
rg2710,ac4084
rg2711,ac141
rg2712,ac2604
rg2713,ac141
rg2714,ac1810
rg2715,ac1350
rg2716,ac3946
rg2717,ac438
rg2718,ac2292
rg2719,ac2934
rg2720,ac364
rg2721,ac4028
rg2722,ac3588
rg2723,ac141
rg2724,ac141
rg2725,ac4410
rg2726,ac1007
rg2727,ac1394
rg2728,ac590
rg2729,ac2765
rg2730,ac229
rg2731,ac2673
rg2732,ac2838
rg2733,ac3182
rg2734,ac2850
rg2735,ac1278
rg2736,ac1288
rg2737,ac141
rg2738,ac4123
rg2739,ac4123
rg2740,ac249
rg2741,ac1561
rg2742,ac2343
rg2743,ac1673
rg2744,ac4107
rg2745,ac141
rg2746,ac141
rg2747,ac141
rg2748,ac4366
rg2749,ac141
rg2750,ac4243
rg2751,ac1937
rg2752,ac1937
rg2753,ac3229
rg2754,ac2561
rg2755,ac2515
rg2756,ac1006
rg2757,ac609
rg2758,ac1461
rg2759,ac870
rg2760,ac3044
rg2761,ac3582
rg2762,ac4319
rg2763,ac1525
rg2764,ac1810
rg2765,ac3314
rg2766,ac2227
rg2767,ac4211
rg2768,ac2841
rg2769,ac1790
rg2770,ac2688
rg2771,ac165
rg2772,ac2348
rg2773,ac4488
rg2774,ac1249
rg2775,ac1790
rg2776,ac2819
rg2777,ac1538
rg2778,ac2768
rg2779,ac3325
rg2780,ac3573
rg2781,ac3894
rg2782,ac506
rg2783,ac632
rg2784,ac1866
rg2785,ac141
rg2786,ac1022
rg2787,ac469
rg2788,ac794
rg2789,ac1667
rg2790,ac141
rg2791,ac141
rg2792,ac2371
rg2793,ac3637
rg2794,ac364
rg2795,ac3458
rg2796,ac989
rg2797,ac3408
rg2798,ac3108
rg2799,ac1820
rg2800,ac4455
rg2801,ac3942
rg2802,ac226
rg2803,ac3922
rg2804,ac2146
rg2805,ac597
rg2806,ac2590
rg2807,ac1381
rg2808,ac2464
rg2809,ac1756
rg2810,ac141
rg2811,ac3899
rg2812,ac141
rg2813,ac3882
rg2814,ac2996
rg2815,ac141
rg2816,ac1090
rg2817,ac4114
rg2818,ac141
rg2819,ac739
rg2820,ac215
rg2821,ac2625
rg2822,ac799
rg2823,ac2699
rg2824,ac4043
rg2825,ac141
rg2826,ac141
rg2827,ac4205
rg2828,ac1829
rg2829,ac1770
rg2830,ac2573
rg2831,ac2845
rg2832,ac1748
rg2833,ac1755
rg2834,ac3453
rg2835,ac575
rg2836,ac3547
rg2837,ac971
rg2838,ac2969
rg2839,ac3439
rg2840,ac2813
rg2841,ac3624
rg2842,ac2381
rg2843,ac850
rg2844,ac2410
rg2845,ac4065
rg2846,ac3394
rg2847,ac1995
rg2848,ac912
rg2849,ac2849
rg2850,ac3550
rg2851,ac3550
rg2852,ac1726
rg2853,ac509
rg2854,ac3809
rg2855,ac2001
rg2856,ac4018
rg2857,ac963
rg2858,ac3519
rg2859,ac1504
rg2860,ac2738
rg2861,ac141
rg2862,ac778
rg2863,ac547
rg2864,ac238
rg2865,ac300
rg2866,ac3007
rg2867,ac4121
rg2868,ac845
rg2869,ac3341
rg2870,ac563
rg2871,ac141
rg2872,ac141
rg2873,ac1817
rg2874,ac4348
rg2875,ac736
rg2876,ac3970
rg2877,ac1461
rg2878,ac187
rg2879,ac141
rg2880,ac2686
rg2881,ac2425
rg2882,ac1907
rg2883,ac894
rg2884,ac1608
rg2885,ac141
rg2886,ac1047
rg2887,ac3207
rg2888,ac1730
rg2889,ac3939
rg2890,ac3939
rg2891,ac1101
rg2892,ac1984
rg2893,ac520
rg2894,ac158
rg2895,ac3825
rg2896,ac2484
rg2897,ac3510
rg2898,ac2152
rg2899,ac3264
rg2900,ac1851
rg2901,ac694
rg2902,ac1381
rg2903,ac2346
rg2904,ac141
rg2905,ac141
rg2906,ac1144
rg2907,ac2460
rg2908,ac833
rg2909,ac1703
rg2910,ac3805
rg2911,ac1975
rg2912,ac1712
rg2913,ac2650
rg2914,ac1785
rg2915,ac141
rg2916,ac587
rg2917,ac141
rg2918,ac1692
rg2919,ac2408
rg2920,ac402
rg2921,ac2356
rg2922,ac348
rg2923,ac2639
rg2924,ac274
rg2925,ac1252
rg2926,ac2567
rg2927,ac1722
rg2928,ac3760
rg2929,ac845
rg2930,ac160
rg2931,ac2109
rg2932,ac141
rg2933,ac295
rg2934,ac4255
rg2935,ac3664
rg2936,ac517
rg2937,ac141
rg2938,ac3838
rg2939,ac543
rg2940,ac1521
rg2941,ac36
rg2942,ac141
rg2943,ac3902
rg2944,ac1662
rg2945,ac3714
rg2946,ac1532
rg2947,ac141
rg2948,ac3081
rg2949,ac4250
rg2950,ac2705
rg2951,ac763
rg2952,ac3871
rg2953,ac2168
rg2954,ac879
rg2955,ac2612
rg2956,ac3849
rg2957,ac277
rg2958,ac3189
rg2959,ac1202
rg2960,ac2599
rg2961,ac3481
rg2962,ac1465
rg2963,ac3512
rg2964,ac141
rg2965,ac774
rg2966,ac691
rg2967,ac3262
rg2968,ac2626
rg2969,ac141
rg2970,ac1457
rg2971,ac2516
rg2972,ac3098
rg2973,ac141
rg2974,ac3583
rg2975,ac1269
rg2976,ac4198
rg2977,ac1958
rg2978,ac1583
rg2979,ac2869
rg2980,ac4386
rg2981,ac3536
rg2982,ac427
rg2983,ac3122
rg2984,ac141
rg2985,ac3497
rg2986,ac39
rg2987,ac1468
rg2988,ac2578
rg2989,ac2875
rg2990,ac1618
rg2991,ac690
rg2992,ac2414
rg2993,ac83
rg2994,ac3611
rg2995,ac141
rg2996,ac4287
rg2997,ac3515
rg2998,ac2331
rg2999,ac141
rg3000,ac2763
rg3001,ac3722
rg3002,ac3685
rg3003,ac801
rg3004,ac3237
rg3005,ac378
rg3006,ac3339
rg3007,ac1941
rg3008,ac1941
rg3009,ac4567
rg3010,ac569
rg3011,ac3083
rg3012,ac141
rg3013,ac3867
rg3014,ac1775
rg3015,ac3511
rg3016,ac3727
rg3017,ac4182
rg3018,ac50
rg3019,ac1595
rg3020,ac181
rg3021,ac141
rg3022,ac141
rg3023,ac2760
rg3024,ac1041
rg3025,ac2908
rg3026,ac141
rg3027,ac2419
rg3028,ac3420
rg3029,ac1267
rg3030,ac2800
rg3031,ac4334
rg3032,ac3604
rg3033,ac2487
rg3034,ac1921
rg3035,ac4328
rg3036,ac983
rg3037,ac2548
rg3038,ac924
rg3039,ac3929
rg3040,ac85
rg3041,ac3368
rg3042,ac433
rg3043,ac4431
rg3044,ac1238
rg3045,ac1195
rg3046,ac1964
rg3047,ac3975
rg3048,ac141
rg3049,ac3989
rg3050,ac3396
rg3051,ac100
rg3052,ac1266
rg3053,ac1462
rg3054,ac992
rg3055,ac4574
rg3056,ac4454
rg3057,ac3504
rg3058,ac1904
rg3059,ac4153
rg3060,ac3304
rg3061,ac767
rg3062,ac355
rg3063,ac4013
rg3064,ac1970
rg3065,ac1970
rg3066,ac2318
rg3067,ac141
rg3068,ac3532
rg3069,ac3529
rg3070,ac141
rg3071,ac141
rg3072,ac309
rg3073,ac1272
rg3074,ac3219
rg3075,ac4069
rg3076,ac4458
rg3077,ac4458
rg3078,ac4287
rg3079,ac191
rg3080,ac2289
rg3081,ac1169
rg3082,ac2930
rg3083,ac1590
rg3084,ac3641
rg3085,ac4196
rg3086,ac158
rg3087,ac2079
rg3088,ac141
rg3089,ac135
rg3090,ac141
rg3091,ac3381
rg3092,ac4591
rg3093,ac141
rg3094,ac688
rg3095,ac2520
rg3096,ac2501
rg3097,ac4024
rg3098,ac3726
rg3099,ac2087
rg3100,ac3468
rg3101,ac141
rg3102,ac940
rg3103,ac3525
rg3104,ac1908
rg3105,ac3409
rg3106,ac697
rg3107,ac4323
rg3108,ac2252
rg3109,ac4464
rg3110,ac26
rg3111,ac4449
rg3112,ac3554
rg3113,ac2429
rg3114,ac141
rg3115,ac1538
rg3116,ac3214
rg3117,ac141
rg3118,ac1204
rg3119,ac199
rg3120,ac197
rg3121,ac4171
rg3122,ac200
rg3123,ac2649
rg3124,ac237
rg3125,ac3788
rg3126,ac141
rg3127,ac3048
rg3128,ac3595
rg3129,ac4355
rg3130,ac4510
rg3131,ac141
rg3132,ac4477
rg3133,ac3156
rg3134,ac1755
rg3135,ac3266
rg3136,ac303
rg3137,ac145
rg3138,ac141
rg3139,ac141
rg3140,ac3371
rg3141,ac3371
rg3142,ac4453
rg3143,ac3362
rg3144,ac2901
rg3145,ac4547
rg3146,ac185
rg3147,ac1894
rg3148,ac2896
rg3149,ac1389
rg3150,ac141
rg3151,ac250
rg3152,ac1321
rg3153,ac984
rg3154,ac2758
rg3155,ac2998
rg3156,ac4481
rg3157,ac924
rg3158,ac3776
rg3159,ac141
rg3160,ac4595
rg3161,ac141
rg3162,ac58
rg3163,ac480
rg3164,ac438
rg3165,ac4497
rg3166,ac3513
rg3167,ac4560
rg3168,ac904
rg3169,ac2555
rg3170,ac4362
rg3171,ac4362
rg3172,ac141
rg3173,ac141
rg3174,ac4244
rg3175,ac3229
rg3176,ac3905
rg3177,ac4460
rg3178,ac3833
rg3179,ac939
rg3180,ac2083
rg3181,ac1589
rg3182,ac3222
rg3183,ac3620
rg3184,ac4261
rg3185,ac3238
rg3186,ac4017
rg3187,ac761
rg3188,ac2796
rg3189,ac1848
rg3190,ac141
rg3191,ac1632
rg3192,ac1827
rg3193,ac2547
rg3194,ac3502
rg3195,ac3502
rg3196,ac1679
rg3197,ac3112
rg3198,ac814
rg3199,ac162
rg3200,ac141
rg3201,ac141
rg3202,ac2349
rg3203,ac2349
rg3204,ac16
rg3205,ac141
rg3206,ac4523
rg3207,ac1182
rg3208,ac141
rg3209,ac3062
rg3210,ac2612
rg3211,ac724
rg3212,ac1030
rg3213,ac141
rg3214,ac1587
rg3215,ac141
rg3216,ac3310
rg3217,ac3310
rg3218,ac476
rg3219,ac3155
rg3220,ac823
rg3221,ac3899
rg3222,ac141
rg3223,ac1479
rg3224,ac1820
rg3225,ac4390
rg3226,ac3199
rg3227,ac1416
rg3228,ac65
rg3229,ac3615
rg3230,ac1810
rg3231,ac1679
rg3232,ac1679
rg3233,ac1598
rg3234,ac1598
rg3235,ac400
rg3236,ac141
rg3237,ac141
rg3238,ac1284
rg3239,ac2616
rg3240,ac2616
rg3241,ac2258
rg3242,ac107
rg3243,ac923
rg3244,ac479
rg3245,ac3545
rg3246,ac1458
rg3247,ac2961
rg3248,ac4536
rg3249,ac4117
rg3250,ac751
rg3251,ac144
rg3252,ac141
rg3253,ac185
rg3254,ac141
rg3255,ac4021
rg3256,ac455
rg3257,ac141
rg3258,ac2419
rg3259,ac887
rg3260,ac1927
rg3261,ac2276
rg3262,ac2692
rg3263,ac2452
rg3264,ac3651
rg3265,ac2092
rg3266,ac1649
rg3267,ac632
rg3268,ac3473
rg3269,ac1243
rg3270,ac2644
rg3271,ac3552
rg3272,ac3749
rg3273,ac107
rg3274,ac1924
rg3275,ac141
rg3276,ac264
rg3277,ac4410
rg3278,ac743
rg3279,ac1956
rg3280,ac783
rg3281,ac3734
rg3282,ac2110
rg3283,ac4451
rg3284,ac141
rg3285,ac2357
rg3286,ac1099
rg3287,ac1855
rg3288,ac4525
rg3289,ac1007
rg3290,ac943
rg3291,ac141
rg3292,ac141
rg3293,ac3930
rg3294,ac1149
rg3295,ac474
rg3296,ac2523
rg3297,ac3374
rg3298,ac3135
rg3299,ac1158
rg3300,ac1040
rg3301,ac4399
rg3302,ac1625
rg3303,ac464
rg3304,ac3139
rg3305,ac141
rg3306,ac141
rg3307,ac341
rg3308,ac1905
rg3309,ac141
rg3310,ac3558
rg3311,ac2138
rg3312,ac4248
rg3313,ac2112
rg3314,ac2390
rg3315,ac141
rg3316,ac141
rg3317,ac1526
rg3318,ac2719
rg3319,ac4205
rg3320,ac157
rg3321,ac141
rg3322,ac141
rg3323,ac2360
rg3324,ac2229
rg3325,ac3171
rg3326,ac3346
rg3327,ac1385
rg3328,ac725
rg3329,ac3746
rg3330,ac3331
rg3331,ac242
rg3332,ac3454
rg3333,ac1100
rg3334,ac2241
rg3335,ac2687
rg3336,ac141
rg3337,ac998
rg3338,ac238
rg3339,ac493
rg3340,ac318
rg3341,ac2798
rg3342,ac141
rg3343,ac3718
rg3344,ac1562
rg3345,ac1184
rg3346,ac141
rg3347,ac141
rg3348,ac543
rg3349,ac3208
rg3350,ac532
rg3351,ac141
rg3352,ac2709
rg3353,ac1076
rg3354,ac141
rg3355,ac1441
rg3356,ac431
rg3357,ac2804
rg3358,ac141
rg3359,ac492
rg3360,ac632
rg3361,ac3778
rg3362,ac141
rg3363,ac141
rg3364,ac258
rg3365,ac3993
rg3366,ac2855
rg3367,ac1952
rg3368,ac141
rg3369,ac2525
rg3370,ac2419
rg3371,ac2169
rg3372,ac3367
rg3373,ac1551
rg3374,ac3938
rg3375,ac141
rg3376,ac2874
rg3377,ac60
rg3378,ac141
rg3379,ac4150
rg3380,ac418
rg3381,ac2758
rg3382,ac1986
rg3383,ac4434
rg3384,ac1504
rg3385,ac4185
rg3386,ac233
rg3387,ac62
rg3388,ac2229
rg3389,ac141
rg3390,ac4346
rg3391,ac141
rg3392,ac141
rg3393,ac3096
rg3394,ac141
rg3395,ac2829
rg3396,ac2782
rg3397,ac3604
rg3398,ac2485
rg3399,ac2817
rg3400,ac896
rg3401,ac2784
rg3402,ac4137
rg3403,ac1707
rg3404,ac3628
rg3405,ac265
rg3406,ac685
rg3407,ac189
rg3408,ac4380
rg3409,ac2741
rg3410,ac2357
rg3411,ac646
rg3412,ac3125
rg3413,ac444
rg3414,ac444
rg3415,ac1620
rg3416,ac141
rg3417,ac2143
rg3418,ac1034
rg3419,ac3592
rg3420,ac2143
rg3421,ac141
rg3422,ac4614
rg3423,ac141
rg3424,ac1329
rg3425,ac1880
rg3426,ac4625
rg3427,ac141
rg3428,ac141
rg3429,ac3391
rg3430,ac1763
rg3431,ac141
rg3432,ac3984
rg3433,ac669
rg3434,ac3736
rg3435,ac3690
rg3436,ac3174
rg3437,ac2173
rg3438,ac141
rg3439,ac1352
rg3440,ac4337
rg3441,ac4610
rg3442,ac1913
rg3443,ac4415
rg3444,ac3047
rg3445,ac4168
rg3446,ac3094
rg3447,ac3824
rg3448,ac3339
rg3449,ac428
rg3450,ac3389
rg3451,ac4595
rg3452,ac141
rg3453,ac2297
rg3454,ac3249
rg3455,ac3967
rg3456,ac56
rg3457,ac294
rg3458,ac141
rg3459,ac1108
rg3460,ac4153
rg3461,ac162
rg3462,ac151
rg3463,ac3063
rg3464,ac1930
rg3465,ac4511
rg3466,ac1485
rg3467,ac688
rg3468,ac40
rg3469,ac141
rg3470,ac141
rg3471,ac548
rg3472,ac2386
rg3473,ac3845
rg3474,ac3484
rg3475,ac3294
rg3476,ac141
rg3477,ac3292
rg3478,ac4181
rg3479,ac2219
rg3480,ac1468
rg3481,ac1153
rg3482,ac4409
rg3483,ac141
rg3484,ac3791
rg3485,ac3599
rg3486,ac459
rg3487,ac1443
rg3488,ac72
rg3489,ac2055
rg3490,ac2986
rg3491,ac141
rg3492,ac893
rg3493,ac3445
rg3494,ac3651
rg3495,ac403
rg3496,ac2884
rg3497,ac3035
rg3498,ac1721
rg3499,ac4214
rg3500,ac446
rg3501,ac747
rg3502,ac350
rg3503,ac2678
rg3504,ac1363
rg3505,ac390
rg3506,ac721
rg3507,ac141
rg3508,ac478
rg3509,ac2273
rg3510,ac4380
rg3511,ac141
rg3512,ac1653
rg3513,ac1542
rg3514,ac17
rg3515,ac4363
rg3516,ac4363
rg3517,ac3498
rg3518,ac1305
rg3519,ac3869
rg3520,ac4176
rg3521,ac3786
rg3522,ac141
rg3523,ac141
rg3524,ac2246
rg3525,ac906
rg3526,ac2070
rg3527,ac1755
rg3528,ac4271
rg3529,ac1745
rg3530,ac2100
rg3531,ac108
rg3532,ac1233
rg3533,ac1232
rg3534,ac2905
rg3535,ac1223
rg3536,ac2099
rg3537,ac141
rg3538,ac2607
rg3539,ac2607
rg3540,ac640
rg3541,ac2528
rg3542,ac2790
rg3543,ac3427
rg3544,ac2124
rg3545,ac141
rg3546,ac2970
rg3547,ac4063
rg3548,ac2972
rg3549,ac2172
rg3550,ac2895
rg3551,ac4155
rg3552,ac141
rg3553,ac2802
rg3554,ac4381
rg3555,ac646
rg3556,ac1089
rg3557,ac1948
rg3558,ac2834
rg3559,ac3242
rg3560,ac2932
rg3561,ac1273
rg3562,ac1874
rg3563,ac811
rg3564,ac1961
rg3565,ac2362
rg3566,ac3982
rg3567,ac2649
rg3568,ac141
rg3569,ac2621
rg3570,ac524
rg3571,ac63
rg3572,ac2113
rg3573,ac2901
rg3574,ac3707
rg3575,ac2973
rg3576,ac193
rg3577,ac141
rg3578,ac1746
rg3579,ac2834
rg3580,ac2841
rg3581,ac2436
rg3582,ac3613
rg3583,ac2101
rg3584,ac2746
rg3585,ac4469
rg3586,ac574
rg3587,ac1596
rg3588,ac767
rg3589,ac1668
rg3590,ac2966
rg3591,ac2017
rg3592,ac558
rg3593,ac652
rg3594,ac1805
rg3595,ac141
rg3596,ac53
rg3597,ac3109
rg3598,ac3
rg3599,ac2287
rg3600,ac141
rg3601,ac3836
rg3602,ac4245
rg3603,ac3723
rg3604,ac3932
rg3605,ac141
rg3606,ac1028
rg3607,ac2953
rg3608,ac454
rg3609,ac4192
rg3610,ac3631
rg3611,ac260
rg3612,ac2114
rg3613,ac962
rg3614,ac3332
rg3615,ac3751
rg3616,ac399
rg3617,ac3320
rg3618,ac1532
rg3619,ac1726
rg3620,ac2450
rg3621,ac3723
rg3622,ac4172
rg3623,ac4172
rg3624,ac103
rg3625,ac4197
rg3626,ac141
rg3627,ac954
rg3628,ac2989
rg3629,ac2428
rg3630,ac76
rg3631,ac2498
rg3632,ac4056
rg3633,ac3095
rg3634,ac4134
rg3635,ac141
rg3636,ac3089
rg3637,ac81
rg3638,ac1777
rg3639,ac2942
rg3640,ac851
rg3641,ac485
rg3642,ac141
rg3643,ac2821
rg3644,ac3247
rg3645,ac141
rg3646,ac236
rg3647,ac2039
rg3648,ac141
rg3649,ac141
rg3650,ac3968
rg3651,ac2365
rg3652,ac1754
rg3653,ac2202
rg3654,ac141
rg3655,ac1172
rg3656,ac1635
rg3657,ac3960
rg3658,ac1766
rg3659,ac141
rg3660,ac3538
rg3661,ac3227
rg3662,ac141
rg3663,ac2556
rg3664,ac4142
rg3665,ac3852
rg3666,ac4222
rg3667,ac3134
rg3668,ac2583
rg3669,ac4353
rg3670,ac563
rg3671,ac815
rg3672,ac1955
rg3673,ac2909
rg3674,ac843
rg3675,ac4435
rg3676,ac141
rg3677,ac1098
rg3678,ac519
rg3679,ac1538
rg3680,ac2210
rg3681,ac1876
rg3682,ac1328
rg3683,ac2026
rg3684,ac141
rg3685,ac3426
rg3686,ac1425
rg3687,ac141
rg3688,ac2756
rg3689,ac2170
rg3690,ac3898
rg3691,ac1316
rg3692,ac868
rg3693,ac412
rg3694,ac373
rg3695,ac3781
rg3696,ac2464
rg3697,ac1603
rg3698,ac2048
rg3699,ac3750
rg3700,ac3534
rg3701,ac2955
rg3702,ac2955
rg3703,ac633
rg3704,ac1564
rg3705,ac1537
rg3706,ac1191
rg3707,ac320
rg3708,ac664
rg3709,ac3688
rg3710,ac2843
rg3711,ac920
rg3712,ac290
rg3713,ac1552
rg3714,ac183
rg3715,ac4253
rg3716,ac893
rg3717,ac3106
rg3718,ac3464
rg3719,ac3826
rg3720,ac937
rg3721,ac57
rg3722,ac480
rg3723,ac1129
rg3724,ac4352
rg3725,ac141
rg3726,ac3147
rg3727,ac1927
rg3728,ac1084
rg3729,ac4196
rg3730,ac3671
rg3731,ac141
rg3732,ac3003
rg3733,ac3855
rg3734,ac1665
rg3735,ac3359
rg3736,ac346
rg3737,ac2861
rg3738,ac2650
rg3739,ac141
rg3740,ac911
rg3741,ac1309
rg3742,ac4293
rg3743,ac2845
rg3744,ac2079
rg3745,ac281
rg3746,ac141
rg3747,ac141
rg3748,ac4393
rg3749,ac3065
rg3750,ac83
rg3751,ac2176
rg3752,ac141
rg3753,ac4285
rg3754,ac1711
rg3755,ac4617
rg3756,ac140
rg3757,ac141
rg3758,ac160
rg3759,ac3278
rg3760,ac757
rg3761,ac639
rg3762,ac1716
rg3763,ac2105
rg3764,ac4596
rg3765,ac2767
rg3766,ac2767
rg3767,ac2987
rg3768,ac141
rg3769,ac2917
rg3770,ac3983
rg3771,ac141
rg3772,ac1169
rg3773,ac1362
rg3774,ac141
rg3775,ac566
rg3776,ac1334
rg3777,ac458
rg3778,ac141
rg3779,ac757
rg3780,ac330
rg3781,ac141
rg3782,ac129
rg3783,ac4260
rg3784,ac2218
rg3785,ac2951
rg3786,ac1650
rg3787,ac2845
rg3788,ac4161
rg3789,ac3424
rg3790,ac74
rg3791,ac3571
rg3792,ac3689
rg3793,ac4324
rg3794,ac3165
rg3795,ac3640
rg3796,ac141
rg3797,ac1192
rg3798,ac3609
rg3799,ac3617
rg3800,ac4249
rg3801,ac141
rg3802,ac2126
rg3803,ac2280
rg3804,ac3276
rg3805,ac3455
rg3806,ac1265
rg3807,ac2361
rg3808,ac4330
rg3809,ac1411
rg3810,ac141
rg3811,ac1917
rg3812,ac2311
rg3813,ac141
rg3814,ac374
rg3815,ac3966
rg3816,ac2268
rg3817,ac141
rg3818,ac1281
rg3819,ac1014
rg3820,ac4487
rg3821,ac1437
rg3822,ac4532
rg3823,ac2932
rg3824,ac4319
rg3825,ac2023
rg3826,ac581
rg3827,ac2840
rg3828,ac4384
rg3829,ac1677
rg3830,ac1677
rg3831,ac3643
rg3832,ac130
rg3833,ac3602
rg3834,ac2944
rg3835,ac3118
rg3836,ac141
rg3837,ac3190
rg3838,ac181
rg3839,ac762
rg3840,ac2420
rg3841,ac4087
rg3842,ac3516
rg3843,ac141
rg3844,ac3001
rg3845,ac3100
rg3846,ac1567
rg3847,ac146
rg3848,ac528
rg3849,ac3113
rg3850,ac375
rg3851,ac4425
rg3852,ac1043
rg3853,ac3045
rg3854,ac3045
rg3855,ac1468
rg3856,ac3582
rg3857,ac3913
rg3858,ac1846
rg3859,ac2418
rg3860,ac1731
rg3861,ac4017
rg3862,ac3542
rg3863,ac2564
rg3864,ac141
rg3865,ac141
rg3866,ac2607
rg3867,ac723
rg3868,ac826
rg3869,ac3745
rg3870,ac3896
rg3871,ac1678
rg3872,ac3836
rg3873,ac3048
rg3874,ac704
rg3875,ac141
rg3876,ac2645
rg3877,ac2658
rg3878,ac4463
rg3879,ac1989
rg3880,ac3357
rg3881,ac1026
rg3882,ac3502
rg3883,ac377
rg3884,ac168
rg3885,ac3809
rg3886,ac1687
rg3887,ac626
rg3888,ac613
rg3889,ac153
rg3890,ac452
rg3891,ac4058
rg3892,ac141
rg3893,ac359
rg3894,ac4003
rg3895,ac709
rg3896,ac4570
rg3897,ac2331
rg3898,ac838
rg3899,ac2442
rg3900,ac1999
rg3901,ac3169
rg3902,ac654
rg3903,ac1351
rg3904,ac2818
rg3905,ac3829
rg3906,ac3601
rg3907,ac139
rg3908,ac3620
rg3909,ac3103
rg3910,ac2709
rg3911,ac141
rg3912,ac1982
rg3913,ac2149
rg3914,ac603
rg3915,ac589
rg3916,ac141
rg3917,ac4428
rg3918,ac579
rg3919,ac1699
rg3920,ac1806
rg3921,ac2279
rg3922,ac1037
rg3923,ac264
rg3924,ac938
rg3925,ac141
rg3926,ac3188
rg3927,ac1460
rg3928,ac707
rg3929,ac3774
rg3930,ac3874
rg3931,ac80
rg3932,ac3836
rg3933,ac2924
rg3934,ac2523
rg3935,ac1795
rg3936,ac4339
rg3937,ac141
rg3938,ac1901
rg3939,ac80
rg3940,ac3598
rg3941,ac1333
rg3942,ac450
rg3943,ac721
rg3944,ac667
rg3945,ac1265
rg3946,ac523
rg3947,ac700
rg3948,ac1249
rg3949,ac4360
rg3950,ac665
rg3951,ac3221
rg3952,ac141
rg3953,ac1548
rg3954,ac3488
rg3955,ac3030
rg3956,ac2587
rg3957,ac3245
rg3958,ac4314
rg3959,ac3701
rg3960,ac2876
rg3961,ac2130
rg3962,ac4503
rg3963,ac1109
rg3964,ac2320
rg3965,ac2320
rg3966,ac3900
rg3967,ac141
rg3968,ac141
rg3969,ac2813
rg3970,ac3499
rg3971,ac1714
rg3972,ac338
rg3973,ac2280
rg3974,ac1602
rg3975,ac2325
rg3976,ac894
rg3977,ac1088
rg3978,ac1831
rg3979,ac108
rg3980,ac1851
rg3981,ac4360
rg3982,ac2910
rg3983,ac2974
rg3984,ac459
rg3985,ac4347
rg3986,ac4233
rg3987,ac3836
rg3988,ac141
rg3989,ac3530
rg3990,ac2317
rg3991,ac970
rg3992,ac2662
rg3993,ac2361
rg3994,ac454
rg3995,ac809
rg3996,ac3205
rg3997,ac1042
rg3998,ac2054
rg3999,ac263
rg4000,ac141
rg4001,ac3998
rg4002,ac21
rg4003,ac4491
rg4004,ac113
rg4005,ac4175
rg4006,ac3815
rg4007,ac3267
rg4008,ac2630
rg4009,ac141
rg4010,ac3117
rg4011,ac4369
rg4012,ac4160
rg4013,ac4159
rg4014,ac1343
rg4015,ac1196
rg4016,ac141
rg4017,ac3906
rg4018,ac993
rg4019,ac3342
rg4020,ac1565
rg4021,ac3049
rg4022,ac3049
rg4023,ac1849
rg4024,ac1130
rg4025,ac141
rg4026,ac383
rg4027,ac2354
rg4028,ac3025
rg4029,ac3600
rg4030,ac488
rg4031,ac352
rg4032,ac141
rg4033,ac4041
rg4034,ac1122
rg4035,ac1060
rg4036,ac141
rg4037,ac141
rg4038,ac3752
rg4039,ac4086
rg4040,ac141
rg4041,ac919
rg4042,ac3549
rg4043,ac3549
rg4044,ac141
rg4045,ac141
rg4046,ac4289
rg4047,ac1418
rg4048,ac4263
rg4049,ac4255
rg4050,ac141
rg4051,ac1908
rg4052,ac476
rg4053,ac2162
rg4054,ac3217
rg4055,ac3357
rg4056,ac141
rg4057,ac141
rg4058,ac3357
rg4059,ac805
rg4060,ac1987
rg4061,ac2303
rg4062,ac2303
rg4063,ac1809
rg4064,ac1164
rg4065,ac2816
rg4066,ac141
rg4067,ac2815
rg4068,ac706
rg4069,ac4607
rg4070,ac3168
rg4071,ac3168
rg4072,ac2653
rg4073,ac141
rg4074,ac667
rg4075,ac894
rg4076,ac4088
rg4077,ac4088
rg4078,ac31
rg4079,ac1705
rg4080,ac3387
rg4081,ac524
rg4082,ac103
rg4083,ac4402
rg4084,ac2814
rg4085,ac3801
rg4086,ac932
rg4087,ac1675
rg4088,ac1675
rg4089,ac2831
rg4090,ac2365
rg4091,ac2225
rg4092,ac4106
rg4093,ac141
rg4094,ac141
rg4095,ac2392
rg4096,ac3421
rg4097,ac4017
rg4098,ac141
rg4099,ac4436
rg4100,ac4195
rg4101,ac160
rg4102,ac2249
rg4103,ac228
rg4104,ac1638
rg4105,ac715
rg4106,ac1713
rg4107,ac328
rg4108,ac2282
rg4109,ac1872
rg4110,ac2412
rg4111,ac1570
rg4112,ac50
rg4113,ac2462
rg4114,ac3797
rg4115,ac4231
rg4116,ac3178
rg4117,ac141
rg4118,ac1397
rg4119,ac141
rg4120,ac141
rg4121,ac2145
rg4122,ac2911
rg4123,ac2720
rg4124,ac369
rg4125,ac136
rg4126,ac3405
rg4127,ac926
rg4128,ac3446
rg4129,ac1416
rg4130,ac141
rg4131,ac1191
rg4132,ac141
rg4133,ac950
rg4134,ac141
rg4135,ac4035
rg4136,ac2763
rg4137,ac141
rg4138,ac2234
rg4139,ac1421
rg4140,ac2595
rg4141,ac3064
rg4142,ac2594
rg4143,ac4061
rg4144,ac3897
rg4145,ac2643
rg4146,ac141
rg4147,ac141
rg4148,ac3667
rg4149,ac1500
rg4150,ac625
rg4151,ac762
rg4152,ac2147
rg4153,ac500
rg4154,ac3870
rg4155,ac4563
rg4156,ac2234
rg4157,ac2303
rg4158,ac438
rg4159,ac439
rg4160,ac3793
rg4161,ac4282
rg4162,ac3790
rg4163,ac141
rg4164,ac1462
rg4165,ac688
rg4166,ac1447
rg4167,ac182
rg4168,ac1423
rg4169,ac1226
rg4170,ac3474
rg4171,ac2740
rg4172,ac3182
rg4173,ac3182
rg4174,ac2925
rg4175,ac2138
rg4176,ac141
rg4177,ac502
rg4178,ac364
rg4179,ac2627
rg4180,ac88
rg4181,ac800
rg4182,ac141
rg4183,ac141
rg4184,ac2353
rg4185,ac1106
rg4186,ac4243
rg4187,ac84
rg4188,ac57
rg4189,ac3224
rg4190,ac3798
rg4191,ac695
rg4192,ac3715
rg4193,ac189
rg4194,ac4548
rg4195,ac629
rg4196,ac3715
rg4197,ac2606
rg4198,ac2347
rg4199,ac2893
rg4200,ac1682
rg4201,ac3434
rg4202,ac848
rg4203,ac3056
rg4204,ac1925
rg4205,ac3504
rg4206,ac1792
rg4207,ac141
rg4208,ac1986
rg4209,ac141
rg4210,ac141
rg4211,ac3270
rg4212,ac1619
rg4213,ac720
rg4214,ac3475
rg4215,ac437
rg4216,ac141
rg4217,ac3292
rg4218,ac508
rg4219,ac1955
rg4220,ac1343
rg4221,ac661
rg4222,ac3106
rg4223,ac3106
rg4224,ac70
rg4225,ac4213
rg4226,ac4204
rg4227,ac1909
rg4228,ac941
rg4229,ac3780
rg4230,ac1779
rg4231,ac833
rg4232,ac4068
rg4233,ac3112
rg4234,ac1834
rg4235,ac3324
rg4236,ac3065
rg4237,ac186
rg4238,ac4179
rg4239,ac801
rg4240,ac3118
rg4241,ac1993
rg4242,ac1890
rg4243,ac6
rg4244,ac3163
rg4245,ac1674
rg4246,ac141
rg4247,ac893
rg4248,ac1888
rg4249,ac141
rg4250,ac3174
rg4251,ac141
rg4252,ac1517
rg4253,ac141
rg4254,ac4458
rg4255,ac2546
rg4256,ac141
rg4257,ac2363
rg4258,ac687
rg4259,ac2130
rg4260,ac2830
rg4261,ac415
rg4262,ac2736
rg4263,ac902
rg4264,ac3536
rg4265,ac3536
rg4266,ac2022
rg4267,ac2022
rg4268,ac3197
rg4269,ac141
rg4270,ac141
rg4271,ac141
rg4272,ac141
rg4273,ac393
rg4274,ac1563
rg4275,ac1210
rg4276,ac1926
rg4277,ac2106
rg4278,ac3489
rg4279,ac141
rg4280,ac1360
rg4281,ac254
rg4282,ac1554
rg4283,ac808
rg4284,ac141
rg4285,ac3645
rg4286,ac2868
rg4287,ac2437
rg4288,ac141
rg4289,ac2067
rg4290,ac1077
rg4291,ac3914
rg4292,ac807
rg4293,ac3165
rg4294,ac1799
rg4295,ac562
rg4296,ac141
rg4297,ac2942
rg4298,ac79
rg4299,ac253
rg4300,ac423
rg4301,ac141
rg4302,ac4210
rg4303,ac1573
rg4304,ac144
rg4305,ac2251
rg4306,ac141
rg4307,ac2752
rg4308,ac320
rg4309,ac141
rg4310,ac1550
rg4311,ac3138
rg4312,ac51
rg4313,ac141
rg4314,ac2728
rg4315,ac338
rg4316,ac3358
rg4317,ac141
rg4318,ac4556
rg4319,ac809
rg4320,ac4348
rg4321,ac141
rg4322,ac2750
rg4323,ac1668
rg4324,ac141
rg4325,ac141
rg4326,ac141
rg4327,ac449
rg4328,ac1297
rg4329,ac3503
rg4330,ac491
rg4331,ac141
rg4332,ac921
rg4333,ac3445
rg4334,ac141
rg4335,ac2911
rg4336,ac3422
rg4337,ac670
rg4338,ac141
rg4339,ac1579
rg4340,ac1994
rg4341,ac3153
rg4342,ac323
rg4343,ac1788
rg4344,ac2569
rg4345,ac141
rg4346,ac4249
rg4347,ac54
rg4348,ac141
rg4349,ac682
rg4350,ac1602
rg4351,ac4293
rg4352,ac1823
rg4353,ac141
rg4354,ac4485
rg4355,ac2262
rg4356,ac4488
rg4357,ac4352
rg4358,ac3034
rg4359,ac146
rg4360,ac852
rg4361,ac905
rg4362,ac141
rg4363,ac557
rg4364,ac3930
rg4365,ac141
rg4366,ac4068
rg4367,ac1718
rg4368,ac141
rg4369,ac521
rg4370,ac1765
rg4371,ac4104
rg4372,ac419
rg4373,ac1899
rg4374,ac891
rg4375,ac1137
rg4376,ac1261
rg4377,ac1392
rg4378,ac319
rg4379,ac3212
rg4380,ac4158
rg4381,ac3183
rg4382,ac3924
rg4383,ac3924
rg4384,ac3544
rg4385,ac3262
rg4386,ac251
rg4387,ac1374
rg4388,ac3275
rg4389,ac2536
rg4390,ac2430
rg4391,ac4088
rg4392,ac87
rg4393,ac237
rg4394,ac1690
rg4395,ac1895
rg4396,ac628
rg4397,ac508
rg4398,ac508
rg4399,ac693
rg4400,ac1422
rg4401,ac4467
rg4402,ac141
rg4403,ac1043
rg4404,ac4415
rg4405,ac550
rg4406,ac3953
rg4407,ac3565
rg4408,ac1825
rg4409,ac3650
rg4410,ac893
rg4411,ac3522
rg4412,ac1767
rg4413,ac1569
rg4414,ac3817
rg4415,ac127
rg4416,ac1457
rg4417,ac2077
rg4418,ac3001
rg4419,ac141
rg4420,ac1945
rg4421,ac4352
rg4422,ac3324
rg4423,ac3031
rg4424,ac2831
rg4425,ac2124
rg4426,ac1812
rg4427,ac2076
rg4428,ac141
rg4429,ac4114
rg4430,ac4114
rg4431,ac141
rg4432,ac4153
rg4433,ac141
rg4434,ac3693
rg4435,ac141
rg4436,ac3586
rg4437,ac195
rg4438,ac1345
rg4439,ac481
rg4440,ac163
rg4441,ac4246
rg4442,ac3188
rg4443,ac141
rg4444,ac141
rg4445,ac2455
rg4446,ac1319
rg4447,ac1682
rg4448,ac287
rg4449,ac2408
rg4450,ac782
rg4451,ac3097
rg4452,ac4439
rg4453,ac2470
rg4454,ac597
rg4455,ac4354
rg4456,ac4354
