track,medium
t_7351c65c,m_13d4d793
t_25bc6565,m_269a0dbc
t_d13ce47d,m_a06def25
t_79decf4f,m_45dbeb1c
t_b1daf753,m_c2ee2d83
t_cef91dec,m_269a0dbc
t_ada376fc,m_2f692f3e
t_056ec702,m_ddf56bf8
t_0bc42d77,m_cd7cc885
t_e61eca30,m_5518f817
t_96bbe9b8,m_e80b6bb1
t_bf046f3c,m_bf82485c
t_b053347b,m_2f5499ab
t_a666caef,m_2073fa12
t_ba6c06b9,m_7f8a070c
t_3604daa5,m_2b5f9d20
t_b67fae1b,m_11c07d06
t_867c9134,m_d0184588
t_2261d58f,m_6b74feee
t_398a4d2b,m_eeb1852d
t_80edd624,m_75246e8c
t_1ab80f4c,m_35568454
t_67f17c4b,m_d7728b79
t_f7d50ef1,m_8f3acb1c
t_385f6875,m_c8709f70
t_c03c9bde,m_feb277dc
t_12374af8,m_feb277dc
t_aa18f4b5,m_b92253f0
t_639fe84f,m_bca94458
t_b1ea4378,m_131a4d92
t_51e724fd,m_e647a8dc
t_49aebc83,m_d5b76937
t_31bb6d2e,m_4065c25f
t_7e4c4bbc,m_4065c25f
t_bf04b958,m_9b8e52b0
t_d1124624,m_ea878585
t_7f3ca7d8,m_7973f9f4
t_43a5c970,m_f1e787f3
t_0f350e3c,m_034b321d
t_7416f92f,m_ee433445
t_5b7ec3db,m_0a2312a1
t_e0d846b0,m_62b3df3c
t_aee6117b,m_9c48d9de
t_331f86f3,m_643e52a7
t_0c8b29b5,m_03f61645
t_933717bd,m_2ca68e6f
t_6af9572f,m_86e31d00
t_6d402bdb,m_553bddf5
t_82bc585e,m_f08c808e
t_afe4ca4d,m_a2b0c00f
t_e2234a83,m_ece3e677
t_5c7951a6,m_d944c378
t_9141ea25,m_a9a679db
t_f555efbc,m_a9035c4e
t_ce9342d1,m_c5e491eb
t_845cd773,m_1c9308de
t_94a42c9f,m_16f5a935
t_6e9969d5,m_f1b99981
t_6adb4cce,m_a851cc56
t_bc51d2c1,m_d0fa11c7
t_ab76c138,m_ef440aad
t_02b5a1d3,m_a54cc40c
t_902b3c70,m_b12b48d5
t_82002aff,m_50acf58f
t_74d1c9c9,m_af0b0c25
t_57f81e52,m_75e7e55a
t_01b544a7,m_bc7d7991
t_5c037b75,m_c82ef2fe
t_ba0f6787,m_b43487b5
t_6498af0e,m_3d8a08a7
t_c6484de9,m_fa37a01b
t_0b3e2eee,m_522b64d7
t_115ede5d,m_03e78360
t_ad484ce4,m_5f626d97
t_2e34bc16,m_0022ec95
t_77a10007,m_43347af4
t_b5dc8fa3,m_13957cdc
t_3baa2774,m_86b3e7ed
t_312f0e9d,m_b2f53d60
t_d31cf8c1,m_a0b8f5e4
t_2fa65ba4,m_b79eb44e
t_6dab928d,m_689cad56
t_178106f4,m_cea0d692
t_81ebe278,m_eaff8101
t_1b3c3932,m_349f6997
t_bcd8ed5e,m_faee2445
t_b6271be2,m_0553ce40
t_a4a2e53f,m_b61c9afe
t_98dfbde9,m_ac1d5ff8
t_b253c8f2,m_71fbf525
t_b01c7d2c,m_8048839b
t_737eed3e,m_ea551d5d
t_3c949b6a,m_4d0b252c
t_3892d8e6,m_03d6a152
t_6e9288ca,m_de6b8b30
t_b51c6828,m_397328cc
t_f78033d3,m_fd6b0895
t_5e512597,m_30deeefc
t_8616589f,m_fd6b0895
t_e0fd28fd,m_c3ce2060
t_5ee80a5e,m_c3ce2060
t_a9082263,m_e5667c21
t_7ce566d6,m_6833e129
t_453af3f4,m_84a0852a
t_ac64106e,m_4872624f
t_ed30f9c6,m_90e63ea4
t_113500c4,m_995b6a55
t_4dafbaea,m_fd3a4186
t_0b5c7f04,m_ea6c0c41
t_51ae1348,m_e41b90ec
t_5d7d5f9e,m_e5a72a05
t_de328d56,m_f8893374
t_5d9e7205,m_35568454
t_878009df,m_fd1fb24b
t_630caa4b,m_b4cbdbe8
t_8c725b26,m_e151d029
t_c98d6462,m_a9fc3846
t_d6ca67a7,m_cc1ba1f1
t_d434afda,m_0192cd73
t_49e43a1b,m_03bc5886
t_8142da09,m_91a7187d
t_6523f8d1,m_ea3b4481
t_578c7960,m_143a613a
t_a3e1ac30,m_a9535295
t_4f37099b,m_4db311e8
t_17b1224e,m_abf3aede
t_f8382547,m_83aa90e1
t_d5993c6d,m_201781d9
t_5bdf0fa6,m_4dcbd93b
t_b0f5c800,m_7439a2c6
t_8c406ee3,m_66fcf32f
t_e083f097,m_b4e10577
t_318b6a12,m_08104703
t_5c29fc59,m_2efb15e7
t_4206884a,m_53032edf
t_d10fad2a,m_53032edf
t_c2c8329a,m_5eb857b6
t_2a558b1d,m_bb43d4be
t_2adf5105,m_fdd93084
t_af1eeeab,m_28802cc0
t_452542ab,m_fdd93084
t_0b5e2943,m_2a03e89f
t_2036ed4b,m_73e2e32a
t_3c78ac46,m_9e262306
t_09abf3b4,m_50444699
t_4c984bb3,m_50444699
t_5a601a31,m_83f675e3
t_3cc76dac,m_04c399af
t_a14e8934,m_19764d24
t_77c957ba,m_eb4387b8
t_d0a3ffc3,m_c33bca9d
t_c47a1150,m_153923c5
t_3ae041ea,m_e7a58727
t_9069970d,m_d5106db2
t_20ad2873,m_c3263f8e
t_1d2597cb,m_676bcc3f
t_7610c36a,m_955dd7d9
t_30914594,m_eade3a8b
t_77453d11,m_7cadb1d2
t_292a4211,m_81f6dd99
t_435ca6b2,m_db3d1046
t_b38bd2c8,m_7f326cdf
t_1fe7ec23,m_400f524f
t_941a595c,m_43347af4
t_8933c439,m_c531cf64
t_d86cd910,m_43448852
t_492aac14,m_9a7358f3
t_5403117a,m_9a7358f3
t_11497a00,m_1553a043
t_969c141e,m_21539dfe
t_598dc558,m_2f7b550a
t_d0379ee9,m_0166937a
t_305c6f76,m_7dd7f738
t_b0b971b8,m_eda0640f
t_992ba3ab,m_25026c1f
t_c5a122b6,m_ae32b141
t_c9e95ab5,m_a4b5d574
t_0dfa88fe,m_f0d203bb
t_8d3c539a,m_8698f4e6
t_ac75e6c5,m_69bc362c
t_22906739,m_230943b1
t_e8859fa8,m_d93de0b0
t_28520e3a,m_6d1d5753
t_67869ae1,m_2a974689
t_0115613a,m_e3eecd0d
t_4f8a064b,m_fe67a4de
t_e292eb19,m_227fb408
t_c84667e2,m_2f32e55f
t_9f709227,m_2b63264b
t_942d4c43,m_2b63264b
t_71db9c1c,m_2b63264b
t_3400ae6a,m_d3ec98e5
t_e40f65e3,m_f67a50c4
t_7f6d9ddf,m_d14a565d
t_be4ec73c,m_b74e2fc5
t_80734fcc,m_02374572
t_65125f46,m_93e451fe
t_efa45d80,m_34090f42
t_6ade215d,m_5e3f9885
t_749573ab,m_c2ac77cb
t_49905803,m_a0b8f5e4
t_acd05310,m_f4bf0931
t_6dbe11a8,m_0a4b68d3
t_6690eb2f,m_b5ff6578
t_2cf00d68,m_7cec5130
t_7ce608d3,m_32ad71e6
t_1007cd4b,m_1ceedaa2
t_e4e53fe4,m_fe863eed
t_e5a0b72d,m_1ed82085
t_2f3b60d8,m_42d6dda4
t_9c807329,m_322f7257
t_12206d7a,m_1e52138d
t_d5f5246f,m_60aec951
t_d7ecb65d,m_1740d011
t_6be3082a,m_cfa30a7f
t_35048243,m_015499ef
t_f91d09c6,m_130b8e6d
t_9eb7b344,m_e9019432
t_4d39e231,m_0c595621
t_1588fc34,m_015499ef
t_14f8f8d4,m_601a0835
t_459a928d,m_27045758
t_9a0adae2,m_f3ef093f
t_fc20500a,m_65d8a7f8
t_a3e0eabd,m_015499ef
t_7a2c1121,m_b98f0910
t_02ca2a20,m_fcbe563e
t_51f75835,m_3a3ee6c4
t_73a58974,m_9781c67f
t_03bc302e,m_de2747d5
t_015fe6d6,m_90778926
t_3a72bc14,m_d3de3e29
t_dfd3ee18,m_3f1f7c23
t_823ff8a1,m_6f590f72
t_91f2da16,m_6f590f72
t_c466afbd,m_21fd8b39
t_f07714de,m_10d69050
t_0727dce2,m_89502aaf
t_d9ca5b5c,m_77f9c45e
t_f516f781,m_16030de9
t_03733411,m_349df417
t_4100894d,m_41d5e4d8
t_1f23a54c,m_c2d06ea1
t_6c46b4e0,m_41d5e4d8
t_90c2ebe7,m_4b35ee0d
t_d40bccfe,m_0b7534fc
t_bec4ad9b,m_692edbf5
t_134d7559,m_a801204b
t_3e9db186,m_dfe5559e
t_a19e5615,m_6e6be303
t_17f67580,m_59e23899
t_c2330cf7,m_afbf64f5
t_5683402f,m_efaabc48
t_f6d457a8,m_414e5ed7
t_0e7394d7,m_01e390a3
t_c73f1ea0,m_4dc00d4e
t_6ffa8bec,m_9781c67f
t_077b7636,m_14db25ef
t_dcf7c107,m_f5190e8f
t_1a92dd3d,m_edebe71f
t_8a39c307,m_2e6d14b5
t_52c49461,m_28723102
t_9aea9d22,m_8ecf7809
t_236f83f3,m_fe359986
t_8a5ebb89,m_8b805e98
t_9ad4a99f,m_890610fc
t_fd9a57c3,m_6728aff2
t_025985e5,m_6f590f72
t_282ab58b,m_790119cb
t_b5a2c914,m_592fd40b
t_e980d9e7,m_5a6429aa
t_fd311bfd,m_75c5f53d
t_9e6f3ea7,m_a76a1e99
t_7841cdf5,m_62852ee7
t_4845422c,m_78855b2a
t_d60ab3a9,m_b7c843db
t_4cda9e9f,m_26d4545f
t_ce3b27a2,m_1cc58a9b
t_5c7199c8,m_0570eee8
t_e177114f,m_6c7ee5e5
t_649baaa8,m_85f4c363
t_8c3e4e4c,m_2dccb118
t_b46222ff,m_620815ea
t_24f58c17,m_c028bf4a
t_98fe17be,m_5a808d44
t_696c1721,m_7ce304bd
t_23d3edfa,m_e3092e27
t_cfbbcf7a,m_e1820a0d
t_45b4d234,m_cb26ca87
t_f4fa2f6a,m_0a8d6937
t_7b994891,m_99873103
t_53317a8b,m_23192c5e
t_3d0415cf,m_924d02d8
t_34eb174f,m_955dd7d9
t_ad28b63b,m_16231e3d
t_ce276dca,m_50090153
t_648468bd,m_e6b9ad2b
t_549cc4d6,m_06f3d309
t_5d54247b,m_6aa853d0
t_ee1033a0,m_a65354a3
t_12dd140d,m_96de52af
t_27da6393,m_c5ba7b32
t_c71d3277,m_566265a5
t_3187fe2c,m_218de32a
t_2b3b5482,m_e4ceb88b
t_a4f9f200,m_94fd325d
t_0139520d,m_492d207f
t_520688f1,m_27cbe133
t_db78466b,m_e06f9830
t_6e47db30,m_01221b2e
t_c0eeeeb4,m_5c776659
t_929ef64c,m_894d45cb
t_ab19afb0,m_bcf299df
t_2dc56c9a,m_7175897d
t_2dbc1118,m_7175897d
t_0e8aaaf7,m_71101a85
t_45fbf0b3,m_6c2892a9
t_25b8716b,m_71101a85
t_eb48c97d,m_2aba2655
t_be31a7b3,m_52a39b01
t_354fada7,m_fce72e90
t_7339a605,m_f7b76978
t_bad72922,m_e3e79d5b
t_16909513,m_3665f355
t_51752779,m_6ba24f54
t_6c68ef1c,m_1594d2fc
t_c263e32c,m_7cec862a
t_cf04e4b7,m_b5257faa
t_f29210dc,m_879604ae
t_59de7d0b,m_b3dc56ec
t_e17ce59d,m_2f4186fa
t_26a6a134,m_86fc82ac
t_8cd94287,m_0728c580
t_3c3c5952,m_0dc97e99
t_75472d08,m_6a89ce02
t_31ed7419,m_eb4387b8
t_5a1b6c42,m_a777c37a
t_55529f5d,m_7253bc53
t_80d08c05,m_086c849d
t_315a7344,m_59a0638e
t_2a044867,m_657935e1
t_1318330c,m_97e95415
t_0d6ecb9e,m_711bb00f
t_7c78ee8b,m_ffd2f73b
t_5d07268a,m_d810eb01
t_cbfa6e5f,m_e8e8ba91
t_1860ce4a,m_dbebe8e6
t_61e1f0fb,m_c06df933
t_c52307c0,m_384e4061
t_e9c37d79,m_d380a0c2
t_99676bb6,m_38600053
t_66451281,m_f6a94ca4
t_aec3af66,m_280f484c
t_afbda1ce,m_83f2184e
t_fc4cce3f,m_7013076c
t_0e2640a3,m_5867ff3d
t_48c95e0c,m_3282f628
t_f5a981e1,m_7013076c
t_0195434c,m_bca493c2
t_86450597,m_2100b125
t_a7f326de,m_db4a7ace
t_905efd9b,m_755b8aa9
t_e65ec336,m_755b8aa9
t_655c95b6,m_c108b559
t_096d7eac,m_f4da3b4d
t_bffcbecd,m_d8164829
t_2addd144,m_8c588bb2
t_2cd6f255,m_06dca4ba
t_a31c937f,m_17763df0
t_08505cff,m_a8f6c22a
t_bf4b4410,m_2e41d261
t_4a81dd71,m_fc6d65ec
t_98334629,m_8d041fdc
t_dd8f30a0,m_16d080b4
t_ebc3ab46,m_b589eb58
t_52afa311,m_389faf97
t_bb9e7b32,m_044206bc
t_91bf515e,m_7f326cdf
t_3a5d95c3,m_f2fa1296
t_b8c834ae,m_ab02668d
t_2072f965,m_414e5ed7
t_ed980127,m_332a1f74
t_fab4514b,m_f2fa1296
t_72dd3885,m_e69e9bf2
t_cc1f15a9,m_dd6f3d76
t_91cc927b,m_e0fc93e9
t_f88bb8a3,m_e40099c7
t_7a7abb63,m_fe6afa96
t_5fdf3044,m_0db9955e
t_b651bf31,m_8c4eee40
t_78684c51,m_7577d88d
t_1bd77b60,m_a851cc56
t_d2dcb654,m_a8646962
t_74ac4591,m_2145c12d
t_f6ef1e2e,m_45b04bbb
t_94c80d99,m_591c4c97
t_23ed4cc7,m_c823dcdd
t_d96e3f0c,m_2a41038a
t_f41aaecd,m_a9aee89a
t_45e65293,m_417a5651
t_4a2d37f8,m_5b7317d1
t_787bc15a,m_c60ca828
t_21c2f4da,m_cc2b88ab
t_2f6e570b,m_56f67c8b
t_0bc9fdfd,m_96b7a7ec
t_cc7bfd46,m_210f2d47
t_ff26e2a5,m_96b7a7ec
t_f1fe69a9,m_f92415ee
t_24593324,m_2dba3d82
t_7ed0e0f8,m_b1056ced
t_48e8cb76,m_d80d13d6
t_3e5d8768,m_eb15a2c5
t_df234c27,m_a976b323
t_65a55fb6,m_738e975a
t_7e4c4eeb,m_738e975a
t_71afb480,m_738e975a
t_43db42be,m_af0b0c25
t_985b35d1,m_3802bcff
t_846c1220,m_be110bc3
t_77645d63,m_76e7e737
t_74d275dc,m_cb560a8c
t_50f0cf7f,m_2a842e65
t_7ab3ea55,m_e7b04969
t_643ca4e2,m_1655f648
t_5cbd96b4,m_ba645031
t_fa3853db,m_9bd5b3da
t_2b10092f,m_7876eeb9
t_9852011c,m_f3e3ac43
t_8a240ea6,m_1e92b681
t_ca7ba3cb,m_df871423
t_2a69f8c3,m_c1fd231b
t_b325c3d2,m_f9fe8731
t_578077f8,m_043a6a63
t_9024e4c8,m_af6bf071
t_865a29ac,m_6deec738
t_acffbfcb,m_3f0fa2fb
t_4ecea643,m_88e8d5d1
t_0c9cd722,m_d1a79a0f
t_7c1b2552,m_ee6e4ec5
t_3d2e4a36,m_e9a8be67
t_2d5a6ef5,m_c058f213
t_bb02a558,m_44dae6c1
t_33fe79cf,m_f301a00b
t_9665b107,m_130fc6be
t_7337ea95,m_8db5eeb6
t_79351309,m_cb274674
t_2c88ee6b,m_186a991a
t_6d3f34c5,m_8d9376f6
t_f6266778,m_7c76d6a6
t_a1bb2517,m_4037ce71
t_4d818565,m_688806a0
t_63af3591,m_7549729c
t_f05d9f37,m_2b1ee6fe
t_b93f8754,m_54d54ac7
t_9469c5be,m_c1c641d7
t_ea3b21b3,m_e3e9a46a
t_b96f7449,m_6aee57ef
t_e443d5fd,m_d9d647cd
t_f967002a,m_13a7cbf4
t_7133b9e1,m_3b3eba3d
t_e2a4c708,m_3802bcff
t_88d83fec,m_3802bcff
t_7a660a19,m_d122b662
t_89fd3f20,m_4ee9c6f6
t_8dd85868,m_a07ca0ef
t_424dcb3c,m_f7960f35
t_8ec7ec30,m_e02e86d9
t_f22e8edc,m_e2048266
t_6bf4e80a,m_7ef9141d
t_53e07593,m_d76eeb10
t_355c71f8,m_39c0b289
t_4e47df9e,m_b29aee79
t_833104bd,m_93f4af07
t_a54d1e4b,m_0887df76
t_008593b5,m_93f4af07
t_a1ea9b5e,m_543bd680
t_51670888,m_bda87053
t_088098aa,m_fc3f25a5
t_77694084,m_52dc8ded
t_d0a4d4b1,m_0db62c14
t_6d637369,m_05b630d9
t_0415bd32,m_2e601246
t_ede73e13,m_b83d6e8c
t_cd499b4e,m_2f32e55f
t_9222bbdf,m_6899d114
t_e2d640b6,m_679649fe
t_dc5d67f6,m_47b92ea3
t_17030ff0,m_eaee999d
t_2bff1c20,m_c1405dca
t_c9c8eaf9,m_e5f6e884
t_4db39893,m_651bfdc3
t_32b8cf7f,m_525c065c
t_2c17841f,m_eeedd597
t_8e5346fc,m_335208b8
t_e7c10c74,m_45dbeb1c
t_b821ea8f,m_17bbc767
t_57e94c3a,m_a976b323
t_62a4bca7,m_05b630d9
t_dfb2ae00,m_55351f7c
t_2440b25f,m_533cbcd8
t_160b57f6,m_ad4df190
t_694ec476,m_42474eee
t_d5b7a0e4,m_fa2e7e1f
t_45be79bd,m_3f89c02d
t_25e4eeaf,m_0c47940d
t_996878ba,m_3106326d
t_db289c89,m_b20759e5
t_eb76f791,m_b8537f10
t_991b60d1,m_7b75e4d0
t_4c670ac5,m_c039ff49
t_d67ca8af,m_0b5bdf97
t_9ce1f925,m_2b5f9d20
t_670fe603,m_41d37654
t_3070c38f,m_41d37654
t_5d4bbcf0,m_73b49530
t_190cfe8c,m_d380a0c2
t_abde9dbe,m_178eef41
t_fbaf01c3,m_0415637b
t_6c876589,m_b138cbf1
t_f47917d3,m_7cadb1d2
t_7014c2e7,m_1f0e8183
t_acd0aa2f,m_3f20c48f
t_4b28417f,m_d52f2d47
t_caf1325c,m_eaf3c2bf
t_fad998fe,m_82a2f43d
t_f5ac73ce,m_6d038941
t_1ffabbba,m_7a14cca6
t_131c3bde,m_6219cdde
t_b80f5f9f,m_39ac103b
t_37ead436,m_05ea9069
t_2f9c8098,m_91251c74
t_dd4fc087,m_a55e3fe2
t_b7376c5f,m_442a30c2
t_cf424b55,m_5ffdb142
t_61c4ddbc,m_f2a634e3
t_20e107a6,m_968eee25
t_197be202,m_3a8bbed4
t_5ea6bd33,m_51beccec
t_84d75196,m_436a90c2
t_068e1fc6,m_f3e3ac43
t_2997b9b9,m_79ac94b4
t_6d8cc616,m_302c720a
t_ec8c0b51,m_2c1a8bf5
t_88a64af3,m_3f3e7a9f
t_a524ca38,m_9f5948f4
t_954e4249,m_2cea564f
t_25c46074,m_544818c4
t_6c9cfb19,m_59bfc021
t_fcd117d2,m_c6deb8fd
t_d3417771,m_c82a9ffc
t_8df5c9e2,m_9cbeda81
t_9833339c,m_1b66f89d
t_3c0bec05,m_202efb67
t_a51fb76c,m_dd873ccb
t_8e07e98b,m_dc4d23e3
t_e4e31890,m_5e64ebb2
t_ee584e5a,m_10d6618d
t_6be28a8e,m_7dd08a94
t_1a14fba4,m_d3027e76
t_30776025,m_0ba021b4
t_b84a69b8,m_ab83ac92
t_7ff79340,m_7134aea5
t_57570377,m_08100962
t_3c4e4327,m_9cde2ea5
t_7b153d28,m_0022ec95
t_9b737baa,m_469cc8a7
t_756b2cc6,m_9329038d
t_064187d9,m_a0d1d322
t_9b6a7df3,m_b7d76c27
t_cfd30bec,m_83d8ac36
t_571c856f,m_c11fd470
t_3283689f,m_8048329c
t_c1ef2620,m_b6b6af4e
t_f1c05b56,m_5dd3bf47
t_90018e02,m_5dd3bf47
t_fcc279f8,m_d122b662
t_869b68fd,m_b098fd2b
t_bc98732f,m_48dbd912
t_16461138,m_6786cecd
t_02d0f608,m_1d84249f
t_b8a79dde,m_ba118fef
t_ab1d7f5a,m_6e024e02
t_caed697c,m_74c29d31
t_412d6441,m_50444699
t_f98bb1dd,m_4122850a
t_1cdcfcc4,m_18b1f2e0
t_3ef54391,m_a441cf40
t_c29c563d,m_ec4a2ca9
t_11b57e68,m_915b7dbf
t_a871d677,m_ae8bf1e5
t_b521bff2,m_3bdd6b95
t_e539c6d6,m_400f524f
t_85b75b4c,m_9e96f6f2
t_68e7e1f8,m_9e96f6f2
t_61cb3390,m_c3566358
t_c1bc54be,m_83a2367a
t_851da90c,m_30a5fa79
t_bce32c44,m_842bde3e
t_c1705116,m_8aaab3c7
t_5b8c6b2c,m_e1bf4af5
t_61f816b7,m_bc4edbff
t_810d4469,m_ea12274a
t_21ec4d03,m_0767ffd4
t_b18e39cd,m_08a7b3ab
t_86124d09,m_59a35d1e
t_7abc39c8,m_81e82f94
t_0234d9b3,m_542feaec
t_1aae3c7b,m_b376aa93
t_7b88bf38,m_49e531d1
t_617baa71,m_b203391b
t_42481991,m_977defdd
t_c19e20bd,m_6a89ce02
t_cbd71499,m_af78c38e
t_c067eb5f,m_368c2734
t_bf63d1f4,m_4dbbbb50
t_58d652f0,m_d4be48a5
t_2e50228e,m_ab42b540
t_0bd74117,m_113af20e
t_c26dd6d1,m_ab42b540
t_8511cba8,m_41b9ce54
t_e69d2927,m_0c213b73
t_a5d19c0a,m_16a105f5
t_293bc1f6,m_650ba5d8
t_423d9f73,m_2db4195c
t_7f604f8f,m_5e3ace57
t_79eb205c,m_452fbabd
t_6ba58d80,m_1066f4bf
t_25774a92,m_5aa574a0
t_79a799c7,m_c7096c29
t_c0a792d4,m_9720edee
t_826bb3f8,m_fd6b0895
t_ce8fb542,m_6eb8ce4e
t_b3137055,m_5233b8ee
t_b77db4d5,m_da054460
t_64d00c2e,m_a2d05501
t_f0dc9b4e,m_db9446c4
t_342cdff5,m_cb1b9404
t_8f497845,m_ee0f5900
t_dd13ef34,m_5de48913
t_9f3b899a,m_0b2ffdde
t_cc291036,m_f7763d35
t_31d3bf06,m_c6d0c7e3
t_5c815295,m_40dea81c
t_f3471777,m_7668a61e
t_4313c91a,m_936bef3d
t_ab60d6f3,m_d499a7c6
t_3eb20611,m_73b49530
t_359e3055,m_eda8979f
t_4890ccba,m_eda8979f
t_60aa907d,m_eda8979f
t_e072a180,m_0c352ea1
t_91469931,m_d29a857d
t_5aa3a0a2,m_5f626d97
t_f18e8534,m_feba2f98
t_6134ed7a,m_e177eaf8
t_74cd737b,m_877efe14
t_de27b7d6,m_b0223d0b
t_f86c2871,m_eeb1852d
t_ace8e36e,m_e8b23f79
t_ba3336b6,m_ee00de96
t_e4284f98,m_3bfcd403
t_f8f9043a,m_d2da544e
t_df5b9cdf,m_d6baefcf
t_6f939743,m_39c0b289
t_fcd2aa35,m_ee80725f
t_7bd7b135,m_8405f653
t_b0455b9a,m_1fcc7ccd
t_d6eaf0f6,m_c34a3fef
t_1c53355b,m_f35c4be6
t_1fb259e3,m_c10f685e
t_56d2604a,m_17222eef
t_53bf62cc,m_714c467d
t_1ff5e248,m_f3c70a40
t_fc7c8547,m_d9585840
t_c7483583,m_f3c70a40
t_80e0f2b1,m_41e88b9a
t_b2166d6e,m_49877348
t_f7279a72,m_9f5948f4
t_2c64388d,m_55351f7c
t_01e367e8,m_ee1f52c5
t_38b954f5,m_d9585840
t_65809454,m_c3bd5209
t_ac862fa1,m_ca7bba14
t_593ef7e7,m_87bef0a2
t_1514aa52,m_2a41038a
t_b0927cf9,m_0ee78dbd
t_1d55e06d,m_77cb4ca2
t_8f3c2c6a,m_d7517e02
t_2f2f57cd,m_265cd70b
t_85e9bf6c,m_1b02f77a
t_404fbadd,m_3ae8d71d
t_85d28370,m_9107031d
t_2acd0d24,m_5eb071fc
t_6318b768,m_e1fe5ea2
t_e79dad32,m_be408d59
t_e1c2a2a9,m_d07f8b62
t_160b460d,m_b4cf2d9f
t_e3853c66,m_d07f0fb2
t_22131323,m_0a27c412
t_79f953f9,m_3db19fc0
t_b7160396,m_2efb15e7
t_46adc538,m_1468845a
t_b61973f1,m_aa501758
t_44e0aaa0,m_70427db5
t_5e03e469,m_80ba0409
t_078104fc,m_5ffdb142
t_3c94ce2f,m_35765597
t_ad3b5f40,m_5a164414
t_f5fabcf0,m_cace4cc6
t_750dede2,m_ae59ad2f
t_bf73323a,m_03d1f0d1
t_abd22543,m_8e4193b5
t_8f35e738,m_83f675e3
t_fdc510b7,m_684b4731
t_2d3c44fc,m_e0508b42
t_23b51340,m_1087d9c1
t_a3e53437,m_d161be13
t_ae954ec3,m_c5e800a3
t_77d6649c,m_dae65f20
t_aa0675ad,m_4c30758f
t_6e0d57ff,m_269a0dbc
t_a06fa20e,m_a228c5c8
t_392b1bef,m_fabc3ab9
t_f717d33c,m_d74de3d6
t_211565cf,m_459fadd5
t_c52c35fa,m_790119cb
t_07a5fe56,m_170e293f
t_c659fec4,m_7a4b8ae0
t_e93f7d4e,m_d6d0684d
t_ab1ed5d0,m_762cbedd
t_e0e3350c,m_4d73deff
t_0323e0da,m_fb402cd1
t_d6f0f7b6,m_f611ffa4
t_1c105e00,m_f611ffa4
t_d11bc177,m_f8b86542
t_1cc475bc,m_95b88757
t_7b35c5aa,m_f8b86542
t_beb1ac1b,m_0c136f38
t_c6a930ac,m_05540516
t_fc53c965,m_04e18ad0
t_f6124563,m_9c190e98
t_0736da62,m_2250c3df
t_44874323,m_31394b2c
t_9e20b4ab,m_ca3f5b3f
t_11b291a8,m_11c7ef16
t_00f4ab0f,m_a228c5c8
t_8a369182,m_a6d9a00d
t_00a83511,m_c39bbd64
t_ae9d4200,m_26fa8ead
t_44263de6,m_12aa416f
t_ed4e3914,m_9cd965ab
t_e9f7130a,m_c39bbd64
t_680a2f83,m_7520eb13
t_37711a2d,m_4748d201
t_4e3a0224,m_4f7e00d3
t_e7c57d19,m_aac6043c
t_da11c85f,m_f7a89514
t_fcb03ce1,m_69cefc6d
t_b804c0e2,m_d7e5e7a3
t_2c758e76,m_a80e4dda
t_70cb8aa1,m_a670adef
t_ffe32d41,m_72fb8ebc
t_3015f2c5,m_083f7a5d
t_be7eb699,m_cc2b88ab
t_90b4493d,m_df032f1b
t_825067b5,m_f48052e1
t_0b5cfb9f,m_df871423
t_00abb7b4,m_4e5b6821
t_96405539,m_21a6fc80
t_20e196c4,m_57ebc6f7
t_c3e1d21e,m_c29a6043
t_66755610,m_fe67a4de
t_221d63e8,m_1b5333d0
t_52e4e2bf,m_ecf20028
t_161a063f,m_3abb369b
t_3d5beb4b,m_72fb8ebc
t_1d9555c3,m_ea286d26
t_1cbc1abf,m_781a04c4
t_b2262350,m_9bbb8c06
t_8805933d,m_ead8c0aa
t_f9016a76,m_aef28743
t_5fa8d1d9,m_f03a85f4
t_b0e8188e,m_f59cf692
t_541b6a06,m_a4d04104
t_c75e075a,m_0d994f25
t_265ac245,m_e04784d1
t_5a99ef68,m_ecf5d510
t_baf5050d,m_4e37c4a4
t_5bc09f8f,m_fc27ab04
t_8acd1d36,m_6375090f
t_e96b25ca,m_201781d9
t_8c6c9ac0,m_e1cef072
t_ec16232b,m_371ca7a9
t_2e31daa6,m_8d888776
t_5a06d8cb,m_fe863eed
t_1d6c3738,m_e56cdea2
t_e6fa7aa1,m_f49c6c0a
t_25c57a55,m_955dd7d9
t_bcab262d,m_955dd7d9
t_a712a9aa,m_95d76e0a
t_5d2d79ea,m_a39964d1
t_1fe74d24,m_5ecf0bda
t_feaea02a,m_ed12e311
t_eb9023a1,m_0dcd0381
t_771a2e90,m_88e8d5d1
t_70181b6e,m_88e8d5d1
t_b28c3b69,m_d76eeb10
t_7710cd1f,m_4f2b0326
t_d3d1c9f6,m_4f2b0326
t_7ba2ac08,m_b9ca0945
t_1eca4525,m_66421ef5
t_437906b6,m_5e64ebb2
t_b45914bc,m_9e2878e9
t_37d81792,m_a3b101a1
t_c611898e,m_bf3e04af
t_cc6db26c,m_4c30758f
t_36b3a8a1,m_ad4df190
t_6a6e9175,m_17486c17
t_aa243c97,m_6728aff2
t_115a70cc,m_6728aff2
t_a6ec70da,m_8b907696
t_0a469570,m_b7c843db
t_052b7858,m_b7c843db
t_9e7d38f7,m_a6425d72
t_697f2970,m_b7c843db
t_0a09c885,m_fa3f0d72
t_a422a50a,m_68a4b5a7
t_d2943125,m_3665f355
t_8946f765,m_4e87e0f9
t_fdb6153f,m_59e23899
t_a5e2cc79,m_7eebdf7a
t_d69cad2a,m_3107f483
t_b6bf0ffd,m_659ab192
t_07cf4460,m_8d79e484
t_d74a1484,m_05b5c94e
t_65e30e86,m_a9d1d1b6
t_f8fa6a4e,m_08f561e9
t_64c5992f,m_6693390c
t_4abad7a2,m_8162077f
t_1b2b0cad,m_47559179
t_8e12e804,m_b2852b8c
t_4527944f,m_fc333c97
t_510b43f1,m_f3c70a40
t_84da7436,m_3bbe51f6
t_206952ef,m_9d8977ee
t_0c8c172e,m_043a6a63
t_48948a79,m_9ae59946
t_3b37832c,m_4fcb79a3
t_3b1994d1,m_043a6a63
t_aefa13d4,m_7381757e
t_5cf4bb9d,m_4d8a24ee
t_f9e7293f,m_35dfcc99
t_69c8e3f6,m_4f8a537e
t_63e46575,m_1dad4dea
t_0f0a5798,m_63355854
t_8ee612a1,m_e38d7085
t_54f1a5c3,m_2f32e55f
t_3ae04e00,m_48565d4e
t_c87932b3,m_5347cf20
t_b2b7dd99,m_7c85b025
t_0a890114,m_6de2d892
t_83c3644a,m_7d84928f
t_2fe19efb,m_b391259b
t_f631ad53,m_7d78b5fe
t_1b85d56e,m_0ff194f5
t_6d6ab14b,m_a268fd07
t_69dfc1fd,m_a8d8ca6a
t_249e8860,m_9147507c
t_90d0c533,m_3388331a
t_b2ef0adb,m_3d6f3dfc
t_85bbfd2d,m_243fb6c8
t_c3fed28e,m_9562222f
t_260c2a6f,m_995be7af
t_ece02c86,m_b2c1e26a
t_37190c30,m_e2081acd
t_f90ac555,m_47f13aa4
t_a251f1f9,m_1c3c200c
t_8b2658a5,m_7f35e11c
t_1dec194d,m_1db9ff81
t_d1d34ffd,m_6effe2b3
t_6c0308a3,m_26f2d675
t_5511df43,m_5d186170
t_05e5350d,m_b5fb7c64
t_d13f8983,m_cbc7be0c
t_f10525f5,m_5ed1c5be
t_30748722,m_5aed0917
t_19e12467,m_43669994
t_5f6b3be6,m_4dadbc01
t_6d8656c3,m_7863f54c
t_bff784b9,m_7f9e1bfe
t_e7dba6a8,m_2b567123
t_30172aa7,m_9c190e98
t_caf6be12,m_9c190e98
t_2f30d16a,m_2767ed8e
t_3e81d68d,m_8705fd73
t_1e981f7e,m_77e3268b
t_807b37af,m_c29c3321
t_5152dda7,m_06850e51
t_2e54a9e9,m_15a0e4b0
t_8c0c5fce,m_50444699
t_ff9032ee,m_22199bd6
t_aaee9afc,m_149cf034
t_6cf079c9,m_3dacae16
t_588009b4,m_25e3635f
t_7c244314,m_153923c5
t_e70a21bf,m_7f1459f3
t_3cf30136,m_96de52af
t_77e20d6a,m_96613e42
t_11cd74d1,m_b2b413dd
t_d367bd60,m_fa1793e0
t_cd0c1d18,m_f998a130
t_bfdad41c,m_02892376
t_acc83b33,m_49884478
t_e850dba3,m_bb39bfed
t_b8554e48,m_e7dc3cee
t_4e90022e,m_0d3d199b
t_2443386b,m_91fdf844
t_7b7f3c87,m_1d64370e
t_e1210c43,m_8a61b24e
t_6ef77dc4,m_0d3d199b
t_9cd5e93a,m_3802bcff
t_e25bb5cd,m_cdb4857a
t_ed19c6c0,m_44dae6c1
t_33bb152b,m_ca6b9085
t_127f3848,m_efccbae3
t_c90c4eae,m_ba7bf9fe
t_98e505bf,m_6f590f72
t_c2baebea,m_ce6b71a9
t_9c663f2b,m_c014a2b1
t_c90dd1d5,m_702ec0df
t_42dd0fa1,m_00b50e1f
t_ddb80be6,m_7d77d1a3
t_f56d2170,m_00b50e1f
t_141ca481,m_bbf19017
t_2e23b0b1,m_5738e1c2
t_f0e0d5fd,m_0a8d6937
t_4e8649a4,m_4dadbc01
t_c0ed0890,m_b05dc15a
t_3af6a03d,m_fe863eed
t_6c6bdcd1,m_00b50e1f
t_9350b79f,m_dadfec75
t_f8b7ccff,m_fce2b7a2
t_360cec1b,m_a6a99348
t_383817af,m_e6868fbf
t_1aec1e90,m_1f0e8183
t_586d6fe3,m_df57c35e
t_b22a6e13,m_ffc43cba
t_9ba19210,m_adb9869b
t_9e9ce1c1,m_81f6dd99
t_74e61ca8,m_51a60d40
t_e9caacaa,m_8a17b72d
t_eb3ad0c3,m_b4cf2d9f
t_8cf4812f,m_8a17b72d
t_b2cd6dd7,m_8faa6d2d
t_1b5b1384,m_303e0f55
t_b87f7eb1,m_bb43d4be
t_638fdbd7,m_2672e5f0
t_3a7719a7,m_876a4d91
t_0a0c3db5,m_f8b86542
t_73fbf8a9,m_239ad299
t_358aaaf3,m_70734d95
t_a9f70053,m_edf7df5d
t_3614e443,m_618ccc50
t_3be37da5,m_ca7f005e
t_e14273be,m_5ad0b984
t_ac64c6c9,m_5347cf20
t_145666b0,m_13d9a6a5
t_174ffe82,m_01d47d32
t_eba98f9c,m_5bf9c484
t_8e9321c8,m_733d289d
t_53d82a93,m_f9fe8731
t_f65994e0,m_115d3c49
t_b51a6c9e,m_7f326cdf
t_b61e6645,m_9f86b9d3
t_1ca00f1b,m_f30a7ddb
t_b70f4eb3,m_04f39914
t_59abb0c5,m_2cb82f76
t_cc42b5b1,m_83ef28ed
t_0ecdc524,m_fa14579b
t_bee5583c,m_a8d56f89
t_47ff1e54,m_2423d248
t_ecc24b4d,m_fcd171ee
t_98c33720,m_fcd171ee
t_93ce7fce,m_7f326cdf
t_91658af6,m_e81d489f
t_b69fcd9e,m_de1bb39b
t_b4101ac7,m_80a0a170
t_f5cb0408,m_f3bc660c
t_56137332,m_d7b9541e
t_733fe5b1,m_dfa90ec6
t_d7f2b4f3,m_566265a5
t_56867535,m_eb9b67fe
t_548dde88,m_aa5bf1e6
t_9c651cb5,m_2b14abc3
t_9133402f,m_03203343
t_2d433d4c,m_168f73d4
t_ecd9da08,m_0a8d6937
t_57a076ac,m_0bf890ec
t_21c26d9a,m_4ee9c6f6
t_e572afc7,m_17cb9008
t_be8d8793,m_6020fcb1
t_a16c1003,m_b08ab92e
t_1276ce59,m_b08ab92e
t_aef58994,m_ea04fbea
t_05faaa1b,m_ea04fbea
t_48b64914,m_7a4447ff
t_5ee76bce,m_03c86b08
t_a6277a9e,m_43800d99
t_f25f6060,m_a3c6f5bf
t_29a53165,m_cd60369a
t_bde7c363,m_f92b9a44
t_6f33c509,m_27509d43
t_1ed2c884,m_284fa32a
t_18148e9f,m_cd648a5a
t_322f3f4b,m_2343990c
t_a1b9c01b,m_cb274674
t_960c3c15,m_f48052e1
t_8b6289ee,m_ab61d821
t_ed77834d,m_d54db513
t_51c9fd9d,m_3f44e8ee
t_f191655c,m_a5cb5725
t_ee6ad688,m_17f73272
t_129b0075,m_be7305e4
t_5744f32a,m_983d27e6
t_99f96b1e,m_0950ffdd
t_19a93bcd,m_9ac48de1
t_0b64a7f8,m_2cf46bcf
t_ab7c3c06,m_66cb40b9
t_404f1259,m_66ae25b2
t_10f32dee,m_152ed9a1
t_7101ead4,m_2e6d14b5
t_f04229a2,m_636a2bdb
t_e5855d49,m_5b5aca83
t_c14ef61b,m_7ad7626b
t_f5fbdaa7,m_649b89f6
t_de9ffd49,m_7ad7626b
t_eedf9a19,m_52dd499a
t_947d33ea,m_962bb00c
t_1b79e3ff,m_3312bb4e
t_ef36413d,m_1b713a26
t_f0676eb6,m_fbdf7b5e
t_f0c138d5,m_2de371bc
t_2670b892,m_1cf35af4
t_7d994613,m_9c4154aa
t_f67b699a,m_5a8b3e74
t_49580b5e,m_46281261
t_c4c3ee3b,m_66e314a6
t_2ecc4eaf,m_15c45ecf
t_70a02111,m_835c782c
t_6b67ffb5,m_fbf0b3ad
t_a56f23bc,m_f0d203bb
t_0f7e54e9,m_904b5bee
t_b2e1e86e,m_98b38691
t_4a7ddd62,m_e9cdc993
t_01ff7393,m_650e3415
t_51b0b34a,m_99e9edab
t_2dd2ac87,m_1cc58a9b
t_3531f8fe,m_1eaf481c
t_927daff6,m_797409a3
t_7a7404cb,m_20506102
t_d0770be0,m_fb7cb8c4
t_85f61788,m_1d77ea33
t_90714167,m_3eb1e6d3
t_6553868c,m_4992204b
t_53c19dc2,m_4bf213c8
t_64404b7a,m_0cb2b84f
t_36970849,m_7e3a6ec3
t_a22e9a6a,m_10791dd7
t_a03b7dbe,m_f3698b18
t_5297ecd3,m_0a9a0ec0
t_ade859e4,m_c0a15c2b
t_ab6dce4d,m_80ff3b3c
t_852224e0,m_56866c91
t_c04f1669,m_6e93a3b4
t_df77c350,m_daed3470
t_87811d46,m_7700b7f8
t_cc36c146,m_924d02d8
t_fd27678b,m_8e75197d
t_f676858a,m_874c0438
t_8d7c8154,m_eb791f41
t_3468b8c9,m_245ed3f4
t_7b9a4d64,m_0da22f00
t_f77cdd3d,m_62fe4fcd
t_5eeb27d4,m_1ac7c6b7
t_ac8a2a94,m_97a089ea
t_6789026b,m_78a68c2f
t_2c1f9026,m_04ec21a1
t_c427e7b4,m_a0e61963
t_e9258ebb,m_2a005cec
t_5fd57403,m_7dde4a13
t_9b049fdc,m_5da7b85f
t_c7daca62,m_af78c38e
t_c00528e9,m_9f2e8c3c
t_613eda7a,m_c5ae860f
t_6f92af59,m_01f919d4
t_12add3cb,m_53634fe8
t_6f2abc86,m_7f38896b
t_5089914d,m_4c032832
t_b4591c12,m_45dbeb1c
t_d77aa4f2,m_c2d4736d
t_b5ef5759,m_0a5e437c
t_ec4bcae5,m_e51cd958
t_6dfb23db,m_2c1376f0
t_410170f4,m_f6e852b6
t_36014d19,m_a2d05501
t_7ee6f17c,m_6318772b
t_1c698bd4,m_50f4aced
t_b5ac86ec,m_cdaec896
t_3b26d37a,m_d22f634f
t_f462bf0b,m_d86902d4
t_bd6379d5,m_80ca4c00
t_f2f328fc,m_2251e7d6
t_3f16ef97,m_92accbf4
t_807e6f12,m_3300c1cc
t_16622f71,m_c3c8947f
t_9a1ceb3e,m_0fb20e46
t_48a2dd8d,m_63355854
t_e3bf403a,m_717a0b6c
t_38de9368,m_5b7317d1
t_6e512a80,m_ed59d027
t_312454f9,m_6677b2ab
t_58b683e9,m_1917b1ce
t_185f4fe8,m_da9b9fbf
t_bdd79694,m_e014eee7
t_4fdb70e3,m_e1e427c5
t_62c79e47,m_4bd25d56
t_17c7f913,m_0e719147
t_fbecc05c,m_0e719147
t_ca0de62e,m_0e0e43f5
t_219eec3e,m_2d7208aa
t_e681f090,m_e1def6a8
t_84087e1e,m_453455c5
t_1197fa54,m_97a089ea
t_7d9c616a,m_ddc87959
t_2e1ec311,m_d1991a1c
t_96a86ee4,m_8d8d7d68
t_4e96b443,m_8969045e
t_adb81681,m_35273f6d
t_2553ce64,m_8969045e
t_d47334c3,m_b04ef957
t_d5dca30c,m_7473c242
t_a8b4bcf0,m_a0eff6dd
t_c45a6328,m_1d773abf
t_5075b6e6,m_880938df
t_5e2624f1,m_8d5416a5
t_d60d0f3d,m_648573c5
t_d01ec48c,m_0c99387c
t_7c5220d3,m_12373b7c
t_7be228a1,m_c06df933
t_d06b26fe,m_2481754b
t_1d9f7e15,m_b6ba2c31
t_cdf8e130,m_618ccc50
t_e020adc4,m_2f4e5c87
t_867cc1ce,m_b6ba2c31
t_6f980d3e,m_0770d523
t_3088c9c8,m_a45be230
t_ce886ba9,m_cf926a63
t_80939d25,m_23df6bb0
t_fc2b3146,m_cf926a63
t_0d8eb24f,m_620815ea
t_9119b2aa,m_239f18ec
t_3511bfc3,m_63ee1671
t_fee49536,m_ecd160f0
t_810d460f,m_98a5b665
t_424d6a56,m_4a0a3679
t_14120f0c,m_5b7317d1
t_2bafcad8,m_22d6028f
t_bc322ec4,m_7c39bd44
t_b9798d65,m_f397942a
t_fc862d18,m_e867be8f
t_b4c7102b,m_f81c4e05
t_5812a544,m_e0b45c6d
t_e4f1b1ea,m_b8640600
t_86bbda2d,m_741dd8bd
t_38aaa1b6,m_60ec818a
t_6604b90a,m_39d679ed
t_27a83e7d,m_1eaf463f
t_83792010,m_6cba533f
t_8899ddeb,m_c98b92bc
t_32b8c3be,m_cb85144f
t_88f36927,m_57acbe4f
t_26ebaae1,m_78daff81
t_ebf6a50b,m_b7fa10b7
t_892ff6e8,m_97f989ee
t_c6ec45b3,m_360b8635
t_9465f9fb,m_95cb48e6
t_881010c3,m_eba1da14
t_10bb11f0,m_5efdc745
t_d9afad13,m_07dc9d15
t_05e0545f,m_dc785972
t_deb74d68,m_16a105f5
t_185ec680,m_16a105f5
t_0e681a53,m_56661ce2
t_97c1637d,m_4519c260
t_0f531614,m_abc8548e
t_aa241b97,m_a7742ee7
t_eb26bf5b,m_c67242a4
t_01122919,m_d8b3d070
t_9e2f799c,m_a6f1a74b
t_53e8e696,m_6d140404
t_c3c81661,m_7cc212ee
t_c964739f,m_100e222c
t_d018357f,m_85d3da75
t_77f5c536,m_f9fe8731
t_5dd49cc4,m_b6bf63da
t_30f843d1,m_6775ca74
t_50c68b85,m_45320e64
t_67967799,m_5b8c8115
t_83f43b04,m_d6416c3c
t_805642d0,m_cdb4857a
t_00851d68,m_cdb4857a
t_c7ab9ccf,m_4122850a
t_9d784370,m_df5111ed
t_3ed8894f,m_e69e9bf2
t_a07f903a,m_2f6dd4f5
t_d38fbca4,m_17763df0
t_963d10e1,m_0e03d3b0
t_5a1509d2,m_5e919fdd
t_3471977b,m_e5154038
t_63624e21,m_70a01751
t_9682fbc5,m_ece7fa2d
t_000102bd,m_95699f7e
t_2136ab39,m_bc66f6a8
t_37b9038b,m_62ce90fd
t_abee3442,m_15b9765f
t_fa04c32c,m_ff572cae
t_216d25f0,m_2c1376f0
t_298e3bb2,m_618e3b60
t_09f433b2,m_1201c0ee
t_5f206c6c,m_46879040
t_b05395af,m_2b8fe71e
t_e3d7609c,m_282ac180
t_7f8abd54,m_a8f8dfa4
t_ab331ab1,m_b37b287a
t_1c746fd2,m_9538f26e
t_829c2678,m_eccc41c0
t_ed6cb7d8,m_5074fd8d
t_42b47874,m_b8537f10
t_dd5ee09a,m_02662991
t_56616ed0,m_c4a4eddc
t_4cfd3a99,m_5052c7d9
t_afced6b7,m_5f70489a
t_d67562e8,m_e2c30dcc
t_76c5794d,m_924bed25
t_70e9cda8,m_54b5a645
t_3d0a6e41,m_38c5794c
t_e7383504,m_f2fa1296
t_d61f8735,m_d0d1a453
t_3d4f3fd0,m_580aa4b9
t_1f97592d,m_7f73bf44
t_79cc6f51,m_08737fc4
t_b925de7c,m_f1bead0a
t_61e6d393,m_c4d13b00
t_e7a00544,m_2b5f9d20
t_416970ab,m_aa16b6b7
t_ab2d1bc3,m_5ecf0bda
t_64118bb0,m_0022ec95
t_3782144a,m_a35008bb
t_eb986a1d,m_7fb5edba
t_2be5def0,m_83d94bac
t_4bd56f00,m_f963cba5
t_f560764e,m_17734dee
t_d5c9cca5,m_1c13e1c3
t_157635f9,m_1b833b4c
t_3276ac2c,m_9e4ac874
t_b10b816d,m_186a991a
t_d48afcc5,m_9c5ed67a
t_ae9b3a38,m_1bb5d9fc
t_9f6ae87e,m_549435d3
t_62d682bc,m_f915a72f
t_ab7bd074,m_4e741d09
t_9c4f8bea,m_c54e3156
t_dceb192c,m_f06b12cb
t_9d62930d,m_3f1e533a
t_37d46593,m_c1a1f03c
t_74d7b32d,m_23e6eeec
t_2005cb8e,m_dce1f8ab
t_ad39edc9,m_173e6678
t_1f569b2d,m_69bc1afc
t_36c677e9,m_96bc6bbb
t_4d6bdd90,m_0a5e437c
t_0dc8a724,m_6aaf1339
t_50a4b5c2,m_177ea548
t_318ba28c,m_25026c1f
t_d5507d7b,m_1917b1ce
t_46263d76,m_fe50f48a
t_af21856f,m_93f4af07
t_44bafa59,m_67e9582a
t_ed95882e,m_f611ffa4
t_35654808,m_42161a07
t_aa94f4ae,m_c7863e3a
t_a7fb2308,m_bae45d5a
t_7737aef4,m_7d82e84f
t_8e783874,m_e41b90ec
t_0d0a9423,m_abbcb8cb
t_8a6859ca,m_80d2c1d4
t_0a4e7642,m_8adad973
t_479770ab,m_70229aa6
t_1e0fddfb,m_56d9599d
t_95be67d7,m_943751e7
t_4750a6ab,m_adb3af17
t_5e01c90d,m_9b15ead6
t_1e7f1733,m_45ca4690
t_a870a309,m_fcea6347
t_248d670e,m_b70887a1
t_0ec6e17b,m_cb03f1f4
t_dc7ccaf8,m_61ef4c84
t_52a967d6,m_61ef4c84
t_e306e617,m_bbdc5e54
t_f91238ce,m_87ff2ea4
t_b6c787d9,m_ddc87959
t_2cf31062,m_0abf674c
t_51c76c92,m_05cde0d3
t_2e86e782,m_abf10da6
t_528969bf,m_c7cebd9b
t_53ea79cc,m_6a937462
t_21cf94a2,m_913de7b2
t_7fb28da7,m_f271abc2
t_0ac2f609,m_df038028
t_a872571b,m_479fa251
t_c0b5c2bb,m_bc7d7991
t_b9ba0021,m_cd648a5a
t_7fc3da26,m_9b6ad633
t_6db4a384,m_cf9c052f
t_80af2796,m_d6baefcf
t_cbea0c56,m_7fefa567
t_99fd39be,m_6b199179
t_4d5ec303,m_d86a72dc
t_085ca946,m_90ad0450
t_eb3ef371,m_43347af4
t_c9cacc9d,m_d4be48a5
t_268e46e8,m_bd7fbbe3
t_844b0d17,m_f981d877
t_cc449d8f,m_6ea7641f
t_b93bd046,m_5fd438f2
t_33ccf267,m_b27f94fb
t_8326af72,m_ec7e1d73
t_1d99e308,m_cf3f2627
t_01addb0a,m_1e68dd06
t_aaac8aa6,m_9a25468b
t_6efd2a7c,m_2c1376f0
t_4a9b3458,m_c9582815
t_287864a4,m_ed71b305
t_b52a49a6,m_12c85675
t_14574921,m_c04c0166
t_722cffb3,m_5bc79c55
t_1be02e41,m_8ecf7809
t_82b30543,m_b08ab92e
t_cb25a263,m_0f6af3d6
t_0dff451c,m_bc5a3749
t_69787bbe,m_5c40cb28
t_87ff7ca7,m_9e48b26a
t_2717ffda,m_9909ffef
t_9457e69d,m_7ef1a493
t_e0f6bd3d,m_3a2b8b4e
t_8008f495,m_3a2b8b4e
t_58f97f62,m_bee840b4
t_7396e9d6,m_c7952af6
t_f4f6b1b7,m_c7952af6
t_c1e6f8a9,m_b21902f3
t_35ff6d36,m_8a607806
t_7f0b3d17,m_364a4e4d
t_32245906,m_364a4e4d
t_21418b2d,m_364a4e4d
t_8fb0206d,m_f2570dea
t_4e23c007,m_f8618a89
t_7555113a,m_1a2195c3
t_c1ec708d,m_34fc2edf
t_0cb1a8a9,m_781d2c41
t_85b3ffa5,m_28723102
t_d1196d01,m_27196bf9
t_ce13e1a9,m_1d5c1bf1
t_ad3fe6a8,m_fa7aae4b
t_831af977,m_1087d9c1
t_1935cbc9,m_a0eff6dd
t_d6ac8ebd,m_1861a37e
t_6ae3e668,m_80f56c04
t_60c620ab,m_10d69050
t_cd0710b8,m_672a11f8
t_1b34b08d,m_fe05e8f5
t_fa630cfb,m_7577d88d
t_9ddcf6a3,m_ad27ba81
t_35694a72,m_8371a6d4
t_6119ae89,m_75fa504f
t_badb552d,m_b8db82a6
t_21b14c40,m_14867abd
t_1f0241d5,m_dcbebd7d
t_693e9dd5,m_db3d4a24
t_39748510,m_bd66c584
t_1f8b45ec,m_c2a764ed
t_4dcf8ccf,m_ab2fbe02
t_c3a7887a,m_e2048266
t_7e38874e,m_f8c29d55
t_ca8e047f,m_e2048266
t_88254791,m_7e2205dc
t_30b68098,m_ee0cb9b6
t_99f4dd25,m_26ead0bc
t_e9468ac4,m_653b7b63
t_cb58a7dd,m_9acfc95b
t_421a8398,m_45d10d72
t_4d43dd52,m_4febd6ae
t_4cd9a05a,m_cb97dadc
t_a72d02e0,m_4d27edee
t_0dbbfaf0,m_e5f4a13b
t_b26b5fff,m_7700b7f8
t_d9c6be94,m_8ca62662
t_900c0053,m_8ca62662
t_1333bba1,m_e57fba0b
t_205ef2f1,m_4d8a24ee
t_536a031f,m_c8b361fd
t_268541af,m_1f823a63
t_f8a230f8,m_522ed091
t_816a0f6d,m_a753f103
t_bc7a746d,m_a753f103
t_5fc27370,m_b53953e2
t_e86d49bb,m_0b5bdf97
t_122ef88d,m_b3e20bdb
t_a9fa152c,m_47629a62
t_33d9101f,m_99d854af
t_c78e6697,m_74ae1f39
t_068e0048,m_abae311e
t_4c605946,m_7847c0f6
t_ff66e166,m_286953af
t_d91f5f01,m_e177eaf8
t_43633e7b,m_52919f6b
t_c06bae7a,m_c2b79205
t_d5cf0189,m_fce9851e
t_997b3bdf,m_f8dfdc81
t_ad0165f9,m_3dd11853
t_52ee1a59,m_9b872d5b
t_41a318ed,m_9b872d5b
t_c2265313,m_8c588bb2
t_50c9848c,m_7df3b9da
t_e3c01975,m_f2d4f075
t_0ca797f8,m_b6a1aa5b
t_f738d7af,m_15ba7414
t_f619af21,m_2770d3df
t_5089e0ba,m_3a08d856
t_de3c906d,m_97e95415
t_fdac83d5,m_2784ce65
t_e8fe116c,m_4195533f
t_4cbd748e,m_66fcf32f
t_9394cac0,m_ed12e311
t_ef6459a4,m_651897bd
t_b25588cb,m_b4a2e8e3
t_013b2afe,m_3138f4e6
t_9592fb5d,m_c3b3606a
t_6948d0e8,m_f6a7b0c2
t_a182b6c2,m_98c55e80
t_001b5763,m_0c213b73
t_23e950c6,m_dd7d4de0
t_4ad1ce92,m_70e66ff9
t_6fa1f3b7,m_044206bc
t_d650e75c,m_044206bc
t_264a8538,m_044206bc
t_e15c962f,m_2eb2600c
t_d8702bfb,m_2343990c
t_d96bf0a0,m_39d4450c
t_55776bea,m_84552190
t_563df7ef,m_683e3d14
t_864decb9,m_3172ae32
t_6982e804,m_e151d029
t_60e66fd4,m_6693390c
t_feef3366,m_3f6e1fef
t_31f7cacd,m_39260034
t_6d4674e9,m_0e5b5dd2
t_000d22a7,m_dfa90ec6
t_2c6b14e4,m_8c9969d6
t_ae19b3b6,m_4ddf683c
t_ab12a894,m_6d9a62ad
t_62fc1830,m_edf022d7
t_2f834d20,m_a5da2cc5
t_ea8e654a,m_31549775
t_457e29a0,m_fce67842
t_01f9f209,m_4ee9c6f6
t_daed69b3,m_6b8056a2
t_eb28b825,m_c1ffd394
t_a64cff2b,m_7f1459f3
t_010fbbf3,m_e7b6dd05
t_b4debb2f,m_efdbc1c3
t_49682819,m_5c91004e
t_018ff49d,m_c053aa6d
t_5fb4cc61,m_976dde52
t_f92e8905,m_2bcd481c
t_d29d64cf,m_4da8ac8e
t_a5eb75ca,m_aef28743
t_1622c43e,m_0efbae3c
t_435228f9,m_1fcc7ccd
t_b46bd786,m_e87a7743
t_58e9118a,m_26e89118
t_d2208ea3,m_bb43f817
t_6799bc99,m_1bdfbbc8
t_36e3409a,m_aa16b6b7
t_788e5585,m_c26fe2b3
t_802f65a0,m_f89e58f4
t_5da4cebe,m_1d12ded0
t_d6686484,m_fe359986
t_66c4900a,m_9e8fdd4b
t_2329aa6c,m_ddf56bf8
t_062afaa9,m_0def2327
t_7de66c97,m_67c0bf2e
t_1a87bd41,m_d1d5b1ed
t_ba19c00c,m_cd5af07e
t_2fd8c35a,m_ecd160f0
t_ad1c006d,m_09cf80ef
t_12e0890f,m_0b202462
t_3b1853fc,m_b4c8ac4d
t_6dda58d2,m_e051f9f0
t_a7c7a485,m_ba819e51
t_c275dd9f,m_e23c17fc
t_d97b2746,m_cde3414e
t_f5cd4678,m_e253a321
t_fc3b9a3b,m_000d7fbc
t_c00c03cc,m_a184a571
t_6273a505,m_ecd160f0
t_4e70f69b,m_90ed4d67
t_5e8cee64,m_6833e129
t_68c2c5fa,m_259317bc
t_bd2a685d,m_aa2a75d6
t_339c49b6,m_b31f7d72
t_2aaa6b8e,m_d58353ae
t_5a0ed8ce,m_592fd40b
t_fe85fe38,m_a60db5a9
t_c970b7dc,m_29a5021d
t_8e886116,m_84552190
t_06fd5e20,m_0e36f0a3
t_5a7f973a,m_3665f355
t_746003ca,m_b3b2d683
t_9ad5e135,m_2824e192
t_05301e4b,m_e44a6843
t_ec22eee7,m_ef86fc0a
t_9a565251,m_98332978
t_d0e1f4b8,m_9dbd772b
t_1b62f05e,m_cb93743b
t_93b918d8,m_cb93743b
t_04efeef1,m_838a654a
t_fb49e160,m_c11fd470
t_b68d22c4,m_e817b861
t_9fe2e01d,m_df615c97
t_31f1d5f1,m_ba6bea47
t_f84e2d36,m_d8cd6656
t_e072d951,m_bb39bfed
t_441d7b0d,m_6371f5f1
t_9fa4bef7,m_cf5cadaa
t_556e28ce,m_eb4387b8
t_59eb634c,m_665df52f
t_4226c3b6,m_a76a1e99
t_e3df571d,m_bd4f9ee6
t_54e57c11,m_566265a5
t_762bc8a5,m_70cb9967
t_80f942ba,m_5f40edb7
t_35603101,m_f6634ed1
t_7ed18d04,m_60dc0161
t_ec4e0707,m_3d304e35
t_06f02f80,m_a71fd12c
t_65b8aa2f,m_a7d0a373
t_dbf9aec9,m_52dac201
t_17cc4154,m_2ceaa6e8
t_c758f440,m_d041850c
t_ae0174b3,m_1a97a3cc
t_dbd3de58,m_af0b0c25
t_cda777ec,m_2cea564f
t_fbaa8653,m_5090ee5f
t_ef9954cc,m_ba0461c1
t_51462f2a,m_fcc8ea9b
t_bc6f438b,m_3f5f97a7
t_7cd4c0bc,m_cad4d195
t_660400c6,m_fb87fdf9
t_b255f71b,m_cb1b9404
t_11694d85,m_73ab1b34
t_5b9fd3ba,m_fe0d1eeb
t_11b6d403,m_67e9582a
t_5c850d3b,m_18cff55b
t_07018747,m_2ceaa6e8
t_e08407c8,m_4711cdf8
t_73c1f5c7,m_ad27ba81
t_bda2f56e,m_a81e2157
t_744db339,m_367a4f22
t_8efb690e,m_762cbedd
t_6a9efa39,m_9499fb59
t_81634fcc,m_604f9250
t_aa774ce6,m_60c05f15
t_5b1558e0,m_50090153
t_ebf86823,m_f602949f
t_7981e388,m_f26ac5ca
t_38872be2,m_d3000f5f
t_25b7b8c2,m_6877fb00
t_4dcbe354,m_d3000f5f
t_e3ef68bf,m_f8f9f021
t_e7e88e7a,m_ece71ccb
t_9b879ab5,m_ae9ac044
t_3d789a31,m_1c351a5d
t_1bf50d3f,m_4065c25f
t_184d307b,m_32611caf
t_26100aa3,m_dd92b813
t_da4d7703,m_03898e16
t_b8c75c76,m_32611caf
t_e999625e,m_283cd222
t_880696a4,m_35765597
t_31efc159,m_2cea564f
t_fc8f6096,m_e0c44717
t_639d9333,m_133a0dc1
t_b45cbe5d,m_8e82294a
t_8b8de666,m_bb86ed88
t_c52081fc,m_66d81251
t_ab825d10,m_37169116
t_b35b99fd,m_e467bb55
t_dac3a762,m_1e1e62da
t_9e64ef5b,m_031b5e14
t_666670b6,m_24bc90e4
t_87092d8a,m_b7560995
t_23541ccd,m_202efb67
t_8a580c7a,m_97fef479
t_17592d61,m_97fef479
t_9d2ae14c,m_622ead03
t_2b1dc4f6,m_26d4545f
t_4800ca78,m_9b726fb6
t_ba7bf73c,m_9c4f1cf3
t_d2d22760,m_b1e0df98
t_be441bf4,m_8bf15fdb
t_07738b0b,m_01221b2e
t_02bc24a8,m_26d4545f
t_92379072,m_f0d203bb
t_aac48dac,m_e467bb55
t_6988b3f8,m_83f675e3
t_d6dfe646,m_934bd3da
t_08709514,m_39f6f68e
t_febb6165,m_ed12e311
t_44b20f5a,m_5df9824c
t_b1896e7f,m_81943472
t_bcb6c810,m_a5a7e364
t_f12ddee7,m_a46366e6
t_100c55ac,m_edf2b825
t_24560a9c,m_7d282a21
t_5dba78b0,m_011038fa
t_b942e667,m_4fbbf4ab
t_6416b347,m_ad0dcb60
t_41c7aeaf,m_320bfd78
t_caffca04,m_3c1cac05
t_90bcd3a4,m_72e28f99
t_5193d34b,m_4122850a
t_42e0eab1,m_c77714ae
t_4f076832,m_75246e8c
t_bb0c4503,m_70576666
t_95b6ecf3,m_2e726167
t_bf6ac5e8,m_a4adb2c4
t_5e0678a3,m_5d186170
t_788f1d8c,m_5d186170
t_2cc74874,m_c80408fb
t_9241790d,m_4fad4105
t_1cc5fc7c,m_943dea21
t_09505c03,m_10ee0bb9
t_56400f0f,m_2e41d261
t_611ea4ec,m_f3c70a40
t_dab91bfd,m_83b13535
t_cfc792c8,m_c2c3342c
t_71de5d3d,m_f9e23880
t_026ba539,m_78741733
t_673e3142,m_107e705c
t_6b3e540b,m_9579fa59
t_ff63fa82,m_f041f9f4
t_1fb2d7c2,m_968e567d
t_c6b9a08d,m_0a5e437c
t_5e8b3e52,m_04cc20e5
t_2600308f,m_e4ae8dea
t_0851d86c,m_043a6a63
t_6eee58af,m_a244bbef
t_e63f2414,m_a244bbef
t_239ec1b6,m_d3000f5f
t_b3cf12cc,m_593fc55b
t_72f0011f,m_917457ca
t_710d743e,m_5a808d44
t_95de0d53,m_77f9c5ee
t_e261cea4,m_27509d43
t_94f4b7dc,m_27509d43
t_3a15e31c,m_f44d62a2
t_d342a2f6,m_efdd9aec
t_60ef2446,m_a93f7598
t_7e066387,m_d810eb01
t_64bc1034,m_c428983f
t_5723c85f,m_3a46b7e5
t_3bd15a0d,m_0d34ae6b
t_21c54be0,m_49f52c33
t_b3d50bd2,m_182cdd50
t_2b342b9f,m_41e88b9a
t_e708cd8f,m_81f90f04
t_8320572d,m_0cb2b84f
t_e95de9a6,m_b75e1f4a
t_55e69168,m_f9958274
t_8d2c2fca,m_f9958274
t_8b68f47e,m_2650ee4d
t_66905c28,m_5d1afee2
t_339a5ba2,m_2f366d88
t_13fd0256,m_63b1d756
t_fdf2c3c4,m_925cba3a
t_10703430,m_2f366d88
t_613fb9a6,m_db3d1046
t_dfbd2fc0,m_db3d1046
t_fea34423,m_ca5f6456
t_daea2e58,m_e1def6a8
t_9813daaf,m_e1def6a8
t_d5e2fad4,m_0cd5cd55
t_b454a168,m_b4a9e7f3
t_29099306,m_01561c45
t_22e8ebd9,m_b75e1f4a
t_e14361f8,m_8ff409a6
t_6bf32ce1,m_99c9cbdb
t_43cf3368,m_322259ee
t_d9ad9295,m_322259ee
t_a906ab73,m_54111ee3
t_4fe83ecb,m_54111ee3
t_1ee2dbf6,m_8623d8e0
t_45e55e24,m_00dbb06b
t_410659a4,m_30914db7
t_38638abc,m_a9d03110
t_abcaf642,m_504a4084
t_ac560968,m_52a39b01
t_698df4f3,m_1dec8cd0
t_f73e57a7,m_a2532d5e
t_a811c73f,m_578baccd
t_ea3ffa8d,m_9e2fdf49
t_12cffc31,m_d457493e
t_222f3eac,m_40b4c1e7
t_53dea402,m_d8b19c68
t_6b5d97be,m_8a6ded0a
t_edb3ad26,m_6b32e941
t_b0a1b99e,m_a8d8ca6a
t_c86417ed,m_25d7789f
t_a6ee1214,m_d357bed0
t_24f9155b,m_038f508e
t_e951be2e,m_2415af1f
t_3b71f3cb,m_ba8020fd
t_887f5f25,m_8ccd9ec6
t_6614f0f2,m_a1436a86
t_f8a0a9c7,m_cfa30a7f
t_295928b6,m_c61d4355
t_bf95841a,m_41700029
t_c3a249a0,m_1a4cb982
t_890033de,m_ef3a89d5
t_509a425e,m_6e40db29
t_867c7b4a,m_2e601246
t_9ad7ac28,m_e796dfb9
t_149b9ab7,m_1a36b910
t_bda49a53,m_aef28743
t_0033ab41,m_ddaeda39
t_d6531cca,m_88af9381
t_0fe62087,m_9ade1633
t_07f7af06,m_0cb2b84f
t_6173ee0b,m_1be27cdb
t_251b8fee,m_475b660e
t_b4625b5a,m_f04da714
t_6f7c8bed,m_f8b86542
t_b9e7c5eb,m_d45e2734
t_a8042902,m_d98b79b3
t_b80214bf,m_e59e8208
t_e5d3e05f,m_fb7171b0
t_2f2a77f6,m_1d77ea33
t_44012d11,m_d81d54e5
t_6d8d30d0,m_b0bc980e
t_e9480ae6,m_e2048266
t_01e78256,m_5074fd8d
t_e37c7fad,m_966a86ca
t_da96b7bf,m_4d84f557
t_2067aa89,m_b7ac2230
t_fe95ab7b,m_f125cb0e
t_8a000e3a,m_73e2b10b
t_a4b3b277,m_e81d8518
t_fa7582a5,m_3aaecf96
t_aa97db47,m_a7d4fbab
t_0512055e,m_bb43f817
t_fcfff2b4,m_42c0fcaa
t_8449d3e5,m_bb43f817
t_f456ec61,m_56215465
t_78412416,m_5b831954
t_eadde784,m_a54cc40c
t_615b4ca5,m_84552190
t_437e446a,m_e87a7743
t_d8567554,m_544818c4
t_dc6a1e72,m_733e3423
t_9b34ed35,m_eb4387b8
t_d08118af,m_a4209b1b
t_1c9e00e5,m_9722461e
t_baa4ab58,m_7090127e
t_0e616882,m_d4b63922
t_4fe0499b,m_c7164047
t_7afb055b,m_14353b54
t_20c210ce,m_21278fbb
t_0c7e2052,m_ee27ec78
t_f65b81e6,m_e4ae8dea
t_e9e2d952,m_60124173
t_2c398cd8,m_eefb1426
t_85f272ff,m_3b05369b
t_0515aeee,m_636a745d
t_e4fff0f3,m_2e4ffce1
t_766fea87,m_169993db
t_3b42cc08,m_7c76d6a6
t_a4e326ac,m_cad4d195
t_f8127cd9,m_cad4d195
t_3c010f30,m_924279bc
t_1b377d8b,m_bf2e9efa
t_43804a4c,m_ea551d5d
t_59df9725,m_51c04838
t_c80f0c18,m_05602419
t_58e9a5f0,m_04063bea
t_c55fae04,m_43990cf4
t_f94420a3,m_f04da714
t_783bdb61,m_9bbcc94e
t_e0ff9c6b,m_6ad35936
t_92d348fb,m_2c17a08d
t_965fee38,m_2c17a08d
t_eeca7126,m_7403b9da
t_c7c56d46,m_2d5713f1
t_d1b8e466,m_76ea9de1
t_ad7336b6,m_8e546d70
t_e3536727,m_76a79191
t_b4fda79f,m_196cfd23
t_57d7e25f,m_ba0461c1
t_7e0168ef,m_95d76e0a
t_b9d2642f,m_2a41038a
t_d4ee509f,m_f8618a89
t_36af9d4f,m_42d7c3f2
t_8ecaffba,m_ff572cae
t_47636657,m_3bfcd403
t_ae63df9b,m_6dea7fc3
t_de619c86,m_b220743c
t_96d6cb24,m_57b3d349
t_ee3629c7,m_ef660fac
t_2d8be953,m_842bde3e
t_afb4f090,m_cfbb38a9
t_98f46958,m_45680418
t_4b1280e5,m_93a3dd15
t_f241b26f,m_f246e679
t_d3acb5c1,m_f6a94ca4
t_12bdbcdd,m_94d411dd
t_0a7fe152,m_bfa05a77
t_659324aa,m_e1324e9d
t_3e29d148,m_2d2320d4
t_75dc1ae8,m_c26fe2b3
t_66cd0601,m_d29a857d
t_c01427a1,m_72f0871b
t_cdfcc81d,m_9fbcc5d9
t_1d92dd90,m_aede10a9
t_dd08af71,m_f04da714
t_80e217da,m_71101a85
t_236124b3,m_509dc154
t_298b2b90,m_28b5e534
t_cdecd358,m_8405f653
t_1031ed6a,m_34473460
t_df13223b,m_50f6e576
t_92e9e207,m_5a808d44
t_f9bbb32e,m_3a6ea6d7
t_d68fc1ea,m_84aa715e
t_82043626,m_3bc230b7
t_2928be3c,m_5e5cb897
t_643ada1e,m_cc9bd9c5
t_09f84377,m_d0708b7c
t_502b723b,m_abb2072b
t_c72ffdc3,m_55ecc774
t_470f1a6b,m_498f44bd
t_98079127,m_9be22ed7
t_8c820b94,m_c6398dad
t_80679b3c,m_620815ea
t_96973f15,m_2333c596
t_65522e1a,m_9240626f
t_0f9f3436,m_80ca4c00
t_f268f10d,m_97e95415
t_a0a51bc2,m_fa6b7e46
t_51a54e1f,m_81f90f04
t_3d4b5d9e,m_4c36eb3a
t_2c1027aa,m_3e895bbe
t_92b33c77,m_ccc01107
t_0f82adf0,m_55e24aea
t_5318bd83,m_dae65f20
t_d3a1c493,m_3898943a
t_729a6039,m_82c97dc3
t_23af2606,m_9be22ed7
t_e122922f,m_f2e355d0
t_d8300dc9,m_ff926155
t_347e8e12,m_bf1c3ad2
t_6da2a479,m_35971ce7
t_5ed32ce5,m_a5054a6f
t_0a664929,m_417a5651
t_387b62a7,m_a0fed10a
t_36aa3ad5,m_e1fe5ea2
t_6ed2176c,m_aa438843
t_a9554c5a,m_251d5c5e
t_db3144ee,m_ad19681c
t_16216d51,m_d3de3e29
t_358127b2,m_ae90d2c7
t_6ffe119a,m_874a49ae
t_a5eddac5,m_0f45bdbf
t_0abffee6,m_ae00e12e
t_0bf642fd,m_cc9c778e
t_b35fc04a,m_efa55a46
t_30d970c9,m_c94757cd
t_3e169649,m_9c190e98
t_ad762b98,m_1b1f1424
t_170870c1,m_7fa449b3
t_26b45d9e,m_5d1160be
t_d6e09e16,m_a9750827
t_479c45cc,m_47cba2c7
t_df0075bb,m_a42ae667
t_707e6fe8,m_bd30a0ec
t_bc80a967,m_c1e82216
t_268e097b,m_278ce3b5
t_8ea1af12,m_6ea7641f
t_843581a7,m_be4597c0
t_0b6fd4c8,m_aff38e79
t_46884156,m_1747a2ac
t_e71eb2e9,m_51beccec
t_c03d9dde,m_d380a0c2
t_1a67676e,m_0aef12fc
t_e11cdbfe,m_0aef12fc
t_8ffeb6e2,m_d0af4220
t_6058eece,m_9cf3c6c8
t_adbfa5c4,m_31444701
t_cdabad17,m_97ebda36
t_3d019b9c,m_30f66683
t_587a083a,m_08da47bd
t_8f60403b,m_ab2fbe02
t_a36809a5,m_c3c8947f
t_31b0b8b4,m_9722461e
t_b2963e99,m_dc70c2e9
t_1fda6b80,m_9f0a4cf2
t_8b4c557f,m_042e5c7b
t_9cb66d00,m_905f2f1d
t_8065b5d6,m_9c200b1b
t_bf9952c4,m_3648fd40
t_7e4af912,m_ffa44e5b
t_35289f42,m_8dce86c8
t_da8b5808,m_b523e7d0
t_4f312849,m_09910515
t_90c751e7,m_e33b7462
t_dcfd39f5,m_81c5fe71
t_a5fba0c8,m_3ab7ff6c
t_64da81ff,m_e5f6e884
t_1ddaabfd,m_f846d159
t_dd7fdcf8,m_88bc3c4c
t_c3d298a2,m_086c849d
t_a3cc7d68,m_23c994f1
t_8a692032,m_e6b15166
t_ba1bed81,m_83aa90e1
t_a43f189f,m_e7499669
t_6de09ab1,m_09787ed0
t_f8715044,m_99d5998a
t_2be8fd29,m_e6770862
t_cbe481b2,m_c5ae860f
t_7999e24f,m_f6bac031
t_b1bd1ce0,m_6ec53362
t_b9d659f9,m_02f4be59
t_5c033b47,m_66387698
t_2ade7ed0,m_346c40f7
t_f7513382,m_ab2fbe02
t_5549eb73,m_45b700dd
t_43d0641e,m_c418a063
t_7c868c25,m_28723102
t_5e9ca530,m_76d14a69
t_9dd0441d,m_ad0dcb60
t_6e9a222f,m_7381757e
t_b5554595,m_744de01d
t_4863d7d7,m_73259f9e
t_26f9f4f5,m_73259f9e
t_480d0df1,m_14577639
t_f5592f39,m_4163f527
t_903c6d30,m_619c2759
t_9f42d661,m_4c032832
t_e39f569b,m_a5bd7baa
t_87ec6a33,m_6e8d65d7
t_b18c1bf9,m_2a0d00d5
t_17314bb0,m_e2d2a596
t_8014355e,m_4c032832
t_9d275904,m_936742c0
t_99a25f16,m_442a30c2
t_9dfc0f49,m_a244bbef
t_8afd2858,m_b70227b6
t_fd5a0704,m_c13d1340
t_ae3536ea,m_67c0bf2e
t_e44fe85e,m_8306513d
t_ec023006,m_531a04ee
t_6739d08b,m_66c27b41
t_e3d49858,m_e9d7de74
t_10650c33,m_3c84e8f3
t_38c9afb3,m_2dc81cda
t_5f764ed5,m_0950ffdd
t_c732dbf0,m_bce58f41
t_5afda520,m_f0ca4c01
t_b93087a7,m_06bcaad2
t_b18c97d0,m_5e6bc629
t_9ff45990,m_add6c5f3
t_d130567a,m_ca782278
t_06428473,m_a4209b1b
t_8e64803a,m_5514c0bf
t_ce5e0d7e,m_9071d247
t_99036b36,m_60b2f5ba
t_2992b81c,m_60b2f5ba
t_7acbf672,m_8241512e
t_2a915a7c,m_8241512e
t_2f620749,m_965a15d5
t_9afc1105,m_66cb40b9
t_7dfd04f7,m_f5190e8f
t_c21c8059,m_f5190e8f
t_46e068dc,m_f5190e8f
t_c314b3af,m_f93ad1e6
t_f26c414d,m_2e2ab102
t_506885c3,m_76e7e737
t_49a5203e,m_76e7e737
t_fc3df7bb,m_1b66f89d
t_54983e20,m_f8b6d38e
t_0f7a4c9d,m_fd2ac5b7
t_c98120ab,m_384e4061
t_3b9059eb,m_240dfd86
t_128451d4,m_29263d81
t_191904be,m_65529649
t_221e0777,m_76ec8037
t_5219b5bc,m_173e6678
t_ee32ad1f,m_29263d81
t_4848d77b,m_0faf3359
t_41c06b21,m_2b93015b
t_dd7fb28f,m_e4a73439
t_7aba6789,m_f6e9d1f2
t_15e738e2,m_f5882851
t_c8b944d4,m_74903de3
t_92c02e8f,m_bab0c15e
t_f2f12f4e,m_6d9a62ad
t_24af735d,m_97ad50fe
t_5e0254d0,m_2e520bd3
t_9564d639,m_e467bb55
t_7ea5d825,m_66e314a6
t_ca192f70,m_91943a87
t_12ed0520,m_712601d7
t_04d567b4,m_5ca7f7f9
t_0bd12ed1,m_1fcc7ccd
t_391f2e62,m_65acd630
t_ec38b122,m_7032e38b
t_737fe9c3,m_ca57ffda
t_0a733558,m_d5aee7b3
t_e6822001,m_8733b107
t_d206b528,m_fc0b44f2
t_a331bb37,m_3825dc5f
t_15c51b8e,m_2db1922b
t_b70239c7,m_080b78cc
t_039dc41d,m_2453b79f
t_09f5d0f8,m_f387ea77
t_7cc8b279,m_a0b8f5e4
t_6dbf9b6b,m_101d203e
t_4aecce38,m_22550cfd
t_123f95f5,m_b2a115f0
t_7b3e814a,m_d0a241af
t_a26bbdbd,m_87851a36
t_b206cbb4,m_3b99e5bc
t_f74aa895,m_db1973d0
t_a46f35e2,m_10b3a298
t_1a186be3,m_98087318
t_928214ac,m_b2c1e26a
t_b7df0223,m_9b931dcf
t_e8984e53,m_949858db
t_e5519702,m_a5ccdbf4
t_ce896f56,m_15ba7414
t_0998ded2,m_529bfccf
t_d1061a99,m_c28e3487
t_a4a316f3,m_3d8558ab
t_1b911e8c,m_637d801c
t_a0355e69,m_c81581c3
t_f72066f3,m_97e2495e
t_68894690,m_2fdb2481
t_63371d1a,m_78a839f7
t_97c8def8,m_1edd03c2
t_e59b9e0f,m_11f13a71
t_4f86d49e,m_6916016f
t_f9a75136,m_a54cc40c
t_c0f4ca35,m_82e1f79d
t_9b84834f,m_a3903176
t_a1f35dff,m_d1917d05
t_a02d7966,m_39540005
t_48a70208,m_f0f723e0
t_751e111a,m_3294a0e5
t_06651c29,m_b15eac7e
t_768299b5,m_3294a0e5
t_e45241e4,m_67a44d08
t_58ab5cfa,m_966a5681
t_3ce9d9a2,m_c5a79086
t_020ca2ef,m_529340d8
t_21b3a26b,m_529340d8
t_0658f1bb,m_800043f2
t_2c1fa573,m_84c7e1bb
t_de904c01,m_84c7e1bb
t_6d2f33c6,m_84c7e1bb
t_6a2abe8e,m_902e34e4
t_f2fe47d7,m_902e34e4
t_0b56dbd9,m_fff199e2
t_5a8e8911,m_4e741d09
t_294f15b3,m_53f2b3ab
t_d1e697b3,m_926d6f64
t_430507cb,m_230943b1
t_447980f2,m_230943b1
t_aeca6f9c,m_d6120a6b
t_5bd80be9,m_27bdc137
t_4661d42f,m_ea56f4d5
t_9ff3519c,m_f0cd4ab1
t_c778848b,m_6eb6c873
t_4d089343,m_d44f8844
t_303003bb,m_79ac94b4
t_8268e1f8,m_95e8b4bb
t_722c4d48,m_b43487b5
t_1b405b49,m_29e5f5be
t_99c9f41b,m_7ca1cc14
t_3b1f3a4f,m_04920cf3
t_fbf276ce,m_a93f7598
t_ca189ab8,m_fec17379
t_9ed86f60,m_f3d498b3
t_4c81725d,m_e037b41a
t_7a32fca3,m_bcff8acf
t_e5b82d7b,m_d45183f3
t_80978ae1,m_22550cfd
t_0d8c3e7e,m_9072aaba
t_28824977,m_9a4b183c
t_2f20501b,m_4dd5a259
t_b2449961,m_447f52c3
t_39398f2c,m_64026069
t_3f56eefb,m_e192ffae
t_a43c5e69,m_8862c22e
t_68d8573a,m_c2da8d53
t_0f44fc92,m_e87dd9f6
t_e3882b07,m_ac1d5ff8
t_c207e9bd,m_e0710064
t_26ab448e,m_ac1d5ff8
t_af11dcb0,m_bdfed6e4
t_49c04bfc,m_c93555ae
t_fb9ea56a,m_c120e43d
t_23300741,m_d81d54e5
t_e2b576ea,m_8803090b
t_e1d2ce2f,m_8803090b
t_7892c467,m_5293fa52
t_b34fa44d,m_6e0f08bd
t_75df4a3b,m_d1a79a0f
t_43d1bb14,m_e32c2078
t_c284dfa7,m_12373b7c
t_93f9e118,m_4e43c3b3
t_0c9847de,m_c16c6104
t_345cb9d6,m_afffff01
t_612da33a,m_bfd05d63
t_55096ef8,m_dd92d302
t_72cdf3c7,m_fdc357ee
t_420fd723,m_fdc357ee
t_0e73b55d,m_00cacda4
t_060afde3,m_4efeb224
t_103235bc,m_ecd8c471
t_8ccaf028,m_ca782278
t_157f4d7d,m_430fe718
t_928442fc,m_773f80c8
t_d0257043,m_5f28e2a4
t_e44e2d27,m_6c6fd90c
t_58fb853e,m_43f7ca39
t_c0626e89,m_4231cdf1
t_e471fab0,m_a1436a86
t_2e96b50c,m_51ab06a9
t_cc415cce,m_c782aa43
t_078ce01d,m_83f675e3
t_282c2a08,m_cafbc41d
t_23235cfe,m_198e22fe
t_3caafb4b,m_3350d9f7
t_bc6ab0a5,m_ada71bea
t_23b3e993,m_b461e2b5
t_f7f310af,m_f7b76978
t_b7cd00db,m_14226604
t_f0a042b3,m_0d994f25
t_f624ff16,m_2993e8a1
t_b2a90661,m_9a7f290e
t_d41e0ae0,m_b048c4a9
t_8e00e5d6,m_302c720a
t_2685298b,m_24b82ac2
t_b9953264,m_310d7cb0
t_51f18975,m_26f2d675
t_62cddf6f,m_0a194705
t_ea9ce07e,m_3f47968d
t_cc3e1e14,m_c7ef4128
t_a2a6d102,m_5ad5f9bd
t_4907169c,m_ccccbe45
t_8249f4ee,m_842bde3e
t_ade9384d,m_862aa691
t_f50097ef,m_969f905c
t_19e7d484,m_5ca7f7f9
t_b96ec251,m_a228c5c8
t_d6391db0,m_2f32e55f
t_6c143365,m_bb86ed88
t_434a2e95,m_89ac91ee
t_6ff4810d,m_9390cee2
t_d1314621,m_9189f7b0
t_b9a27bc9,m_277af1c0
t_cf563d13,m_880938df
t_75dd4c26,m_4d73deff
t_ebd9459e,m_7176200b
t_dbe1298d,m_d0edf8d8
t_75d2aa88,m_b5894c1d
t_5180703f,m_d46aaf9b
t_49708cbd,m_4ae30796
t_4378e82d,m_1f32af6c
t_7d623acb,m_322259ee
t_42a117ad,m_38cea9db
t_5c859520,m_9eb74aa8
t_270fe680,m_ff8e8daf
t_2a9f352d,m_c186bc3e
t_f267eb33,m_3a9381ca
t_8c41eabb,m_079b53b3
t_c62bd54e,m_cdb9d953
t_06c41862,m_00b50e1f
t_e02ba18f,m_0d196f7c
t_64c3c227,m_e5ce4a42
t_af771abe,m_aef28743
t_d0a14f36,m_35765597
t_a798e191,m_d9648a08
t_46d2ef26,m_9fe086d1
t_1c7133bb,m_43cd0fa0
t_49033b92,m_aa5422f5
t_5bb5b076,m_847f0fdc
t_76a7fbf1,m_1be378df
t_ec1799b2,m_5dc49813
t_06a196c6,m_346c40f7
t_90725c49,m_7aff780e
t_37c912d5,m_a1cd673c
t_71bf3a57,m_cb1b9404
t_1b04f2b3,m_4e19c781
t_ff489a08,m_4947a7ab
t_3de165e8,m_79dd7d36
t_bab4496b,m_442a30c2
t_b6af72a5,m_6f168a33
t_098d31c3,m_df871423
t_4d6be60b,m_ad473b2c
t_5227666c,m_a69232e9
t_699e3a9e,m_39540005
t_222e81b2,m_e8f18ecf
t_0b28993b,m_ae94a940
t_eb161a6d,m_48b12f8e
t_5b91d1ce,m_c54de477
t_03252b53,m_e59e8208
t_25ac4d80,m_e59e8208
t_74e03db0,m_0f0eba0a
t_a9b2266b,m_0d920a23
t_61dae199,m_b70227b6
t_badcc663,m_b70227b6
t_8580038c,m_898614e3
t_329c4662,m_e5a72a05
t_aa830b1a,m_01bfa4e2
t_2faf3d60,m_08099def
t_2d46a8d7,m_01bfa4e2
t_63730e98,m_ebf8cb89
t_d036428e,m_6b8a0be2
t_d0a099ac,m_459e7a55
t_37c6d1a0,m_b0bc980e
t_5f316a2d,m_9dc63f87
t_fb85f120,m_8969045e
t_29fc845a,m_456e02c6
t_bad3ae0f,m_f21c1994
t_7311f66f,m_89a794f8
t_2e682c39,m_9bf74a57
t_967b644b,m_24072b0d
t_92407e27,m_75246e8c
t_9087ba66,m_0dcb9e06
t_7143de2d,m_a9d22c35
t_ccaaa124,m_75246e8c
t_1f35abcb,m_c5a00e7a
t_e6daaa66,m_a73a7f3e
t_3d661529,m_ea56f4d5
t_5fb0ac3b,m_a603ed62
t_edf0bfe0,m_c244124f
t_d6d231d0,m_014f1103
t_1b8221df,m_6aafb61f
t_e0037b6b,m_6aafb61f
t_59124f30,m_6aafb61f
t_126fd0e3,m_c3032651
t_49d2f625,m_8d5416a5
t_358c2da4,m_2e2ab102
t_000d3366,m_c7fa615e
t_ab1b2845,m_db465bb4
t_cf47cff4,m_442983ec
t_132722f2,m_f9b4f7a1
t_265d9f1a,m_c39513de
t_4165f0b0,m_54dcf1cf
t_05f9267e,m_967a2079
t_e67df56a,m_a0fed10a
t_87928834,m_a0fed10a
t_b7364800,m_8d5416a5
t_56510008,m_e6781b55
t_5f7d0812,m_9ba8ce11
t_e886b09c,m_ff926155
t_9d150dee,m_e40055be
t_305018a7,m_5fae132e
t_0db1089e,m_885ff76c
t_bc6f43f5,m_16be5303
t_ab289da5,m_d988cac7
t_752bf8a4,m_5488702c
t_2cbbceba,m_a6891da0
t_eb62aed9,m_6216d5e9
t_61c84caa,m_33be1872
t_b49fb62e,m_b806d435
t_54232175,m_90053bc9
t_73cd78d5,m_526250cf
t_f506a99c,m_2cf6d9fd
t_86bdf34c,m_4005516f
t_050df370,m_0ebd3a68
t_654d49dc,m_09910515
t_ba459ed7,m_e509da49
t_ed9d5a6d,m_5c776659
t_43bd7cad,m_2b45bd42
t_44d7bc27,m_1ec4bee0
t_1cd299e9,m_b7fa10b7
t_b84950a9,m_7bf9ba60
t_751d2690,m_2bab449c
t_c7b8818e,m_de741e6d
t_a0041b28,m_e33ba81d
t_b61959fb,m_674b5242
t_1ea18f7a,m_7049c635
t_ee01e9af,m_3c7e0bd4
t_ec52bcc1,m_ebc26462
t_7eb10cb3,m_3e895bbe
t_d1bf2436,m_b6bf63da
t_43b57147,m_b6bf63da
t_a5339be4,m_c5a00e7a
t_98b2bb0c,m_6be57586
t_b5128a5d,m_ef86fc0a
t_f449add4,m_3e895bbe
t_dc2164a4,m_01d47d32
t_6dec8bff,m_61fd3495
t_a1cbc456,m_b7dabb55
t_c36503bb,m_731f8fd8
t_26b360a7,m_b63298d1
t_40884344,m_80dca9a6
t_615d15ab,m_a3f5b02b
t_fab377c0,m_279f1efa
t_1c7d0c30,m_d7e5e7a3
t_912a4330,m_16739c57
t_c4bcb4ca,m_e56cdea2
t_10324b04,m_9ad88e57
t_f7f77d04,m_3e2bb0d6
t_21e4e1e9,m_2080e5d5
t_0c365453,m_6d68e021
t_ec8156b2,m_0581ddc2
t_efd80e0f,m_2104d3b6
t_45f6bceb,m_9f7ce63d
t_065312d7,m_16ffd6aa
t_75ae1ffe,m_70f5f4b4
t_18ba1d1b,m_135a7d12
t_048db69b,m_72005f52
t_803088ba,m_2a974689
t_2e4bdcf1,m_d1366ef3
t_eaccc26a,m_1eaf481c
t_f510e8fb,m_0ec5e8fc
t_84b33abd,m_77f257ce
t_087af67b,m_52a39b01
t_088ada42,m_fbb97086
t_1a7caf48,m_fbb97086
t_5ecbaded,m_9cbb0329
t_ee247382,m_34473460
t_adc1f04e,m_a69232e9
t_f7b397d9,m_6e1b18ab
t_74e4782d,m_440e96a7
t_8b0b7679,m_2e732c77
t_d8986f97,m_68a4b5a7
t_8e917469,m_9eb74aa8
t_149ab4b8,m_338b674f
t_c01a8bff,m_65aa097e
t_3b5570cc,m_f246e679
t_14891b1b,m_f246e679
t_61ce0b55,m_4235da31
t_6f64e3be,m_058205b6
t_e4a8a41f,m_8c4eee40
t_eee21653,m_e151d029
t_8226df6d,m_4b35ee0d
t_56c05528,m_9be5fd33
t_0b95221c,m_c55ccfa3
t_b0640e26,m_97e3022d
t_f8b43a15,m_4452d847
t_78fcfe14,m_7d282ea3
t_d1b30574,m_ad0dcb60
t_e9158e5b,m_7253bc53
t_7fcba1d6,m_5c3d0b0a
t_1a3de440,m_46879040
t_9ec20ed9,m_ad0dcb60
t_27007b18,m_a40991a1
t_f622787b,m_b3b2d683
t_8e4f6791,m_0306bf9e
t_d828d6a4,m_f2262308
t_da0a9528,m_64ce8016
t_5ee66e73,m_4891b056
t_436b2210,m_4891b056
t_967931cf,m_0c43ec22
t_ac69f2d1,m_5b7317d1
t_1c388b9f,m_799d93e0
t_dc812c62,m_ba118fef
t_41395df5,m_08b42d69
t_5067f962,m_b9a7daf9
t_14a34f99,m_3a427502
t_528db147,m_5d9ea8fb
t_347a4b6a,m_96b7a7ec
t_17f6118a,m_5d91db35
t_c011293f,m_0aef12fc
t_9b7806ac,m_aa4d67be
t_5212f1b9,m_a976b323
t_ac1b8a76,m_c769a4fe
t_0c390a88,m_783f6773
t_cb37b7f7,m_7cadb1d2
t_2cf0a808,m_783f6773
t_2e41c285,m_de2747d5
t_71dbd6ac,m_de2747d5
t_9d97f531,m_597436a1
t_b6a34d70,m_70970be3
t_92d7aabe,m_6de2d892
t_9934e7f6,m_2f9184c6
t_31bc6a4a,m_e8aefacd
t_317114b4,m_ec15a285
t_849abc8c,m_c705996a
t_16bd2b93,m_197a0aca
t_3cb0e5af,m_d988cac7
t_41a6ed17,m_7d4ddc9b
t_d47b8b65,m_8a17b72d
t_e9485b3e,m_d499a7c6
t_824df459,m_d499a7c6
t_685d1df3,m_a08f7942
t_9308dd7c,m_a91e2310
t_4ce705c2,m_97e95415
t_73cf70ed,m_c443f322
t_329c065c,m_e740742a
t_3a96ee90,m_2fcca629
t_3b5ae2e5,m_7961e1bf
t_aea39a9d,m_a01ef8ca
t_533fda57,m_c36d2c6a
t_7a41b40b,m_2cf46bcf
t_ffb0212e,m_a801c428
t_055622ec,m_4244c2e1
t_ecb47f11,m_2145c12d
t_bd483158,m_6ea2da95
t_9f203120,m_2ab54ad0
t_b5718063,m_245ed3f4
t_5bd3669e,m_62da5c86
t_65a1f69b,m_7d924cba
t_a2d0d7b6,m_c39687f7
t_f0ebea4e,m_c8cdf5f7
t_2d3dbee4,m_0eced348
t_f8ef98ca,m_13b4c218
t_7f380c63,m_5c1ff77f
t_7640dabe,m_acf4ff39
t_e969e4f5,m_55e24aea
t_afb834c9,m_b093953b
t_500533e1,m_50c61d28
t_4d35b9f1,m_581b0128
t_90fdf01e,m_76146ff4
t_66376da5,m_03203343
t_a4d96277,m_9669fe8f
t_76ce7ecd,m_13744edb
t_cab1f4bf,m_0057ee59
t_9ab5575c,m_9792a81c
t_a0b0efe8,m_cfd4303c
t_f0f23aec,m_03203343
t_ff04593c,m_a28e2c52
t_ec640169,m_a28e2c52
t_60896d4e,m_e2efc911
t_6708fd39,m_725e48da
t_4d7108aa,m_da4c4961
t_68cbf0ad,m_00b1b65b
t_b3d8ff6d,m_a9b233bb
t_801c926f,m_ad27ba81
t_f0c29223,m_e5f6e884
t_6efedd3e,m_dfa90ec6
t_a56ff9f5,m_a563a5b0
t_f9f33fbd,m_70cb9967
t_8ae671a5,m_6c8d1501
t_34685613,m_27ad808c
t_8e1fe14c,m_bc4edbff
t_bcf29c0d,m_9b9e9f14
t_38bf920e,m_d14419e0
t_e4f67b77,m_24d822fa
t_aebced81,m_c7023650
t_0e40bed9,m_2ab45f21
t_4a71b6a7,m_9f0a4cf2
t_f9fb951f,m_3849b6f9
t_5f0102cf,m_2343990c
t_ec2b3a1a,m_a1aebedf
t_1ebcc56f,m_7d137633
t_47a2d706,m_40444fc3
t_87775c70,m_b2844057
t_66ee4d27,m_ee0cb9b6
t_ed66a129,m_b70bf2be
t_ff8352c6,m_5bcfcba8
t_e3733aec,m_1d83f9ac
t_27d3a146,m_7addd638
t_4cfc3f19,m_396cbffb
t_c75ececf,m_841f319c
t_1dae10c7,m_924279bc
t_ac45f388,m_6f168a33
t_81f677c4,m_6873ca04
t_fcc9cd36,m_a4c0b2a0
t_c5a9992e,m_1b713a26
t_aa536d1d,m_5aed0917
t_59c62bd8,m_265cd70b
t_5d7df602,m_e6d5f2c2
t_17ebe3f8,m_e3ffee56
t_02267569,m_d6120a6b
t_b3b3cfa6,m_c1e82216
t_fa56ea71,m_23d8466a
t_d82a8dbb,m_8cfd8637
t_ed700b11,m_0166937a
t_567d35a2,m_f1b99981
t_2a0ba4a6,m_f1b99981
t_d60c2c40,m_babd8d9d
t_8def40ef,m_babd8d9d
t_1ffddf33,m_babd8d9d
t_5efcf50f,m_8505b978
t_6bbcb8ff,m_66287c26
t_476549dc,m_42599d0d
t_9f06155e,m_330585bc
t_c5c1109b,m_623a88eb
t_27fb3699,m_623a88eb
t_ff40dfc3,m_2041e284
t_b6b03b6d,m_b346a4fa
t_e886f372,m_27fc2c74
t_bbe7b5dd,m_e54cbdee
t_c23fd5f7,m_5e5cb897
t_f2cd855c,m_e3c83e7b
t_2884bea6,m_a4115ebc
t_585bc281,m_ad3e4aa5
t_5daf6349,m_a06de024
t_9b91cf3d,m_6d88d455
t_cf137b18,m_54243afb
t_04c22382,m_c39bbd64
t_2de09f1d,m_7f4d130f
t_d3ae85be,m_31f52b79
t_334fc066,m_04ec21a1
t_1fccbba2,m_66effc73
t_9a5c56fc,m_9bbb8c06
t_e0f4fd7b,m_2a3a4a36
t_5013405f,m_d810eb01
t_eec7faca,m_30addc0a
t_17acc05d,m_863c4d3c
t_05f3077c,m_8a6b0807
t_9c089707,m_ba6bea47
t_eaf88443,m_f271abc2
t_a9439ff6,m_f1e787f3
t_d4abca88,m_16d6529d
t_241372a2,m_3f3e7a9f
t_f1e2b348,m_52aecacf
t_36c37f18,m_6eb6c873
t_920807b0,m_c40e7b15
t_3a570ca8,m_e93a5c79
t_fbfa70b4,m_dae40885
t_63c7c58e,m_3789be4d
t_7de505fb,m_95d76e0a
t_ddc74b55,m_95d76e0a
t_7688f972,m_892b0943
t_01c899f1,m_b95bf2f2
t_40857208,m_a8036fee
t_0338496c,m_4448b491
t_6326a09a,m_d001e086
t_1ecbbf38,m_afb6bffd
t_58dfedb3,m_dae65f20
t_23ec0c3c,m_2b056772
t_d3a93adb,m_bae45d5a
t_a60dbef2,m_4ab3032a
t_1d835d31,m_5da4bd33
t_bdc3f9e5,m_9071d247
t_7266e55d,m_f3d498b3
t_f5d176b7,m_245ed3f4
t_cddb59ac,m_9cecd7eb
t_c711d59e,m_0d3d199b
t_fb88361f,m_0c33d6e1
t_2fd735b8,m_df063e56
t_b4b6349b,m_8d79e484
t_31bce5e6,m_d6a909b3
t_1a565c87,m_9e5f40de
t_8b5c2483,m_0b860fec
t_fb9866c9,m_155973bf
t_8d64bbe8,m_9fae9fc2
t_8aff3efa,m_c8fa5b7a
t_cf9905a1,m_a4209b1b
t_b5995b26,m_a2963867
t_cc6b0d41,m_888492e8
t_182a03aa,m_d5619bbb
t_223dce5e,m_62712154
t_87a14da9,m_48d149a7
t_332438ee,m_5d4b0b24
t_47357a27,m_4fc9c474
t_c0a6cc12,m_e6770862
t_e0d657cb,m_ddc87959
t_a8b6a8dd,m_cc0113e7
t_31e52c10,m_7175897d
t_f29c831f,m_23192c5e
t_87e92349,m_a42ae667
t_c8d5a555,m_5c3d0b0a
t_f4fb1675,m_9bf74a57
t_e58bae06,m_2ceaa6e8
t_20a16090,m_b1e0df98
t_c6158248,m_9be22ed7
t_bde2a99d,m_2d17db0d
t_b4c5db9d,m_f8d9ffa4
t_df447716,m_66466e75
t_f9ff95ef,m_808f2f9a
t_46fb3bff,m_0415637b
t_da1322a0,m_ef3a89d5
t_54aed4a1,m_ee433445
t_bb9b8077,m_ee433445
t_a1890438,m_20c17368
t_59a52ba8,m_f970d848
t_3cd26bca,m_1553a043
t_bfa92e79,m_653b7b63
t_2b194619,m_05b630d9
t_e1a2ef67,m_a48f9a0e
t_5eed0cb0,m_bfe16ade
t_a08f0117,m_0c436bc6
t_cdc47c8f,m_0147e5b0
t_fea2878a,m_1be378df
t_e92f00a8,m_013b823c
t_62be7b34,m_cdb4857a
t_5d5fc155,m_2453b79f
t_2c7a93e5,m_ba25fb25
t_80d875ff,m_25d97474
t_88538e4f,m_a2fd79bc
t_a511f98b,m_5eb071fc
t_c15ecb35,m_0228fd9b
t_904d6d0e,m_e69e9bf2
t_1118488a,m_ba7bf9fe
t_ecf892e1,m_c0266c15
t_468fd3d5,m_cb93743b
t_7762d65a,m_a26f7e99
t_d2cde914,m_1d2547a9
t_5b412cb2,m_c50a6f29
t_41eca692,m_343f1bba
t_f78ea5fa,m_1861a37e
t_34da641f,m_ba8020fd
t_0f6f4cf1,m_01f4b8ae
t_50ee3774,m_e9b876b2
t_d6698d76,m_ce401726
t_4a9b19a3,m_4992204b
t_8094315b,m_f06b12cb
t_d314a112,m_59e736ee
t_ec3b2199,m_5a123630
t_96e1ee1f,m_d278f577
t_e5cdd383,m_0dcb9e06
t_ad06cd1e,m_cc573f4d
t_4c69771d,m_f7418b6c
t_40b36e3f,m_9f427e8f
t_6c444b12,m_783f6773
t_8d4fc0de,m_2ccd52ea
t_e404a94c,m_95699f7e
t_66684564,m_58322d1f
t_d5819e22,m_b5cfba7c
t_b216944b,m_15b0c98a
t_887d1ef9,m_4fbf3e6c
t_3c6123de,m_c864f240
t_aa65241f,m_6e7f7987
t_396f4603,m_5de17763
t_0df12588,m_544818c4
t_93d8eabe,m_8dad74ea
t_76762422,m_119c016d
t_5d3968a6,m_cf875f16
t_e43205eb,m_69081a13
t_dbe409f1,m_3cd39417
t_8488a2b7,m_5dd5ae58
t_836ac487,m_329c992d
t_69b445bf,m_5da4bd33
t_58268838,m_c745a698
t_2cebf160,m_e10928a2
t_63378a36,m_66375253
t_d62038ea,m_5df6460a
t_7c7d5d4b,m_b0f5d365
t_f8ecc865,m_22ae4781
t_0321d475,m_280e3be3
t_588cb14c,m_b31f7d72
t_32a81aa8,m_43addc04
t_ac2f5336,m_b31f7d72
t_7f9b9783,m_8ca62662
t_a0932e3c,m_137da9c5
t_1b111d33,m_4fb7bbd0
t_5102db54,m_594f1e71
t_7b75acfc,m_eb791f41
t_ade88927,m_eb791f41
t_00d72858,m_72fb8ebc
t_4702ab95,m_1ca32fd2
t_3658306c,m_87ae51d5
t_1ebd1105,m_72d52bd2
t_9431fcfd,m_f0cbb0b9
t_e9de3267,m_31127468
t_6279e0a3,m_c16c6104
t_b0e16cba,m_cd5f5eeb
t_8b056628,m_72fb8ebc
t_1cda8d3e,m_79646417
t_05671f36,m_94fd325d
t_f79ccca9,m_88bae1c3
t_b46177c3,m_15c45ecf
t_844bd1da,m_ce8d2633
t_1a8a33a0,m_2b89aaf6
t_6d9e7e09,m_6454e7b0
t_925b3aca,m_06838ff2
t_f5fb7a13,m_ede3fbd2
t_5ddcc579,m_74ac46bf
t_38f0598c,m_30914db7
t_68cc4b88,m_52c21274
t_4965ec26,m_9e96f6f2
t_03b694c8,m_e5f7c858
t_a6708518,m_2c1376f0
t_c633ad92,m_5134c205
t_91bca6de,m_bb753e9a
t_d2df8e67,m_bb753e9a
t_836b503e,m_3998071a
t_ad34eb67,m_66894442
t_735156ee,m_f2d27ad5
t_8a2fb39a,m_cb46845b
t_22e2a93d,m_f92c6928
t_7ffa56d1,m_16ffd6aa
t_9b2a0881,m_4ee9c6f6
t_90d85134,m_c7952af6
t_a097401b,m_a3196e02
t_7c9c3996,m_0edbe6d9
t_0e3d9a70,m_5c286baf
t_0f936821,m_5c286baf
t_e941023c,m_1a6ead36
t_79f09b54,m_41e88b9a
t_4d13398f,m_dcaa8b56
t_db5ed65c,m_27509d43
t_384fa4f5,m_d4be48a5
t_fbc167fc,m_755b8aa9
t_1740c5d4,m_9208629d
t_5f436ae8,m_be2dfbe8
t_569a6198,m_4fb7bbd0
t_5f8f3672,m_1d978c78
t_a61309e2,m_6833e129
t_72009edf,m_0bf82169
t_94487c3a,m_3e9156b9
t_784c92cb,m_6318772b
t_80909a34,m_e07430e3
t_5630d1d2,m_39509144
t_1b2f5c77,m_e2832228
t_a800b174,m_c67e50ad
t_d8c67f5e,m_2d9b0eda
t_29919565,m_29c08e51
t_f9732246,m_646dce01
t_00ba7fac,m_e5380a41
t_c9d7444d,m_e11c9a31
t_6248766f,m_c98fd70a
t_538286c0,m_67c0bf2e
t_5455e5b6,m_2edeb980
t_6d494b48,m_7faec618
t_baf78daf,m_e7b04969
t_920b78ca,m_63d8efd1
t_99ea0d46,m_9f3b7fff
t_377b5dba,m_39540005
t_446cce72,m_48e79202
t_2f0f7b71,m_a9d1d1b6
t_08439ff9,m_d6bf7f7d
t_feadd777,m_ba645031
t_56a2fbae,m_ba645031
t_ebb06aee,m_b207fe6a
t_bd13c325,m_9ac48de1
t_f4d02bda,m_c425632c
t_19fb775d,m_4f2b0326
t_8f1edb33,m_9ac48de1
t_b1454f06,m_92e9dde8
t_f0b79658,m_92e9dde8
t_8e67d9b6,m_848bcf9d
t_8e77507b,m_92e9dde8
t_eb3b0c1f,m_1c38b0ef
t_9c2f8d9b,m_409f583a
t_5482a0ae,m_793f7455
t_5a3152b0,m_7f9e1bfe
t_b87fc38e,m_de1bb39b
t_fbb80364,m_2ddc4a2a
t_53753ecd,m_e1bf4af5
t_05585daa,m_2ffffe40
t_0e5858bd,m_e2a1a0bb
t_abbfd14b,m_7a36a2ef
t_1890ec0e,m_cc8e1ef2
t_ac670270,m_3407078f
t_9f97805b,m_76b3aa9a
t_5cb5eaa6,m_a6d7274d
t_7362ea50,m_d0184588
t_0d0e661e,m_e469b02f
t_c038840b,m_ebfef7a3
t_77318e3e,m_6382fa88
t_7d3d5744,m_7863f54c
t_4d476d7c,m_eb99a2d1
t_bc04c154,m_f28048f9
t_be0f3200,m_9ff048ca
t_b593eebe,m_15550eb5
t_0fc57c9d,m_5cc7ab6a
t_fdddf1aa,m_11f13a71
t_80dcf9b4,m_0201c0ab
t_a4709e4c,m_e5fcc79b
t_5184e785,m_e5fcc79b
t_32f58234,m_0be7e1e1
t_c100e63b,m_614608b3
t_eace2449,m_042e5c7b
t_6dbc8cd1,m_ea56f4d5
t_26e0b528,m_fc0a9483
t_46cc14a3,m_0a194705
t_be94138b,m_3e123e34
t_49825313,m_0756400b
t_5198974d,m_0a194705
t_ee2595ee,m_16cef7a3
t_6cd93a9e,m_e56cdea2
t_7d817f6f,m_b3ab8ba3
t_06266ba2,m_b3ab8ba3
t_39f1b79b,m_fd3deaef
t_1a1565ab,m_c7096c29
t_8665739c,m_98087318
t_78457735,m_dbbb612b
t_f56e5bd1,m_01c978ec
t_3baf7a11,m_bd3ec020
t_2644850a,m_53f2b3ab
t_fe92ab0c,m_e1def6a8
t_14a8cb3f,m_dca53d23
t_d1e72446,m_6284c736
t_3dd57452,m_abf223a5
t_77c7bf66,m_d945edd7
t_ee403de4,m_a06de024
t_5fdf376e,m_d6cfe046
t_01ab0c19,m_2ab54ad0
t_92c706f1,m_e56cdea2
t_ddd854a1,m_283cd222
t_9a70c32a,m_3a3e8415
t_f7077104,m_17d009c5
t_3139153a,m_cdb95385
t_3390d98e,m_f2c113fe
t_2b25e417,m_710d9abd
t_e386a446,m_5756fe20
t_eeac00a6,m_8698f4e6
t_08f691da,m_0eb102ed
t_256e2d49,m_7ef0f372
t_5518a3a0,m_c2ee2d83
t_1407c618,m_7ef0f372
t_fdf70905,m_7ef0f372
t_14d5f69b,m_c3ce2060
t_315883d3,m_ec15a285
t_8e808d6a,m_261cf8fe
t_64cab103,m_1b727148
t_1d30c571,m_a4da11e6
t_1c55c3dd,m_902e34e4
t_a14ac10a,m_239caba8
t_85f844fa,m_30f66683
t_4698d346,m_223afe3f
t_061845a2,m_4c032832
t_48ad74b4,m_1c9308de
t_1dfe18ff,m_fce2b7a2
t_59f7cd04,m_9276079d
t_4deaa456,m_bed938c3
t_b31c5446,m_5c286baf
t_315f2cb7,m_f89c982f
t_61bd7a15,m_1c3c200c
t_3db03808,m_981b772c
t_0398463b,m_e7b6dd05
t_b38af9e9,m_e7b6dd05
t_8aaa9413,m_daed3470
t_6858cabd,m_daed3470
t_a3e4a03f,m_44c2205b
t_2f7116d1,m_a3b6b2c2
t_42b6890f,m_753211c8
t_69fe7bd4,m_6e65d6fc
t_fae86d7f,m_b441a696
t_1507cb65,m_d9c1d8b7
t_1abeb776,m_c2d06ea1
t_152702ef,m_d62b7892
t_309e7d33,m_f246d63d
t_23f3d25a,m_f246d63d
t_29b25d86,m_ca782278
t_7ba92e9f,m_22643f5c
t_9467e0f5,m_de86eec2
t_f2337e85,m_dbebe8e6
t_a5e86d2c,m_5db62c7c
t_a92f7b0c,m_c3c8947f
t_cd37a277,m_aec897c9
t_d8b95114,m_c3c8947f
t_6700dd87,m_2e716ffe
t_32e7d4e0,m_06f3d309
t_eea537ab,m_3c1e038b
t_65f310ed,m_7520eb13
t_c77dd85a,m_6b161e73
t_f285935a,m_cad2a1ed
t_120fa7a5,m_7520eb13
t_1b61f538,m_6fac1a0f
t_83c9714c,m_a25ec6d1
t_283c272c,m_6fac1a0f
t_78fdc1ed,m_4a0a3679
t_047504d5,m_dab91516
t_1e1d6367,m_4a0a3679
t_7cb04e9d,m_e8b7c8c1
t_cf320bab,m_cf926a63
t_0ba1a2f6,m_7236f3f8
t_1c98b6fc,m_c39bbd64
t_ed1da79b,m_6c444821
t_9b3803dc,m_3165c3ed
t_47331f16,m_db212ff2
t_47f5634a,m_f43617a1
t_43a5b84e,m_f43617a1
t_ca766a56,m_618ccc50
t_14cf5ed4,m_2f0cd9c6
t_161ff64b,m_f426eb6e
t_96bc9671,m_ad0dcb60
t_cea187eb,m_2dba3d82
t_e402ffa9,m_9f0a4cf2
t_2658e354,m_a59a8958
t_4d42ab95,m_a59a8958
t_397b8949,m_5407fe91
t_e67817b2,m_f0431d28
t_440b8406,m_034b321d
t_bb1419f2,m_4d1cb421
t_c33af031,m_2b14abc3
t_13917e79,m_034b321d
t_47705fd5,m_115361ae
t_1eedb2d8,m_f16ff06c
t_7e7a4e28,m_23dca9c4
t_69e53cd8,m_034b321d
t_f292f6ba,m_708c8400
t_a1523261,m_c7e90661
t_5e857c4f,m_6c4f30f3
t_6172ca6d,m_b47f480f
t_7552b664,m_a2ea1ad7
t_1b75926e,m_b874e6a5
t_72b0f013,m_f6d64f77
t_38c8a3c7,m_b9d1c137
t_fd97eeb7,m_b83eafa8
t_d842e06b,m_40cee628
t_4cf6bcff,m_3b5714fe
t_4473f4e7,m_d87cbbae
t_7fc6fb10,m_c1405dca
t_6b9240bb,m_20c18109
t_06f4d283,m_2d7208aa
t_82bc0fb3,m_c5cd7cbd
t_7c6a5d91,m_eae3c0b3
t_f00b61e3,m_700ee6ce
t_5282c689,m_0fe19a9d
t_3b80bb25,m_b953132b
t_e6172099,m_e14aebbd
t_327e1d98,m_8803090b
t_aee7eb45,m_e4651656
t_34adb677,m_ecd8c471
t_a6a7c354,m_014a1407
t_2c1eaade,m_74c42f75
t_0e0ebfee,m_3650fa0f
t_59319690,m_c5ae860f
t_3f709025,m_7a2f4c57
t_687d21b0,m_4d618ddc
t_ea6dfd67,m_654f4b6f
t_44447ea1,m_f387ea77
t_fe1faccf,m_f7ecfa15
t_f5d68643,m_828f7f9a
t_d37b3586,m_1ee484c3
t_dbffc5f7,m_764f8d96
t_86429afa,m_a4ebafc0
t_af76cc63,m_13e5c0f5
t_8040c298,m_baaccd2b
t_f01529bc,m_41d5b5dd
t_4f0fa4f6,m_35568454
t_6c397c1a,m_5ed1c5be
t_baaba0bd,m_d99146a2
t_fdeb91ad,m_c39b7ab1
t_0b5e5802,m_5ed1c5be
t_fbd1af52,m_14ae77b4
t_27040ef2,m_139edb30
t_fdc7d409,m_ec9b61af
t_6cf239c5,m_fda3ecd2
t_ab272b5e,m_6c00cef8
t_9b02ee31,m_e6770862
t_12f749a4,m_31aa86d4
t_05a0ce5d,m_41d37654
t_c7496771,m_3943e665
t_4e36b642,m_b4960a53
t_572b77fc,m_c90d6078
t_4b381ae5,m_4ab9344c
t_7bce0dfd,m_f3d498b3
t_6172a418,m_ef31b865
t_780c48df,m_c73f666d
t_64b62620,m_246a7443
t_f86b8fc6,m_73b49530
t_e9806a32,m_7a43df51
t_1e32a10f,m_03e78360
t_761431b9,m_430ce991
t_2944b6b7,m_ebb1264f
t_166ec270,m_417a5651
t_117704e0,m_0b8a17a0
t_8c92ace4,m_30f66683
t_2323e75f,m_69d31456
t_73184cde,m_9810b5e6
t_261cbc23,m_752542af
t_ca694bb0,m_cad2a1ed
t_767967f0,m_72708e9f
t_bcd34b45,m_4195533f
t_160f30fd,m_df1e2349
t_e89e021b,m_4195533f
t_a87f8fab,m_5f626d97
t_ee493fc4,m_7863f54c
t_1464a94b,m_fbb6aeb4
t_b2b79ba8,m_89aeeb68
t_88295558,m_c1ffd394
t_d6cea728,m_5e64ebb2
t_87e5f894,m_a3196e02
t_4c399923,m_e91f1684
t_90107e28,m_430ce991
t_14b32e6d,m_56f67c8b
t_440da568,m_657f0ca3
t_a756380b,m_173e6678
t_24313bf2,m_e017859d
t_5836cb97,m_c78dc0cc
t_6987509b,m_60530911
t_f4316eda,m_291ac081
t_ea405e11,m_b6b6af4e
t_e71b507f,m_397328cc
t_4e3a1aa2,m_397328cc
t_645f9377,m_9722461e
t_2caa1e3a,m_60e7a701
t_8c2f4945,m_530b7980
t_297a4014,m_7f1459f3
t_67b10093,m_39ff0142
t_795004fc,m_e71dfab4
t_458b0602,m_53032edf
t_f26f84c9,m_c473ee52
t_cac79067,m_9689c3ea
t_840d632f,m_6d3d270a
t_5eb0217b,m_ba227a4d
t_30ed5ec9,m_03ddba2f
t_bed7d9d6,m_9f85390e
t_be22c7d1,m_0b5eae7f
t_43f078f3,m_97f989ee
t_ff6baad5,m_47441930
t_521ccb14,m_4ffe69e2
t_01555d04,m_332f1794
t_995ab793,m_6b253fba
t_6b9c5d5c,m_cb8a4668
t_7fd9a772,m_73c11b6d
t_e0ee7783,m_2e6d14b5
t_88f03977,m_ca2f0f16
t_5e1fd8f9,m_03929052
t_00e6dc88,m_ab57abb8
t_c1b37151,m_0edbe6d9
t_af21d5aa,m_d6d0684d
t_d1c42f1f,m_d6d0684d
t_bc620f7c,m_9a7358f3
t_298951a3,m_d47d3f3a
t_760a362e,m_7a14cca6
t_6f82d80d,m_6e19aea9
t_fc48fd81,m_92e9dde8
t_e43e2d3f,m_3a0f0dec
t_1e27466a,m_fcc3b437
t_3aa93636,m_e2340f4a
t_9a7ecc10,m_7a14cca6
t_e131bbdf,m_c5c6f640
t_cb50691d,m_549435d3
t_1794edbc,m_d44f8844
t_f1cf3351,m_0e61ab64
t_616c94a5,m_9b5ce5f6
t_eb922a58,m_8c4eee40
t_0b97e651,m_8c4eee40
t_09e58d9f,m_51c1b048
t_c61aa731,m_d47d3f3a
t_a9e1084e,m_848bcf9d
t_d2bacce8,m_66dd65ee
t_91002ab6,m_7d4ef950
t_41d12118,m_f81c4e05
t_902cbb7c,m_f81c4e05
t_38f11a30,m_f81c4e05
t_c6410dd7,m_c947a37a
t_1b9d33e0,m_aa16b6b7
t_2de9457a,m_b93b3971
t_e26dd6bc,m_df4654a2
t_909c19cb,m_44dae6c1
t_8c9e9b9c,m_a564b468
t_d1653ed2,m_6060e993
t_ea40ca87,m_6060e993
t_578fb8e0,m_0810c76a
t_3adfaf7c,m_0810c76a
t_c4d1d699,m_9eeb6873
t_174a7482,m_68ae0181
t_19b69521,m_f02a6af0
t_1da5baa5,m_4f3342c0
t_2532d1e3,m_4f6479ca
t_12141075,m_2fb21ebf
t_d8adf99f,m_a976b323
t_0880a01c,m_b826da3e
t_356db9d4,m_01693a78
t_7920b048,m_19e3a8ac
t_5e1c5137,m_dff2ed3d
t_40ba6abb,m_5bde5401
t_0faf1a9e,m_ce630178
t_c350145c,m_4f06d4cf
t_556661ff,m_0bd1189a
t_a6b45d54,m_525c065c
t_299f7436,m_9252bbbe
t_2c3654b0,m_b8559368
t_28de46f2,m_5c20af02
t_ce02195e,m_95c22659
t_c6afa7a6,m_5515f53d
t_10679643,m_400f524f
t_0534e8f5,m_522b64d7
t_5ede6b7e,m_fce2b7a2
t_1c91714c,m_cb274674
t_d737f87f,m_b70227b6
t_fe3d554b,m_2512b8fc
t_edf87c57,m_b7f3b32b
t_76917571,m_0d71e257
t_a2d812c8,m_ef2dec31
t_05fd807f,m_a8f6c22a
t_33ba9f78,m_5d69bf20
t_89721492,m_5d3f1a1f
t_2b49d816,m_33be491d
t_1b102864,m_74c42f75
t_5dace767,m_c253ee4f
t_bbf96145,m_ba8020fd
t_2f90cadb,m_4affa382
t_3bbc77b9,m_2ef6afa9
t_7ca6d97d,m_d850af7e
t_83e3576a,m_d9585840
t_10033a00,m_3475ea5c
t_b4218f4c,m_0c213b73
t_5e760464,m_46f73d47
t_f8581fb3,m_700ee6ce
t_6df7678d,m_22643f5c
t_7075fc53,m_45320e64
t_0f26ac0b,m_59a24861
t_7d9137b5,m_1d96ec3a
t_c99543c2,m_e40006d0
t_0ffb78b2,m_2367ae75
t_b2e6f04c,m_5da4bd33
t_0f09177e,m_eeee9536
t_dbfeacb7,m_3a46b7e5
t_b28940c4,m_0a3423b1
t_b6376ab8,m_59a9c301
t_4794ed06,m_eb3c619f
t_1bba8e9f,m_8187f27d
t_4a1db299,m_39ff0142
t_0b3613a3,m_f3c1c05a
t_4fecbf9e,m_5347cf20
t_b22e3780,m_848bcf9d
t_940fa641,m_1bf15b37
t_95a10f3b,m_e910395c
t_e8f10e36,m_12b3eec5
t_6204d09f,m_03dc471c
t_7855e27c,m_3f3e7a9f
t_f40aed97,m_13a7cbf4
t_6e16fc92,m_924cf74a
t_86ce7463,m_81f90f04
t_74ebfdd1,m_fbb97086
t_f81f23c5,m_a28c28d9
t_da9e073c,m_81f90f04
t_1f4fc4de,m_2dc81cda
t_0de575b9,m_233f570d
t_05feb7e7,m_3015f761
t_1abe8572,m_bb43d4be
t_86e1a7fe,m_bb43d4be
t_f9dfbddc,m_56cbc2c0
t_d7f29c96,m_f7eba79f
t_f39147f1,m_c5f8fef4
t_8b79d5ff,m_cb3beeeb
t_1839ae02,m_1f90b4b0
t_cfc9676b,m_5346471d
t_0ec62019,m_5d8bb8cc
t_861e8f52,m_ec7e1d73
t_f9265c6c,m_d54db513
t_7188f8e7,m_2bc5d00f
t_748192da,m_ad28ce02
t_adc9571b,m_d54db513
t_f3874475,m_6654ce25
t_91288687,m_2f2659a6
t_769a92c8,m_1f56f5f8
t_6c23ba42,m_7e47e521
t_6bf2ed2e,m_dcf926c6
t_93f458c5,m_45b04bbb
t_8bc81840,m_6024d3de
t_090f0016,m_8424fd89
t_f46f496d,m_98d9ae6d
t_4861a80c,m_8def4810
t_2abbaf7b,m_2453b79f
t_ae795c85,m_d5d76228
t_20ec5792,m_9f7ebc92
t_0b827493,m_b4f2bb96
t_4cecedcb,m_add6cd66
t_552cc9d3,m_d8d285b7
t_9e832fd5,m_b1d4d40c
t_776a2741,m_c782aa43
t_2385fcec,m_750c4ac4
t_3e98c45f,m_b7560995
t_580fd862,m_54dc9852
t_58649253,m_a8950c76
t_03ff6309,m_e7499669
t_319cd167,m_1c655d5b
t_c00572ef,m_1bbbef4b
t_3f8e4c3a,m_a74f362a
t_c48b0dd9,m_96bc6bbb
t_58a50b1d,m_29263d81
t_be4b4fca,m_f7f1efbf
t_16b5ff3b,m_910eaee1
t_6dc7b3a1,m_a0eff6dd
t_0ef3d9fc,m_a0eff6dd
t_6a3d340e,m_00fdc6ca
t_5cf3616e,m_00fdc6ca
t_99b72c2a,m_76a1b62a
t_2c179519,m_9e009d84
t_d63cc33a,m_2ff9d6f2
t_f9ec61ea,m_201781d9
t_7f4d3119,m_37d5ddbc
t_4c12e2ff,m_16d080b4
t_a520eeae,m_fcd171ee
t_714ba9c9,m_c60ca828
t_a472e189,m_60ec818a
t_69302853,m_60ec818a
t_9f1126bc,m_60ec818a
t_ec65e0c7,m_c3aac9ee
t_9337927e,m_3bb4bfae
t_bfc79daf,m_4f41ff44
t_d75dd22a,m_8415b9c2
t_5e4b4079,m_8ca62662
t_f90b676c,m_13f17312
t_3942f290,m_d0fa11c7
t_39fb3b08,m_f0d31dcb
t_490775fa,m_ffdfc652
t_ab14a2f5,m_71d94b2f
t_40fffa12,m_ce97b7f1
t_4c6ed0a0,m_6a49b80f
t_55526636,m_1d5c1bf1
t_dc19272e,m_a4e6f9fb
t_5b29fd0d,m_67abc313
t_59af85c0,m_98cbce54
t_4bc3d80c,m_97be5675
t_165ae086,m_22d775d9
t_4f9164fe,m_b26b77ea
t_c77917f1,m_c7fa615e
t_445cf499,m_9c4f1cf3
t_ba4345f2,m_976dde52
t_47420d4b,m_2bb2078b
t_b87f84ed,m_c807246b
t_89dbe567,m_3107f483
t_0742fc91,m_3107f483
t_c4c07bd8,m_6cb9e84f
t_ddd0d58f,m_c28e3487
t_8c6f7b2e,m_2efb15e7
t_7cfb31a5,m_35165cd2
t_665664ac,m_0f3ac118
t_0de78d88,m_94331177
t_3547db9d,m_3f20c48f
t_e8cba772,m_1b2fa161
t_f3dec9bb,m_fcdcd9aa
t_b649bb98,m_a670adef
t_b7767383,m_21b4cbc6
t_e0032602,m_7a14cca6
t_cb96d31d,m_384e4061
t_a63623a0,m_0b5c4dcb
t_07b8d9f7,m_efb7552c
t_0eb37d25,m_e0e8e51e
t_9f79052d,m_c1fd231b
t_359e3298,m_db1973d0
t_59acc8ec,m_3f546535
t_096c5768,m_0950ffdd
t_b0ee330b,m_ad5880f8
t_2d3292ed,m_0543c26d
t_ed4a2e31,m_8bf15fdb
t_4aa1f0f4,m_8803090b
t_ad91f274,m_e0d1a93e
t_5648a670,m_7acffa19
t_b4aef3d4,m_597436a1
t_90d357ab,m_4800b57d
t_b5838f11,m_d8242100
t_8b74704b,m_1614b7fe
t_0fa94b33,m_ac7c9fb7
t_94815571,m_1e6c210c
t_08c63cbb,m_732ffdbb
t_858107eb,m_56bc2443
t_149bf3cd,m_73b49530
t_5308713d,m_0e03d3b0
t_c3286e4a,m_2367ae75
t_fe42a018,m_72fcbfe5
t_197948bb,m_01bfa4e2
t_188c959d,m_add6c5f3
t_d6a2b049,m_0c213b73
t_49e3b649,m_10c33b08
t_01fb0548,m_a49727c2
t_7a303524,m_2367ae75
t_0bde36fb,m_e991ddd0
t_49c43b58,m_8f39ff56
t_6e67d2b5,m_72fc88f9
t_18f3dd4f,m_6e2e6022
t_d154497e,m_09414b5c
t_004f2393,m_a4d04104
t_e14110d1,m_c56b6bbb
t_5e05ca49,m_16bd1758
t_75c6f3ae,m_c3cedad0
t_b1302a5b,m_abf3aede
t_d10b9a9c,m_8e40cd0b
t_484faea2,m_d86902d4
t_68a09b1c,m_c28e3487
t_3ce19220,m_522ed091
t_5dcca2fb,m_d9ff5099
t_7d6760e4,m_0d196f7c
t_4dd14a3b,m_f0c5d1f5
t_49a78d79,m_79fb3769
t_f8ba168a,m_d90c2d11
t_51a2e106,m_3483b7f4
t_3a2109f2,m_a8d8ca6a
t_b1262441,m_da2d5aae
t_788a0bef,m_1c61a389
t_c4a99f51,m_e71cf63d
t_887f36a4,m_1c61a389
t_ac558178,m_1c61a389
t_4a89ce15,m_53c8cabb
t_65a654f0,m_8f13c262
t_e736b58f,m_db4a7ace
t_487eaa4c,m_985db745
t_b2f205a1,m_7eaeeedc
t_6e99f894,m_8b671e81
t_6c2e7d7f,m_13fcc817
t_0475c9ac,m_ddc87959
t_c0ab5786,m_a0d4c830
t_4b704418,m_fcd171ee
t_995af38d,m_e5f6e884
t_215be3b3,m_4f491a12
t_97a68f0d,m_2a900d63
t_8f961cc2,m_d836b504
t_edeeae3a,m_fc2419e8
t_9e3bf322,m_cad2a1ed
t_c0279d77,m_6b3c2bbd
t_332c2e84,m_0e0a5594
t_280f6318,m_9071d247
t_59dcdf85,m_9071d247
t_0b3b0d4f,m_ccfece04
t_52e95e90,m_1fcc7ccd
t_a4a39fb3,m_686800c3
t_8d758924,m_1e8edd76
t_a9a8ce53,m_59905919
t_01e81311,m_30778ccc
t_16d34347,m_1edd03c2
t_f6724edf,m_650e3415
t_6ff119bd,m_110e51b6
t_2ae9ccf5,m_f387ea77
t_49c74b6b,m_3b05dbac
t_c8e06241,m_5234b068
t_012a87b3,m_5dfdb11b
t_8e5fe675,m_faa50d40
t_74375533,m_d6bf7f7d
t_c08be864,m_b8c904cf
t_357dba1e,m_b8c904cf
t_25ddce43,m_e424bb12
t_d2199e6e,m_98a5b665
t_b5d42138,m_15115892
t_7131709f,m_15115892
t_c2e668eb,m_db13ce06
t_f664e90a,m_15115892
t_8767fd4b,m_6871882b
t_6c88bbd0,m_ce85f575
t_f7e5b357,m_8698f4e6
t_23c94362,m_e3185c15
t_a40a3f0e,m_6b3706ce
t_c577ac0f,m_6fac1a0f
t_024e9851,m_32ef9476
t_270a4c65,m_bff02b55
t_f5186a72,m_6aa4e670
t_240b43f7,m_9925b01d
t_fc06bace,m_314476c4
t_3237e77d,m_8708a79c
t_b12a648a,m_880938df
t_5e296166,m_03843685
t_9314d353,m_3f1e533a
t_570a253a,m_93e451fe
t_c710fa2f,m_46c84437
t_bfd299f0,m_93e451fe
t_c1eaec8e,m_93e451fe
t_6e72811d,m_2b05a3e5
t_3260541e,m_0a194705
t_733d580a,m_0eef4666
t_96809d91,m_63d8efd1
t_b44699e7,m_b96cd8ad
t_536328a1,m_cf926a63
t_837b71a9,m_47a364da
t_43ba6d75,m_47a364da
t_5d3e8fc2,m_dfe08dc7
t_8230e928,m_99cc6cf1
t_0cea78af,m_4784d4bf
t_f2c97d80,m_fb455401
t_73ab8aea,m_a93f7598
t_bdb6a424,m_3438ea73
t_0d9e45f1,m_eda8979f
t_0d02a16b,m_85efd2ec
t_31aeddfc,m_508d5918
t_110e16cb,m_ff926155
t_08a03007,m_ff926155
t_dd641c65,m_5d1160be
t_85fdbda6,m_38760cbc
t_a20638d7,m_a62a1803
t_5a11050d,m_ab80387d
t_42af5077,m_700ee6ce
t_3f8809a4,m_6fac1a0f
t_1e0cb82a,m_d50a2bc7
t_c37fb2c1,m_f06b12cb
t_f9e7a6df,m_f070477f
t_a6227cfc,m_5eb0aabb
t_88eab582,m_440e96a7
t_42d772cf,m_bbe577f0
t_2b65231b,m_e87a7743
t_10e491f0,m_cf9c052f
t_56c1936f,m_9eba622b
t_d6f6f3a7,m_02f4be59
t_27cba261,m_c8a6c78f
t_43e72f16,m_43448852
t_d6b2cce4,m_430b19b6
t_2873f485,m_ddf2f9aa
t_077bc982,m_320edd4e
t_43c6ae2d,m_fdd93084
t_b73f9a49,m_4a726e08
t_62dcc1e4,m_b617bea0
t_af26cd08,m_5f8a9258
t_edf9cb3f,m_caa2e536
t_5703f4a2,m_d25ddc1d
t_15f26c28,m_1a750e1e
t_3979a5f0,m_a6fb2aa7
t_61549df9,m_bcf299df
t_06227fb1,m_66387698
t_e6a30825,m_96a16f7a
t_f3d1e6ea,m_110b9c50
t_750dd1bd,m_e95db8e5
t_cad134d3,m_bcf299df
t_eeaef1ff,m_78aa092c
t_4bc02f48,m_6e8abff2
t_2cf8b0ad,m_2343990c
t_e9077475,m_5c34af14
t_f541c5d2,m_074dd33c
t_1e9e8bb3,m_bf8f7497
t_530239b1,m_6f099a41
t_a83df0af,m_b8c904cf
t_5203e680,m_041d08e3
t_9479eb54,m_d8215470
t_d2f63268,m_f22992e2
t_e8f8a7db,m_98d9ae6d
t_11d6e425,m_6ae4205f
t_d04e90ff,m_95a7b8df
t_a879e458,m_2ddc4a2a
t_8c7aeaf2,m_2ddc4a2a
t_a45f62e8,m_154fc336
t_aec4a4f1,m_39ff0142
t_f1e5d0ae,m_632c6da2
t_4188fd74,m_cfdaa1cd
t_3f4736b9,m_98a35268
t_aa0c0773,m_2a644fda
t_7f8143dc,m_cfea8a62
t_f1333420,m_8c011955
t_9e7957f2,m_a74f0e3f
t_5fa6d71c,m_aa2a75d6
t_1d506372,m_aa2a75d6
t_7b0d2df3,m_7600ae11
t_91ef787c,m_d0f32af2
t_a24a9262,m_9ac48de1
t_cfd3b69c,m_53155db6
t_30754e73,m_9329038d
t_c0a5483d,m_f3e8fc82
t_1be7154a,m_31bff654
t_f91082fb,m_acb8612d
t_b9acb684,m_d4be48a5
t_c349776e,m_6f099a41
t_c12a2bf3,m_7847c0f6
t_f8dab51c,m_bfbb5865
t_6a679dbd,m_a234ae87
t_340bab37,m_c5a00e7a
t_5bbe1da7,m_9c5cc943
t_2688f616,m_b82ae642
t_7e6a8474,m_46c30bd1
t_27739f78,m_eb59b9e1
t_6d7ebb14,m_7507ec50
t_0c767ba7,m_a0d022d6
t_759b7a2c,m_9329038d
t_ec0ff638,m_fec17379
t_9ec88ee7,m_ae9730df
t_71a010d6,m_bdab681a
t_1aaf70ef,m_0d76fdb3
t_6a35e62b,m_d22cb1a8
t_774db95b,m_b0732c7e
t_76f8860f,m_8f623a74
t_0d0948dd,m_d22cb1a8
t_93c6394b,m_cbec5385
t_4a303e7f,m_3102bd52
t_6865d659,m_badf9502
t_4faaa4da,m_17712830
t_136b0b21,m_6ea7641f
t_3091d912,m_6af41162
t_cd7d395e,m_83d8ac36
t_f211ae19,m_f0439128
t_9215d3ed,m_b1dc0514
t_044a371f,m_810b4f59
t_74c3408b,m_3f6a15f9
t_f6f797e5,m_98f7815d
t_2c1c9980,m_7b618281
t_84fb9a5e,m_d6120a6b
t_df83bc98,m_9c1cfc46
t_e8e0fe7e,m_fcdf206b
t_8071c019,m_0afb3684
t_076a09f9,m_603c3d40
t_db085e12,m_46e51449
t_3b9a5c69,m_6f830cbc
t_745352a7,m_f7ecfa15
t_11a3fcac,m_f7ecfa15
t_451f074b,m_bdbcc459
t_ad1a6643,m_d016bae5
t_2fd72173,m_6eb6c873
t_5a653e4a,m_c75b2ba5
t_38862950,m_736572e1
t_1084abfa,m_c16d3fc6
t_e1d136ab,m_00dbb06b
t_f24ce2d7,m_00dbb06b
t_08d34a5b,m_f6c641d1
t_cbb7a48a,m_11c0b63c
t_43a21d55,m_808f2f9a
t_c1820a32,m_0ecc7332
t_d65fc0f5,m_ea56f4d5
t_cc43cae9,m_8714aee2
t_9e05908e,m_b438c2c5
t_7f995f83,m_2f4b2380
t_40b824b9,m_33be1872
t_103a877f,m_cb274674
t_e10c7c77,m_3afff23f
t_5e377ec0,m_21006908
t_9c8da3cf,m_0a8d6937
t_7a6325ac,m_c16d3fc6
t_5a40df13,m_960957ab
t_8ea9c33e,m_c1405dca
t_3129e804,m_c4d13b00
t_e2dfbd09,m_89eef656
t_4a57ded7,m_9be22ed7
t_c79fcffd,m_a6fb2aa7
t_b022ceed,m_926d6f64
t_51dd1116,m_2bc5d00f
t_2de379c8,m_2bc5d00f
t_07436f12,m_7ce304bd
t_53adeb47,m_54dfaa1e
t_be4c1d56,m_870a4a0c
t_89117097,m_d380a0c2
t_7a076ef9,m_a107cf3b
t_1790e690,m_9538f26e
t_3fbbee1c,m_9538f26e
t_acef78b2,m_d130a92f
t_3081215c,m_37727f39
t_abfee8ad,m_dfd40726
t_9b065a1c,m_97fef479
t_e6cc77df,m_aa5422f5
t_52f5164e,m_aa5422f5
t_b1642ff1,m_a4895847
t_e116eef9,m_2b63264b
t_e564936e,m_dd873ccb
t_e034405c,m_c5c988da
t_9de88eb5,m_4edff4de
t_a694b80b,m_05279ff1
t_1e4cdd19,m_daaa27da
t_223a6478,m_f9958274
t_88068812,m_92257f96
t_c5481717,m_24d822fa
t_0523f3de,m_5d69bf20
t_c4a63f4d,m_7ca1cc14
t_e82b3534,m_a9415278
t_6c476f38,m_3a542c0e
t_7cbb4c79,m_5d1160be
t_30b0cf65,m_1b2bef73
t_729cf6f0,m_04063bea
t_f0f0f3e6,m_3391d724
t_9c866b58,m_415c046a
t_71e983ad,m_5afeb88d
t_5ec8baa4,m_2bc5263e
t_74019428,m_5c9544db
t_c8bfd07d,m_9c5cc943
t_9900f484,m_6071c20a
t_2108e36c,m_065d7b11
t_405e8737,m_943dea21
t_f5452813,m_8a22ec39
t_297b5784,m_5d69bf20
t_6455f5fc,m_00407911
t_c5da4030,m_0fc1ffd2
t_a3aa07a7,m_c19a42c0
t_1a1a9769,m_b806d435
t_109c243d,m_22b72f47
t_0bf1a475,m_bc905a91
t_0bc82c42,m_0aa0ee0a
t_1f955149,m_acc0e24d
t_9f39d019,m_b8fc7560
t_e6d3ee7d,m_f26770f6
t_46a25219,m_2cf46bcf
t_ac56b08f,m_9d198fc8
t_01f4ca18,m_ff78f683
t_415521ef,m_8d5416a5
t_e587e16d,m_af49c453
t_31b2ce73,m_b6db8b4d
t_7aab4cb2,m_a57174be
t_94179b32,m_7539cdcc
t_12e4e030,m_e745ce88
t_34a21bc6,m_65973662
t_945c587c,m_67abc313
t_d9e245c0,m_0cca586e
t_32bb687e,m_c1ffd394
t_00d5e366,m_e8d24524
t_6c9cb495,m_5e64ebb2
t_cc1a5406,m_e96a0970
t_a2372629,m_dfc52311
t_f5eeea30,m_099621b8
t_53ce8d8e,m_b74e2fc5
t_212be997,m_e92cbe22
t_ead5c4cf,m_d6304afb
t_018f87cf,m_d6304afb
t_493a2799,m_553bddf5
t_dc9fda67,m_553bddf5
t_f3794a71,m_6454e7b0
t_ee293937,m_6060e993
t_aeb006d3,m_d71a03f4
t_42b97c36,m_29756c28
t_08341526,m_87968fb7
t_b5f5ef59,m_400bfec6
t_a3486636,m_71d0f8d6
t_53df8b52,m_8a6de706
t_f438d08a,m_0b41bc89
t_59758ffa,m_5514c0bf
t_187e3252,m_549435d3
t_21f2d04d,m_5778d526
t_7190f3fb,m_5b831954
t_4d19f84a,m_84508d78
t_2e82a53f,m_8969045e
t_a30651f9,m_6d811150
t_b5877fea,m_01c587ae
t_53604863,m_05d0c2bb
t_d0da1233,m_8f413213
t_b6d4efa6,m_b91e7cef
t_86cc9a33,m_60088404
t_c2c92921,m_f1d4783f
t_36cf905c,m_1636b1bd
t_b5ab732a,m_09680e17
t_1f3d7adb,m_daa67be3
t_91332a37,m_328f2d0f
t_3ff799a8,m_20c17368
t_23b1b0bd,m_9bbcc94e
t_26fb6768,m_f78518fd
t_b981e935,m_55351f7c
t_aa7fd8b0,m_aa44b299
t_62c757a1,m_b1f59bd8
t_51db1bab,m_5a47d096
t_9e82331f,m_66421ef5
t_7c578ca9,m_3e2bb0d6
t_45b00dac,m_12715b5d
t_49757402,m_604fc184
t_39d03e29,m_26184d57
t_54877df3,m_be982146
t_bc448b69,m_a7f777b5
t_fa032b36,m_e4c7b29c
t_21c05944,m_c7952af6
t_7315a4ec,m_2c67a7d3
t_35fde37f,m_63093d55
t_b04f6092,m_f9f1e513
t_cf785350,m_12137d6a
t_b119d9b7,m_11253b5e
t_fc2ca58c,m_0e0f48f7
t_f1b88af2,m_12137d6a
t_917c88ab,m_4b35ee0d
t_e5a9e80c,m_9f913214
t_b209060d,m_b0ae71d0
t_c23acfe5,m_db968976
t_aaf62de7,m_2b1ee6fe
t_111e3dbc,m_ac1d5ff8
t_c1b81033,m_03424c1a
t_b694b218,m_739c7f82
t_42f69d19,m_da94273e
t_fe45684f,m_da94273e
t_1533e28e,m_97e2495e
t_b26f68bc,m_af115c0d
t_df5b2a8e,m_9a2cb826
t_d850560b,m_86469ae6
t_749dffb6,m_dce1fdb8
t_6aa269ab,m_2b02ec71
t_042d87ed,m_9c4f1cf3
t_c64c0838,m_2d7bc7b0
t_4b59d4f1,m_bdfed6e4
t_dc2a6c67,m_115d3c49
t_77cd40e8,m_bdfed6e4
t_f6d2405f,m_4c6d7a8f
t_e9c9a1b4,m_485716bc
t_3819358c,m_1d77ea33
t_9143560f,m_04f55cde
t_c687d4ba,m_1fefda60
t_ef79f5a4,m_eac6db87
t_722e1bf9,m_3c14d552
t_a94eeb36,m_a15a6ec7
t_cc2a7449,m_1d61dd4a
t_7cd36689,m_26eefe51
t_1b18cd59,m_0c47940d
t_76090aaf,m_330a275d
t_ed4a1d62,m_0570eee8
t_23439062,m_74c4d23d
t_03c5162e,m_74720cba
t_a0e4d544,m_39ac103b
t_deb020f6,m_cb8a4668
t_d6369977,m_9e2936b0
t_6241d2d9,m_39ac103b
t_1db85109,m_79b5b60b
t_81b3016c,m_c473ee52
t_057b7bf7,m_e8e8ba91
t_7417c58f,m_76ea9de1
t_5417822a,m_5c776659
t_ad89e23a,m_f195f9c4
t_ef081dad,m_01793360
t_64b7e2a1,m_c940f804
t_a3959035,m_7ef9141d
t_7d281ff5,m_653d4529
t_db0f3e99,m_d0708b7c
t_89fbbf4d,m_a22d80fa
t_6cec1a12,m_b043ff01
t_67de4bf4,m_fe67a4de
t_f88d6555,m_d0708b7c
t_97004fb1,m_f6c641d1
t_663e6463,m_80eab6ae
t_a8ae31c3,m_7c490cc4
t_d29c23b6,m_81f6dd99
t_14338153,m_b08ab92e
t_09dbc9f4,m_30d78ac9
t_0a7f15c7,m_75e7e55a
t_ae3e5d97,m_61ef4c84
t_0f9aee73,m_0570eee8
t_5b1ecfa1,m_74cb88aa
t_92f0daea,m_847a5ec4
t_81132761,m_98f57794
t_19b9dfef,m_7f8a070c
t_758205fe,m_66894442
t_7f4ed2d4,m_b43487b5
t_8c2f9d77,m_fd6e97b4
t_340fd421,m_b43487b5
t_4d203118,m_b7b95e79
t_3758a7f0,m_ef2dec31
t_07521d84,m_9f427e8f
t_5e02ac24,m_26d4545f
t_8b56dcdc,m_9f427e8f
t_eaf36354,m_b391259b
t_c6e7ef5f,m_6588337f
t_0abd23a3,m_3c7e0bd4
t_cb8092d9,m_92873dc6
t_f41aa1f8,m_790bb28b
t_20a82f32,m_c866e0fc
t_80278cb9,m_6e8abff2
t_bdfa2d7b,m_6e8abff2
t_99c1d995,m_95e83134
t_75a79d50,m_8cd7d32d
t_584c7c90,m_2c305c44
t_4c855b0f,m_96dfc99d
t_d5a20b36,m_00441ad5
t_434301cb,m_2a3b19e2
t_4a43b0ec,m_7539cdcc
t_dda81853,m_26f3b0d7
t_abc0b926,m_1c3c200c
t_d39981d9,m_15295c57
t_a60b1c8a,m_d0184588
t_b3032d1c,m_690ed749
t_6023e0da,m_153e8437
t_06590287,m_97be5675
t_9e81f19b,m_86e31d00
t_4db4fe36,m_86e31d00
t_34265e35,m_43347af4
t_2f094972,m_0288c233
t_39ed8637,m_6833e129
t_ee881566,m_59465032
t_4cc91062,m_fe865cfc
t_32067c44,m_96b7a7ec
t_5bef21ec,m_d1c9d80a
t_0d4faf5a,m_34b93441
t_4bb1d3f5,m_1ca43427
t_5cfc39f8,m_e5fcc79b
t_a8af7d4e,m_742528c4
t_3cd384b9,m_5628944e
t_3775ccf2,m_5528e3b3
t_66140d65,m_8b3bc8ae
t_2c4773da,m_28bedaee
t_eaedab15,m_fcfdceb5
t_299437a8,m_89c9833f
t_0331c1a3,m_d54e8345
t_f4a0bea5,m_de3d19bb
t_daa6c079,m_4891b056
t_9d620676,m_a40991a1
t_3257c852,m_d4176b12
t_952c763b,m_efaabc48
t_e206c27e,m_d3ec98e5
t_eabe0731,m_d3ec98e5
t_bce0f897,m_3c82cede
t_cf80cd33,m_4fad4105
t_a51ef0b7,m_4e89d838
t_f16dbc17,m_51e1e0a0
t_65d47ffd,m_39ac103b
t_459209a2,m_0b0275f4
t_e4246dac,m_79fcf907
t_0657a638,m_ce3f16cd
t_d473725d,m_4f88dd46
t_c6192813,m_3102bd52
t_52e03dc7,m_04ec1f21
t_f4fb6269,m_8d7223e8
t_bfad003c,m_b66e7ffb
t_0cd63ba3,m_d7aca3d0
t_11c83e8e,m_bb43f817
t_b62faaa5,m_44a12f93
t_86033f2e,m_b7ee4e5a
t_56c2173b,m_b37416d3
t_286bfa00,m_27de0c9e
t_5590c9ea,m_d09e9957
t_58e4502a,m_c2d06ea1
t_f7b4ce4d,m_26f3b0d7
t_53ed2698,m_9b847358
t_27b040fb,m_3e68473f
t_3426400d,m_39540005
t_1bc8f125,m_00d6c555
t_118bd4fc,m_3f1e533a
t_085a8e8d,m_2765e40b
t_5098cf9f,m_d7517e02
t_6f5a0c0f,m_16d080b4
t_d0ca9383,m_5a164414
t_9ab060fb,m_16d080b4
t_1e2094ab,m_d433ebec
t_256a2658,m_7dd08a94
t_dd1f7b29,m_1a0fbc12
t_41dd5bb2,m_fdc357ee
t_913307ae,m_a0b8f5e4
t_d3f8445a,m_6c704625
t_e7f26a76,m_d0597579
t_5ce4f2e7,m_e7b04969
t_056c1fd3,m_8192f254
t_d320c58c,m_b9a0a9a9
t_05c00a64,m_c776dc0c
t_76d25470,m_3f1e533a
t_f0407f68,m_848bcf9d
t_ffe40457,m_2b92a9f3
t_c34f726e,m_eafcfb13
t_31204953,m_41e88b9a
t_40ad2298,m_0b5bdf97
t_bf5be2d0,m_4c10835e
t_dc822315,m_4ab9344c
t_5388102b,m_4ab9344c
t_01530fd5,m_cec3f700
t_083fd6da,m_261cf8fe
t_53cdf1d4,m_2f366d88
t_39ce4710,m_637d801c
t_18cd8ddc,m_e7a58505
t_4aaabb7c,m_537617e0
t_1669c14b,m_694e6ae8
t_89e8089f,m_694e6ae8
t_6c2912ad,m_ea9cf506
t_baa153fd,m_ddaeda39
t_3f39b5e8,m_26425e5b
t_d0dd2f8f,m_7876eeb9
t_3257433e,m_571577fb
t_38f78fd8,m_15b4d255
t_b6b29505,m_ad71dd09
t_769a49e1,m_6374224e
t_e50bcf85,m_ad96b7d8
t_6d5be3cd,m_a3f5b02b
t_b43f64ba,m_39ddd6c0
t_f7f3126e,m_dfa82e84
t_997de7c3,m_65e3d305
t_449d4eee,m_5eebd1d0
t_984b8c57,m_5edc6e15
t_3eb87cd9,m_c1e82216
t_b512de4c,m_81f6dd99
t_4816b54f,m_eefc6cb8
t_24e7e52b,m_57432dcb
t_3f088a9d,m_bf13c079
t_9918fbd4,m_dd313e45
t_292be6f8,m_44840462
t_b7abd172,m_8714aee2
t_4f6c1072,m_faee1a2e
t_71d58fff,m_c0b43c2e
t_b71cd525,m_99a63a17
t_52142729,m_c418a063
t_52fd3ee7,m_9329038d
t_6db8ae48,m_f9b96b0c
t_9fc59ce5,m_05bf698f
t_5215be6b,m_5f626d97
t_90e1ac33,m_6d4f67a9
t_6e94d0f4,m_6aaf1339
t_0102668d,m_f36de72e
t_e369b713,m_62b9bf63
t_61c619ff,m_5bc1a509
t_71246b0a,m_8e04d395
t_cebcb7b4,m_fae23d5c
t_635aa444,m_4c1409b6
t_a8b43d3d,m_0b2ffdde
t_b5366f72,m_d0fa11c7
t_f1f722c3,m_17e2e032
t_aa0125d1,m_ad919c4f
t_fb5102b5,m_be39477d
t_b6353bdf,m_6cd101ae
t_becb4e73,m_726fb5f6
t_c89f1e3c,m_bfb194bf
t_86de14e4,m_d0279d23
t_e00f69a1,m_93f4af07
t_8c49d9d9,m_054035ee
t_b66cbec5,m_3bb4bfae
t_9bdbc6c7,m_df871423
t_82d040f2,m_1911df80
t_53c8bf39,m_8b51b302
t_81399601,m_f48052e1
t_062ebd4f,m_7013076c
t_d017a119,m_85d69847
t_45f3e6d9,m_6e98ce69
t_0d4b216f,m_0cbb373e
t_73ff34da,m_51c77ecd
t_ddc4806a,m_f148fa84
t_1fd667f5,m_6c7ee5e5
t_e865ce65,m_10e1afce
t_3a1ed181,m_c0585339
t_73cb282c,m_d805295b
t_9af6cc33,m_86b3e7ed
t_2f15e2ed,m_6aafb61f
t_e3c5b7ec,m_717f410a
t_fca947e7,m_7dd08a94
t_e4f57356,m_f02a6af0
t_8f4f77a0,m_a5a7e364
t_60798d45,m_f48052e1
t_f08e8798,m_6d10209c
t_0d5ebe0c,m_59e2073b
t_ab2ecb21,m_7f54b8d4
t_45e1d381,m_44dae6c1
t_455e17ec,m_1b713a26
t_3f81fc6c,m_eeb1852d
t_7a3bbc05,m_72708e9f
t_87acf01a,m_bdfed6e4
t_e9e790c5,m_e69e9bf2
t_68852485,m_924d02d8
t_d4269ce6,m_ea9d2b02
t_3cd3f809,m_924d02d8
t_9fd7742d,m_af78c38e
t_79484260,m_af78c38e
t_3d21a590,m_ce9d9a51
t_e9159eed,m_a753f103
t_616b5153,m_d362eb51
t_5aa6cec4,m_4a0a3679
t_1f4a9192,m_052b79c0
t_bf39f23b,m_0db62c14
t_374eb6c3,m_0db62c14
t_b8f45655,m_dd831a1d
t_fe5428db,m_a1618a76
t_3f012436,m_c425632c
t_9f8c9d75,m_9fe086d1
t_cb817bb4,m_1d121fe7
t_5ca0f6af,m_51ab06a9
t_87f1154d,m_0f648143
t_3b301a05,m_10830838
t_9bc9178f,m_99507d49
t_63a6dc30,m_12137d6a
t_e8ca5cc1,m_4ab9344c
t_f98661fe,m_e432e7b9
t_0f2970aa,m_9027a3e6
t_6e5e6103,m_5799cc90
t_b22ea86a,m_3d89c44a
t_a847380d,m_fb8e2f81
t_858ada2b,m_8c9f6c07
t_478907b5,m_3294a0e5
t_8aef6120,m_132e5474
t_16e11e1c,m_f6bac031
t_20a5ce12,m_d3de3e29
t_840e59ac,m_960957ab
t_4ee2676f,m_960957ab
t_10fdf832,m_2b1ee6fe
t_dd02df9f,m_f629b952
t_f4b749fb,m_fc9599d1
t_fb9d4e6f,m_804d5373
t_a7b1362c,m_73ce7e84
t_d1b1c4e9,m_2e4ffce1
t_4025bfd3,m_239ad299
t_9fafc9c6,m_45a006e9
t_606bddb3,m_2e726167
t_410d9c8d,m_af49c453
t_1f292169,m_26960a29
t_465d1236,m_ec7e1d73
t_fc262130,m_e9ee6b29
t_d8a56454,m_a10d19dc
t_c0cba73a,m_8ecf7809
t_37039448,m_21278fbb
t_45a5fc12,m_73f81641
t_49f7f8e6,m_109caabf
t_de0d6828,m_d2c21321
t_052a7470,m_c9c63f17
t_91a086af,m_db13ce06
t_3ac39fe8,m_28723102
t_1658d003,m_f4cfd145
t_7c09df16,m_8a17b72d
t_3042d95e,m_1f1a9d78
t_209280b9,m_2b1ee6fe
t_0c1af9df,m_4223ff11
t_870e6a69,m_2b98ee12
t_6837f803,m_2015b9a2
t_0818660e,m_609f360d
t_f6a407f1,m_0e0e43f5
t_35ad61ba,m_0e0e43f5
t_c2b4490e,m_3a542c0e
t_2657321b,m_cecc7041
t_e4b85db3,m_c59e57be
t_46ad7ec7,m_52dac201
t_c76c45c2,m_92de66b9
t_18958727,m_81e9ade7
t_44b72e70,m_910eaee1
t_88a67f39,m_15115892
t_729265ed,m_73259f9e
t_a72063c6,m_c9068b61
t_758fbe79,m_c63e15c4
t_28e915eb,m_2a005cec
t_43527608,m_401d6316
t_aedd1b90,m_f490e3c1
t_379bc405,m_17aeae71
t_91e24f30,m_0810c76a
t_f056f6d1,m_7491ae5e
t_c570054b,m_b77e36a5
t_a422d008,m_543fdd1c
t_feb94850,m_03e49956
t_5ce3fb8d,m_5bc79c55
t_fce8f53b,m_d47d3f3a
t_03c8c1ce,m_fdd93084
t_a7c76b52,m_5458417c
t_f1689be0,m_32611caf
t_409c8c77,m_25e4756c
t_5b60d19c,m_66858c99
t_9758a3d9,m_3597664e
t_b93f2d0c,m_a373661a
t_a4b6594a,m_b57c7913
t_775d0557,m_3869a4d1
t_fa0748c4,m_b147715d
t_7e90d719,m_8f7d66b0
t_8dcd70f4,m_6717f83a
t_cc796dc4,m_fac4393c
t_b2251d9c,m_e72202da
t_02f90c9d,m_6bf80bd3
t_68e19953,m_d54db513
t_7a77ea60,m_b29aee79
t_0ac43494,m_5bba13f9
t_f08f99a1,m_622027c3
t_ee61b1d5,m_3788e5b1
t_24b0cb28,m_a816f24b
t_085975d6,m_f4c60c9d
t_45928452,m_8ccd9ec6
t_e2d55665,m_6229a85f
t_63f07991,m_8ccd9ec6
t_95863d51,m_690da6c6
t_52e59205,m_52828d54
t_c1ccbd6d,m_8ccd9ec6
t_fb331b6e,m_b5abdd9b
t_03c0b578,m_e910395c
t_f47dce31,m_e910395c
t_d7a38b90,m_78c93dc3
t_f16a219a,m_550cd39f
t_bbd4a9a3,m_a8b2f389
t_41658e26,m_74ae1f39
t_104dc81c,m_75e7e55a
t_73f2ead1,m_9bbcc94e
t_1361afa3,m_9bbcc94e
t_75ee7990,m_de158c21
t_da1b6963,m_10da133b
t_c743d1bf,m_817628a4
t_724a9808,m_72740169
t_7d3edf7f,m_45088f3d
t_b7ea960c,m_d5106db2
t_e533a043,m_5122a17a
t_4889e179,m_5de74c16
t_2b78a50f,m_654d0c7c
t_e7b5cd5d,m_ef57ce72
t_4b27b489,m_7d411151
t_b3f2185a,m_673751fd
t_b7750182,m_a22d80fa
t_cc1476e1,m_436f2fc6
t_732ae323,m_ce630178
t_67f67c28,m_787bf6d9
t_2e35c786,m_c3bd5209
t_ce07d6ce,m_40fc2693
t_61d94737,m_6b199179
t_f35473c3,m_27bb3b05
t_41cdf824,m_830174fe
t_798f309e,m_4abbe43d
t_f0a62053,m_d86902d4
t_adfe5a65,m_d86902d4
t_e09a2f79,m_a9d8744e
t_b85c79f3,m_91ca080c
t_8c366213,m_86dfa751
t_cb3e4cec,m_86dfa751
t_6ee45df4,m_86dfa751
t_327d5786,m_ae9993d5
t_59260eb7,m_f246d63d
t_1b143186,m_315576b9
t_18a5d627,m_9f86b9d3
t_b3724d06,m_c91e5f71
t_dd17f9cc,m_2375d965
t_185fc5f0,m_aace3816
t_87c6d6d0,m_70e66ff9
t_30f16f1e,m_53f58a0d
t_f273591a,m_5dacb63e
t_c0408cbb,m_d6d0684d
t_39f3d3ae,m_71101a85
t_b136e30d,m_53f2b3ab
t_7f6b2115,m_60f11747
t_270bd42e,m_3ba874ed
t_23fc644b,m_c947a37a
t_2caccb6e,m_6c6c6039
t_a5d0812d,m_acdb98ac
t_28389eb2,m_5d69bf20
t_5c5de905,m_a57174be
t_348d4791,m_66ea4100
t_3f2a09bd,m_4b81c142
t_7746926d,m_7c48be28
t_d9536d76,m_a3196e02
t_1f33217a,m_90be11c6
t_91b531a5,m_24b82ac2
t_5e6a1343,m_219fca07
t_9888539c,m_0381aad1
t_d91b5b71,m_27260945
t_a8b5ace1,m_206d63a1
t_3e0ffd98,m_59b1f45c
t_37c91089,m_69151dfb
t_2ed6c138,m_f4ed29bf
t_a10b843e,m_96f1facd
t_fe20f900,m_37169116
t_61976f7d,m_37169116
t_4babeae7,m_265cd70b
t_2907e8e7,m_197a0aca
t_69c47743,m_6ada9a1f
t_415cc53e,m_c26fe2b3
t_edf731dd,m_b8a8886f
t_da832be4,m_a035842a
t_b16a7c58,m_a90b93f6
t_bae633ce,m_94d411dd
t_98ee8044,m_94d411dd
t_d5b876a3,m_5d91db35
t_7c70e4c7,m_76dcc825
t_35c81936,m_b4cf2d9f
t_7b9d0ef5,m_1719199f
t_33d518f3,m_3a542c0e
t_521e1089,m_f8907f31
t_8377c76b,m_3a542c0e
t_4cec5c9e,m_9c4f1cf3
t_0a0d3414,m_e467bb55
t_9529ce1e,m_dfcc1f01
t_0a6a7368,m_8de42ab1
t_1379430a,m_c7096c29
t_c3c6d8c6,m_0fcacff0
t_d145b16f,m_f7e206b2
t_3020449a,m_100f2aad
t_0cfd5ba4,m_66bf4aa9
t_f641fa0b,m_e8fae5b1
t_b9d57b01,m_ad0dcb60
t_a0d91eb7,m_282bcd71
t_13333441,m_372cf2fb
t_991e6451,m_7500f1cb
t_b444a908,m_ef4d90ef
t_bb2c60f7,m_441ba437
t_a63717b4,m_0e719147
t_d0e44d4e,m_256dcda6
t_6deaa459,m_d8b3d070
t_51818c4d,m_d8b3d070
t_fa649b63,m_7e47e521
t_ae5a1e3f,m_9a691c83
t_20a4c8e3,m_341ae1fc
t_4ed25b10,m_c0c8554a
t_b68571d8,m_c9a1be21
t_4fba5e84,m_84e91e7a
t_4b4a51a3,m_aac48173
t_36cbe0f7,m_a6ae0822
t_8bb5a772,m_a06def25
t_2550e8f6,m_a06def25
t_d654e9e9,m_230943b1
t_934492b3,m_10c57970
t_958112d0,m_863cbf4c
t_4a28e4ca,m_0526b1ed
t_657f15a4,m_1861a37e
t_d531c504,m_3a2b8b4e
t_86daa334,m_26ce6f7b
t_450f8cd5,m_6eff3e58
t_669ea5ee,m_7d0f12af
t_77eaca61,m_12308e6d
t_793be96f,m_ea3cadbe
t_78778041,m_23192c5e
t_a06b9a1b,m_2dbbc498
t_17a8dac4,m_789174b6
t_f760486f,m_3f09ee97
t_923a61b5,m_badf0d8f
t_28e674ae,m_6d0af4eb
t_ea9c2f11,m_ea04fbea
t_b9f1ecdf,m_3b05dbac
t_11424892,m_2f5af440
t_97b42a39,m_2e6d14b5
t_cdcc13a3,m_c599e2a9
t_eb8cbc7f,m_a6d6f3db
t_e3bd7639,m_3bba5595
t_27857a17,m_4b93584e
t_b5c8d8e8,m_0570eee8
t_bfa4313c,m_7c32e88d
t_91387973,m_5f78bbc5
t_f0a1dd42,m_904849a2
t_ae8d6b1f,m_b7d76c27
t_bc5a8e9b,m_617bc51a
t_433cba55,m_7caff9d6
t_923c5a42,m_c1e6babb
t_1ac57b2e,m_c3263f8e
t_653be2ae,m_c3263f8e
t_35bd55ea,m_c16c6104
t_fa3a8ac5,m_819465de
t_e0601389,m_c7cae600
t_c0eb4343,m_3ba874ed
t_6fe7a9ce,m_5062870e
t_ee330066,m_b11add70
t_c929fab1,m_a2b0c00f
t_2da8a9a6,m_4ea56982
t_05525366,m_6e19aea9
t_a042b2c1,m_31a57206
t_4c19822b,m_29263d81
t_74cef62a,m_0dc0d407
t_d193246f,m_5d656f4f
t_b1eafc18,m_fb022b70
t_0d261219,m_330a275d
t_4b81b3de,m_4fbffd91
t_8be9683a,m_5295e5ae
t_fe86849d,m_a02666bb
t_4759f6a0,m_62fc95ce
t_2ee9bddd,m_6741f73d
t_064f6bf7,m_3a196160
t_993384cc,m_cb66e346
t_9bc3c106,m_cc2a3029
t_f383fc25,m_a2b0c00f
t_f34ebb7e,m_c8759a18
t_47d92b1e,m_e7f38786
t_7996c2cb,m_f7781a36
t_168694e3,m_ea551d5d
t_7318fddf,m_4e96a8ca
t_de469adf,m_e4b0b258
t_6516565c,m_ae90d2c7
t_8627f30b,m_bb5930a3
t_b8c28d33,m_7520eb13
t_2d72e4fd,m_483531da
t_519ef4bf,m_67b41bab
t_40376310,m_f4410f46
t_78afb610,m_2481754b
t_9cfc4654,m_7e4507bb
t_e9d7db29,m_76710a08
t_27c42ac7,m_06435b53
t_7ce343fd,m_09680e17
t_5bb21497,m_4ce2481e
t_aedd191a,m_8d9376f6
t_20a11482,m_a28e2c52
t_f344ba26,m_08dc46f6
t_6fafc077,m_a2bc95d2
t_acf5d0cb,m_529340d8
t_1bc73522,m_3294a0e5
t_af266b06,m_55406f3d
t_3624bde6,m_148cb0aa
t_c1835f0f,m_85efd2ec
t_1959322f,m_85e771dc
t_ca51152a,m_0822b19a
t_3264c3be,m_95d973f2
t_7de959e6,m_a48f9a0e
t_9d59b24a,m_3188cec3
t_8e96317e,m_46131fb4
t_02333c5b,m_1bb5d9fc
t_ae47c24f,m_3ff56623
t_caed974d,m_653d4529
t_3fc252dd,m_97167467
t_07434275,m_d104d929
t_b706bae5,m_400bfec6
t_3a584a6b,m_eb9b67fe
t_c0b4b177,m_85944486
t_09a346ae,m_63bd7931
t_d19da2b8,m_0b19729d
t_fb320465,m_faee2445
t_3f9c47ae,m_976dde52
t_37681e96,m_54111ee3
t_ae7d51a9,m_77507417
t_a8664a32,m_0eced348
t_d7f5d1c1,m_7dc3d138
t_a2c4d5b5,m_af802e16
t_48b1ba58,m_c937b77e
t_6a9ba354,m_fe2fcc3e
t_46fa69a2,m_c98b92bc
t_b5fa9a1f,m_d6bf7f7d
t_6830545e,m_17d009c5
t_25d414aa,m_4fad4105
t_ed79860e,m_a3c8d3a0
t_37d01339,m_05ab6e75
t_2b3ed743,m_46ec4251
t_0400a3fc,m_c2b230ea
t_78d66697,m_5d1160be
t_a2149cff,m_17cb2379
t_f6144430,m_cf30c01d
t_f14685f7,m_9bc40b14
t_e98969f9,m_57acbe4f
t_55b1f5ef,m_57acbe4f
t_501d965e,m_57acbe4f
t_cfd31ebc,m_98317f70
t_52e2de66,m_d86a72dc
t_12201096,m_172ff5be
t_b78f1edc,m_3b28fd53
t_6804a34d,m_79f7e49a
t_e29f304d,m_4f88dd46
t_0de6ccee,m_6f8d5ede
t_4a994754,m_e9b876b2
t_9b74a5d5,m_0d196f7c
t_c18b0bb6,m_3ae8d71d
t_0f1c2983,m_8f4abb57
t_80eeb8b4,m_346c40f7
t_7c4f176b,m_fbf28704
t_52848c3a,m_66894442
t_d873aac9,m_b3b2d683
t_56245548,m_e6770862
t_84cfd165,m_663d47c1
t_151b1922,m_f9dbd35d
t_0f1c379e,m_2bed33e4
t_93c34a73,m_d9585840
t_d459f2a2,m_6f099a41
t_130dc7ef,m_6f099a41
t_11fe0730,m_a2c54b61
t_e2724891,m_44692f15
t_f5ed7939,m_a49727c2
t_28e61bf5,m_5de74c16
t_981b9fa0,m_b22cd771
t_e5fa5a99,m_3a2b8b4e
t_160f85b9,m_8479047c
t_7cc86ebf,m_3f20c48f
t_a527db79,m_de47123b
t_6220d9d7,m_39ef1f1c
t_e54f41ee,m_9a8120cf
t_0a0bb29e,m_302c720a
t_6285cd86,m_c1405dca
t_dbf031b2,m_e017f974
t_e56e1a09,m_d046a689
t_74cea69e,m_50c78404
t_aec1da34,m_a69232e9
t_e6b9f854,m_ce3f16cd
t_4d94a7b3,m_d9a5fb72
t_32c61dcc,m_518d8a6c
t_9986472d,m_8241512e
t_15b3852a,m_5a006db5
t_23d6d150,m_332b6606
t_1a291632,m_bb753e9a
t_344dec6c,m_472d3e59
t_a652da2f,m_e1fe5ea2
t_3834d2aa,m_6aed9494
t_c63db71a,m_b87dab0e
t_785b7f92,m_3d304e35
t_57be85ab,m_707d5d5f
t_48b3d261,m_c16d3fc6
t_9b78da99,m_b43c6e03
t_39ad453f,m_76c352fb
t_c22f6e00,m_ca08023d
t_2a652ba5,m_23fde510
t_f9068ffa,m_7cff2dbc
t_0beb53dd,m_c9ade407
t_046c4424,m_e98ef702
t_fa758601,m_0fbc15a4
t_c32e2261,m_ad0dcb60
t_7a6c7ac3,m_4f36a196
t_fcd3a16a,m_70a31f22
t_e8033127,m_2c8e91ef
t_9101cef9,m_09910515
t_d2f966b5,m_933c1b86
t_310bc8a9,m_a2f3bcfd
t_cfb246ed,m_4f6fde88
t_95f55cb7,m_28a60ad3
t_023d502b,m_b1e0df98
t_7dbc8a37,m_11539d5f
t_394078c7,m_0b3faac5
t_6acbbda9,m_c0a15c2b
t_bf78ca3d,m_ca3f5b3f
t_f460b080,m_66894442
t_f8ed70e7,m_97167467
t_95e6ce80,m_75ecd67a
t_00aaa157,m_0827b6a0
t_e6e3ed2c,m_fad28e22
t_814441ee,m_0cb2b84f
t_e26793d3,m_344e26a2
t_6cbdeb9c,m_1b2a95c8
t_15192b1b,m_3fe70e4f
t_e319fd9a,m_61c08af3
t_4fbad782,m_688806a0
t_e0a377d2,m_688806a0
t_94693e72,m_e2903d6a
t_12c47a43,m_a04586d3
t_3abc5775,m_e192ffae
t_483f542c,m_c3bd5209
t_d0add79d,m_549fff35
t_3bf3cbf0,m_cde6cdf4
t_2d187c29,m_f3d498b3
t_604b159a,m_3d304e35
t_1d15f6a5,m_a0fed10a
t_ef73998c,m_fd4e05a8
t_975ab519,m_58a1aa28
t_03501851,m_98ce3f75
t_080ca664,m_3becd0c6
t_31686a91,m_5ca020ce
t_1f93e272,m_ab2fbe02
t_e3c01b22,m_2c96d31b
t_2d5c980a,m_6ec53362
t_5f4bc61b,m_c9460d7a
t_ddf71d22,m_a81b6543
t_9985f3fb,m_9f427e8f
t_fff5315b,m_6cc662cb
t_3f57a4df,m_7244c1c5
t_655c9110,m_77224d05
t_3da8eebd,m_38033b9e
t_de38d5dd,m_0f51f887
t_88be2368,m_575f65a5
t_65fbdb78,m_e151d029
t_235db6cc,m_df9dcffe
t_82a37282,m_40444fc3
t_d0dfaff2,m_1be378df
t_765db06f,m_653b7b63
t_ccee417b,m_67e9582a
t_b96d9048,m_36f39951
t_3bbe9a80,m_04ec21a1
t_31177565,m_59a0638e
t_ec7e2f7b,m_d3f81a47
t_92ad9906,m_657935e1
t_980b9476,m_097c132a
t_f14f443d,m_01bfa4e2
t_44307080,m_a1436a86
t_56476461,m_a1436a86
t_4ec02b19,m_c425632c
t_49431119,m_c74f5d2e
t_0c79b2f0,m_d7517e02
t_9183087b,m_13d8da4d
t_40192ee7,m_9f2cf5e5
t_ce5836c2,m_35568454
t_a94f1850,m_7e47e521
t_67f270bb,m_8d9376f6
t_944a774c,m_fb5b03c4
t_7a8e4695,m_a30c309c
t_97c6034f,m_f24a8e83
t_f26482db,m_d22cb1a8
t_7db9af11,m_1ceedaa2
t_429609b1,m_1b3804e3
t_7e48ca51,m_b7560995
t_846fd556,m_a4bf2616
t_7f1ba137,m_3a9c5864
t_d1d56a5c,m_98483d83
t_42fc7c30,m_2b78b5c9
t_f62db3fc,m_9f53e244
t_7709df16,m_20e9d8fa
t_f8f287d8,m_eb9b67fe
t_71129475,m_ef4d90ef
t_46855fc0,m_f611ffa4
t_78ead73d,m_ea0a7fc4
t_50dce685,m_30f66683
t_9ab3ed1e,m_d5304f93
t_6ab55130,m_8e64c622
t_4672cdf2,m_735bf2c1
t_76cd6c0d,m_7430ba2c
t_3ae168b9,m_20ef8cb5
t_eb397aba,m_c7799118
t_3bea8a0d,m_8b1c2a94
t_ca77969e,m_8094a06e
t_0eaf1080,m_8ad7da9a
t_c94a85c6,m_6e8abff2
t_8eba8abf,m_131a4d92
t_ae34cc82,m_013065f2
t_576064c2,m_3edaee3d
t_5ba470c8,m_1536abc9
t_d6dbcaad,m_fa1793e0
t_20ca9a8d,m_fa1793e0
t_1f1d82d5,m_ae3dd8b4
t_436a761d,m_fa1793e0
t_75e871cc,m_cff8d241
t_60d69e20,m_af2fede2
t_e77fd79e,m_b391c406
t_580be07c,m_a0135471
t_e0bf9837,m_a8a0b5e9
t_0a671af1,m_2073e49d
t_723d21a3,m_e432e7b9
t_0b8e64c3,m_fa60286a
t_a41b4961,m_8b1c2a94
t_70288b63,m_9ad88e57
