1,2
m_57ce9d2b,m_b4fcac5b
m_64949b89,m_c6d00a04
m_1d81f08a,m_1da1a56b
m_66d567b5,m_690e4acc
m_0667d5e1,m_f3bd77df
m_21ec94c6,m_6ccf5f93
m_ffc257ee,m_980c7574
m_7eb204b8,m_1e2d9624
m_38feada3,m_426973b0
m_d07198ab,m_baca596b
m_b29a7e9c,m_ff978c8d
m_b71fcb3d,m_989d5929
m_b8c63c71,m_a6d91c12
m_e454667e,m_1b63d58c
m_f2eda103,m_3e109639
m_23b1c985,m_6a703256
m_b165f896,m_23335e40
m_63074821,m_e684463d
m_cd891790,m_e924f055
m_dd4990ac,m_4b366630
m_0b0593ce,m_1b63d58c
m_8f1b8790,m_41b71160
m_0eb6d262,m_63d57a5f
m_a39a2da7,m_1544c89c
m_7e552294,m_c3c25830
m_76d3bc5d,m_b9cc9559
m_944df314,m_74a9c328
m_3a89fdbb,m_f9339504
m_81567467,m_7807bcf9
m_5cfc118c,m_1a0784e2
m_4ddccf03,m_110238b9
m_bd83d0ec,m_432a87a9
m_22e2dd99,m_e785b263
m_da81784f,m_ad7f967b
m_3e79c4d7,m_e70a54b9
m_ba700897,m_1d1f95c2
m_956533e3,m_027805d9
m_e161f4b5,m_b50fb0ed
m_dd60aac8,m_b7b7cc9a
m_a6410127,m_c4cf4503
m_f987804c,m_d39d50b3
m_9dc9ba13,m_484765f5
m_d0e14285,m_74a9c328
m_d39d50b3,m_94d129fa
m_36f759a9,m_3a5bec67
m_41f16f65,m_d07198ab
m_aa09a94b,m_07fc82bf
m_799e8087,m_18537489
m_129aae5c,m_9e35e72f
m_05893b60,m_a574e2dd
m_9da54ca4,m_1d1f95c2
m_c783bbd8,m_4913d1ed
m_453fed97,m_923664ab
m_f987804c,m_94d129fa
m_7c3df919,m_701813f6
m_4cca7e39,m_8e226568
m_925910e1,m_7e6cf63a
m_5fa25996,m_f172d8cf
m_8a9ad6a2,m_664a4a97
m_1b63d58c,m_0b0593ce
m_d9fe8eac,m_d878e376
m_b722f8de,m_2e914d0a
m_9b0c14cb,m_62830ebc
m_5e0eb403,m_88d671d7
m_23335e40,m_b165f896
m_d52f3256,m_c3b50a91
m_6ed994ac,m_4d599d3a
m_1d1f95c2,m_ba700897
m_fd0af3c1,m_af006577
m_664a4a97,m_ea0efb0c
m_0722e7fc,m_ad7f967b
m_090e61ca,m_153a41fb
m_848729e7,m_5ad2bfcf
m_7de7d71c,m_c6c5969e
m_86fa8463,m_af006577
m_00e5242b,m_c03350f3
m_7c3df919,m_a134bbcc
m_412c037d,m_eaa1d11d
m_5354a57d,m_b0811b96
m_93f505d9,m_4f05327b
m_a6f02fc2,m_47aa006e
m_e190dba8,m_3e109639
m_7617bedb,m_8f9beedb
m_d18afc08,m_7f8f950b
m_26610c90,m_14501733
m_cf0ce246,m_47aa006e
m_cb3ddd04,m_8cadff29
m_baca596b,m_d07198ab
m_aedc7a52,m_7e58133c
m_375e6960,m_1cf29339
m_af006577,m_fd0af3c1
m_d31cad0b,m_9922aca4
m_bbae20a4,m_df89b523
m_4f05327b,m_3250315a
m_017ec996,m_871eb744
m_38a28e50,m_58f02696
m_392aa60a,m_b8f0a4ea
m_8a9ad6a2,m_ea0efb0c
m_bf54f6eb,m_9acaa6e9
m_33b59df9,m_d2bd7475
m_d13ebc47,m_8d3d402d
m_d525796e,m_1c374b5a
m_3fd4b2be,m_871eb744
m_b7b7cc9a,m_dd60aac8
m_afc6aa17,m_8837fbb4
m_d2bd7475,m_33b59df9
m_cf974c24,m_c4cf4503
m_bc0215ba,m_f83d008a
m_10b9e97d,m_6bd654e6
m_a52ce8d4,m_f9339504
m_a9de4ceb,m_0d25efb4
m_c4cf4503,m_a6410127
m_cc49212f,m_bcfb8b23
m_68062436,m_b8f0a4ea
m_273b8553,m_47d46115
m_cabf4dd4,m_859a26c6
m_5683765a,m_12662c59
m_66ee091a,m_d63c767f
m_94d129fa,m_d39d50b3
m_d3258d4e,m_bcc5ddd7
m_14501733,m_7d2bcd83
m_01d532e7,m_c0fb6b54
m_cb3ddd04,m_ae0457e1
m_c6c5969e,m_7de7d71c
m_1a0784e2,m_5cfc118c
m_284ef29a,m_691962f1
m_aa4b0aaf,m_7d4bd896
m_cb5a9e1b,m_d2bd7475
m_0f9376d5,m_af2efc24
m_3e109639,m_e190dba8
m_6ed994ac,m_e98e70d9
m_a39a2da7,m_8886224f
m_12662c59,m_5683765a
m_eb13f127,m_55b52751
m_26e1129e,m_859a26c6
m_576636eb,m_a4fa1ffe
m_81567467,m_5d949ac9
m_51b3868c,m_3c259f57
m_74a9c328,m_d0e14285
m_5fa25996,m_bb7f4958
m_129aae5c,m_413b19ad
m_b19993e6,m_f27e268a
m_001f3934,m_d7951f82
m_165c8f0c,m_1c374b5a
m_f16b5355,m_42eab06d
m_18a2b8c6,m_b50fb0ed
m_6a41a480,m_3a5bec67
m_3c259f57,m_51b3868c
m_863edbfb,m_50fd4694
m_3cbdf8b6,m_c3c25830
m_d45eab67,m_9dc9ba13
m_81a99197,m_51bbe3eb
m_eb13f127,m_2a80e1f3
m_1df3ef2a,m_3c259f57
m_5ad2bfcf,m_848729e7
m_9271a206,m_9679c4a6
m_431511ad,m_ad35339b
m_0a133794,m_bf54f6eb
m_7d2bcd83,m_14501733
m_0a133794,m_9acaa6e9
m_8837fbb4,m_5aca096c
m_50fd4694,m_81823e2b
m_7807bcf9,m_5d949ac9
m_ec121607,m_5d96b7d5
m_5f0cf551,m_57c6a4c0
m_f14390e0,m_5b3bb10e
m_f264532c,m_282d3f1c
m_d63c767f,m_d3f4a2cc
m_3a5bec67,m_6a41a480
m_52a0c391,m_0dc62e62
m_8f6c764f,m_b0811b96
m_210b168c,m_bfd3767c
m_f030cd29,m_f3b40a68
m_5317aac1,m_cc3d6418
m_5f9dfbaa,m_f73b0053
m_d95de44e,m_b3608a9a
m_df97f761,m_980c7574
m_c94fa9e4,m_bf6dd5d6
m_3a2d26be,m_b3eef395
m_143df3dd,m_c38534b5
m_9d119a21,m_1cb5e267
m_a5e68d24,m_08084ab1
m_e433b1e5,m_5683765a
m_a95defd3,m_280bf34c
m_4e8a09f0,m_8681a672
m_9a56b92a,m_c5cf4e28
m_162bacf4,m_fc1b87e1
m_098c2371,m_04e3fa7f
m_b5135d36,m_04cc76b9
m_edad6300,m_b61c70c2
m_127ac1a7,m_ce81fc54
m_ed40bc17,m_b0b892b2
m_a6f02fc2,m_cf0ce246
m_d079291e,m_35b0aa45
m_7282ac42,m_bcc5ddd7
m_76dc3d10,m_71b40e9d
m_f14390e0,m_3fa468f1
m_0152c942,m_0ecad2b7
m_944df314,m_d0e14285
m_66e02077,m_2e914d0a
m_7282ac42,m_d3258d4e
m_e5e95eb5,m_c3b50a91
m_42eab06d,m_275031fc
m_df68c170,m_f12e6c81
m_e433b1e5,m_12662c59
m_70cc7221,m_fa68027c
m_a859b89f,m_afc4fd54
m_484765f5,m_9dc9ba13
m_58ff92ff,m_163e119c
m_432a87a9,m_66537449
m_b0811b96,m_5354a57d
m_5e007fdb,m_63cc441a
m_8d3d402d,m_d13ebc47
m_55121c5b,m_8681a672
m_e506ff81,m_bc0215ba
m_3d1d8612,m_74ab0160
m_68512e1d,m_b9ecfbe6
m_fa96adba,m_56fe061a
m_3f2fbc36,m_06e61c5f
m_709f302d,m_4913d1ed
m_cac290c0,m_11564d32
m_7e58133c,m_9661af95
m_cf974c24,m_a6410127
m_9da54ca4,m_ba700897
m_8fdb53a6,m_3d26006b
m_18a2b8c6,m_e161f4b5
m_9172bdfc,m_e0db99ce
m_2c05a467,m_c0a308a8
m_f5db1fc4,m_07fc82bf
m_36f30b70,m_f0e5b45a
m_1696d08a,m_648c5144
m_00783719,m_0d73cf59
m_aa1316dc,m_51a4bc1a
m_1f0d76e5,m_e16b6cc5
m_18537489,m_799e8087
m_1c374b5a,m_165c8f0c
m_26610c90,m_7d2bcd83
m_83c07503,m_f9ea19de
m_f12e6c81,m_19612897
m_adb4e49c,m_67c87921
m_3f2fbc36,m_7078a8d5
m_f2eda103,m_e190dba8
m_93f505d9,m_3250315a
m_16c8401d,m_57c6a4c0
m_b9cc9559,m_76d3bc5d
m_d2b9d032,m_e6c78aed
m_f9339504,m_a52ce8d4
m_27d3bd92,m_b9cc9559
m_370f7a00,m_db55c491
m_1e77a5e3,m_b3eef395
m_0dc62e62,m_0b328e61
m_0e7a7dfe,m_0cf84e4f
m_2d0fa9dc,m_7fbe182a
m_c93378d1,m_027805d9
m_4d05163e,m_dcbbd5ab
m_ee73e867,m_9c128d34
m_f05c0f66,m_cc83ce48
m_098c2371,m_12090e6e
m_073147d4,m_97e7b3ec
m_bad7bb6f,m_e5672f7c
m_bb7f4958,m_f172d8cf
m_e0350935,m_a226a177
m_a5e68d24,m_ecbb3804
m_ea296a4f,m_47d46115
m_4b366630,m_e7c362b6
m_315fcf54,m_9a314631
m_4040ad11,m_19423178
m_4d599d3a,m_e98e70d9
m_4913d1ed,m_c783bbd8
m_a62965c0,m_b61c70c2
m_1db76106,m_ca259bdd
m_7704d7f7,m_aa2fc39d
m_a3fe0649,m_bbf5ef3a
m_160ccf9c,m_7f8f950b
m_31f48176,m_30a116dc
m_413b19ad,m_9e35e72f
m_be5e6f2a,m_84293fd4
m_705fd8b3,m_67ce53c9
m_017ec996,m_3fd4b2be
m_faac8211,m_0f9376d5
m_871eb744,m_3fd4b2be
m_76f692d2,m_dd0aa195
m_adf7abaf,m_b29a7e9c
m_073147d4,m_d1ec32f3
m_f81cb2e9,m_09cc8553
m_63d57a5f,m_0eb6d262
m_9d119a21,m_8654bad7
m_bd83d0ec,m_66537449
m_a134bbcc,m_701813f6
m_ecbb3804,m_08084ab1
m_98135f8e,m_a912cd9c
m_d18b7c8e,m_18537489
m_4c06b57b,m_dce1151c
m_e7c362b6,m_4b366630
m_a4c7a169,m_166bcbd2
m_e33f7855,m_0d8dda0b
m_926411a3,m_288cdb27
m_f73b0053,m_38388829
m_d9539dd8,m_280bf34c
m_786c67b2,m_7b7c9cff
m_ca259bdd,m_d6e34301
m_ce81fc54,m_5cf9358b
m_63cc441a,m_5e007fdb
m_a4a05963,m_baba2db1
m_8b517597,m_0d8dda0b
m_71b95b7c,m_f40e4ea3
m_e684463d,m_e11fad49
m_d878e376,m_d9fe8eac
m_701813f6,m_a134bbcc
m_57c6a4c0,m_5f0cf551
m_e5c33c98,m_e32315ce
m_989fbd1e,m_cccd194c
m_dd0aa195,m_76f692d2
m_85423a66,m_8d3d402d
m_5cf9358b,m_ce81fc54
m_56fe061a,m_fa96adba
m_71b95b7c,m_4e0b5653
m_8308c342,m_d6c53c69
m_5173b3f8,m_fa189db3
m_ff9393aa,m_df89b523
m_7f209d06,m_b0b892b2
m_abca1c74,m_5d8d6915
m_8f6c764f,m_5354a57d
m_87e79861,m_ef364104
m_e0350935,m_69ad0018
m_ea0efb0c,m_664a4a97
m_48bd1847,m_52d25fa3
m_a3fe0649,m_c7e2937f
m_3f99f233,m_7aa2b02f
m_938d78af,m_19f5f6ac
m_980c7574,m_ffc257ee
m_25630fdb,m_84293fd4
m_a8f44c0b,m_8763f80f
m_81571547,m_edd06c42
m_08084ab1,m_ecbb3804
m_faac8211,m_af2efc24
m_49e4ab9c,m_5e694721
m_0d73cf59,m_6ecf9493
m_8fbb1a0b,m_8f9beedb
m_3a3454b0,m_705fd8b3
m_06e61c5f,m_7078a8d5
m_1e75c3e8,m_50854205
m_78ca0462,m_ea44a696
m_e4c2ceba,m_fa96adba
m_f67cbf73,m_28e66cb9
m_618be3f8,m_849b235f
m_81a647f6,m_773e5575
m_17f64377,m_aa0f7389
m_983afb8a,m_e5c33c98
m_4cce71d2,m_453fed97
m_0baf300b,m_aa0f7389
m_863edbfb,m_81823e2b
m_41077b65,m_9f0b6665
m_8886224f,m_1544c89c
m_bcc5ddd7,m_d3258d4e
m_a226a177,m_69ad0018
m_af2efc24,m_0f9376d5
m_5d949ac9,m_7807bcf9
m_86fa8463,m_fd0af3c1
m_cae42c9a,m_599d059e
m_6b8eba71,m_1a0784e2
m_f172d8cf,m_bb7f4958
m_7e6cf63a,m_925910e1
m_d6d7d491,m_5e007fdb
m_ace2cc06,m_bf6bf287
m_66d567b5,m_bd592a5b
m_0bdc42b2,m_b4fcac5b
m_3610f013,m_48d54602
m_4cce71d2,m_923664ab
m_35910a7d,m_78368dd0
m_00783719,m_6ecf9493
m_6b8eba71,m_5cfc118c
m_3d26006b,m_8fdb53a6
m_c4ce55a5,m_d7951f82
m_bd592a5b,m_690e4acc
m_c36d222b,m_00acd06e
m_8fabc910,m_95ce8b6f
m_2e53e948,m_6bd654e6
m_3a89fdbb,m_a52ce8d4
m_8e785f69,m_ace2cc06
m_9922aca4,m_d412d91e
m_bbeee16c,m_108785b3
m_199ebb28,m_346c27c7
m_91a4038a,m_3d02aa31
m_7d80157f,m_801ae489
m_275031fc,m_42eab06d
m_8e785f69,m_bf6bf287
m_fa20d193,m_b42dcafa
m_7cd3c82e,m_773e5575
m_b1a19033,m_08fde4cb
m_e6ac68f5,m_df7fce2b
m_84ac873b,m_f88ec9b0
m_5f3f21f5,m_974f79fe
m_c9940947,m_180fff2c
m_63074821,m_e11fad49
m_e5e95eb5,m_d52f3256
m_e743005f,m_bae6150c
m_001f3934,m_c4ce55a5
m_956533e3,m_c93378d1
m_47aa006e,m_cf0ce246
m_cac290c0,m_6254f50e
m_eff19292,m_430b044b
m_6e1a491a,m_e09c6c35
m_66537449,m_432a87a9
m_d0e980b7,m_71b40e9d
m_114d2f74,m_0a174de7
m_e352932b,m_c5bee320
m_97e5204e,m_71a3d541
m_f22aed25,m_50735d8a
m_aedc7a52,m_9661af95
m_773e5575,m_7cd3c82e
m_453a26b1,m_3898e5ae
m_1696d08a,m_85300566
m_36f30b70,m_104fd5b2
m_d1ec32f3,m_97e7b3ec
m_3cbdf8b6,m_7e552294
m_3c34c61d,m_e2644b0f
m_bf6da746,m_968070a5
m_2080159e,m_83c07503
m_b94e256a,m_6545edc0
m_df97f761,m_ffc257ee
m_274fc000,m_b4c90b3f
m_9acaa6e9,m_bf54f6eb
m_4344a110,m_8680da2f
m_19612897,m_f12e6c81
m_f9ea19de,m_83c07503
m_12090e6e,m_04e3fa7f
m_bbf5ef3a,m_c7e2937f
m_805d4328,m_aa1316dc
m_bbaca866,m_f5cefa72
m_0cf84e4f,m_0e7a7dfe
m_13488df4,m_19423178
m_6ecf9493,m_0d73cf59
m_81823e2b,m_50fd4694
m_090e61ca,m_5a202e58
m_e4c2ceba,m_56fe061a
m_8681a672,m_4e8a09f0
m_cb5a9e1b,m_33b59df9
m_10f2a541,m_3e8605c1
m_f5db1fc4,m_aa09a94b
m_dacfeeed,m_848729e7
m_4c85eb9b,m_e68e3a14
m_fc1b87e1,m_29bd5536
m_07fc82bf,m_aa09a94b
m_709f302d,m_c783bbd8
m_81a647f6,m_7cd3c82e
m_0b328e61,m_0dc62e62
m_ada0e860,m_853db153
m_5c7e21b5,m_e6c78aed
m_a4a05963,m_b9d7af79
m_160ffd62,m_98504e1d
m_996d94c8,m_b16c7319
m_1db76106,m_d6e34301
m_2a80e1f3,m_55b52751
m_fb4ed71b,m_50854205
m_7617bedb,m_8fbb1a0b
m_73354748,m_925910e1
m_5162add5,m_23335e40
m_acbf24a5,m_95ce8b6f
m_97e7b3ec,m_d1ec32f3
m_104fd5b2,m_f0e5b45a
m_b50fb0ed,m_e161f4b5
m_3a92d272,m_68512e1d
m_1cb5e267,m_8654bad7
m_ad7f967b,m_da81784f
m_67ce53c9,m_705fd8b3
m_d9539dd8,m_a95defd3
m_df68c170,m_19612897
m_e11fad49,m_e684463d
m_bbae20a4,m_ff9393aa
m_51fb1354,m_e3992118
m_66ee091a,m_d3f4a2cc
m_95ce8b6f,m_8fabc910
m_ae8f79cc,m_5d96b7d5
m_d31cad0b,m_d412d91e
m_d6d7d491,m_63cc441a
m_bae6150c,m_e743005f
m_b61c70c2,m_a62965c0
m_ff978c8d,m_b29a7e9c
m_bcfb8b23,m_d8819512
m_5d96b7d5,m_ec121607
m_f6a25cea,m_05893b60
m_11564d32,m_6254f50e
m_69ad0018,m_a226a177
m_f40e4ea3,m_4e0b5653
m_de4c2391,m_d878e376
m_5162add5,m_b165f896
m_3a3454b0,m_67ce53c9
m_fbc24a5a,m_44114115
m_3a92d272,m_b9ecfbe6
m_7cb90638,m_c9399a6d
m_e204bc7f,m_1a6e5aaa
m_3d2dfc3b,m_f2f42ed4
m_c232b8a4,m_e743005f
m_48bd1847,m_3f11b68a
m_3fa468f1,m_5b3bb10e
m_1e75c3e8,m_fb4ed71b
m_36f759a9,m_6a41a480
m_753f6589,m_15a326cb
m_791a94eb,m_3d26006b
m_102a11b1,m_e01a1420
m_c871c9d9,m_5e0eb403
m_bcae46ae,m_fdbfa006
m_e33f7855,m_8b517597
m_be5e6f2a,m_25630fdb
m_df89b523,m_ff9393aa
m_02a0145d,m_991b009f
m_3f11b68a,m_52d25fa3
m_35b0aa45,m_d079291e
m_ea296a4f,m_273b8553
m_dd4990ac,m_e7c362b6
m_cc49212f,m_d8819512
m_690e4acc,m_bd592a5b
m_e506ff81,m_f83d008a
m_85423a66,m_d13ebc47
m_1c1a6033,m_7a909501
m_b8f0a4ea,m_68062436
m_19423178,m_13488df4
m_8cadff29,m_ae0457e1
m_c3c25830,m_7e552294
m_04777036,m_b7b7cc9a
m_27d3bd92,m_76d3bc5d
m_d3f4a2cc,m_d63c767f
m_04e3fa7f,m_12090e6e
m_d45eab67,m_484765f5
m_791a94eb,m_8fdb53a6
m_e454667e,m_0b0593ce
m_342c86fa,m_05fbd872
m_a8f78557,m_206aa0ee
m_71b40e9d,m_d0e980b7
m_c0ff8a31,m_3c700710
m_16c8401d,m_5f0cf551
m_66e02077,m_b722f8de
m_8f9beedb,m_8fbb1a0b
m_8654bad7,m_1cb5e267
m_d6e34301,m_ca259bdd
m_a75dac1d,m_797d6b88
m_6bd654e6,m_10b9e97d
m_29bd5536,m_fc1b87e1
m_f83d008a,m_bc0215ba
m_67deef61,m_656885e9
m_c10e5254,m_9e06d008
m_139a62d6,m_78847e52
m_1cd7149a,m_74d4a9ee
m_c7e2937f,m_bbf5ef3a
m_19efda50,m_08d443c9
m_01978753,m_e01a1420
m_47d46115,m_273b8553
m_38388829,m_f73b0053
m_4040ad11,m_13488df4
m_1ca894d5,m_0dfb1559
m_5aca096c,m_8837fbb4
m_162bacf4,m_29bd5536
m_b4fcac5b,m_0bdc42b2
m_3250315a,m_4f05327b
m_2f1c9e96,m_b670c6f3
m_9e35e72f,m_413b19ad
m_a8dd22e4,m_1741246e
m_2e53e948,m_10b9e97d
m_c01c913a,m_dd0aa195
m_f16b5355,m_275031fc
m_55464f1a,m_27e5576d
m_e98e70d9,m_4d599d3a
m_baba2db1,m_b9d7af79
m_d18b7c8e,m_799e8087
m_923664ab,m_453fed97
m_8829f605,m_195e4ec0
m_05bb9e45,m_63d57a5f
m_7078a8d5,m_06e61c5f
m_36234980,m_d079291e
m_1d2d449f,m_9e490ec7
m_6cc98207,m_0955254a
m_aa0f7389,m_17f64377
m_59125c51,m_25cec17d
m_d8819512,m_bcfb8b23
m_0baf300b,m_17f64377
m_84293fd4,m_25630fdb
m_ae0457e1,m_8cadff29
m_476c59d7,m_b5637ebe
m_55121c5b,m_4e8a09f0
m_027805d9,m_c93378d1
m_2ff1dfe3,m_1810f452
m_57ce9d2b,m_0bdc42b2
m_f9959b5c,m_0e7a7dfe
m_dacfeeed,m_5ad2bfcf
m_c232b8a4,m_bae6150c
m_1407cf19,m_b703d6a4
m_73354748,m_7e6cf63a
m_2e914d0a,m_b722f8de
m_c01c913a,m_76f692d2
m_d18afc08,m_160ccf9c
m_c871c9d9,m_88d671d7
m_7fde82b8,m_a99c695a
m_5d12caf6,m_8cba3dad
m_edad6300,m_a62965c0
m_280bf34c,m_a95defd3
m_8e06e3e3,m_0f5680d3
m_85300566,m_648c5144
m_5f9dfbaa,m_38388829
m_d7951f82,m_c4ce55a5
m_e26bfb78,m_a82fb3db
m_cc468a3b,m_032b03ac
m_bf6bf287,m_ace2cc06
m_ae8f79cc,m_ec121607
m_b0b892b2,m_7f209d06
m_acbf24a5,m_8fabc910
m_5a202e58,m_153a41fb
m_52d25fa3,m_3f11b68a
m_f6a25cea,m_a574e2dd
m_0722e7fc,m_da81784f
m_76dc3d10,m_d0e980b7
m_d412d91e,m_9922aca4
m_e32315ce,m_e5c33c98
m_c3b50a91,m_d52f3256
m_f0e5b45a,m_104fd5b2
m_41f16f65,m_baca596b
m_ee2c48f3,m_4358fe85
m_152ee6b9,m_d7c09c92
m_04777036,m_dd60aac8
m_392aa60a,m_68062436
m_e6c78aed,m_d2b9d032
m_88d671d7,m_5e0eb403
m_2080159e,m_f9ea19de
m_7a7a79a6,m_ee91272c
m_1df3ef2a,m_51b3868c
m_fa636241,m_1659b9f8
m_69316e37,m_003fc7ac
m_9661af95,m_7e58133c
m_983afb8a,m_e32315ce
m_5b3bb10e,m_3fa468f1
m_59fa484e,m_13abeeef
m_26e1129e,m_cabf4dd4
m_0d8dda0b,m_8b517597
m_7f8f950b,m_160ccf9c
m_f9959b5c,m_0cf84e4f
m_4d56e6d1,m_3e5a757c
m_153a41fb,m_5a202e58
m_c8af5b31,m_6000bad3
m_d525796e,m_165c8f0c
m_adf7abaf,m_ff978c8d
m_6254f50e,m_11564d32
m_b9d7af79,m_baba2db1
m_51a4bc1a,m_aa1316dc
m_97a5aa90,m_19eebd81
m_4e0b5653,m_f40e4ea3
m_127ac1a7,m_5cf9358b
m_de4c2391,m_d9fe8eac
m_02f8a5ae,m_b96072d8
m_55b52751,m_2a80e1f3
m_1cd1c4eb,m_7de7d71c
m_168fbbbc,m_3bdb17ac
m_05bb9e45,m_0eb6d262
m_74873954,m_5412637c
m_648c5144,m_85300566
m_8e9d2138,m_80f30b2e
m_5c7e21b5,m_d2b9d032
m_a574e2dd,m_05893b60
m_36234980,m_35b0aa45
m_3090abaa,m_f3ff4888
m_e88cee77,m_6eb9506d
m_b9ecfbe6,m_68512e1d
m_fff67967,m_42fcdda2
m_8ad10f09,m_ba0e52ee
m_1cd1c4eb,m_c6c5969e
m_b3eef395,m_3a2d26be
m_775189db,m_996fc962
m_bdd2c62e,m_b35fa2b5
m_8b6a4863,m_e7109f7a
m_ab175ec7,m_10d7179f
m_859a26c6,m_cabf4dd4
m_afc6aa17,m_5aca096c
m_4318d2f7,m_b457e59a
m_ed40bc17,m_7f209d06
m_102a11b1,m_01978753
m_1e77a5e3,m_3a2d26be
m_50854205,m_fb4ed71b
m_1544c89c,m_8886224f
m_52a0c391,m_0b328e61
m_e01a1420,m_01978753
m_805d4328,m_51a4bc1a
