pokemon,species
p_6bb0e03f,s_fe978049
p_63acc066,s_81436b49
p_b49261ae,s_8c3d4abc
p_c08f6152,s_e7b22f53
p_cab4dc02,s_e9c54a88
p_05c2c27e,s_524f0d5a
p_73fe97cc,s_d333f99a
p_a28f89bb,s_6a13beda
p_09461da7,s_247e8e72
p_e96d0e40,s_00c456e5
p_4353a3b6,s_06f562d6
p_3dc2f292,s_06f562d6
p_3e58e209,s_2d343a3d
p_ff786ea7,s_1661115a
p_c8f88dab,s_c1cb6219
p_7254cb20,s_b799519a
p_7d1aca35,s_52cb080f
p_7a75f7ef,s_343ce3d0
p_0759d80f,s_cecba73d
p_763895c3,s_a4679abd
p_1b3a38ce,s_460b9b35
p_7377b67a,s_db204434
p_f33a81bc,s_71eba3c9
p_17445a86,s_da2a500c
p_4c6e439c,s_3721a473
p_40826764,s_efd9ba39
p_458edca8,s_75384e38
p_56b99934,s_dbf86e8e
p_afd8a72a,s_6cf5602e
p_6e9f2d7e,s_4490b72f
p_9031b357,s_9ae69dcb
p_b11ce1a4,s_1d3c6bbc
p_0faa13ce,s_accfd6ab
p_87488d39,s_d447d3fe
p_6eb1b031,s_b7e8ab5e
p_28ec9002,s_8c3d4abc
p_6051ecec,s_9084765c
p_b9bccedf,s_f825197a
p_7ddf4ee2,s_a1e072ab
p_bf8b2db9,s_58c35206
p_d2217a54,s_c4cadae1
p_c8b290a9,s_377eb830
p_7741ec1c,s_16188f17
p_ae38193d,s_ec07adfe
p_021d313d,s_0cf60680
p_6bc42b47,s_bc9a8289
p_fdbeac1f,s_98c3ac7a
p_89b621fa,s_38b9d127
p_db0b5811,s_cadfca47
p_75cc87a7,s_0844e668
p_19dba4ec,s_50894291
p_00eb812d,s_b3892b9d
p_0edd726e,s_dba70011
p_0bb5aa77,s_208243ad
p_04c4d843,s_4bda13b2
p_7c5975f6,s_5ac54e89
p_8055d81a,s_4cf9af4a
p_7132c02f,s_b014eb90
p_6bfe784b,s_65e014d1
p_19f2572f,s_362457c0
p_0f069a0b,s_5822744b
p_0ad6ba17,s_afa0ceb0
p_fc9860fa,s_4cf9af4a
p_9919792a,s_b3629d9a
p_a8f5f853,s_b87ea008
p_38997265,s_a31e0ed8
p_038e95d1,s_4ef79c0a
p_74c47dc2,s_15a41430
p_759b076b,s_6ca550ed
p_21a871ee,s_71ce56eb
p_5d4c6cc1,s_2f9349cb
p_2458f020,s_986ca577
p_93dc7e97,s_17f28f2d
p_aad2103f,s_375a952d
p_880906e2,s_42cd88e6
p_8bbd8a45,s_1fda1672
p_20e706e9,s_ed244e6c
p_fc47c039,s_18e0cc19
p_60ef50b4,s_babb8a4c
p_b8f28103,s_ee497e60
p_d209396b,s_cca23239
p_07312a32,s_b02db767
p_8c93b6c5,s_29d1d267
p_701f6637,s_272695df
p_ce8792ef,s_b1d29c48
p_ca5eaeb9,s_eaa89459
p_def41a20,s_86c432d2
p_c6384c0e,s_fd41649d
p_85a6264e,s_5312917a
p_b65d33a8,s_5312917a
p_834149c3,s_d9f901e7
p_80ee2fe3,s_d007c411
p_09963fb6,s_a826fedc
p_4abde213,s_5bae9175
p_f95a746e,s_ed19bc12
p_df4ec9be,s_3d027cec
p_1b05691b,s_a5255bf4
p_2ef7f6ba,s_64b0c677
p_49c88e97,s_9d9bd513
p_587ae95d,s_7380f085
p_cceb575e,s_d47f5bb4
p_2fd541a7,s_71719f68
p_74341ded,s_06482c3a
p_7f623259,s_71eba3c9
p_8a5e1859,s_18d49040
p_e9b32add,s_0e557ad1
p_f510396e,s_0e557ad1
p_2c583ae9,s_e3eef5f7
p_4fe263ea,s_c8564dcb
p_1ff8a267,s_159ece57
p_c47417b1,s_159ece57
p_a648da81,s_ab5fc35e
p_49ba9f86,s_ab5fc35e
p_70957d4e,s_13c2debe
p_2a119796,s_13c2debe
p_958d7898,s_b75f82f3
p_68c8ccae,s_b75f82f3
p_572b932b,s_41bd7bcc
p_11a8b705,s_b3274871
p_87ba7a50,s_f7bdb3e0
p_eea8d394,s_57a63736
p_27b6d215,s_6d7a9d9e
p_b4d45787,s_6d7a9d9e
p_ecde4383,s_c9a851c4
p_0f091bb2,s_b5a4534c
p_599f2eb5,s_f526a194
p_a72779e8,s_db204434
p_9d07df1c,s_db204434
p_d7d44e26,s_6ea1c293
p_97bdb32a,s_fbac4310
p_e8de4bad,s_757a4d5f
p_8d2adea1,s_b194930d
p_4bb0d9fc,s_b194930d
p_1f25ed0b,s_24bf8e1c
p_bdd3af08,s_ed05ea91
p_09b79c9e,s_891b22c1
p_40551510,s_adaf1d09
p_491a5f93,s_dbaf5599
p_67ed699e,s_dd11391a
p_49149cbf,s_ebb61b3b
p_b3c0d0a3,s_ebb61b3b
p_57f0ea0e,s_17692cec
p_e765fddf,s_1919736b
p_6859f497,s_1919736b
p_9e0025a5,s_6f79a8af
p_c77e9ecb,s_3b6c95f9
p_5e73b1a4,s_ec81c406
p_bf8a51a9,s_1aff20e9
p_1f4e0cd6,s_b298d84a
p_1f98be64,s_7f50c4de
p_3afa3b1f,s_93c59ceb
p_32febb4c,s_222c0b4f
p_48c60354,s_f40ef8df
p_dd2fedc0,s_312ed1a3
p_67126bb8,s_d1f10de6
p_42364427,s_d1f10de6
p_2c72f2eb,s_78885468
p_0249651b,s_7571bad9
p_09f90587,s_b585a420
p_6a484dd8,s_68101ada
p_87572f69,s_f488e500
p_dde687c7,s_0da04acf
p_55a6d177,s_adef8a85
p_7d0e028d,s_657a7df7
p_ef70bd61,s_995bd62b
p_685e6ec3,s_e631d237
p_294412cf,s_0bd1f6ac
p_6e74a1c6,s_ad4f4313
p_e5bb7429,s_a9f035d7
p_2bebc7e1,s_1488174c
p_ed62803b,s_1a9096ac
p_02df98a8,s_0f2625ad
p_58aa512e,s_dfbd949f
p_ee33a166,s_77e41fcc
p_d2659a9e,s_7c20d3b9
p_c5595f41,s_4b4a2eb7
p_a3f8a973,s_01afea36
p_ce7164e7,s_aebb0264
p_63cb0f79,s_529d93a1
p_9fa66810,s_eb3e9f94
p_d1ba6da7,s_0022d6bd
p_1f0c3ead,s_2259cb84
p_722351a7,s_939f53bd
p_7905cfda,s_53801eec
p_71f3299e,s_adabe60f
p_4a117d08,s_9cdd23fd
p_d7ed3c9e,s_af5f9619
p_7a2a8881,s_bf3075db
p_2810c77f,s_bf3075db
p_30736fbc,s_8b53aaf4
p_36b645c7,s_53a6c3e7
p_76474bdd,s_5dbec2b8
p_8acd609b,s_835a78c6
p_489c9249,s_2c50ca17
p_425b9571,s_7a9f17fe
p_6b0a270e,s_352222ce
p_5f65cdfe,s_57011ada
p_263617d9,s_a3263103
p_409ec8ef,s_8d1fd247
p_e83f8be5,s_ef9a0c45
p_40107d44,s_760419c4
p_32e4efad,s_2f65999a
p_9f4efaac,s_4ed458af
p_2e4599f4,s_51e17498
p_2132aeab,s_5d983bb9
p_f0d74359,s_e37be817
p_e188761a,s_0fa2e87f
p_23c8309b,s_b40d4e32
p_330e2989,s_7dfaf23a
p_9077d865,s_50f33c91
p_c2fe38c3,s_90465d1c
p_3c1ced89,s_b053a5d7
p_453d353c,s_63f4997c
p_c8d8cfbc,s_69348a96
p_472bdf47,s_cf9021a0
p_b854cc2e,s_6d05c53d
p_9641d857,s_1fae860f
p_0a753ba5,s_70e280e6
p_2594b9b4,s_01eef293
p_058dd15a,s_e5b0f064
p_3cc13e81,s_fe35ff2b
p_6f795e76,s_416b3ab4
p_ef35d918,s_f601f01d
p_e26a87c6,s_e0df33ce
p_7ec30e71,s_dd11391a
p_4521e725,s_2f65999a
p_82478fcc,s_0e556087
p_e980e7a8,s_bb1677ba
p_5a5c86ad,s_37e013c3
p_12a028ab,s_6cf3ce6d
p_5fe9bb83,s_202905f3
p_865a1fff,s_169dc4a1
p_423b61dc,s_dd11391a
p_13d01f9a,s_dd11391a
p_f909329c,s_dd11391a
p_8d219ba4,s_5312917a
p_d078f9e5,s_b69c95bf
p_8918dc2a,s_0cbecda6
p_232d7dbf,s_dd11391a
p_fd52e986,s_dd11391a
p_fc984720,s_1e715d85
p_c138ff94,s_adaf1d09
p_2f372431,s_515f8bbb
p_95672d72,s_e2a93971
p_5825f4e1,s_d47f5bb4
p_88a653a2,s_27f544fb
p_a26fbc55,s_0ee77392
p_cdae6e63,s_13c2debe
p_909d9de8,s_0ee77392
p_4772c9e3,s_1fae860f
p_ffda1da3,s_70719e38
p_fab205e4,s_1f3a2176
p_a4bfb623,s_4035b51a
p_bed61bd7,s_4f99ba89
p_c153f899,s_2bf314b3
p_a8394db2,s_986ca577
p_773613a5,s_986ca577
p_51dab86e,s_dade631f
p_6791e219,s_dade631f
p_ba87b459,s_4981f341
p_a26516bb,s_4cf9af4a
p_7698f7ed,s_35838fac
p_2cde6180,s_f601f01d
p_aba34775,s_dd11391a
p_fc2d0ea8,s_dd11391a
p_b316cd1e,s_7f59cff4
p_c3d19dea,s_dd11391a
p_b83b55f3,s_0b752fcd
p_da739ec5,s_0b752fcd
p_61926aed,s_65e014d1
p_99f14a48,s_7559125f
p_7338299f,s_68101ada
p_9303066c,s_68101ada
p_2147dbe8,s_f0cea787
p_a2552e68,s_f0cea787
p_e88399d1,s_bd8a7e67
p_d967f20b,s_3d49322c
p_3f77527f,s_3e9299bc
p_ae2ba1f1,s_7365355c
p_2e0a4ae3,s_ce766db6
p_285038c2,s_6b4390a6
p_16c44746,s_30192da8
p_b2cef8b5,s_a00aca21
p_3b9d1bb8,s_ed923923
p_b5319255,s_6a22f928
p_0e9167e0,s_219034e5
p_33278401,s_30b6736d
p_cac2e83a,s_32062a76
p_ca20363b,s_46a46d15
p_cbbafb8a,s_529d93a1
p_d8fb29ff,s_2778d8f3
p_e72a0f9a,s_b5fa1fe4
p_5037c562,s_9ef662ce
p_ee4084ab,s_0d427535
p_259a9e14,s_72e0ca3d
p_7aadb02a,s_eaa1e5c0
p_64e5c334,s_1919736b
p_a1af6156,s_bd27cec1
p_a69c3214,s_7565cff4
p_b329e3e4,s_0cb61e66
p_77df0ebd,s_e5341cc7
p_e754a5e4,s_473abc0b
p_b1babd1d,s_7812e1d1
p_e97dfa42,s_ee02ecda
p_ada7ab36,s_8d7e8d46
p_e9fde9f3,s_3e9740b2
p_2a18b3d9,s_b014eb90
p_f9633c1c,s_234be78d
p_2740b16b,s_9f931596
p_71c7056b,s_1c12a3c3
p_97dcf870,s_8a76c2f2
p_8d63bdcb,s_486ec97a
p_0f0804e7,s_5a19a6a0
p_d6753cdd,s_1517314d
p_59ced13c,s_500dda81
p_4318586f,s_5bd39535
p_11f60c38,s_dbd65ab5
p_bf079185,s_ee900f25
p_1dfce879,s_f96a37da
p_51eb4fc7,s_391b555c
p_59218116,s_0432abd3
p_a4fd0c3e,s_eeca1ff9
p_77e70836,s_222761b8
p_744e1884,s_1c86b682
p_a55e2031,s_fd26ddb6
p_14b3f019,s_990b9a2b
p_1964999e,s_9fe9eeb0
p_c228043a,s_e9766258
p_b0f9a90a,s_e9766258
p_72e15826,s_e9766258
p_084c68e1,s_e9766258
p_c2b97f4d,s_e9766258
p_4f7cf831,s_e9766258
p_3810560f,s_3ce98706
p_567194e1,s_3ce98706
p_6beb481a,s_2486a741
p_fbd17c82,s_990b9a2b
p_076ccf88,s_6a7d8bdb
p_8b5fa701,s_9a60d8b5
p_ac8c0316,s_392b7887
p_63b1898c,s_e34f44ad
p_10efd9b6,s_db5626b8
p_782c5cf3,s_4cf9af4a
p_ebfbfabd,s_1e2ceac8
p_b2a7b6f3,s_a1f483e2
p_dead0b4e,s_acfaf0f1
p_9eda7881,s_1ff9166b
p_6d2547fc,s_1ff9166b
p_deb0abb8,s_088196b5
p_e6b9aa69,s_a1e072ab
p_0b6d3984,s_dd11391a
p_e6d8a37a,s_dd11391a
p_7598b3c4,s_dd11391a
p_d32a8511,s_1ff9166b
p_ccf81d76,s_e633d4d1
p_4c1c93cf,s_c5fdffbe
p_96090477,s_3f713328
p_1fb302d0,s_3f713328
p_618bc2f8,s_1517314d
p_c510c8dd,s_3f713328
p_2fe6bba7,s_3ce98706
p_e5d60ad1,s_3ce98706
p_c1d700d1,s_e1fc2411
p_7e4f5e49,s_5a761d61
p_0edfd1ef,s_b97010c0
p_f25bb647,s_4683d62e
p_150bb3c2,s_09954f22
p_e85d495f,s_3f4d517a
p_223d7565,s_babb8a4c
p_ee7e1b87,s_169dc4a1
p_cd3af449,s_4cf9af4a
p_b08174f7,s_b6d1f8b0
p_55bfcd6d,s_5cf2c09e
p_956806b2,s_6d05c53d
p_befd539f,s_a8fb1e0a
p_54ba0b8f,s_5dbec2b8
p_6d67fd73,s_7dc4771b
p_2ae3682d,s_90465d1c
p_c84eb7b2,s_90465d1c
p_376a830e,s_0f682ba1
p_b4f86955,s_5ce1e269
p_3c3e6977,s_5ce1e269
p_d2d65f8f,s_2c10c740
p_6ba7451e,s_87f0729c
p_7cc090f2,s_dd90874c
p_e8ce0640,s_dd90874c
p_d8129c9f,s_47842dbd
p_8b660138,s_47842dbd
p_53658daf,s_8b0d14b4
p_7d66243c,s_8b0d14b4
p_99122174,s_3fd57bc7
p_1d901841,s_4bda13b2
p_197a5393,s_31313ecb
p_43404e6a,s_c83cee9d
p_82636fe8,s_1d9a3394
p_957b9638,s_cacf2e11
p_3e284a6c,s_cacf2e11
p_fc26e850,s_4378f523
p_8126f0ab,s_2b9d0f89
p_dd6a3fca,s_cc8e73ba
p_39bfe34e,s_d6991ff6
p_ab176bcf,s_6b657916
p_188ab6a7,s_fbf996d5
p_484ce831,s_cf9021a0
p_201fdc80,s_1d72f6db
p_f23c049b,s_bea61789
p_38ef26e2,s_115daa98
p_829a9937,s_047c94d3
p_3e099db5,s_00c456e5
p_63646996,s_60a1e19d
p_e440c697,s_5383cd00
p_389067eb,s_becf95c4
p_096f264d,s_70172ee5
p_9227d3c3,s_40a7ec4b
p_73177b96,s_3b754147
p_92b03b56,s_4cb68538
p_99f869fa,s_c661e51e
p_6e52d608,s_e3a4384f
p_72f099cc,s_59531016
p_a5c9b715,s_169dc4a1
p_babeeff6,s_5cd84bfe
p_4485de56,s_adaf1d09
p_9990a3d1,s_adaf1d09
p_fa3363c6,s_d63fba10
p_34eb35b1,s_2f9349cb
p_9dd71ce3,s_c7b0c6e0
p_dd48bdde,s_2c73666f
p_c1ffd7ef,s_beab8418
p_35b9da5e,s_32209f4a
p_8a91119c,s_99860850
p_1fec2936,s_184216e2
p_18fdfece,s_5d3043e2
p_601905ef,s_b1e630f0
p_c0515915,s_73e0c5aa
p_a202cf46,s_2b496071
p_cab87f9c,s_03b9947e
p_f3a4c682,s_cf3e765e
p_d2cd5a35,s_9b1d373c
p_7778b143,s_48a9ae96
p_0dbf3bcb,s_4820b58e
p_d536b7c4,s_bb66d690
p_04003ebb,s_23263453
p_4c204b7b,s_bdf68109
p_c6ccdd5a,s_f6994b83
p_df721367,s_b97010c0
p_3c3c8163,s_d931c7de
p_35e3e28c,s_1d4694e5
p_240dbe3f,s_e9766258
p_cc508049,s_e9766258
p_06a17f5b,s_e9766258
p_77e6af98,s_e9766258
p_f2abfea9,s_e9766258
p_2483e2af,s_e9766258
p_76ebb936,s_2d6b16d3
p_2b2e05a9,s_99860850
p_9c7d8f1c,s_8d7e8d46
p_f4b4a84b,s_02e531ae
p_529822b7,s_dd11391a
p_50e81cfa,s_8eb21cdf
p_6246e21e,s_23263453
p_513f6866,s_23263453
p_7a56476a,s_86cd7aaf
p_8fbeaf54,s_1e715d85
p_10a8ace4,s_cb0e71bd
p_0dfbf219,s_05fd9f89
p_8a8b8e9b,s_0f911739
p_e57dd7af,s_b370a92c
p_a3023f14,s_1d1dd1b4
p_5d9504dd,s_9db486bb
p_a042c523,s_14f32d8e
p_fd2ea492,s_0d5912d9
p_bf42f3ad,s_4f27b543
p_a7c1831e,s_8128c22e
p_89827269,s_4f99ba89
p_b7aecb4b,s_30067ed1
p_cabee6b0,s_a3a5e994
p_d6935ca3,s_37e013c3
p_1333a9b7,s_7bccfbe1
p_acc5c82e,s_f32a9325
p_c09b60d7,s_a8daf2e0
p_f389ec4f,s_84507806
p_36147e3e,s_e9766258
p_936faaaa,s_6574713c
p_5cf18504,s_6c77196c
p_963beed1,s_8c340e59
p_2f4770ed,s_760419c4
p_d79908d6,s_a10858fe
p_1f87756c,s_9a60d8b5
p_4d303174,s_2083aaf5
p_b0b38613,s_160b3ecc
p_026cd7df,s_83a340a4
p_6fb052b6,s_83a340a4
p_4486ed4d,s_f1c673ac
p_60739100,s_f1c673ac
p_5b88f951,s_b599f20d
p_6bca8aa0,s_b599f20d
p_0ae3b98f,s_bb66d690
p_90e451d3,s_857e29cc
p_d215f036,s_75d86a77
p_bb70ca7d,s_1d184354
p_4842cf6d,s_1d184354
p_c713d6d6,s_76b2ccae
p_c64bc4cb,s_7f59cff4
p_e23b0b20,s_b116224d
p_6982eafc,s_2d12005b
p_fedfa699,s_2d12005b
p_0b6da2e2,s_ad633bf0
p_dc8c22f4,s_ad633bf0
p_cc9fff4e,s_b980b443
p_006cbd58,s_ac4d059c
p_50debd56,s_fc73aa6c
p_8a4635d2,s_96d2fa86
p_04018088,s_76bbe341
p_2d982552,s_d32753b0
p_6b0eccff,s_a0280295
p_6febeb23,s_2d44642b
p_0e6ff850,s_2c50ca17
p_f94fdaf8,s_8723f5e5
p_45135e39,s_444a9cf0
p_ed0eadfb,s_17692cec
p_a03b2eb3,s_dd4296fe
p_2f87674d,s_d475cff9
p_c6f743a1,s_cf1c0ca8
p_8c064eae,s_c8062085
p_776419a4,s_738f0fcd
p_e19d803f,s_2e4f7f8f
p_91c09092,s_4b344e1a
p_88e9c5a8,s_86343ca3
p_9f690a13,s_efd9ba39
p_0d5631ae,s_295e1434
p_5e57b9bb,s_75fe6168
p_7182cf07,s_4981f341
p_dedabc81,s_ee02ecda
p_0aca48dc,s_8a1df778
p_8f5f4663,s_a1fb5a5e
p_273e2d4c,s_894c74d0
p_c44616f1,s_0a109f22
p_5312db94,s_505b3578
p_d7d78042,s_a59c25d2
p_ef29d877,s_2d388a54
p_3a2592f8,s_c9d0f40c
p_89667662,s_87f0729c
p_f888734b,s_8531de6b
p_cc28c80c,s_31313ecb
p_ff4d1e4e,s_8875ab88
p_e6f20e53,s_4416a76c
p_083b23ee,s_9670a524
p_36f75a00,s_696f4f05
p_1f8b3b12,s_3fd57bc7
p_5dfc29e2,s_efd8a369
p_565f4e4f,s_60fa9201
p_40ef56c0,s_88524577
p_cc6c4e93,s_fe978049
p_6f5fa1da,s_e8899c57
p_8e66e422,s_d71fe6f8
p_b67ba255,s_cec0ddc5
p_2e4486ce,s_2cba37ef
p_b0ee5bfc,s_f332cd1a
p_b7bd3e09,s_f56885fa
p_85c1c4a0,s_daf29445
p_aa6a22f9,s_dd90874c
p_90771f73,s_596e29ef
p_e46df071,s_a0de0224
p_6478ec98,s_5879c685
p_bc6a749e,s_40a29b02
p_d5df5acf,s_79717875
p_de82105f,s_30067ed1
p_735181e2,s_32c1e7de
p_611b1c4d,s_7f5deafc
p_757aa842,s_3ce98706
p_a2512708,s_e3dc96e4
p_4106f58a,s_9970a4cb
p_d1037b13,s_e9766258
p_6a7eb5e8,s_1fb87815
p_ac98fc65,s_32c1e7de
p_6b6fb291,s_a4dcf17b
p_bc7c63ac,s_d931c7de
p_b3bd6222,s_30067ed1
p_db4e574f,s_a197caf5
p_082a3ac8,s_23ee6f78
p_9cc7e0a1,s_b820d23c
p_4066f3c3,s_68c4ff61
p_e3ba3e2d,s_7670d1fa
p_20888121,s_92756eba
p_9a670085,s_bdb0d1df
p_eaab2be7,s_b617730d
p_126a2048,s_29d1d267
p_e0ae31bf,s_d9ed8e5d
p_b8613810,s_d9ed8e5d
p_1cecd7d3,s_35679292
p_e2a76a4d,s_9c9496e5
p_48ed165a,s_4fe2e38a
p_db0695da,s_4fe2e38a
p_8baedeab,s_cb0e71bd
p_454216cf,s_4cf9af4a
p_09791791,s_2c50ca17
p_fbae352a,s_2c50ca17
p_843e2cac,s_444a9cf0
p_35ed34ec,s_9caeba2c
p_e43dfab0,s_7d832d4b
p_bf469e28,s_1e4955b4
p_eeb3fb90,s_5b98f89e
p_cd98c58e,s_dd11391a
p_88c56d20,s_3dd984a9
p_87258758,s_2d6b16d3
p_5a5af76f,s_2d6b16d3
p_f6ad97b0,s_709be860
p_77c3b77e,s_eef1ede2
p_327ee00f,s_feee3926
p_f1ab1fcc,s_3af877eb
p_61570bd4,s_8859de26
p_c7d74294,s_73d83e5f
p_3ed40554,s_59a2f021
p_64a0e6a6,s_1fc107a6
p_1e116de1,s_bb66d690
p_8270be12,s_8b7bec74
p_26be0430,s_a7ba9545
p_761d35b7,s_6392cd96
p_d4c2ce7f,s_d7c7e637
p_f46ef00f,s_d7c7e637
p_f955620f,s_c9357504
p_53ca299a,s_71405b9b
p_eb27f9f8,s_c6898c10
p_d58ec5f9,s_c6898c10
p_3937b865,s_5292d44c
p_8b331de2,s_5292d44c
p_0e6cbfbf,s_3b618ac3
p_317636e0,s_e9766258
p_d253b18b,s_bf42e369
p_23804fbb,s_51b42ae7
p_9254b2cb,s_62796e63
p_b1bb230e,s_6d98e076
p_d39fb82a,s_23321b9d
p_7759665e,s_71718535
p_f6b7668c,s_9fa57ecb
p_5d927e94,s_522b3b3a
p_a3bd5651,s_7957c3e6
p_f04ca75c,s_c381a309
p_b60c4745,s_aa6f768f
p_9ad812a7,s_11f23032
p_bbdf15eb,s_6658902b
p_6548a46c,s_c7cb0431
p_6e266805,s_c7cb0431
p_1c5b97b2,s_76b3e772
p_a3c2abea,s_fb805db3
p_3ba2c866,s_b3274871
p_b3f1f2ca,s_307ad0f6
p_870be1ee,s_acbd1ce0
p_f62dc024,s_f32bdbad
p_33f48ea4,s_60c409ca
p_660bbb9e,s_ccb1a212
p_cec76c79,s_524f0d5a
p_d9097c4c,s_58c35206
p_7f5f59c6,s_4f719d86
p_0c497dff,s_4f719d86
p_4f8b0122,s_78885468
p_06a12b08,s_dd11391a
p_035dde54,s_e983e129
p_d7f251a7,s_5e0dfe73
p_c75ba952,s_4b9eb3a4
p_ad129141,s_3a362497
p_bac81a50,s_1ff9166b
p_b94c4a50,s_ef1313a5
p_f13b10dc,s_a4dcf17b
p_14c68c06,s_a4dcf17b
p_92b1a1b9,s_4fe2e38a
p_492f61d1,s_26d556c6
p_c088c721,s_2e9d55d6
p_e50540a3,s_2bf314b3
p_67c9d1c8,s_2bf314b3
p_62c2c145,s_d8f29c14
p_f51d937a,s_cc3d9631
p_7c7e59d7,s_aa9283d0
p_abf4ea48,s_681395ce
p_b9c10e38,s_0105e93b
p_4c8fa9a4,s_c7cb0431
p_f6b8126c,s_1fc3d6e1
p_e67b6392,s_247e8e72
p_a924572d,s_872d118f
p_017d6fd1,s_1c95a3b5
p_3ad2b091,s_552bd146
p_10ea2cd6,s_04ce451b
p_df880bcb,s_c2adcf45
p_557a542a,s_2bab24f4
p_1cc20b48,s_3871341a
p_f7e90316,s_a2c4af56
p_96e505a9,s_f022b9dc
p_826bf6d6,s_605e4637
p_2721938f,s_5ced2172
p_646c471b,s_e4da2f65
p_f50aac19,s_e2635484
p_0f6112b0,s_f6299ac9
p_e8403e01,s_584086c6
p_0f82a606,s_4003e267
p_96ddbd3e,s_9fe0110a
p_f636ec5f,s_244f9e96
p_d7608ab1,s_f2c59ac8
p_83af0c39,s_088f8488
p_0e9a4d44,s_b96ac067
p_0de2d509,s_a576ba60
p_3636f88c,s_39003267
p_10db75e9,s_74db1c99
p_45db8d04,s_b75f82f3
p_8563e62e,s_ce4f8432
p_1bcb6686,s_19cb8371
p_1556a1fc,s_dade631f
p_3c10dd0d,s_e17a85e1
p_6e9efc46,s_ff398dac
p_76c7544b,s_42fb9a61
p_0bbc2d23,s_790aa0e7
p_7797b0fb,s_7a9f17fe
p_0251597a,s_3ee86b85
p_93219ad6,s_ff91bd8e
p_edef180e,s_29239732
p_4f9a92c7,s_cec0ddc5
p_94bba9df,s_8e0e13c0
p_7052e755,s_7812e1d1
p_861bf7c8,s_eaa1e5c0
p_629abb38,s_6cf3ce6d
p_59188a72,s_202905f3
p_39daae0c,s_ede6bf4d
p_a2d39e11,s_9970a4cb
p_b1c6eab8,s_7cbeb082
p_9a496336,s_15482d5e
p_37264b34,s_1a9096ac
p_f01160a9,s_4a7d4255
p_c59e8747,s_fdac2163
p_13707f5d,s_54a5fad1
p_0e075c16,s_8bc442a2
p_038d4142,s_59c218de
p_1c99d832,s_28297f46
p_c07cf29c,s_fd26ddb6
p_519049e9,s_d1cfe9e0
p_f3ff9cea,s_3c78fb67
p_095b14bb,s_52813e27
p_2c39f244,s_2d12005b
p_9c1b40de,s_d1cfe9e0
p_3fc28e0d,s_ef10efe5
p_5b42981f,s_c8b8eafc
p_f829df42,s_69ef130b
p_5ca0e957,s_29137604
p_43e2d88c,s_8e0e13c0
p_09159dbf,s_8e0e13c0
p_3df8bef5,s_3601b633
p_39272a14,s_59c218de
p_76573da7,s_8007e35d
p_208d1bfb,s_8007e35d
p_4de7ad1c,s_db23e4d0
p_8bc1f309,s_29137604
p_92ef3a16,s_29137604
p_73944ff0,s_62e72e2e
p_50a86fd6,s_2560e839
p_26f6f1c5,s_1e2ceac8
p_4dd233d9,s_34628d48
p_122d931d,s_b87ea008
p_c1d9b686,s_b87ea008
p_d0a989de,s_3ce23ce8
p_3bfc6080,s_6f6b245f
p_f494bed4,s_cc0df058
p_3333452d,s_b2eb7adb
p_f4b3e1a7,s_4f719d86
p_bf5d16c9,s_b87ea008
p_c35dec28,s_0605a1a4
p_48dd526d,s_0605a1a4
p_c6ec8f64,s_4a92bfd8
p_5e1a4e8b,s_f3fd3df0
p_044681a8,s_0bc1b5f4
p_71ca9670,s_4f143237
p_127d13c3,s_4820b58e
p_3bec042a,s_4820b58e
p_fe6e2ac2,s_08321aa7
p_a3da52c7,s_57a63736
p_6617666d,s_2560e839
p_0a3c571b,s_690e81d5
p_822cd7f5,s_91585ea5
p_688f8a9c,s_9ccd2c5c
p_db512e2e,s_d21a12f2
p_ee85c34a,s_366993b5
p_1a804c5b,s_af67b43b
p_5f90d022,s_65105109
p_09a31d96,s_d5d44b74
p_6bd4cb18,s_3be47623
p_b09c5025,s_e8959011
p_22308fcc,s_8b0d14b4
p_1a371be7,s_6a744163
p_eb011a63,s_6a744163
p_56495143,s_98164ed9
p_d59a3ae0,s_98d60dc8
p_6dd89464,s_f79a4bcd
p_327b708e,s_cab3c625
p_bba44793,s_15dd1bc1
p_41c077fa,s_729e069f
p_7b7e4da3,s_4f15b8c9
p_76c8ee3a,s_d3bdaaf8
p_1d082332,s_ef10efe5
p_30643a25,s_cbe27c53
p_178de45c,s_d1ba20e5
p_509ebd6d,s_cc3c9758
p_694a7703,s_1a116443
p_7999fb59,s_d24439fd
p_c1bbbb42,s_97e9b00a
p_77ccac8c,s_e7b81cf3
p_bdb77fba,s_26b3d763
p_7efa2ba3,s_69ef130b
p_5be788d6,s_86cd7aaf
p_0cd225f3,s_3f21fd6a
p_82918f0b,s_a5709c7a
p_f9c75a11,s_44ae41db
p_538debc7,s_0fa2e87f
p_dc7a6fa4,s_7307e234
p_7fe3a274,s_57b57e1f
p_c404d1e4,s_bb883b71
p_de47a041,s_8b1a49c5
p_7365569d,s_ac9e4519
p_6f2d1ad0,s_6a7d8bdb
p_1abdebcd,s_5cf2c09e
p_9829b5b3,s_3d099aa5
p_0244e014,s_99011fcb
p_3191cd4b,s_17474df0
p_0f172982,s_98d60dc8
p_d0635c2d,s_e9766258
p_4c64f2e6,s_ceae7aab
p_16b62d45,s_d1f10de6
p_d73ef4d8,s_146c1434
p_bb404b90,s_2afafb77
p_c83ff981,s_e1856006
p_f7f3b79f,s_8fa7861f
p_4261e120,s_7c12043a
p_7cc9e687,s_407710b1
p_6cb4b3ee,s_709be860
p_84c0a555,s_f8b1f6f0
p_d78209af,s_6c8301f3
p_2f5efa16,s_35679292
p_d36c951e,s_9c9496e5
p_a18f5c66,s_9db486bb
p_1110504a,s_392b0710
p_4ad4cd92,s_67f8c9f7
p_32d6fe67,s_67f8c9f7
p_35f4a831,s_6c8301f3
p_1704892d,s_14a3f06b
p_7c03c49b,s_14a3f06b
p_3db511fb,s_32062a76
p_836a291c,s_a3943eca
p_042087fd,s_a3943eca
p_87ada69f,s_6c8301f3
p_c6e7057d,s_6c8301f3
p_fcdc1fe7,s_f5c8120e
p_e7f7f842,s_f5c8120e
p_59a221f5,s_b239b1ee
p_a638a22c,s_0162ce64
p_92abab29,s_0f2625ad
p_06ad6607,s_1abebf33
p_a87adfcf,s_606ea839
p_abc602d1,s_606ea839
p_fee0d597,s_f32bdbad
p_6c26ef32,s_f32bdbad
p_4cc0c12f,s_3d027cec
p_d83fa52e,s_f332cd1a
p_ab3b4800,s_89cf0bd8
p_fe3fb65b,s_1c12a3c3
p_f8346600,s_fe5e1c18
p_a58f52d9,s_9160a61a
p_7488e723,s_c8062085
p_dfeffeb3,s_4ebb5fde
p_e36789c2,s_5ede63b7
p_1d9bb027,s_90465d1c
p_2c07b63c,s_4c7d4db5
p_0a79f8ae,s_75fe6168
p_e034cfd0,s_3e7ee11c
p_69a67bc8,s_1b2044f1
p_58e9a2ae,s_405b1864
p_ec0d740a,s_bf854439
p_b7a53d3c,s_724fac61
p_822ef31f,s_724fac61
p_676d9427,s_a0ccf3f6
p_c2eafac8,s_67febd13
p_b7869d51,s_db204434
p_7072ae9e,s_db204434
p_30bdca02,s_8e0e13c0
p_17cd159d,s_8e0e13c0
p_0ef2a5ae,s_cef13d49
p_d3a501bb,s_7fd6b339
p_6739ee20,s_960a3edc
p_e42902eb,s_f6db9f78
p_72a9ad6d,s_9eb664f8
p_c2e72210,s_b96bae61
p_982be643,s_392b0710
p_e355d359,s_6428e35d
p_2818acda,s_1e4955b4
p_8a08fe1f,s_7d832d4b
p_51a11bab,s_9caeba2c
p_c788530d,s_7d10f9a9
p_75bacc45,s_21eabc83
p_8bbbcbd2,s_b820d23c
p_5ee8115b,s_e3d78c2f
p_6f29895f,s_ad8df55f
p_ce84ba7d,s_348881b2
p_3ad56faa,s_e2974573
p_4016f070,s_6b0189ab
p_00fdc688,s_b6b42b0d
p_97217573,s_e8b6235e
p_9c93f5b8,s_179e7cd4
p_4b352a88,s_d39b77d9
p_2d348fa8,s_c7b0c6e0
p_db73b692,s_c7b0c6e0
p_b2950114,s_68ab8ffd
p_d91f31d3,s_d064b873
p_47f6872f,s_f9319503
p_7cb58f2c,s_b049c369
p_932674c5,s_99c10bf1
p_aa600ae0,s_8b7bec74
p_7401595b,s_7dc1543b
p_b111e07a,s_4efde166
p_2f3dce1b,s_b8761062
p_30dbcc09,s_b8761062
p_d2b1ef1b,s_6c8301f3
p_e80523c9,s_7cd42ad2
p_23155a65,s_b11bc04a
p_df40c1d3,s_b11bc04a
p_acd6f2ea,s_d5087b6e
p_e5737439,s_724fac61
p_4718c422,s_2c10c740
p_51e46b03,s_dc794d8a
p_6e382039,s_d2a1721e
p_a69e40b3,s_bf3075db
p_306db3bf,s_63932626
p_a0a24cf7,s_7490a035
p_385eccba,s_76df0019
p_bb536271,s_5ee5b275
p_b67eeeed,s_351843b3
p_a3c867a8,s_169dc4a1
p_50807741,s_6a188a5a
p_d8082aaf,s_e6c9cc35
p_fcffbcaf,s_adf1a80a
p_bfea4c71,s_76f89d1d
p_1ad8e054,s_f5c8120e
p_151b27ad,s_14a3f06b
p_461cdd49,s_caf13a89
p_b7a3d22d,s_1f1a0933
p_545cc48b,s_5e0dfe73
p_87d6c5b9,s_2b4e6bfc
p_d128f8d3,s_65e014d1
p_94aa3751,s_75013df8
p_210faeab,s_4571669d
p_66eff00d,s_1c407664
p_4729419d,s_be5d3503
p_d0c78d1c,s_5f107b29
p_0df6fa47,s_2d12005b
p_29c74197,s_3c78fb67
p_360bf891,s_52813e27
p_26174be9,s_e7b22f53
p_cfdb94d6,s_d1cfe9e0
p_1d787a45,s_c6898c10
p_daac84e1,s_677f96b6
p_fcc7dfd7,s_e9766258
p_1afff469,s_ee02ecda
p_dbe93636,s_ce766db6
p_ab266131,s_ce766db6
p_1caf0a35,s_ee02ecda
p_1df0dcdc,s_f6994b83
p_a66d86b2,s_38c7f47c
p_ce6b15d7,s_e9766258
p_dbaa7864,s_e9766258
p_dbbfc728,s_343ce3d0
p_310fcb68,s_343ce3d0
p_d497187a,s_e633d4d1
p_93bc2619,s_46563b47
p_499f8787,s_a7925cad
p_54f2578f,s_8d7e8d46
p_e82620cc,s_53591635
p_0ea73a6d,s_53591635
p_c108bae8,s_69cb3022
p_50d5fbe8,s_1b7c5846
p_d1d4fead,s_1b7c5846
p_fd5f2c7c,s_df21f006
p_ad77eb11,s_1d0c25e1
p_0dbd359d,s_64f23671
p_aee2c923,s_e8bc50e1
p_5790eae5,s_ff1c1469
p_74c75553,s_f488e500
p_47e4cafe,s_5bae9175
p_eaa52b33,s_62e72e2e
p_8bb7bdd0,s_62e72e2e
p_7a1ab96d,s_407710b1
p_ce64ffcd,s_690e81d5
p_35699f73,s_690e81d5
p_6c3b80c0,s_dbf86e8e
p_c4b14bb7,s_4f5ec0f6
p_48489334,s_f27aa904
p_67102227,s_0960e941
p_e9c3d893,s_6bb495b6
p_ad9003ca,s_392b7887
p_d7463523,s_415f72be
p_5b982f45,s_4070d571
p_e90a6754,s_54a5fad1
p_86defa97,s_caf13a89
p_77caca15,s_4dab8877
p_be3fc5e5,s_4d822a13
p_6fbdce7c,s_db26719b
p_ae142d13,s_7d423e70
p_fc796a8c,s_b5a5e4b9
p_b1423aa9,s_c0dac781
p_b79f41b1,s_668c37bd
p_4361bcd7,s_96f14b89
p_49979249,s_62e72e2e
p_24441f1a,s_adf76528
p_23c3c22e,s_89cf0bd8
p_abaf6f48,s_08c4b001
p_14950a7e,s_30067ed1
p_bb864036,s_917148b7
p_e52e15a5,s_917148b7
p_dfb59552,s_606ea839
p_38f7e8a8,s_1e4955b4
p_fda977aa,s_085b66f3
p_e5d1e515,s_93b7fa1f
p_10a4b987,s_04b2e2dc
p_b27b461d,s_61bde07f
p_d13d36af,s_9b15fd97
p_98f87550,s_19de751f
p_9123fbbb,s_9c9ac1da
p_3302abc5,s_5e5a9f89
p_cf3c925a,s_bcd6f037
p_aedc64dc,s_5828410c
p_f39da835,s_26fa687e
p_f838f141,s_ee1bc1cd
p_1f98e775,s_a692fe96
p_771027c5,s_db26719b
p_c05131a8,s_618225c1
p_059591c0,s_c0dac781
p_75142d8c,s_bd45b054
p_fe345963,s_89cf0bd8
p_98f45114,s_00c4f2a8
p_6fb62a10,s_17e96f6f
p_640119b2,s_db26719b
p_79352fb5,s_bdf68109
p_cdaac739,s_453fb154
p_deb2713a,s_453fb154
p_67419f50,s_986ca577
p_6b5791ff,s_986ca577
p_c6d2686d,s_e8ebbb6d
p_2eff5b16,s_1b2044f1
p_7fae587d,s_90465d1c
p_c444bf6a,s_90465d1c
p_55021023,s_bf854439
p_1911b151,s_ee900f25
p_e262c488,s_b96ac067
p_5ac75991,s_e8ad2057
p_b8a38b86,s_37cf21a9
p_f5f5b29a,s_5e39d0fc
p_8fec0fe1,s_bb95c797
p_8321c77e,s_e38547b7
p_9d4497e0,s_64a3c17e
p_91d7b50b,s_ba7096a0
p_78dfb4bb,s_677f96b6
p_9735c679,s_99011fcb
p_cb23c445,s_20c3255b
p_01550fd1,s_52a3cc0a
p_4f24813c,s_43effeee
p_63340b47,s_dd11391a
p_8e4b414e,s_dd11391a
p_fed79c83,s_e69e942a
p_c1b58d82,s_f907689e
p_31555270,s_43dcdac6
p_7a2cf64f,s_ae53d299
p_1209a97f,s_75634908
p_519dbe3c,s_e50e9e47
p_5ec2a6cf,s_18e0cc19
p_8b95902f,s_722476f9
p_8c338966,s_15a41430
p_58ff1531,s_deb36e33
p_aacf7a04,s_09bf3003
p_a4008890,s_435a093f
p_88e5df77,s_23db5069
p_e831f4fe,s_3d74254e
p_605ef43c,s_601c6111
p_cfebe95d,s_677f96b6
p_01437f1d,s_8d1fd247
p_ad806332,s_befd9ce9
p_943c6bb6,s_faa078bf
p_2b9356c2,s_faa078bf
p_6eaef924,s_9ceed343
p_ed238d38,s_986ca577
p_7fb751fe,s_1251d03b
p_4ddc720a,s_55261b39
p_ceacafed,s_b40d4e32
p_52de4e99,s_ede6bf4d
p_ce508a3e,s_222cd0af
p_b16139bb,s_6c8301f3
p_7896fa05,s_cf3e765e
p_d09efd48,s_cf3e765e
p_70ae4590,s_c74cffe0
p_a3edadba,s_c74cffe0
p_9439fb29,s_696f4f05
p_20f5d7cb,s_a00aca21
p_dafea60d,s_43949100
p_9a636913,s_b2363edf
p_b33fff91,s_b2363edf
p_f812aee4,s_3b754147
p_ef33364a,s_d91629fa
p_46fdf18c,s_dd11391a
p_c9e34f72,s_202905f3
p_72234e60,s_202905f3
p_f9e6295e,s_e07a7f77
p_3d9a6e9d,s_b33da43a
p_53e62f55,s_3721a473
p_04aefda5,s_760419c4
p_9325707e,s_f30f5aa1
p_3cff6d4d,s_68101ada
p_41ce7fcc,s_10861476
p_3fc31782,s_7812e1d1
p_9820acaf,s_4dab8877
p_7af0dba6,s_707f8e34
p_f6187f1e,s_b03ecb29
p_42e8fbbb,s_3b6c95f9
p_4e7ad9b3,s_6d7a9d9e
p_b8689c72,s_9aa2d378
p_343780d2,s_295e1434
p_e89a7bbd,s_1d4694e5
p_e57f84dd,s_c9357504
p_6bfdf786,s_78c3aec9
p_5455442d,s_088196b5
p_a205dd2f,s_c4e62971
p_500aa25b,s_e4aa0ce7
p_ef6c9e2d,s_165d9848
p_ed532493,s_78c39ef7
p_89fc21d5,s_4b4a2eb7
p_bdcd0b76,s_4b4a2eb7
p_15def612,s_17694e09
p_619d6e5a,s_abb750a5
p_a0f8647e,s_fdb7dd3b
p_8357f02c,s_d91629fa
p_b440568d,s_4035d8e3
p_3aa0638a,s_9160a61a
p_882215ab,s_8c3c4873
p_f8521602,s_6517bcc9
p_2e93683e,s_415f72be
p_1796713e,s_cf9021a0
p_dec7c4bc,s_5cf2c09e
p_98bcf486,s_47842dbd
p_2246cc78,s_6a7d8bdb
p_8f6a213f,s_98d60dc8
p_452982db,s_2f9349cb
p_6f3869b5,s_84803926
p_dc066184,s_8e0e13c0
p_91e46a43,s_3d099aa5
p_546b622b,s_5fc301b6
p_c9728944,s_7297dd64
p_7d6c1222,s_ca0bca8f
p_0bc3e295,s_2f9349cb
p_6a6da6bf,s_cacf2e11
p_edf4421f,s_83be256f
p_73f579f8,s_262004ee
p_79d62248,s_d3bfd5f4
p_5ef9537b,s_e983e129
p_edb0f73f,s_5ee979cc
p_48285516,s_d144f18d
p_05f31fc0,s_4ef79c0a
p_b469b677,s_e5b0f064
p_c642aea1,s_e5b0f064
p_593bc054,s_b6083150
p_2fcb886a,s_afa0ceb0
p_79524aa5,s_52c3788a
p_5c5ad1c8,s_7dce70b7
p_8cb549cc,s_5822744b
p_85758b11,s_28b542a2
p_805fff30,s_0566c39e
p_e36f333a,s_fca5b497
p_1b5bbabc,s_ef9a0c45
p_efc50f8e,s_f14f2f46
p_4119727b,s_b171119d
p_42ced350,s_857e29cc
p_84604db4,s_7cd42ad2
p_59590110,s_7cd42ad2
p_2929c063,s_1327eb47
p_0407d077,s_0f54c70a
p_f2fc8049,s_d1ba20e5
p_57e6e494,s_d1ba20e5
p_3ee2d6f5,s_e34f44ad
p_e733a6e9,s_b96ac067
p_686fc877,s_70f75618
p_bed6cce5,s_5ee979cc
p_5d22a35c,s_470c9333
p_44339eb1,s_dd11391a
p_adc36e6e,s_ee1196b8
p_935a984a,s_f4575347
p_4f88fce0,s_a8d4e286
p_ff87456a,s_e19b5023
p_88a021a8,s_67febd13
p_40663eb0,s_65105109
p_5b035982,s_ec478e6a
p_8d7dfd5a,s_5ee5b275
p_959c185c,s_55261b39
p_62c9391c,s_55261b39
p_a4eb936e,s_d6a6e810
p_26da5dce,s_dd11391a
p_ce6adfe1,s_dd11391a
p_6f0329bf,s_dd11391a
p_6d2ecc60,s_0cd6f6ca
p_3ac396f6,s_d30377a2
p_376219a0,s_d30377a2
p_89721913,s_adaf1d09
p_3249f972,s_aa41f0f5
p_25bf0e69,s_bc9a8289
p_9d4ec58d,s_bc9a8289
p_16477544,s_02e531ae
p_a275f9c8,s_02e531ae
p_7132156a,s_c984ac1f
p_f2e7cb20,s_391b555c
p_f2845911,s_1a116443
p_c3e1fdc3,s_a3263103
p_c7c3abe7,s_f96a37da
p_9f854bb9,s_9a611e8a
p_b44e969c,s_3092193e
p_a4d7527f,s_9b15fd97
p_d959a43f,s_a560618b
p_77acd965,s_98d60dc8
p_17a5935f,s_befd9ce9
p_b3191ba7,s_befd9ce9
p_76ce92d1,s_f4d67c60
p_aa4ec858,s_38e5a008
p_70dfad21,s_32c1e7de
p_f800bef3,s_e10fa4be
p_2ce2f5aa,s_02e531ae
p_7cb536a7,s_9ceed343
p_fcd2d011,s_9fe0110a
p_290cff8f,s_fd6ed0b3
p_a187f4c5,s_b311026a
p_525ad8a3,s_0ee77392
p_33f3ea86,s_3125d692
p_a90698e9,s_1aceeeef
p_1a51f525,s_225ffa61
p_07dbc2ec,s_afc3270c
p_94a67b97,s_55e8430e
p_c011b32b,s_b5fa1fe4
p_14f36992,s_7812e1d1
p_acd755ca,s_8f3eaa59
p_fe73762c,s_8f3eaa59
p_abd8d6dc,s_6c8301f3
p_aa4101ab,s_8f3eaa59
p_b83fec82,s_6c8301f3
p_131c69d9,s_6c8301f3
p_861265e9,s_ceae7aab
p_3d36a67b,s_17474df0
p_3e9c4c96,s_321994c1
p_da4bcd88,s_328fff2a
p_9b8632fa,s_75fdd470
p_2ee25fd2,s_108a851c
p_8d9f7927,s_84803926
p_f0983fce,s_758f89b8
p_0d130cf3,s_d4172ca3
p_d633c50e,s_59a2f021
p_bac4f461,s_4f99ba89
p_30e52e67,s_1f0706b3
p_14c79c26,s_dbbb927f
p_17f40b54,s_689d8ca0
p_91ba363e,s_b88285e5
p_1db40e64,s_1c7e07ab
p_ed494e65,s_f27aa904
p_71ed7ac4,s_8a44bafa
p_42317f4f,s_9b1e5687
p_1430d2dc,s_65b98fb8
p_98b706f2,s_5acbc257
p_32759e0d,s_2deec8af
p_cdf5aa1a,s_92d2ab36
p_8339ffa1,s_a4dcf17b
p_bf84fe5e,s_25454f15
p_dc2abab7,s_e9c54a88
p_53cc6d6e,s_3b77c5ae
p_57e9d3b2,s_3dc06c96
p_76515e91,s_222cd0af
p_43be2b0b,s_bb19ee5c
p_78542d84,s_6f6b245f
p_43144c89,s_1bf6704e
p_1611715f,s_bb1b7d4c
p_490f5ed2,s_b242914d
p_eadda451,s_6e2776a8
p_0f78fb62,s_f846a3d0
p_8457b7b2,s_f4376632
p_d6bc6e09,s_62796e63
p_00332aca,s_ac38b9f5
p_8c64d6a5,s_c26cf86a
p_05fa7ac3,s_faa078bf
p_bcd204b5,s_9560c165
p_4865f04b,s_04c0b34b
p_68a95005,s_c108e4ee
p_1c8f1690,s_8bbe5d4d
p_23326eea,s_362457c0
p_ca412bd1,s_dadae5d4
p_175b3d59,s_4075a878
p_d356555b,s_f402cfa6
p_663116d6,s_f402cfa6
p_f6539118,s_91d668e0
p_7a661ede,s_91d668e0
p_c988bbc3,s_8bbe5d4d
p_b64a49f9,s_ed19bc12
p_aea4c475,s_ed19bc12
p_3a0f6976,s_797927fc
p_91bda3c1,s_a9043236
p_e3cc89d4,s_f56885fa
p_e14630e9,s_375a952d
p_f6ced86c,s_375a952d
p_705841a0,s_2b4e6bfc
p_c2946b78,s_0cf41cf5
p_4f81ccee,s_0f2f9322
p_c060b130,s_0f2f9322
p_4aa66a93,s_b298d84a
p_83ea2d3c,s_12e20797
p_7ebeff64,s_f91f37c8
p_34a4ece6,s_f91f37c8
p_690b11f7,s_41c1efca
p_18c7d7e2,s_cc3c9758
p_589c4f99,s_cc3c9758
p_a1f64968,s_e38547b7
p_dbd7cf07,s_e38547b7
p_3af69738,s_5106db82
p_663ae284,s_b014eb90
p_c50cca1f,s_83a340a4
p_2b4e7412,s_1f1a0933
p_7e7c7fc9,s_f2726bcd
p_47518ea0,s_737195e9
p_20ddb1bb,s_0105855c
p_be1bb38a,s_530c24bb
p_e3b10ae1,s_2d12005b
p_9391cec5,s_2d12005b
p_dc87d119,s_7e6e5fca
p_328ddf0a,s_85eeaaf9
p_0f013717,s_fd6ed0b3
p_17ee6a62,s_04bcaa65
p_51aa8b90,s_04bcaa65
p_74cd351a,s_0c95eefe
p_5d3bbfa3,s_79f41e9f
p_4ab43893,s_f9319503
p_de0612c2,s_5f8045ae
p_2d8284b7,s_28b542a2
p_e975e75e,s_d456221d
p_b32547b3,s_c3cae972
p_071915c1,s_4873694e
p_b87400a4,s_76df0019
p_9b4d9791,s_c384efbf
p_9aa61ec7,s_7614f714
p_e678e55b,s_e4d64e0a
p_097f2d54,s_dba355f3
p_1f507cce,s_eadd541d
p_3753b7cf,s_5f657119
p_d0755c89,s_e8c6aa11
p_6367b73e,s_aa41f0f5
p_0bfa82b5,s_53801eec
p_234ab411,s_f30319c8
p_30ea1cb7,s_529d93a1
p_b7f04058,s_529d93a1
p_b5f2291d,s_e19b5023
p_2934b16a,s_757a4d5f
p_bd3372de,s_497e640b
p_809ab63e,s_cbb96b34
p_89c84b5f,s_559309a1
p_4a6f8770,s_c38b82b8
p_4b99b72d,s_23cefab8
p_a91fef02,s_24462676
p_b864792d,s_271eded2
p_278595f8,s_4f27b543
p_a58e726b,s_07237747
p_79ee0bca,s_7a288199
p_e955ba4e,s_dd6814a1
p_04a5b1de,s_4f45e0d3
p_88c42afd,s_862dfb2b
p_98352e7e,s_24bf8e1c
p_5c11ba36,s_2d6b16d3
p_cb8f4a17,s_be654014
p_3c86d30b,s_5ce1e269
p_9456cc33,s_e21f7721
p_5ff70ec8,s_ac09e1bc
p_feeb7397,s_c33e1b37
p_6e9f397a,s_29239732
p_4e2ca503,s_dde2d74f
p_3c826991,s_abd11ea6
p_cfc84d7f,s_7698dfc4
p_847ca8ef,s_016e52a0
p_f7484f9e,s_1e2ceac8
p_59cad62a,s_a560618b
p_88544005,s_06f562d6
p_26e17e9e,s_31c923a3
p_3782969e,s_38a4f313
p_c9bca29a,s_e7335c87
p_ce6cfc8a,s_317ccade
p_a8c1512b,s_317ccade
p_94de8814,s_e633d4d1
p_b71807f8,s_46563b47
p_9790f745,s_1bcbf8c5
p_61eea931,s_c8b8eafc
p_7cf1dc8a,s_ab5fc35e
p_33795293,s_c1009888
p_fad53717,s_b5a5e4b9
p_6b7218c0,s_57011ada
p_c6fb5a97,s_939f53bd
p_850f6d14,s_939f53bd
p_794653f4,s_939f53bd
p_c76b4167,s_17694e09
p_5d548d82,s_835a78c6
p_ee320ccf,s_db204434
p_4ced388a,s_7f50c4de
p_969c71b4,s_1f4ed5c3
p_0cea8f24,s_91d668e0
p_620911cb,s_a90f76da
p_07a26da8,s_2486a741
p_d08069e0,s_ebb43a4b
p_b91b256d,s_e309fff3
p_003c41d5,s_9ae69dcb
p_34fa6cc5,s_0a6ec0fa
p_4096046a,s_0c05a194
p_71fd0f13,s_990b9a2b
p_1cb775df,s_222c0b4f
p_cbd72e9e,s_222c0b4f
p_642c9e21,s_18d49040
p_2f558d42,s_3ea7cc56
p_d57c71c8,s_c2adcf45
p_37aad0d3,s_e9766258
p_fb41d29f,s_79f41e9f
p_1ac34160,s_97ad962d
p_5c923bca,s_71405b9b
p_33d6d4b1,s_d931c7de
p_978e4acf,s_0b752fcd
p_9b31bd1f,s_d63fba10
p_fa1185cb,s_bb66d690
p_3f5f50f1,s_bb66d690
p_b385bfaa,s_f341273b
p_c4f35c50,s_c8bbf24d
p_3a168976,s_fe35ff2b
p_e7ba808d,s_c9a851c4
p_811b1886,s_b5a4534c
p_dbbac93f,s_e66272e3
p_c203f43d,s_2c50ca17
p_1aafae5a,s_0ba0690b
p_f0426e6b,s_32c1e7de
p_fa8ee843,s_9ceed343
p_b7734e28,s_53801eec
p_1d4c53d3,s_79decb1c
p_e78f02a1,s_41c1efca
p_3d4b2d83,s_41c1efca
p_d9ca6889,s_986ca577
p_0bff6143,s_986ca577
p_2be3d4b1,s_17694e09
p_6ab97a34,s_06b28264
p_ec7cf3ff,s_59b36ffe
p_362c6102,s_59b36ffe
p_7f09f90b,s_3092193e
p_a83bd130,s_d077bca7
p_1b189b60,s_b2363edf
p_f8169f06,s_8f3eaa59
p_840c2dae,s_0902f413
p_0d51e629,s_70226d9f
p_5afc5587,s_b87ea008
p_7efb5031,s_79f41e9f
p_a31a7c8e,s_ac585c95
p_662dfea4,s_cb343082
p_3141a2bf,s_a31e0ed8
p_f4b05bf7,s_43810fe1
p_a4ff2a11,s_3a575d86
p_428c92e5,s_b599f20d
p_287785eb,s_f97c737b
p_9ae1627f,s_5eaea86e
p_2b9ba017,s_1f2cf55a
p_7b5d896f,s_5ffaf7f6
p_ececb24d,s_cd19d048
p_681bdcaf,s_43042a37
p_7c32422d,s_1d184354
p_7de09c8a,s_f0cea787
p_9697e07a,s_8e0edc93
p_a1371d89,s_d968564b
p_d80900af,s_986da94b
p_64ddc5cf,s_ef59e706
p_6ee65f80,s_70e280e6
p_3e912778,s_01eef293
p_6de7b05a,s_6d05c53d
p_80935eee,s_1fae860f
p_22ea1b7f,s_9fa78ecd
p_a2a9d01a,s_fdf24df2
p_3c34c15d,s_27a2f5db
p_e4c212fd,s_159ece57
p_7cba44c0,s_b194930d
p_ecba48dd,s_438434f1
p_afc8aeac,s_6050eac2
p_4bb19edd,s_8fe19106
p_555af3aa,s_8fe19106
p_4bfa46fd,s_939f53bd
p_9478d6ce,s_939f53bd
p_add433ad,s_d687eb70
p_7f738698,s_0bd0672a
p_091ce616,s_8087cf97
p_acafbf2f,s_abdb4d6d
p_bcc71689,s_9cdd23fd
p_97585788,s_0022d6bd
p_849b2991,s_3be9bae8
p_0182b726,s_38c7f47c
p_71478efe,s_62e72e2e
p_2d987943,s_b3629d9a
p_f72682eb,s_1919736b
p_6bacd4c8,s_af5f9619
p_121d0304,s_f907689e
p_01d0ee1d,s_30067ed1
p_26a0ccd4,s_c108e4ee
p_5c025fbc,s_0c05a194
p_f2da4b86,s_fa1098e4
p_6edba5b2,s_977c3937
p_4eed6011,s_c8bbf24d
p_06480ee0,s_3ce98706
p_f0fe5ea9,s_8e0edc93
p_973d85a8,s_f0cea787
p_85eb5c4e,s_e9766258
p_1db522c6,s_05beeb2c
p_0d08a997,s_d74ba348
p_f2462e65,s_d968564b
p_8840a4df,s_acea4ba4
p_54cc7584,s_acea4ba4
p_302df944,s_3dc06c96
p_2604d858,s_3dc06c96
p_a5a50bda,s_cb343082
p_cb847e73,s_a306d5b6
p_6ea5d789,s_55ec86e0
p_dfb5ad05,s_d6aed6c8
p_82c7b207,s_115daa98
p_83505ce3,s_6ea1c293
p_9e22f958,s_b2cf3235
p_7cdd7095,s_b2cf3235
p_06c2ca60,s_eef1ede2
p_abc5b04a,s_f0cd462b
p_6502af64,s_7dfaf23a
p_79bd922d,s_dd4296fe
p_24f77b9d,s_19d05d15
p_0ee0c7ef,s_85d4ad6d
p_d0864640,s_85d4ad6d
p_2e7897ff,s_70719e38
p_5487ad06,s_986ca577
p_4eab2c04,s_986ca577
p_6b6bb0aa,s_085b66f3
p_94ef28c9,s_b5a5e4b9
p_5b41a4ca,s_085b66f3
p_4c4fa499,s_60f47080
p_c9f84eee,s_0e557ad1
p_041b1951,s_c4e62971
p_ec8ef794,s_c4e62971
p_db38ed2b,s_5e2bc5b7
p_a27eca99,s_d91629fa
p_5346c365,s_72e0ca3d
p_6317a992,s_0162ce64
p_61812295,s_52cb080f
p_040498a4,s_52cb080f
p_ca0bbeae,s_8a44bafa
p_a85558da,s_8a44bafa
p_fa26a0a7,s_2ac13a3f
p_3a9ca283,s_f7ad2185
p_792f3d33,s_d475cff9
p_507c2ae9,s_04e2bba7
p_bdc8a3d7,s_f6994b83
p_1223c81f,s_ddade14b
p_ea130658,s_5106db82
p_3285d669,s_282cea04
p_f87fd20a,s_ed05ea91
p_90f0fa20,s_e84d2c76
p_1484a81b,s_b97010c0
p_159bc631,s_dc351dc8
p_5751e647,s_1b7c5846
p_24b03bcb,s_0f2f9322
p_f480c792,s_9738f68f
p_ed24c802,s_d638dcbe
p_1d727182,s_b356df6d
p_b1c18330,s_c5fdffbe
p_601045a2,s_f32a9325
p_b13834d1,s_d9f901e7
p_ea25f732,s_0eb46360
p_be6815fe,s_5df8a47c
p_e9af0dc2,s_3f713328
p_696408ff,s_ed735a50
p_521a3310,s_43effeee
p_8e60127b,s_71a85dae
p_be001927,s_f332cd1a
p_906a2e32,s_56724cee
p_77f0fcf3,s_bdf68109
p_180abdd1,s_23263453
p_6ad8b37f,s_2b4e6bfc
p_717a40d2,s_a7925cad
p_7c237b0a,s_1e2ceac8
p_469038b4,s_06f562d6
p_cd4d35df,s_fdff347c
p_2399e75e,s_b3494dcf
p_d51aa578,s_4cf9af4a
p_de171419,s_b298d84a
p_4d877bdc,s_9e7931fa
p_f3f4a833,s_85d4ad6d
p_e01233fd,s_b18546dc
p_6f7ba8f9,s_c819aba1
p_6b28d38a,s_76f3caeb
p_f171dc84,s_d304cd39
p_f2cb1fb1,s_b242914d
p_cc476b7a,s_b014eb90
p_9fa10a80,s_28c729e8
p_b3fd3da9,s_87d33d87
p_b1f6f274,s_17694e09
p_196009f5,s_213831b5
p_1c2b0efe,s_cf1c0ca8
p_bd40f304,s_d79f58fb
p_95caf904,s_65b98fb8
p_7d10eaf1,s_1226c26c
p_ef76ca2f,s_bf3075db
p_cc66895d,s_daf29445
p_3bf01c93,s_53801eec
p_f1328d30,s_adabe60f
p_bdafded7,s_15482d5e
p_155e5fdc,s_4f15b8c9
p_29cd2c8f,s_ef59e706
p_8881251b,s_12be045b
p_280e640d,s_339967f6
p_a3ac8d64,s_0960e941
p_c75480a7,s_3cf5a1de
p_1e45fe12,s_986da94b
p_65365a2f,s_0a099583
p_0408be73,s_d7b8c3f9
p_95f110c6,s_1a18f47e
p_79cde0d9,s_aa2d880f
p_33c16246,s_6b4390a6
p_ff8b86e9,s_6b4390a6
p_9c4bec01,s_eee20e9b
p_e1e72d49,s_eee20e9b
p_979fa2e9,s_fcea60cb
p_d08cce0d,s_40a7ec4b
p_e2a6cec8,s_3ce98706
p_11106bb6,s_7380f085
p_926e7fc0,s_7380f085
p_b49399da,s_ff91bd8e
p_01908ab0,s_8a61de86
p_64091f25,s_8a61de86
p_8dcef4a2,s_6daa0e38
p_93afe082,s_6a151158
p_7f79b433,s_9ccd2c5c
p_be462dee,s_9ccd2c5c
p_38f74fe5,s_ed244e6c
p_cd953b99,s_f5c2ba1b
p_2fccc3ea,s_43949100
p_b8d1b58f,s_f022b9dc
