pokemon,name,height,weight,base_experience,is_default
p_6bb0e03f,chat0t,5.0,,144,1
p_63acc066,honedge,8.0,20.0,65,1
p_b49261ae,luvcisx,6.0,,116,1
p_c08f6152,araquanid-totem,31.0,2175.0,159,0
p_cab4dc02,rydon,,1200.0,170,1
p_05c2c27e,drilbuah,,85.0,66,1
p_73fe97cc,bastiodon,13.0,1495.0,173,1
p_a28f89bb,shieldon,5.0,570.0,70,1
p_09461da7,loutred,,405.0,126,1
p_e96d0e40,carko|,,780.0,144,1
p_4353a3b6,exe9gutor,,1200.0,186,1
p_3dc2f292,exeggvtor,,1200.0,186,1
p_3e58e209,scraggy,6.0,118.0,70,1
p_ff786ea7,golceen,6.0,150.0,64,1
p_c8f88dab,cresselia,15.0,856.0,300,1
p_7254cb20,phione,4.0,31.0,216,1
p_7d1aca35,azelf,3.0,3.0,290,1
p_7a75f7ef,dialga,54.0,6830.0,340,1
p_0759d80f,uxie,3.0,3.0,290,1
p_763895c3,mesprit,3.0,3.0,290,1
p_1b3a38ce,regigigas,37.0,4200.0,335,1
p_7377b67a,giratina-altered,45.0,7500.0,340,1
p_f33a81bc,palkia,42.0,3360.0,340,1
p_17445a86,heatran,17.0,4300.0,300,1
p_4c6e439c,treveriant,15.0,,166,1
p_40826764,sawj,,510.0,163,1
p_458edca8,sawi,14.0,510.0,163,1
p_56b99934,regice,18.0,1750.0,290,1
p_afd8a72a,registeel,19.0,2050.0,290,1
p_6e9f2d7e,caterpie,3.0,,39,1
p_9031b357,caterpi,,29.0,39,1
p_b11ce1a4,beldum,6.0,952.0,60,1
p_0faa13ce,metang,12.0,2025.0,147,1
p_87488d39,naganadel,36.0,1500.0,270,1
p_6eb1b031,regirock,17.0,2300.0,290,1
p_28ec9002,luvdisc,6.0,87.0,116,1
p_6051ecec,bagon,6.0,421.0,60,1
p_b9bccedf,shelgon,11.0,1105.0,147,1
p_7ddf4ee2,magearna,10.0,805.0,300,1
p_bf8b2db9,soogat,,105.0,149,1
p_d2217a54,duosion,6.0,80.0,130,1
p_c8b290a9,reuniclus,10.0,201.0,245,1
p_7741ec1c,gothitelle,15.0,440.0,245,1
p_ae38193d,solosis,3.0,10.0,58,1
p_021d313d,gothita,4.0,58.0,58,1
p_6bc42b47,gothorita,7.0,180.0,137,1
p_fdbeac1f,minccino,4.0,58.0,60,1
p_89b621fa,cinccino,5.0,75.0,165,1
p_db0b5811,zorua,7.0,125.0,66,1
p_75cc87a7,zoroark,16.0,811.0,179,1
p_19dba4ec,starly,3.0,20.0,49,1
p_00eb812d,staravia,6.0,155.0,119,1
p_0edd726e,prinplup,8.0,230.0,142,1
p_0bb5aa77,empoleon,17.0,845.0,239,1
p_04c4d843,infernape,12.0,550.0,240,1
p_7c5975f6,piplup,4.0,52.0,63,1
p_8055d81a,zygarde-complete,45.0,6100.0,354,0
p_7132c02f,gumshoos-totem,14.0,600.0,146,0
p_6bfe784b,lurantis-totem,15.0,580.0,168,0
p_19f2572f,salazzle-totem,21.0,810.0,168,0
p_0f069a0b,mawile-mega,10.0,235.0,168,0
p_0ad6ba17,aggron-mega,22.0,3950.0,284,0
p_fc9860fa,zygarde-50,50.0,3050.0,300,1
p_9919792a,diancie,7.0,88.0,300,1
p_a8f5f853,banette-mega,12.0,130.0,194,0
p_38997265,absol-mega,12.0,490.0,198,0
p_038e95d1,medicham-mega,13.0,315.0,179,0
p_74c47dc2,manectric-mega,18.0,440.0,201,0
p_759b076b,bergmite,10.0,995.0,61,1
p_21a871ee,avalugg,20.0,5050.0,180,1
p_5d4c6cc1,pumpkaboo-average,4.0,50.0,67,1
p_2458f020,gourgeist-average,9.0,125.0,173,1
p_93dc7e97,xerneas,30.0,2150.0,340,1
p_aad2103f,yveltal,58.0,2030.0,340,1
p_880906e2,noibat,5.0,80.0,49,1
p_8bbd8a45,noivern,15.0,850.0,187,1
p_20e706e9,donphan,11.0,1200.0,175,1
p_fc47c039,minuri,,42.0,142,1
p_60ef50b4,venomoth,15.0,125.0,158,1
p_b8f28103,venonat,10.0,300.0,61,1
p_d209396b,zubat,8.0,75.0,49,1
p_07312a32,wigglytuff,10.0,120.0,218,1
p_8c93b6c5,oddish,5.0,54.0,64,1
p_701f6637,golbat,16.0,550.0,159,1
p_ce8792ef,vileplume,12.0,186.0,245,1
p_ca5eaeb9,gloom,8.0,86.0,138,1
p_def41a20,parasect,10.0,295.0,142,1
p_c6384c0e,paras,3.0,54.0,57,1
p_85a6264e,drzkonair,,165.0,147,1
p_b65d33a8,drakonair,,165.0,147,1
p_834149c3,sawsbucn,,925.0,166,1
p_80ee2fe3,bouffalant,16.0,946.0,172,1
p_09963fb6,rufflet,5.0,105.0,70,1
p_4abde213,quilava,9.0,190.0,142,1
p_f95a746e,bisharp,16.0,700.0,172,1
p_df4ec9be,golett,10.0,920.0,61,1
p_1b05691b,golurk,28.0,3300.0,169,1
p_2ef7f6ba,mienshao,14.0,355.0,179,1
p_49c88e97,bayleef,12.0,158.0,142,1
p_587ae95d,totodile,6.0,95.0,63,1
p_cceb575e,croconaw,11.0,250.0,142,1
p_2fd541a7,braviary,15.0,410.0,179,1
p_74341ded,vullaby,5.0,90.0,74,1
p_7f623259,palkla,42.0,,340,1
p_8a5e1859,pidge0t-mega,22.0,505.0,261,0
p_e9b32add,dujtox,12.0,,173,1
p_f510396e,dusdox,,316.0,173,1
p_2c583ae9,bonzly,5.0,150.0,58,1
p_4fe263ea,bonsoy,5.0,150.0,58,1
p_1ff8a267,toget:c,6.0,,142,1
p_c47417b1,togetic,,,142,1
p_a648da81,ursaeink,18.0,1258.0,175,1
p_49ba9f86,urzarink,18.0,1258.0,175,1
p_70957d4e,litlei,6.0,,74,1
p_2a119796,litoeo,6.0,,74,1
p_958d7898,shellder,,,61,1
p_68c8ccae,shell3er,,40.0,61,1
p_572b932b,zamazenta-cr0wned,29.0,7850.0,360,0
p_11a8b705,zebstrila,16.0,,174,1
p_87ba7a50,gardevoie-mega,16.0,484.0,278,0
p_eea8d394,grirnmsnarl,,610.0,255,1
p_27b6d215,ribomhee,2.0,5.0,162,1
p_b4d45787,ripombee,2.0,5.0,162,1
p_ecde4383,mewtvvo,20.0,1220.0,340,1
p_0f091bb2,mewrwo,20.0,1220.0,340,1
p_599f2eb5,dartrkx,7.0,160.0,147,1
p_a72779e8,giratjma-altered,,7500.0,340,1
p_9d07df1c,giratiza-altered,,7500.0,340,1
p_d7d44e26,lairon,9.0,1200.0,151,1
p_97bdb32a,aron,4.0,600.0,66,1
p_e8de4bad,tyramtrym,,2700.0,182,1
p_8d2adea1,narv,,20.0,64,1
p_4bb0d9fc,natv,2.0,20.0,64,1
p_1f25ed0b,torkpal,5.0,,165,1
p_bdd3af08,claydol,,,175,1
p_09b79c9e,scyther,15.0,560.0,100,1
p_40551510,mr-mime,13.0,545.0,161,1
p_491a5f93,pyroar,15.0,815.0,177,1
p_67ed699e,mlnior-orangr,,3.0,175,0
p_49149cbf,crabominable,,1800.0,167,1
p_b3c0d0a3,crabom'lnable,17.0,1800.0,167,1
p_57f0ea0e,d9mburr,6.0,,61,1
p_e765fddf,metagrozs-mega,,9429.0,315,0
p_6859f497,metsgrosd-mega,,9429.0,315,0
p_9e0025a5,pignite,10.0,555.0,146,1
p_c77e9ecb,tepig,5.0,99.0,62,1
p_5e73b1a4,darkrai,15.0,505.0,270,1
p_bf8a51a9,manaphy,3.0,14.0,270,1
p_1f4e0cd6,arceus,32.0,3200.0,324,1
p_1f98be64,shaymin-land,2.0,21.0,270,1
p_3afa3b1f,snivy,6.0,81.0,62,1
p_32febb4c,victini,4.0,40.0,300,1
p_48c60354,serperior,33.0,630.0,238,1
p_dd2fedc0,servine,8.0,160.0,145,1
p_67126bb8,genej3ct,15.0,,300,1
p_42364427,gwnesekt,15.0,,300,1
p_2c72f2eb,relicanth,10.0,234.0,170,1
p_0249651b,gorebyss,18.0,226.0,170,1
p_09f90587,skwovet,3.0,25.0,55,1
p_6a484dd8,meoth,4.0,42.0,58,1
p_87572f69,spheal,8.0,395.0,58,1
p_dde687c7,raboot,6.0,90.0,147,1
p_55a6d177,drizzile,7.0,115.0,147,1
p_7d0e028d,sobble,3.0,40.0,62,1
p_ef70bd61,thwackey,7.0,140.0,147,1
p_685e6ec3,grookey,3.0,50.0,62,1
p_294412cf,scorbunny,3.0,45.0,62,1
p_6e74a1c6,sealeo,11.0,876.0,144,1
p_e5bb7429,garbodor,19.0,1073.0,166,1
p_2bebc7e1,trubbish,6.0,310.0,66,1
p_ed62803b,kog0at,,910.0,186,1
p_02df98a8,carracosta,12.0,810.0,173,1
p_58aa512e,tirtouga,7.0,165.0,71,1
p_ee33a166,archeops,14.0,320.0,177,1
p_d2659a9e,archen,5.0,95.0,71,1
p_c5595f41,sigilyph,14.0,140.0,172,1
p_a3f8a973,scrafty,11.0,300.0,171,1
p_ce7164e7,cofagrigus,17.0,765.0,169,1
p_63cb0f79,yamask,5.0,15.0,61,1
p_9fa66810,jirachi,3.0,11.0,300,1
p_d1ba6da7,rayquaza,70.0,2065.0,340,1
p_1f0c3ead,turtwig,4.0,102.0,64,1
p_722351a7,deoxys-normal,17.0,608.0,270,1
p_7905cfda,latios,20.0,600.0,300,1
p_71f3299e,latias,14.0,400.0,300,1
p_4a117d08,groudon,35.0,9500.0,335,1
p_d7ed3c9e,kyogre,45.0,3520.0,335,1
p_7a2a8881,sceptile-rnega,,552.0,284,0
p_2810c77f,sceptile-me9a,19.0,,284,0
p_30736fbc,torterra,22.0,3100.0,236,1
p_36b645c7,grotle,11.0,970.0,142,1
p_76474bdd,pra:xen,,145.0,143,1
p_8acd609b,doxapex,,145.0,173,1
p_489c9249,cramorant-g0rjing,8.0,,166,0
p_425b9571,ampharos-mega,14.0,615.0,275,0
p_6b0a270e,phantump,4.0,70.0,62,1
p_5f65cdfe,heracross-mega,17.0,625.0,210,0
p_263617d9,scizor-mega,20.0,1250.0,210,0
p_409ec8ef,gyarados-mega,65.0,3050.0,224,0
p_e83f8be5,pinsir-mega,17.0,590.0,210,0
p_40107d44,mewtwo-mega-x,23.0,1270.0,351,0
p_32e4efad,aerodactyl-mega,21.0,790.0,215,0
p_9f4efaac,hawlucha,8.0,215.0,175,1
p_2e4599f4,sylveon,10.0,235.0,184,1
p_2132aeab,carbink,3.0,57.0,100,1
p_f0d74359,dedenne,2.0,22.0,151,1
p_e188761a,tyranitar-mega,25.0,2550.0,315,0
p_23c8309b,houndoom-mega,19.0,495.0,210,0
p_330e2989,klefki,2.0,30.0,165,1
p_9077d865,rockruff-owm-tempo,5.0,92.0,56,0
p_c2fe38c3,charizarf-mega-y,17.0,,285,0
p_3c1ced89,growlithe,7.0,190.0,70,1
p_453d353c,arcanine,19.0,1550.0,194,1
p_c8d8cfbc,melmetal,25.0,8000.0,300,1
p_472bdf47,cbewt|e,3.0,,57,1
p_b854cc2e,meowth,4.0,42.0,58,1
p_9641d857,persian,10.0,320.0,154,1
p_0a753ba5,diglett,2.0,8.0,53,1
p_2594b9b4,dugtrio,7.0,333.0,149,1
p_058dd15a,mankey,5.0,280.0,61,1
p_3cc13e81,primeape,10.0,320.0,159,1
p_6f795e76,psyduck,8.0,196.0,64,1
p_ef35d918,golduck,17.0,766.0,175,1
p_e26a87c6,diggersby,10.0,424.0,148,1
p_7ec30e71,minior-green,3.0,3.0,175,0
p_4521e725,aerodactyl,18.0,590.0,180,1
p_82478fcc,kabutops,13.0,405.0,173,1
p_e980e7a8,kabuto,5.0,115.0,71,1
p_5a5c86ad,dratini,18.0,33.0,60,1
p_12a028ab,moltres,20.0,600.0,290,1
p_5fe9bb83,zapdos,16.0,526.0,290,1
p_865a1fff,articuno,17.0,554.0,290,1
p_423b61dc,minior-yellow-meteor,3.0,400.0,154,0
p_13d01f9a,minior-orange-meteor,3.0,400.0,154,0
p_f909329c,minior-blue-meteor,3.0,400.0,154,0
p_8d219ba4,dragonair,40.0,165.0,147,1
p_d078f9e5,terrakion,19.0,2600.0,290,1
p_8918dc2a,cobalion,21.0,2500.0,290,1
p_232d7dbf,minior-orange,3.0,3.0,175,0
p_fd52e986,minior-red,3.0,3.0,175,0
p_fc984720,mienfu,,200.0,70,1
p_c138ff94,mr-mime-galaah,14.0,,161,0
p_2f372431,lampent,6.0,130.0,130,1
p_95672d72,chandelure,10.0,343.0,260,1
p_5825f4e1,croc0naw,,250.0,142,1
p_88a653a2,elgyem,5.0,,67,1
p_a26fbc55,drifbli:ii,12.0,,174,1
p_cdae6e63,litleo,6.0,135.0,74,1
p_909d9de8,drivbkim,,150.0,174,1
p_4772c9e3,perzian,10.0,,154,1
p_ffda1da3,zigzagoon-galar,4.0,175.0,56,0
p_fab205e4,spewpa,3.0,84.0,75,1
p_a4bfb623,pineco,,72.0,58,1
p_bed61bd7,slutpuff,,50.0,168,1
p_c153f899,walrein,14.0,1506.0,265,1
p_a8394db2,gourgeisr-lar9e,11.0,140.0,173,0
p_773613a5,gourgelwt-large,11.0,,173,0
p_51dab86e,pol'ltied,11.0,,250,1
p_6791e219,politiee,11.0,339.0,250,1
p_ba87b459,fikavolt-totem,26.0,1475.0,225,0
p_a26516bb,zygarde-10-p0wer-construct,12.0,,243,0
p_7698f7ed,hawlucha,,215.0,175,1
p_2cde6180,golducxk,17.0,,175,1
p_aba34775,minior-blve-meteor,,400.0,154,0
p_fc2d0ea8,minior-blve-meteor,3.0,,154,0
p_b316cd1e,glastrier,22.0,8000.0,290,1
p_c3d19dea,minior-grsen-meteor,3.0,,154,0
p_b83b55f3,sharpedo-mega,25.0,,196,0
p_da739ec5,shar0edo-mega,25.0,1303.0,196,0
p_61926aed,lurant:s-t0tem,,580.0,168,0
p_99f14a48,unfezant,,290.0,244,1
p_7338299f,meovvth-galar,4.0,75.0,58,0
p_9303066c,meowtj-galar,4.0,75.0,58,0
p_2147dbe8,raicnu,8.0,,243,1
p_a2552e68,raich8,,300.0,243,1
p_e88399d1,woolpo,6.0,60.0,122,1
p_d967f20b,thievul,12.0,199.0,159,1
p_3f77527f,gossifleur,4.0,22.0,50,1
p_ae2ba1f1,meltan,2.0,80.0,150,1
p_2e0a4ae3,greedent,6.0,60.0,161,1
p_285038c2,rookidee,2.0,18.0,49,1
p_16c44746,corvisquire,8.0,160.0,128,1
p_b2cef8b5,corviknight,22.0,750.0,248,1
p_3b9d1bb8,blipbug,4.0,80.0,36,1
p_b5319255,dottler,4.0,195.0,117,1
p_0e9167e0,orbeetle,4.0,408.0,253,1
p_33278401,nickit,6.0,89.0,49,1
p_cac2e83a,crustle,14.0,2000.0,170,1
p_ca20363b,blacephalon,18.0,130.0,285,1
p_cbbafb8a,yamask-galar,5.0,15.0,61,0
p_d8fb29ff,zeraora,15.0,445.0,300,1
p_e72a0f9a,basculin-red-striped,10.0,180.0,161,1
p_5037c562,sandile,7.0,152.0,58,1
p_ee4084ab,krokorok,10.0,334.0,123,1
p_259a9e14,krookodile,15.0,963.0,260,1
p_7aadb02a,darumaka,6.0,375.0,63,1
p_64e5c334,metagross,16.0,5500.0,300,1
p_a1af6156,maractus,10.0,280.0,161,1
p_a69c3214,dwebble,3.0,145.0,65,1
p_b329e3e4,stakataka,55.0,8200.0,285,1
p_77df0ebd,marshadow,7.0,222.0,300,1
p_e754a5e4,poipole,6.0,18.0,210,1
p_b1babd1d,darmanitan-galar-zen,17.0,1200.0,189,0
p_e97dfa42,necrozma,24.0,2300.0,300,1
p_ada7ab36,salamence,15.0,1026.0,300,1
p_e9fde9f3,yungoos,4.0,60.0,51,1
p_2a18b3d9,gumshoos,7.0,142.0,146,1
p_f9633c1c,grubbin,4.0,44.0,60,1
p_2740b16b,charjabug,5.0,105.0,140,1
p_71c7056b,primarina,18.0,440.0,265,1
p_97dcf870,pikipek,3.0,12.0,53,1
p_8d63bdcb,trumbeak,6.0,148.0,124,1
p_0f0804e7,toucannon,11.0,260.0,218,1
p_d6753cdd,vikavolt,15.0,450.0,250,1
p_59ced13c,crabrawler,6.0,70.0,68,1
p_4318586f,machoke,15.0,705.0,142,1
p_11f60c38,machop,8.0,195.0,61,1
p_bf079185,alakazam,15.0,480.0,250,1
p_1dfce879,kadabra,13.0,565.0,140,1
p_51eb4fc7,abra,9.0,195.0,62,1
p_59218116,poliwrath,13.0,540.0,255,1
p_a4fd0c3e,poliwhirl,10.0,200.0,135,1
p_77e70836,poliwag,6.0,124.0,60,1
p_744e1884,bellsprout,7.0,40.0,60,1
p_a55e2031,machamp,16.0,1300.0,253,1
p_14b3f019,rattwta,,35.0,51,1
p_1964999e,radtata,3.0,35.0,51,1
p_c228043a,pikachu-kalos-cap,4.0,60.0,112,0
p_b0f9a90a,pikachu-alola-cap,4.0,60.0,112,0
p_72e15826,pikachu-sinnoh-cap,4.0,60.0,112,0
p_084c68e1,pikachu-unova-cap,4.0,60.0,112,0
p_c2b97f4d,pikachu-original-cap,4.0,60.0,112,0
p_4f7cf831,pikachu-hoenn-cap,4.0,60.0,112,0
p_3810560f,raticate-alola,7.0,255.0,145,0
p_567194e1,raticate-totem-alola,14.0,1050.0,145,0
p_6beb481a,beedrill-mega,14.0,405.0,223,0
p_fbd17c82,rattata-alola,3.0,38.0,51,0
p_076ccf88,landorus-theriari,,680.0,300,0
p_8b5fa701,klang,6.0,510.0,154,1
p_ac8c0316,klinklang,6.0,810.0,260,1
p_63b1898c,tynamo,2.0,3.0,55,1
p_10efd9b6,eelektrik,12.0,220.0,142,1
p_782c5cf3,zygarcle-10,12.0,,243,0
p_ebfbfabd,marowak-totem,17.0,980.0,149,0
p_b2a7b6f3,beheeyem,10.0,345.0,170,1
p_dead0b4e,litwick,3.0,31.0,55,1
p_9eda7881,mimikyu-totem-disguised,4.0,28.0,167,0
p_6d2547fc,mimikyu-totem-busted,4.0,28.0,167,0
p_deb0abb8,kommo-o-totem,24.0,2075.0,270,0
p_e6b9aa69,magearna-original,10.0,805.0,300,0
p_0b6d3984,minior-blue,3.0,3.0,175,0
p_e6d8a37a,minior-indigo,3.0,3.0,175,0
p_7598b3c4,minior-violet,3.0,3.0,175,0
p_d32a8511,mimikyu-busted,2.0,7.0,167,0
p_ccf81d76,lycanroc-midnight,11.0,250.0,170,0
p_4c1c93cf,wishiwashi-school,82.0,786.0,217,0
p_96090477,oricorio-pau,6.0,34.0,167,0
p_1fb302d0,oricorio-sensu,6.0,34.0,167,0
p_618bc2f8,vikavolt-totem,26.0,1475.0,225,0
p_c510c8dd,oricorio-pom-pom,6.0,34.0,167,0
p_2fe6bba7,raticqte,7.0,,145,1
p_e5d60ad1,ratikaye,7.0,185.0,145,1
p_c1d700d1,chimchar,5.0,62.0,62,1
p_7e4f5e49,monferno,9.0,220.0,142,1
p_0edfd1ef,rapiclash,,950.0,175,1
p_f25bb647,vanillish,,410.0,138,1
p_150bb3c2,staraptor,12.0,249.0,218,1
p_e85d495f,bidoof,5.0,200.0,50,1
p_223d7565,venomot,,125.0,158,1
p_ee7e1b87,artikyno,,554.0,290,1
p_cd3af449,zygarde-10-power-construct,12.0,335.0,243,0
p_b08174f7,chesnaught,16.0,900.0,239,1
p_55bfcd6d,kyurem-black,33.0,3250.0,350,0
p_956806b2,meowth-galar,4.0,75.0,58,0
p_befd539f,omix,88.0,2100.0,77,1
p_54ba0b8f,braixen,10.0,145.0,143,1
p_6d67fd73,magearna-original,10.0,,300,0
p_2ae3682d,xar'lzard,,905.0,267,1
p_c84eb7b2,charizard,,,267,1
p_376a830e,regksteel,19.0,2050.0,290,1
p_b4f86955,waioord,145.0,,175,1
p_3c3e6977,waijord,,3980.0,175,1
p_d2d65f8f,blaziken-mega,19.0,520.0,284,0
p_6ba7451e,gardevoir-mega,16.0,484.0,278,0
p_7cc090f2,pucbyena,5.0,,56,1
p_e8ce0640,poocbvena,5.0,,56,1
p_d8129c9f,s0ochum,,60.0,61,1
p_8b660138,sm0ochum,4.0,,61,1
p_53658daf,pansdear,6.0,,63,1
p_7d66243c,psnsear,6.0,,63,1
p_99122174,garchomp-mega,19.0,950.0,315,0
p_1d901841,inferkape,12.0,,240,1
p_197a5393,lucario-mega,13.0,575.0,219,0
p_43404e6a,comfey,1.0,3.0,170,1
p_82636fe8,blaziken-rnega,19.0,520.0,284,0
p_957b9638,smeargje,12.0,,88,1
p_3e284a6c,smear9ke,12.0,580.0,88,1
p_fc26e850,krimer-alola,7.0,420.0,65,0
p_8126f0ab,tsareena,12.0,214.0,255,1
p_dd6a3fca,rolycoly,3.0,120.0,48,1
p_39bfe34e,boltund,10.0,340.0,172,1
p_ab176bcf,yamper,3.0,135.0,54,1
p_188ab6a7,drednaw,10.0,1155.0,170,1
p_484ce831,chewtle,3.0,85.0,57,1
p_201fdc80,dubwool,13.0,430.0,172,1
p_f23c049b,wooloo,6.0,60.0,122,1
p_38ef26e2,eldegoss,5.0,25.0,161,1
p_829a9937,coalossal,28.0,3105.0,255,1
p_3e099db5,carkol,11.0,780.0,144,1
p_63646996,whimsicott,7.0,66.0,168,1
p_e440c697,cottonee,3.0,6.0,56,1
p_389067eb,scolipede,25.0,2005.0,243,1
p_096f264d,steenee,7.0,82.0,102,1
p_9227d3c3,venipede,4.0,53.0,52,1
p_73177b96,leavanny,12.0,205.0,225,1
p_92b03b56,swadloon,5.0,73.0,133,1
p_99f869fa,sewaddle,3.0,25.0,62,1
p_6e52d608,lilligant,11.0,163.0,168,1
p_72f099cc,petilil,5.0,66.0,56,1
p_a5c9b715,articuno-galar,17.0,509.0,290,0
p_babeeff6,eelektross,21.0,805.0,232,1
p_4485de56,mr-mume,13.0,,161,1
p_9990a3d1,mr-miiiie,13.0,,161,1
p_fa3363c6,whiscash,9.0,236.0,164,1
p_34eb35b1,pumpkaboo-super,8.0,150.0,67,0
p_9dd71ce3,bewear,21.0,1350.0,175,1
p_dd48bdde,dartrix,7.0,160.0,147,1
p_c1ffd7ef,rowlet,3.0,15.0,64,1
p_35b9da5e,volcanion,17.0,1950.0,300,1
p_8a91119c,hoopa,5.0,90.0,270,1
p_1fec2936,incineroar,18.0,830.0,265,1
p_18fdfece,torracat,7.0,250.0,147,1
p_601905ef,litten,4.0,43.0,64,1
p_c0515915,decidueye,16.0,366.0,265,1
p_a202cf46,brionne,6.0,175.0,147,1
p_cab87f9c,popplio,4.0,75.0,64,1
p_f3a4c682,weepinbell,10.0,64.0,137,1
p_d2cd5a35,victreebel,17.0,155.0,221,1
p_7778b143,tentacool,9.0,455.0,67,1
p_0dbf3bcb,tentacruel,16.0,550.0,180,1
p_d536b7c4,geodude,4.0,200.0,60,1
p_04003ebb,graveler,10.0,1050.0,137,1
p_4c204b7b,golem,14.0,3000.0,223,1
p_c6ccdd5a,ponyta,10.0,300.0,82,1
p_df721367,rapidash,17.0,950.0,175,1
p_3c3c8163,slowpoke,12.0,360.0,63,1
p_35e3e28c,hskarno-o,12.0,470.0,147,1
p_240dbe3f,pikachu-belle,4.0,60.0,112,0
p_cc508049,pikachu-rock-star,4.0,60.0,112,0
p_06a17f5b,pikachu-phd,4.0,60.0,112,0
p_77e6af98,pikachu-pop-star,4.0,60.0,112,0
p_f2abfea9,pikachu-cosplay,4.0,60.0,112,0
p_2483e2af,pikachu-libre,4.0,60.0,112,0
p_76ebb936,camerupt-mega,25.0,3205.0,196,0
p_2b2e05a9,hoopa-unbound,65.0,4900.0,306,0
p_9c7d8f1c,salamence-mega,18.0,1126.0,315,0
p_f4b4a84b,lopunny-mega,13.0,283.0,203,0
p_529822b7,mini0r-indigo,3.0,,175,0
p_50e81cfa,oshawott,5.0,,62,1
p_6246e21e,graveler,,,137,1
p_513f6866,graueler,,1050.0,137,1
p_7a56476a,endej,21.0,1980.0,290,1
p_8fbeaf54,mienfoo,9.0,200.0,70,1
p_10a8ace4,stunfisk,7.0,110.0,165,1
p_0dfbf219,accelgor,8.0,253.0,173,1
p_8a8b8e9b,shelmet,4.0,77.0,61,1
p_e57dd7af,cryogonal,11.0,1480.0,180,1
p_a3023f14,beartic,26.0,2600.0,177,1
p_5d9504dd,cubchoo,5.0,85.0,61,1
p_a042c523,haxorus,18.0,1055.0,270,1
p_fd2ea492,fraxure,10.0,360.0,144,1
p_bf42f3ad,axew,6.0,180.0,64,1
p_a7c1831e,elgyem,5.0,90.0,67,1
p_89827269,slurpufg,8.0,,168,1
p_b7aecb4b,slowbr0-falar,,705.0,172,0
p_cabee6b0,manapht,3.0,14.0,270,1
p_d6935ca3,dratkni,,33.0,60,1
p_1333a9b7,cradily,15.0,604.0,173,1
p_acc5c82e,emolks,,50.0,150,1
p_c09b60d7,meganium,18.0,1005.0,236,1
p_f389ec4f,magmaah,13.0,445.0,173,1
p_36147e3e,pickacu-hoenn-cap,4.0,,112,0
p_936faaaa,cyndaquil,5.0,79.0,62,1
p_5cf18504,hertier,9.0,147.0,130,1
p_963beed1,typhlosion,17.0,795.0,240,1
p_2f4770ed,mewtwo,20.0,1220.0,340,1
p_d79908d6,mew,4.0,40.0,300,1
p_1f87756c,klamg,6.0,,154,1
p_4d303174,chikorita,9.0,64.0,64,1
p_b0b38613,druddigon,16.0,1390.0,170,1
p_026cd7df,rejhi4am,,3300.0,340,1
p_6fb052b6,reshirqm,32.0,,340,1
p_4486ed4d,skuntank,,380.0,168,1
p_60739100,skuntank,10.0,,168,1
p_5b88f951,galfsntula,,143.0,165,1
p_6bca8aa0,galvantvla,,143.0,165,1
p_0ae3b98f,geoclucle,,200.0,60,1
p_90e451d3,ztaryu,,345.0,68,1
p_d215f036,whirli0ede,12.0,585.0,126,1
p_bb70ca7d,lclin1<,,210.0,60,1
p_4842cf6d,cklunk,3.0,210.0,60,1
p_c713d6d6,krokor0k,10.0,334.0,123,1
p_c64bc4cb,glastrlef,22.0,,290,1
p_e23b0b20,hotnoot,7.0,212.0,52,1
p_6982eafc,eteahnatus,200.0,,345,1
p_fedfa699,edernatu5,200.0,9500.0,345,1
p_0b6da2e2,klobbopus,6.0,40.0,62,1
p_dc8c22f4,cbbbopus,6.0,40.0,62,1
p_cc9fff4e,conkelduahr,14.0,870.0,253,1
p_006cbd58,appletun,4.0,130.0,170,1
p_50debd56,silicobra,22.0,76.0,63,1
p_8a4635d2,applin,2.0,5.0,52,1
p_04018088,flapple,3.0,10.0,170,1
p_2d982552,arrokuda,5.0,10.0,56,1
p_6b0eccff,barraskewda,13.0,300.0,172,1
p_6febeb23,sandaconda,38.0,655.0,179,1
p_0e6ff850,cramorant,8.0,180.0,166,1
p_f94fdaf8,toxel,4.0,110.0,48,1
p_45135e39,toxtricity-amped,16.0,400.0,176,1
p_ed0eadfb,timburr,6.0,125.0,61,1
p_a03b2eb3,gurdurr,12.0,400.0,142,1
p_2f87674d,excadrill,7.0,404.0,178,1
p_c6f743a1,audino,11.0,310.0,390,1
p_8c064eae,palpitoad,8.0,170.0,134,1
p_776419a4,seismitoad,15.0,620.0,255,1
p_e19d803f,conkeldurr,14.0,870.0,253,1
p_91c09092,tympole,5.0,45.0,59,1
p_88e9c5a8,throh,13.0,555.0,163,1
p_9f690a13,sawk,14.0,510.0,163,1
p_0d5631ae,traiiipa,30.0,,170,1
p_5e57b9bb,bulbasaur,,,64,1
p_7182cf07,vikzvolt,15.0,450.0,250,1
p_dedabc81,necrozma-dusk,38.0,4600.0,340,0
p_0aca48dc,vigoroth,14.0,465.0,154,1
p_8f5f4663,slaking,20.0,1305.0,252,1
p_273e2d4c,masquerain,8.0,36.0,159,1
p_c44616f1,shroomish,4.0,45.0,59,1
p_5312db94,breloom,12.0,392.0,161,1
p_d7d78042,slakoth,8.0,240.0,56,1
p_ef29d877,ralts,4.0,66.0,40,1
p_3a2592f8,kirlia,8.0,202.0,97,1
p_89667662,gardevoir,16.0,484.0,259,1
p_f888734b,surskit,5.0,17.0,54,1
p_cc28c80c,lucario,12.0,540.0,184,1
p_ff4d1e4e,hippopotas,8.0,495.0,66,1
p_e6f20e53,munchlax,6.0,1050.0,78,1
p_083b23ee,riolu,7.0,202.0,57,1
p_36f75a00,gabite,14.0,560.0,144,1
p_1f8b3b12,garchomp,19.0,950.0,300,1
p_5dfc29e2,spiritomb,10.0,1080.0,170,1
p_565f4e4f,gible,7.0,205.0,60,1
p_40ef56c0,happiny,6.0,244.0,110,1
p_cc6c4e93,chatot,5.0,19.0,144,1
p_6f5fa1da,silcoon,6.0,100.0,72,1
p_8e66e422,beautifly,10.0,284.0,178,1
p_b67ba255,linoone,5.0,325.0,147,1
p_2e4486ce,wurmple,3.0,36.0,56,1
p_b0ee5bfc,muk,12.0,300.0,175,1
p_b7bd3e09,grimer,9.0,300.0,65,1
p_85c1c4a0,swampert,15.0,819.0,268,1
p_aa6a22f9,poochyena,5.0,136.0,56,1
p_90771f73,dodrio,18.0,852.0,165,1
p_e46df071,doduo,14.0,392.0,62,1
p_6478ec98,dewgong,17.0,1200.0,166,1
p_bc6a749e,seel,11.0,900.0,65,1
p_d5df5acf,magnemite,3.0,60.0,65,1
p_de82105f,slowbro,16.0,785.0,172,1
p_735181e2,farfetchd,8.0,150.0,132,1
p_611b1c4d,magneton,10.0,600.0,163,1
p_757aa842,rat'lcate-a1ola,7.0,,145,0
p_a2512708,murkrow,5.0,21.0,81,1
p_4106f58a,slowking,20.0,795.0,172,1
p_d1037b13,pikachu-world-cap,4.0,60.0,112,0
p_6a7eb5e8,flabebe,1.0,1.0,61,1
p_ac98fc65,farfetchd-galar,8.0,420.0,132,0
p_6b6fb291,weezing-galar,30.0,160.0,172,0
p_bc7c63ac,slowpoke-galar,12.0,360.0,63,0
p_b3bd6222,slowbro-galar,16.0,705.0,172,0
p_db4e574f,aipom,8.0,115.0,72,1
p_082a3ac8,sunkern,3.0,18.0,36,1
p_9cc7e0a1,sdoutland,,610.0,250,1
p_4066f3c3,yanma,12.0,380.0,78,1
p_e3ba3e2d,wooper,4.0,85.0,42,1
p_20888121,quagsire,14.0,750.0,151,1
p_9a670085,espeon,9.0,265.0,184,1
p_eaab2be7,umbreon,10.0,270.0,184,1
p_126a2048,oddi5b,5.0,,64,1
p_e0ae31bf,riolu,,202.0,57,1
p_b8613810,riolv,7.0,202.0,57,1
p_1cecd7d3,zacian-crowned,28.0,3550.0,360,0
p_e2a76a4d,zamazenta-crowned,29.0,7850.0,360,0
p_48ed165a,mudbrai,10.0,,77,1
p_db0695da,mudh4ay,,1100.0,77,1
p_8baedeab,stunfisk-galar,7.0,205.0,165,0
p_454216cf,zygarde-10,12.0,335.0,243,0
p_09791791,cramorant-gulping,8.0,180.0,166,0
p_fbae352a,cramorant-gorging,8.0,180.0,166,0
p_843e2cac,toxtricity-low-key,16.0,400.0,176,0
p_35ed34ec,eiscue-noice,14.0,890.0,165,0
p_e43dfab0,indeedee-female,9.0,280.0,166,0
p_bf469e28,morpeko-hangry,3.0,30.0,153,0
p_eeb3fb90,spr8tzee,2.0,5.0,68,1
p_cd98c58e,minior-orange-meteor,,,154,0
p_88c56d20,sanclile,7.0,152.0,58,1
p_87258758,camerupt-keka,,3205.0,196,0
p_5a5af76f,camerupt-ne9a,,3205.0,196,0
p_f6ad97b0,drac0zo1t,18.0,1900.0,177,1
p_77c3b77e,xatu,15.0,150.0,165,1
p_327ee00f,steelix,,4000.0,179,1
p_f1ab1fcc,mareep,6.0,78.0,56,1
p_61570bd4,krabby,4.0,65.0,65,1
p_c7d74294,kingler,13.0,600.0,166,1
p_3ed40554,swirl:x,4.0,,68,1
p_64a0e6a6,pichu,3.0,20.0,41,1
p_1e116de1,geodude-alola,4.0,203.0,60,0
p_8270be12,kliacor,,425.0,179,1
p_26be0430,gastly,13.0,1.0,62,1
p_761d35b7,haunter,16.0,1.0,142,1
p_d4c2ce7f,mantirie,21.0,2200.0,170,1
p_f46ef00f,mantine,21.0,,170,1
p_f955620f,jangmo-0,,297.0,60,1
p_53ca299a,slowpoje,12.0,360.0,63,1
p_eb27f9f8,fomanti5,3.0,,50,1
p_d58ec5f9,fomant'ks,,15.0,50,1
p_3937b865,espurr,,35.0,71,1
p_8b331de2,espvrr,3.0,35.0,71,1
p_0e6cbfbf,cutiefly,1.0,2.0,61,1
p_317636e0,pikachu-partner-cap,4.0,60.0,112,0
p_d253b18b,ckyurem-white,36.0,3250.0,350,0
p_23804fbb,buzzwole,,3336.0,285,1
p_9254b2cb,turisparce,15.0,,145,1
p_b1bb230e,centiskorch,30.0,1200.0,184,1
p_d39fb82a,sizzlipede,7.0,10.0,61,1
p_7759665e,grapploct,16.0,390.0,168,1
p_f6b7668c,clobbopus,6.0,40.0,62,1
p_5d927e94,polteageist,2.0,4.0,178,1
p_a3bd5651,sinistea,1.0,2.0,62,1
p_f04ca75c,hattrem,6.0,48.0,130,1
p_b60c4745,hatenna,4.0,34.0,53,1
p_9ad812a7,impidimp,4.0,55.0,53,1
p_bbdf15eb,hatterene,21.0,51.0,255,1
p_6548a46c,makvhita,10.0,,47,1
p_6e266805,makuhuta,,864.0,47,1
p_1c5b97b2,unfezant,12.0,290.0,244,1
p_a3c2abea,tranquill,6.0,150.0,125,1
p_3ba2c866,zebstrika,16.0,795.0,174,1
p_b3f1f2ca,blitzle,8.0,298.0,59,1
p_870be1ee,boldore,9.0,1020.0,137,1
p_f62dc024,roggenrola,4.0,180.0,56,1
p_33f48ea4,woobat,4.0,21.0,65,1
p_660bbb9e,gigalith,17.0,2600.0,258,1
p_cec76c79,drilbur,3.0,85.0,66,1
p_d9097c4c,swoobat,9.0,105.0,149,1
p_7f5f59c6,zweikous,14.0,,147,1
p_0c497dff,zweil9us,14.0,,147,1
p_4f8b0122,rejicangh,,234.0,170,1
p_06a12b08,minior-red-meteor,3.0,400.0,154,1
p_035dde54,komala,4.0,199.0,168,1
p_d7f251a7,bunbelby,4.0,,47,1
p_c75ba952,pinsir-jega,17.0,590.0,210,0
p_ad129141,gahimer-alola,7.0,420.0,65,0
p_bac81a50,mimikyu-disguised,2.0,7.0,167,1
p_b94c4a50,bruxish,9.0,190.0,166,1
p_f13b10dc,weexing-galar,30.0,,172,0
p_14c68c06,weejing-galar,,160.0,172,0
p_92b1a1b9,mudbray,10.0,1100.0,77,1
p_492f61d1,nosepass,10.0,970.0,75,1
p_c088c721,azurill,2.0,20.0,38,1
p_e50540a3,alrein,,1506.0,265,1
p_67c9d1c8,alrin,14.0,,265,1
p_62c2c145,whismur,6.0,163.0,48,1
p_f51d937a,shedinja,8.0,12.0,83,1
p_7c7e59d7,ninjask,8.0,120.0,160,1
p_abf4ea48,nincada,5.0,55.0,53,1
p_b9c10e38,hariyama,23.0,2538.0,166,1
p_4c8fa9a4,makuhita,10.0,864.0,47,1
p_f6b8126c,exploud,15.0,840.0,245,1
p_e67b6392,loudred,10.0,405.0,126,1
p_a924572d,snover,10.0,505.0,67,1
p_017d6fd1,mantyke,10.0,650.0,69,1
p_3ad2b091,carnivine,14.0,270.0,159,1
p_10ea2cd6,toxicroak,13.0,444.0,172,1
p_df880bcb,lumineon,12.0,240.0,161,1
p_557a542a,finneon,4.0,70.0,66,1
p_1cc20b48,skorupi,8.0,120.0,66,1
p_f7e90316,hippowdon,20.0,3000.0,184,1
p_96e505a9,croagunk,7.0,230.0,60,1
p_826bf6d6,drapion,13.0,615.0,175,1
p_2721938f,shiftry,13.0,596.0,240,1
p_646c471b,nuzleaf,10.0,280.0,119,1
p_f50aac19,swellow,7.0,198.0,159,1
p_0f6112b0,taillow,3.0,23.0,54,1
p_e8403e01,lombre,12.0,325.0,119,1
p_0f82a606,lotad,5.0,26.0,44,1
p_96ddbd3e,seedot,5.0,40.0,44,1
p_f636ec5f,ludicolo,15.0,550.0,240,1
p_d7608ab1,drowzee,10.0,324.0,66,1
p_83af0c39,hypno,16.0,756.0,169,1
p_0e9a4d44,gengar,15.0,405.0,250,1
p_0de2d509,onix,88.0,2100.0,77,1
p_3636f88c,pelipper,12.0,280.0,154,1
p_10db75e9,wingull,6.0,95.0,54,1
p_45db8d04,shellder,3.0,40.0,61,1
p_8563e62e,cloyster,15.0,1325.0,184,1
p_1bcb6686,hoppip,4.0,5.0,50,1
p_1556a1fc,politoed,11.0,339.0,250,1
p_3c10dd0d,sudowoodo,12.0,380.0,144,1
p_6e9efc46,azumarill,8.0,285.0,210,1
p_76c7544b,marill,4.0,85.0,88,1
p_0bbc2d23,bellossom,4.0,58.0,245,1
p_7797b0fb,ampharos,14.0,615.0,230,1
p_0251597a,flaaffy,8.0,133.0,128,1
p_93219ad6,jumpluff,8.0,30.0,207,1
p_edef180e,skiploom,6.0,10.0,119,1
p_4f9a92c7,linoone-galar,5.0,325.0,147,0
p_94bba9df,meowstic-male,6.0,85.0,163,1
p_7052e755,darmanitan-galar-standard,17.0,1200.0,168,0
p_861bf7c8,darumaka-galar,7.0,400.0,63,0
p_629abb38,moltres-galar,20.0,660.0,290,0
p_59188a72,zapdos-galar,16.0,582.0,290,0
p_39daae0c,corsola-galar,6.0,5.0,144,0
p_a2d39e11,slowking-galar,18.0,795.0,172,0
p_b1c6eab8,florges,11.0,100.0,248,1
p_9a496336,floette,2.0,9.0,130,1
p_37264b34,gogoat,17.0,910.0,186,1
p_f01160a9,skiddo,9.0,310.0,70,1
p_c59e8747,pangoro,21.0,1360.0,173,1
p_13707f5d,pancham,6.0,80.0,70,1
p_0e075c16,espurr,3.0,35.0,71,1
p_038d4142,furfrou,12.0,280.0,165,1
p_1c99d832,nidiking,14.0,620.0,253,1
p_c07cf29c,makamp,,1300.0,253,1
p_519049e9,calyrex-ice,24.0,8091.0,340,0
p_f3ff9cea,zarude-dada,18.0,700.0,300,0
p_095b14bb,urshifu-rapid-strike,19.0,1050.0,275,0
p_2c39f244,eternatus-eternamax,1000.0,0.0,563,0
p_9c1b40de,calyrex-shadow,24.0,536.0,340,0
p_3fc28e0d,magnexone,12.0,,268,1
p_5b42981f,granull,,487.0,158,1
p_f829df42,raik0u,19.0,,290,1
p_5ca0e957,zacian-crowned,28.0,,360,0
p_43e2d88c,meovvstic-female,6.0,,163,0
p_09159dbf,meowstiv-female,,85.0,163,0
p_3df8bef5,chikor:ta,9.0,64.0,64,1
p_39272a14,vurfrov,12.0,,165,1
p_76573da7,emboar,,1500.0,238,1
p_208d1bfb,emboar,16.0,,238,1
p_4de7ad1c,hydreigon,18.0,1600.0,300,1
p_8bc1f309,zakian,28.0,1100.0,335,1
p_92ef3a16,zacian,,1100.0,335,1
p_73944ff0,glalie-iiiega,21.0,,203,0
p_50a86fd6,obstsg0on,16.0,,260,1
p_26f6f1c5,marovva1<-totem,17.0,,149,0
p_4dd233d9,whirlipede,12.0,585.0,126,1
p_122d931d,bar'lette,,125.0,159,1
p_c1d9b686,banertw,,125.0,159,1
p_d0a989de,doduo,,392.0,62,1
p_3bfc6080,seaclra,12.0,,154,1
p_f494bed4,mudsdale,25.0,9200.0,175,1
p_3333452d,dewpider,3.0,40.0,54,1
p_f4b3e1a7,zweilous,14.0,500.0,147,1
p_bf5d16c9,banedte-mega,,130.0,194,0
p_c35dec28,poryg9n2,6.0,325.0,180,1
p_48dd526d,porygon2,,325.0,180,1
p_c6ec8f64,milcery,2.0,3.0,54,1
p_5e1a4e8b,alcremie,3.0,5.0,173,1
p_044681a8,cursola,10.0,4.0,179,1
p_71ca9670,sirfetchd,8.0,1170.0,177,1
p_127d13c3,tentskruel,,550.0,180,1
p_3bec042a,tentacruej,,550.0,180,1
p_fe6e2ac2,morgrem,8.0,125.0,130,1
p_a3da52c7,grimmsnarl,15.0,610.0,255,1
p_6617666d,obstagoon,16.0,460.0,260,1
p_0a3c571b,perrserker,8.0,280.0,154,1
p_822cd7f5,musharna,11.0,605.0,170,1
p_688f8a9c,pidove,3.0,21.0,53,1
p_db512e2e,simisear,10.0,280.0,174,1
p_ee85c34a,panpour,6.0,135.0,63,1
p_1a804c5b,simipour,10.0,290.0,174,1
p_5f90d022,munna,6.0,233.0,58,1
p_09a31d96,liepard,11.0,375.0,156,1
p_6bd4cb18,pansage,6.0,105.0,63,1
p_b09c5025,simisage,11.0,305.0,174,1
p_22308fcc,pansear,6.0,110.0,63,1
p_1a371be7,palojsand,13.0,2500.0,168,1
p_eb011a63,palos5and,13.0,2500.0,168,1
p_56495143,reunicoux,10.0,201.0,245,1
p_d59a3ae0,tundurus-thenan,,610.0,290,0
p_6dd89464,hoothoot,7.0,212.0,52,1
p_327b708e,togekiss,15.0,380.0,273,1
p_bba44793,yanmega,19.0,515.0,180,1
p_41c077fa,elekid,6.0,235.0,72,1
p_7b7e4da3,abomasnow,22.0,1355.0,173,1
p_76c8ee3a,weavile,11.0,340.0,179,1
p_1d082332,magnezone,12.0,1800.0,268,1
p_30643a25,lickilicky,17.0,1400.0,180,1
p_178de45c,rhyperior,24.0,2828.0,268,1
p_509ebd6d,tangrowth,20.0,1286.0,187,1
p_694a7703,electivire,18.0,1386.0,270,1
p_7999fb59,magmortar,16.0,680.0,270,1
p_c1bbbb42,magby,7.0,214.0,73,1
p_77ccac8c,miltank,12.0,755.0,172,1
p_bdb77fba,blissey,15.0,468.0,635,1
p_7efa2ba3,raikou,19.0,1780.0,290,1
p_5be788d6,entei,21.0,1980.0,290,1
p_0cd225f3,suicune,20.0,1870.0,290,1
p_82918f0b,larvitar,6.0,720.0,60,1
p_f9c75a11,pupitar,12.0,1520.0,144,1
p_538debc7,tyranitar,20.0,2020.0,300,1
p_dc7a6fa4,lugia,52.0,2160.0,340,1
p_7fe3a274,maractus,10.0,,161,1
p_c404d1e4,maraktus,10.0,280.0,161,1
p_de47a041,spectrier,,445.0,290,1
p_7365569d,zekrom,29.0,3450.0,340,1
p_6f2d1ad0,landorus-incarnate,15.0,680.0,300,1
p_1abdebcd,kyurem,30.0,3250.0,330,1
p_9829b5b3,keldeo-ordinary,14.0,485.0,290,1
p_0244e014,virizion,20.0,2000.0,290,1
p_3191cd4b,tornadus-incarnate,15.0,630.0,290,1
p_0f172982,thundurus-incarnate,15.0,610.0,290,1
p_d0635c2d,pikavhu-pht,,60.0,112,0
p_4c64f2e6,meloetta-aria,6.0,65.0,270,1
p_16b62d45,genesect,15.0,825.0,300,1
p_d73ef4d8,drakloak,14.0,110.0,144,1
p_bb404b90,dragapult,30.0,500.0,300,1
p_c83ff981,duraludon,18.0,400.0,187,1
p_f7f3b79f,dreepy,5.0,20.0,54,1
p_4261e120,dracovish,23.0,2150.0,177,1
p_7cc9e687,arctovish,20.0,1750.0,177,1
p_6cb4b3ee,dracozolt,18.0,1900.0,177,1
p_84c0a555,arctozolt,23.0,1500.0,177,1
p_d78209af,rotom-wash,3.0,3.0,182,0
p_2f5efa16,zacian,28.0,1100.0,335,1
p_d36c951e,zamazenta,29.0,2100.0,335,1
p_a18f5c66,cul>coo,,85.0,61,1
p_1110504a,pincurcbin,,10.0,152,1
p_4ad4cd92,yungoos,4.0,,51,1
p_32d6fe67,yungoost,4.0,60.0,51,1
p_35f4a831,rotom-heat,3.0,3.0,182,0
p_1704892d,froalcje,,70.0,63,1
p_7c03c49b,froakje,3.0,,63,1
p_3db511fb,crusgoe,14.0,,170,1
p_836a291c,liten,4.0,43.0,64,1
p_042087fd,kitten,4.0,43.0,64,1
p_87ada69f,rodom,,3.0,154,1
p_c6e7057d,rotprn,3.0,3.0,154,1
p_fcdc1fe7,frogqdier,,109.0,142,1
p_e7f7f842,frogat'ler,6.0,109.0,142,1
p_59a221f5,audijo,11.0,310.0,390,1
p_a638a22c,hippo3don,20.0,3000.0,184,1
p_92abab29,carracosta,,,173,1
p_06ad6607,explout,15.0,840.0,245,1
p_a87adfcf,hntall,,270.0,170,1
p_abc602d1,hinta'll,17.0,,170,1
p_fee0d597,rogjynrola,4.0,,56,1
p_6c26ef32,roggenrola,,,56,1
p_4cc0c12f,golet,10.0,,61,1
p_d83fa52e,muk-a2ola,10.0,,175,0
p_ab3b4800,lux:o,9.0,,127,1
p_fe3fb65b,prinariba,,440.0,265,1
p_f8346600,vespiquen,,385.0,166,1
p_a58f52d9,vespiwuej,,385.0,166,1
p_7488e723,palpiyowd,8.0,,134,1
p_dfeffeb3,charmander,6.0,85.0,62,1
p_e36789c2,charmeleon,11.0,190.0,142,1
p_1d9bb027,charizard,17.0,905.0,267,1
p_2c07b63c,squirtle,5.0,90.0,63,1
p_0a79f8ae,bulbasaur,7.0,69.0,64,1
p_e034cfd0,ivysaur,10.0,130.0,142,1
p_69a67bc8,venusaur,20.0,1000.0,263,1
p_58e9a2ae,wartortle,10.0,225.0,142,1
p_ec0d740a,blastoise,16.0,855.0,265,1
p_b7a53d3c,mudck'lp,4.0,,62,1
p_822ef31f,mudk9p,,76.0,62,1
p_676d9427,haunder,16.0,1.0,142,1
p_c2eafac8,deino,,,60,1
p_b7869d51,giratina-origjn,,6500.0,340,0
p_7072ae9e,giratina-orljin,,6500.0,340,0
p_30bdca02,meovvstic-male,6.0,,163,1
p_17cd159d,meow5tic-male,6.0,,163,1
p_0ef2a5ae,bunearie,4.0,55.0,70,1
p_d3a501bb,buneari,4.0,55.0,70,1
p_6739ee20,copperajah,30.0,6500.0,175,1
p_e42902eb,cufant,12.0,1000.0,66,1
p_72a9ad6d,frosmoth,13.0,420.0,166,1
p_c2e72210,snom,3.0,38.0,37,1
p_982be643,pincurchin,3.0,10.0,152,1
p_e355d359,falinks,30.0,620.0,165,1
p_2818acda,morpeko-full-belly,3.0,30.0,153,1
p_8a08fe1f,indeedee-male,9.0,280.0,166,1
p_51a11bab,eiscue-ice,14.0,890.0,165,1
p_c788530d,stonjourner,25.0,5200.0,165,1
p_75bacc45,purrloin,4.0,101.0,56,1
p_8bbbcbd2,stoutland,12.0,610.0,250,1
p_5ee8115b,samurott,15.0,946.0,238,1
p_6f29895f,dewott,8.0,245.0,145,1
p_ce84ba7d,oshawott,5.0,59.0,62,1
p_3ad56faa,emboar,16.0,1500.0,238,1
p_4016f070,herdier,9.0,147.0,130,1
p_00fdc688,lillipup,4.0,41.0,55,1
p_97217573,watchog,11.0,270.0,147,1
p_9c93f5b8,patrat,5.0,116.0,51,1
p_4b352a88,thievul,12.0,,159,1
p_2d348fa8,bevveaah,,1350.0,175,1
p_db73b692,bewewr,,1350.0,175,1
p_b2950114,dusknoir,22.0,1066.0,263,1
p_d91f31d3,probopass,14.0,3400.0,184,1
p_47f6872f,gallade,16.0,520.0,259,1
p_7cb58f2c,porygon-z,9.0,340.0,268,1
p_932674c5,mamoswine,25.0,2910.0,265,1
p_aa600ae0,gliscor,20.0,425.0,179,1
p_7401595b,glaceon,8.0,259.0,184,1
p_b111e07a,leafeon,10.0,255.0,184,1
p_2f3dce1b,bronxong,13.0,1870.0,175,1
p_30dbcc09,bron2ong,13.0,1870.0,175,1
p_d2b1ef1b,rotom,3.0,3.0,154,1
p_e80523c9,froslass,13.0,266.0,168,1
p_23155a65,ckirlia,8.0,202.0,97,1
p_df40c1d3,kirlia,,202.0,97,1
p_acd6f2ea,marshtomp,7.0,280.0,142,1
p_e5737439,mudkip,4.0,76.0,62,1
p_4718c422,blaziken,19.0,520.0,265,1
p_51e46b03,combusken,9.0,195.0,142,1
p_6e382039,torchic,4.0,25.0,62,1
p_a69e40b3,sceptile,17.0,522.0,265,1
p_306db3bf,grovyle,9.0,216.0,142,1
p_a0a24cf7,treecko,5.0,50.0,62,1
p_385eccba,celebi,6.0,50.0,300,1
p_bb536271,ho-oh,38.0,1990.0,340,1
p_b67eeeed,lucario-mega,13.0,,219,0
p_a3c867a8,artiduno,17.0,,290,1
p_50807741,fennekin,4.0,94.0,61,1
p_d8082aaf,shiinotic,10.0,115.0,142,1
p_fcffbcaf,quilladin,7.0,290.0,142,1
p_bfea4c71,chespin,4.0,90.0,63,1
p_1ad8e054,frogadier,6.0,109.0,142,1
p_151b27ad,froakie,3.0,70.0,63,1
p_461cdd49,delphox,15.0,390.0,240,1
p_b7a3d22d,salandit,6.0,48.0,64,1
p_545cc48b,bunnelby,4.0,50.0,47,1
p_87d6c5b9,greninja,15.0,400.0,239,1
p_d128f8d3,lurantis,9.0,185.0,168,1
p_94aa3751,regidrago,21.0,2000.0,290,1
p_210faeab,regieleki,12.0,1450.0,290,1
p_66eff00d,spectrier,20.0,445.0,290,1
p_4729419d,morelull,2.0,15.0,57,1
p_d0c78d1c,kubfu,6.0,120.0,77,1
p_0df6fa47,eternatus,200.0,9500.0,345,1
p_29c74197,zarude,18.0,700.0,300,1
p_360bf891,urshifu-single-strike,19.0,1050.0,275,1
p_26174be9,araquanid,18.0,820.0,159,1
p_cfdb94d6,calyrex,11.0,77.0,250,1
p_1d787a45,fomantis,3.0,15.0,50,1
p_daac84e1,eevee-starter,3.0,65.0,87,0
p_fcc7dfd7,pikachu-starter,4.0,60.0,86,0
p_1afff469,necrozma-ultra,75.0,2300.0,339,0
p_dbe93636,greeclemt,6.0,60.0,161,1
p_ab266131,greedemt,6.0,60.0,161,1
p_1caf0a35,necrozma-dawn,42.0,3500.0,340,0
p_1df0dcdc,ponyta-kalar,8.0,,82,0
p_a66d86b2,togedemaru-totem,6.0,130.0,152,0
p_ce6b15d7,pijachu-livre,4.0,,112,0
p_dbaa7864,pikachu-|ibre,4.0,,112,0
p_dbbfc728,dialia,54.0,6830.0,340,1
p_310fcb68,dia1ga,54.0,,340,1
p_d497187a,lycanroc-dusk,8.0,250.0,170,0
p_93bc2619,rockruff-own-tempo,5.0,92.0,56,0
p_499f8787,ribombee-totem,4.0,20.0,162,0
p_54f2578f,stalamerice,15.0,,300,1
p_e82620cc,garchomo-mega,19.0,950.0,315,0
p_0ea73a6d,garchornp-mega,19.0,950.0,315,0
p_c108bae8,shel9on,11.0,1105.0,147,1
p_50d5fbe8,armalflo,,682.0,173,1
p_d1d4fead,armaodo,15.0,,173,1
p_fd5f2c7c,dugdrio,7.0,333.0,149,1
p_ad77eb11,thwackey,,140.0,147,1
p_0dbd359d,thwakey,7.0,140.0,147,1
p_aee2c923,curaola,10.0,4.0,179,1
p_5790eae5,lediam,14.0,356.0,137,1
p_74c75553,sphea1,8.0,,58,1
p_47e4cafe,q7ilaya,,190.0,142,1
p_eaa52b33,glal:s,,2565.0,168,1
p_8bb7bdd0,glali,15.0,,168,1
p_7a1ab96d,arctovis,20.0,,177,1
p_ce64ffcd,perrzerier,8.0,280.0,154,1
p_35699f73,perr5ercker,8.0,280.0,154,1
p_6c3b80c0,regjce,,1750.0,290,1
p_c4b14bb7,cacn4a,4.0,513.0,67,1
p_48489334,cacnea,,,67,1
p_67102227,klefai4y,,75.0,113,1
p_e9c3d893,kllnklang,6.0,810.0,260,1
p_ad9003ca,klinklank,6.0,,260,1
p_d7463523,wishiwashi-school,82.0,,217,0
p_5b982f45,dott1er,4.0,195.0,117,1
p_e90a6754,pankham,,80.0,70,1
p_86defa97,delphox,,,240,1
p_77caca15,slikoo,8.0,,158,1
p_be3fc5e5,bibarel,10.0,315.0,144,1
p_6fbdce7c,ramparclos,16.0,,173,1
p_ae142d13,budew,2.0,12.0,56,1
p_fc796a8c,snez5el,,280.0,86,1
p_b1423aa9,sinistea,,2.0,62,1
p_b79f41b1,trapinc,7.0,150.0,58,1
p_4361bcd7,cinderace,14.0,330.0,265,1
p_49979249,glalie,15.0,2565.0,168,1
p_24441f1a,snorunt,7.0,168.0,60,1
p_23c3c22e,lux:0,9.0,305.0,127,1
p_abaf6f48,wynaut,6.0,140.0,52,1
p_14950a7e,sl0wbro,16.0,,172,1
p_bb864036,escavali3r,10.0,330.0,173,1
p_e52e15a5,escavalier,10.0,,173,1
p_dfb59552,huntail,17.0,270.0,170,1
p_38f7e8a8,morpeko-fj|l-belly,3.0,30.0,153,1
p_fda977aa,clamperl,4.0,525.0,69,1
p_e5d1e515,lunala,40.0,1200.0,340,1
p_10a4b987,nihilego,12.0,555.0,285,1
p_b27b461d,cosmoem,1.0,9999.0,140,1
p_d13d36af,solgaleo,34.0,2300.0,340,1
p_98f87550,xurkitree,38.0,1000.0,285,1
p_9123fbbb,celesteela,92.0,9999.0,285,1
p_3302abc5,buzzwole,24.0,3336.0,285,1
p_cf3c925a,pheromosa,18.0,250.0,285,1
p_aedc64dc,kartana,3.0,1.0,285,1
p_f39da835,guzzlord,55.0,8880.0,285,1
p_f838f141,kricketune,10.0,255.0,134,1
p_1f98e775,shinx,5.0,95.0,53,1
p_771027c5,ranpardos,16.0,,173,1
p_c05131a8,kricketot,3.0,22.0,39,1
p_059591c0,sin:stea,1.0,2.0,62,1
p_75142d8c,roserade,9.0,145.0,258,1
p_fe345963,luxio,9.0,305.0,127,1
p_98f45114,luxray,14.0,420.0,262,1
p_6fb62a10,cranidos,9.0,315.0,70,1
p_640119b2,rampardos,16.0,1025.0,173,1
p_79352fb5,golem-aoooa,17.0,,223,0
p_cdaac739,guloin,4.0,103.0,60,1
p_deb2713a,kulpin,4.0,103.0,60,1
p_67419f50,gourgeist-small,7.0,95.0,173,0
p_6b5791ff,gourgeist-large,11.0,140.0,173,0
p_c6d2686d,houndour,6.0,108.0,66,1
p_2eff5b16,venusaur-mega,24.0,1555.0,281,0
p_7fae587d,charizard-mega-x,17.0,1105.0,285,0
p_c444bf6a,charizard-mega-y,17.0,1005.0,285,0
p_55021023,blastoise-mega,16.0,1011.0,284,0
p_1911b151,alakazam-mega,12.0,480.0,270,0
p_e262c488,gengar-mega,14.0,405.0,270,0
p_5ac75991,remoraid,6.0,120.0,60,1
p_b8a38b86,swinub,4.0,65.0,50,1
p_f5f5b29a,piloswine,11.0,558.0,158,1
p_8fec0fe1,mantine,21.0,2200.0,170,1
p_8321c77e,skarmory,17.0,505.0,163,1
p_9d4497e0,octillery,9.0,285.0,168,1
p_91d7b50b,delibird,9.0,160.0,116,1
p_78dfb4bb,eeuee,,65.0,65,1
p_9735c679,vinzion,20.0,,290,1
p_cb23c445,virizi0n,20.0,2000.0,290,1
p_01550fd1,goomv,3.0,28.0,60,1
p_4f24813c,karraplazt,5.0,59.0,63,1
p_63340b47,minior-1>l8e,3.0,3.0,175,0
p_8e4b414e,minior-biue,3.0,,175,0
p_fed79c83,carvanha,8.0,208.0,61,1
p_c1b58d82,sharpedo,18.0,888.0,161,1
p_31555270,gulpin,4.0,103.0,60,1
p_7a2cf64f,swalot,17.0,800.0,163,1
p_1209a97f,illumise,6.0,177.0,151,1
p_519dbe3c,roselia,3.0,20.0,140,1
p_5ec2a6cf,minun,4.0,42.0,142,1
p_8b95902f,volbeat,7.0,177.0,151,1
p_8c338966,manectric,15.0,402.0,166,1
p_58ff1531,plusle,4.0,42.0,142,1
p_aacf7a04,flareon,9.0,250.0,184,1
p_a4008890,porygon,8.0,365.0,79,1
p_88e5df77,vaporeon,10.0,290.0,184,1
p_e831f4fe,jolteon,8.0,245.0,184,1
p_605ef43c,ditto,3.0,40.0,101,1
p_cfebe95d,eevee,3.0,65.0,65,1
p_01437f1d,gyarados,65.0,2350.0,189,1
p_ad806332,lapras,25.0,2200.0,187,1
p_943c6bb6,un0wm,5.0,,118,1
p_2b9356c2,unown,,,118,1
p_6eaef924,mismatius,9.0,,173,1
p_ed238d38,gourgeist-super,17.0,390.0,173,0
p_7fb751fe,omanyte,4.0,75.0,71,1
p_4ddc720a,omastar,10.0,350.0,173,1
p_ceacafed,houndoom,14.0,350.0,175,1
p_52de4e99,corsola,6.0,50.0,144,1
p_ce508a3e,kangaskhan-mega,22.0,1000.0,207,0
p_b16139bb,rotom-vva5h,3.0,,182,0
p_7896fa05,wipinbeol,,64.0,137,1
p_d09efd48,weepinbell,,64.0,137,1
p_70ae4590,drakloak,14.0,,144,1
p_a3edadba,drakbak,14.0,110.0,144,1
p_9439fb29,gabide,,560.0,144,1
p_20f5d7cb,corfiknigt,22.0,,248,1
p_dafea60d,tornadus-incwrnate,15.0,630.0,290,1
p_9a636913,milod:c,62.0,,189,1
p_b33fff91,mizotic,,1620.0,189,1
p_f812aee4,leavanriy,12.0,,225,1
p_ef33364a,motiiii,,233.0,148,1
p_46fdf18c,minior-viilet,3.0,,175,0
p_c9e34f72,zapros-9alar,16.0,,290,0
p_72234e60,zapdoj-galar,,582.0,290,0
p_f9e6295e,squirtile,5.0,90.0,63,1
p_3d9a6e9d,meltan,2.0,,150,1
p_53e62f55,trevenant,15.0,710.0,166,1
p_04aefda5,mewtwo-mega-y,15.0,330.0,351,0
p_9325707e,ckyogre-primal,98.0,4300.0,347,0
p_3cff6d4d,meowth-alola,,42.0,58,0
p_41ce7fcc,meowrh-alola,4.0,42.0,58,0
p_3fc31782,darmanitan-standard,13.0,929.0,168,1
p_9820acaf,sliggoo,8.0,175.0,158,1
p_7af0dba6,goomy,3.0,28.0,60,1
p_f6187f1e,goodra,20.0,1505.0,300,1
p_42e8fbbb,tepi9,5.0,,62,1
p_4e7ad9b3,ribombee-tot4m,4.0,20.0,162,0
p_b8689c72,dhelmise,39.0,2100.0,181,1
p_343780d2,drampa,30.0,1850.0,170,1
p_e89a7bbd,hakamo-o,12.0,470.0,147,1
p_e57f84dd,jangmo-o,6.0,297.0,60,1
p_6bfdf786,tapu-koko,18.0,205.0,285,1
p_5455442d,kommo-o,16.0,782.0,300,1
p_a205dd2f,tapu-bulu,19.0,455.0,285,1
p_500aa25b,tapu-lele,12.0,186.0,285,1
p_ef6c9e2d,cosmog,2.0,1.0,40,1
p_ed532493,tapu-fini,13.0,212.0,285,1
p_89fc21d5,sigilvph,14.0,,172,1
p_bdcd0b76,sigilyp,14.0,,172,1
p_15def612,wormadam-plant,5.0,65.0,148,1
p_619d6e5a,burmy,2.0,34.0,45,1
p_a0f8647e,combee,3.0,55.0,49,1
p_8357f02c,mothim,9.0,233.0,148,1
p_b440568d,pachirisu,4.0,39.0,142,1
p_3aa0638a,vespiquen,12.0,385.0,166,1
p_882215ab,floatzel,11.0,335.0,173,1
p_f8521602,buizel,7.0,295.0,66,1
p_2e93683e,wishiwashi-solo,,3.0,61,1
p_1796713e,chewdle,3.0,,57,1
p_dec7c4bc,kyurem-white,36.0,3250.0,350,0
p_98bcf486,smoochum,4.0,60.0,61,1
p_2246cc78,landorus-therian,13.0,680.0,300,0
p_8f6a213f,thundurus-therian,30.0,610.0,290,0
p_452982db,pumpkaboo-small,3.0,35.0,67,0
p_6f3869b5,aegislash-blade,17.0,530.0,250,0
p_dc066184,meowstic-female,6.0,85.0,163,0
p_91e46a43,keldeo-resolute,14.0,485.0,290,0
p_546b622b,phanpy,5.0,335.0,66,1
p_c9728944,kingdra,18.0,1520.0,270,1
p_7d6c1222,porygon2,6.0,325.0,180,1
p_0bc3e295,pumpkaboo-large,5.0,75.0,67,0
p_6a6da6bf,smeargle,12.0,580.0,88,1
p_edf4421f,stantler,14.0,712.0,163,1
p_73f579f8,hitmontop,14.0,480.0,159,1
p_79d62248,tyrogue,7.0,210.0,42,1
p_5ef9537b,kornaia,4.0,,168,1
p_edb0f73f,snoriaecs,21.0,,189,1
p_48285516,electrike,6.0,152.0,59,1
p_05f31fc0,medicham,13.0,315.0,144,1
p_b469b677,mamkev,,280.0,61,1
p_c642aea1,manbey,5.0,280.0,61,1
p_593bc054,meditite,6.0,112.0,56,1
p_2fcb886a,aggron,21.0,3600.0,265,1
p_79524aa5,delcatty,11.0,326.0,140,1
p_5c5ad1c8,skitty,6.0,110.0,52,1
p_8cb549cc,mawile,6.0,115.0,133,1
p_85758b11,sableye,5.0,110.0,133,1
p_805fff30,electabuzz,11.0,300.0,172,1
p_e36f333a,jynx,14.0,406.0,159,1
p_1b5bbabc,pinsir,15.0,550.0,175,1
p_efc50f8e,magmar,13.0,445.0,173,1
p_4119727b,starmie,11.0,800.0,182,1
p_42ced350,staryu,8.0,345.0,68,1
p_84604db4,froslaa,13.0,266.0,168,1
p_59590110,fro5lass,13.0,,168,1
p_2929c063,magikarp,9.0,100.0,40,1
p_0407d077,tauros,14.0,884.0,172,1
p_f2fc8049,rhyperl0r,,2828.0,268,1
p_57e6e494,rhypetkor,,2828.0,268,1
p_3ee2d6f5,tynamo,,,55,1
p_e733a6e9,gengar-nega,,405.0,270,0
p_686fc877,mr-rime,15.0,582.0,182,1
p_bed6cce5,snorlax,21.0,4600.0,189,1
p_5d22a35c,runerigus,16.0,666.0,169,1
p_44339eb1,minior-yellow,3.0,3.0,175,0
p_adc36e6e,volcarona,16.0,460.0,275,1
p_935a984a,larvesta,11.0,288.0,72,1
p_4f88fce0,heatmor,14.0,580.0,169,1
p_ff87456a,mandibuzz,12.0,395.0,179,1
p_88a021a8,deino,8.0,173.0,60,1
p_40663eb0,muna,,233.0,58,1
p_5b035982,durant,3.0,330.0,169,1
p_8d7dfd5a,h-oh,38.0,,340,1
p_959c185c,onastar,10.0,,173,1
p_62c9391c,omasttar,10.0,350.0,173,1
p_a4eb936e,dragonite,22.0,2100.0,300,1
p_26da5dce,minior-green-meteor,3.0,400.0,154,0
p_ce6adfe1,minior-violet-meteor,3.0,400.0,154,0
p_6f0329bf,minior-indigo-meteor,3.0,400.0,154,0
p_6d2ecc60,starzvia,6.0,155.0,119,1
p_3ac396f6,cofagrigus,17.0,,169,1
p_376219a0,cofagrigus,,765.0,169,1
p_89721913,mr-mime-galar,14.0,568.0,161,0
p_3249f972,sdunlcy,4.0,192.0,66,1
p_25bf0e69,gotborita,,180.0,137,1
p_9d4ec58d,gotjorita,,180.0,137,1
p_16477544,lopuny,12.0,,168,1
p_a275f9c8,lopunv,,333.0,168,1
p_7132156a,shuckle,6.0,205.0,177,1
p_f2e7cb20,ahra,9.0,,62,1
p_f2845911,electibire,,1386.0,270,1
p_c3e1fdc3,scizor,18.0,1180.0,175,1
p_c7c3abe7,l<adabra,13.0,,140,1
p_9f854bb9,pawniard,5.0,102.0,68,1
p_b44e969c,kec0eon,,220.0,154,1
p_a4d7527f,solgsle9,34.0,2300.0,340,1
p_d959a43f,cuh0ne,4.0,,64,1
p_77acd965,thuncluruz-therian,30.0,,290,0
p_17a5935f,kaprast,25.0,,187,1
p_b3191ba7,lapraz,25.0,,187,1
p_76ce92d1,flaloebe,1.0,1.0,61,1
p_aa4ec858,inteleon,19.0,452.0,265,1
p_70dfad21,farfetcbd-9alar,8.0,420.0,132,0
p_f800bef3,amoongiss,6.0,105.0,162,1
p_2ce2f5aa,lopunny,12.0,333.0,168,1
p_7cb536a7,mismagius,9.0,44.0,173,1
p_fcd2d011,seedod,5.0,,44,1
p_290cff8f,ambipom,12.0,203.0,169,1
p_a187f4c5,drifloon,4.0,12.0,70,1
p_525ad8a3,drifblim,12.0,150.0,174,1
p_33f3ea86,buneary,4.0,55.0,70,1
p_a90698e9,cherubi,4.0,33.0,55,1
p_1a51f525,cherrim,5.0,93.0,158,1
p_07dbc2ec,shellos,3.0,63.0,65,1
p_94a67b97,gastrodon,9.0,299.0,166,1
p_c011b32b,basculin-blue-striped,10.0,180.0,161,0
p_14f36992,darmanitan-zen,13.0,929.0,189,0
p_acd755ca,castform-rainy,3.0,8.0,147,0
p_fe73762c,castform-snowy,3.0,8.0,147,0
p_abd8d6dc,rotom-mow,3.0,3.0,182,0
p_aa4101ab,castform-sunny,3.0,8.0,147,0
p_b83fec82,rotom-frost,3.0,3.0,182,0
p_131c69d9,rotom-fan,3.0,3.0,182,0
p_861265e9,meloetta-pirouette,6.0,65.0,270,0
p_3d36a67b,tornadus-therian,14.0,630.0,290,0
p_3e9c4c96,fulpix-alola,6.0,99.0,60,0
p_da4bcd88,binacle,5.0,310.0,61,1
p_9b8632fa,barbaracle,13.0,960.0,175,1
p_2ee25fd2,doublade,8.0,45.0,157,1
p_8d9f7927,aegislash-shield,17.0,530.0,250,1
p_f0983fce,spritzee,2.0,5.0,68,1
p_0d130cf3,aromatisse,8.0,155.0,162,1
p_d633c50e,swirlix,4.0,35.0,68,1
p_bac4f461,slurpuff,8.0,50.0,168,1
p_30e52e67,inkay,4.0,35.0,58,1
p_14c79c26,malamar,15.0,470.0,169,1
p_17f40b54,solrock,12.0,1540.0,161,1
p_91ba363e,barboach,4.0,19.0,58,1
p_1db40e64,flygon,20.0,820.0,260,1
p_ed494e65,cacnea,4.0,513.0,67,1
p_71ed7ac4,cacturne,13.0,774.0,166,1
p_42317f4f,swablu,4.0,12.0,62,1
p_1430d2dc,altaria,11.0,206.0,172,1
p_98b706f2,zangoose,13.0,403.0,160,1
p_32759e0d,seviper,27.0,525.0,160,1
p_cdf5aa1a,lunatone,10.0,1680.0,161,1
p_8339ffa1,weezing,12.0,95.0,172,1
p_bf84fe5e,rhyhorn,10.0,1150.0,69,1
p_dc2abab7,rhydon,19.0,1200.0,170,1
p_53cc6d6e,chansey,11.0,346.0,395,1
p_57e9d3b2,tangela,10.0,350.0,87,1
p_76515e91,kangaskhan,22.0,800.0,172,1
p_43be2b0b,horsea,4.0,80.0,59,1
p_78542d84,seadra,12.0,250.0,154,1
p_43144c89,goldeen,6.0,150.0,64,1
p_1611715f,seaking,13.0,390.0,158,1
p_490f5ed2,sunfbra,,85.0,149,1
p_eadda451,magcargo,8.0,550.0,151,1
p_0f78fb62,pineco,6.0,72.0,58,1
p_8457b7b2,forretress,12.0,1258.0,163,1
p_d6bc6e09,dunsparce,15.0,140.0,145,1
p_00332aca,gligar,11.0,648.0,86,1
p_8c64d6a5,misdreavus,7.0,10.0,87,1
p_05fa7ac3,unown,5.0,50.0,118,1
p_bcd204b5,wobbuffet,13.0,285.0,142,1
p_4865f04b,girafarig,15.0,415.0,159,1
p_68a95005,steelix,92.0,4000.0,179,1
p_1c8f1690,snubbull,6.0,78.0,60,1
p_23326eea,salazzle,12.0,222.0,168,1
p_ca412bd1,stufful,5.0,68.0,68,1
p_175b3d59,slugma,7.0,350.0,50,1
p_d356555b,starmie,11.0,,182,1
p_663116d6,starmiw,11.0,800.0,182,1
p_f6539118,pidgeltto,,300.0,122,1
p_7a661ede,pitkeotto,,300.0,122,1
p_c988bbc3,snunbull,,78.0,60,1
p_b64a49f9,bis1>arp,,700.0,172,1
p_aea4c475,bisbaro,16.0,,172,1
p_3a0f6976,eiectrode,12.0,666.0,172,1
p_91bda3c1,crobat,18.0,750.0,268,1
p_e3cc89d4,grimer-alola,7.0,420.0,65,0
p_e14630e9,yve1tal,58.0,,340,1
p_f6ced86c,yve|tal,,2030.0,340,1
p_705841a0,greninja-battle-bond,15.0,400.0,239,0
p_c2946b78,rillaboom,21.0,900.0,265,1
p_4f81ccee,qwilf:ah,,39.0,88,1
p_c060b130,qwilf8sh,5.0,,88,1
p_4aa66a93,arceuj,,3200.0,324,1
p_83ea2d3c,furret,18.0,325.0,145,1
p_7ebeff64,kricket0t,3.0,22.0,39,1
p_34a4ece6,kricl<etot,3.0,22.0,39,1
p_690b11f7,mimikyu-busyed,2.0,7.0,167,0
p_18c7d7e2,tamgroth,,1286.0,187,1
p_589c4f99,tangroth,,1286.0,187,1
p_a1f64968,skarnory,,505.0,163,1
p_dbd7cf07,skarnory,17.0,,163,1
p_3af69738,crawcaubt,,328.0,164,1
p_663ae284,gumsols-totem,14.0,600.0,146,0
p_c50cca1f,reshiram,32.0,3300.0,340,1
p_2b4e7412,zalamdit,6.0,,64,1
p_7e7c7fc9,trubbix,6.0,310.0,66,1
p_47518ea0,trubbish,6.0,,66,1
p_20ddb1bb,silvally,,1005.0,285,1
p_be1bb38a,silually,23.0,1005.0,285,1
p_e3b10ae1,eternatus-etrrnamax,,0.0,563,0
p_9391cec5,eteahnatua-eternamax,1000.0,0.0,563,0
p_dc87d119,diglett,,8.0,53,1
p_328ddf0a,diglett,2.0,,53,1
p_0f013717,ambip0m,,203.0,169,1
p_17ee6a62,psytuck,8.0,196.0,64,1
p_51aa8b90,psyduck,,196.0,64,1
p_74cd351a,sandygast,5.0,700.0,64,1
p_5d3bbfa3,dustkill,8.0,150.0,59,1
p_4ab43893,gallade-mega,16.0,564.0,278,0
p_de0612c2,wimpod,5.0,120.0,46,1
p_2d8284b7,sableye-mega,5.0,1610.0,168,0
p_e975e75e,oranguru,15.0,760.0,172,1
p_b32547b3,mime-jr,6.0,130.0,62,1
p_071915c1,bonsly,5.0,150.0,58,1
p_b87400a4,celsl>i,6.0,,300,1
p_9b4d9791,chingling,2.0,6.0,57,1
p_9aa61ec7,purugly,10.0,438.0,158,1
p_e678e55b,glameow,5.0,39.0,62,1
p_097f2d54,honchkrow,9.0,273.0,177,1
p_1f507cce,bronzong,13.0,1870.0,175,1
p_3753b7cf,bronzor,5.0,605.0,60,1
p_d0755c89,skuntank,10.0,380.0,168,1
p_6367b73e,stunky,4.0,192.0,66,1
p_0bfa82b5,ladio5,,600.0,300,1
p_234ab411,bounsweet,3.0,32.0,42,1
p_30ea1cb7,yamasl<,5.0,,61,1
p_b7f04058,yamasdk,,15.0,61,1
p_b5f2291d,mandibujz,,395.0,179,1
p_2934b16a,tyrantrum,25.0,2700.0,182,1
p_bd3372de,tyrunt,8.0,260.0,72,1
p_809ab63e,heliolisk,10.0,210.0,168,1
p_89c84b5f,helioptile,5.0,60.0,58,1
p_4a6f8770,clawitzer,13.0,353.0,100,1
p_4b99b72d,clauncher,5.0,83.0,66,1
p_a91fef02,dragalge,18.0,815.0,173,1
p_b864792d,skrelp,5.0,73.0,64,1
p_278595f8,axww,6.0,,64,1
p_a58e726b,aurorus,27.0,2250.0,104,1
p_79ee0bca,amaura,13.0,252.0,72,1
p_e955ba4e,spinda,11.0,50.0,126,1
p_04a5b1de,grumpig,9.0,715.0,165,1
p_88c42afd,spoink,7.0,306.0,66,1
p_98352e7e,torkoal,5.0,804.0,165,1
p_5c11ba36,camerupt,19.0,2200.0,161,1
p_cb8f4a17,numel,7.0,240.0,61,1
p_3c86d30b,wailord,145.0,3980.0,175,1
p_9456cc33,wailmer,20.0,1300.0,80,1
p_5ff70ec8,vibrava,11.0,153.0,119,1
p_feeb7397,trapinch,7.0,150.0,58,1
p_6e9f397a,slipioom,6.0,,119,1
p_4e2ca503,koffing,6.0,10.0,68,1
p_3c826991,lickitung,12.0,655.0,77,1
p_cfc84d7f,hitmonchan,14.0,502.0,159,1
p_847ca8ef,hitmonlee,15.0,498.0,159,1
p_f7484f9e,marowak,10.0,450.0,149,1
p_59cad62a,cubone,4.0,65.0,64,1
p_88544005,exeggutor,20.0,1200.0,186,1
p_26e17e9e,exeggcute,4.0,25.0,65,1
p_3782969e,electrode,12.0,666.0,172,1
p_c9bca29a,voltorb,5.0,104.0,66,1
p_ce6cfc8a,anorith,7.0,,71,1
p_a8c1512b,anorjth,7.0,125.0,71,1
p_94de8814,lycanroc-midday,8.0,250.0,170,1
p_b71807f8,rockruff,5.0,92.0,56,1
p_9790f745,mareanie,4.0,80.0,61,1
p_61eea931,granbull,14.0,487.0,158,1
p_7cf1dc8a,ursaring,18.0,1258.0,175,1
p_33795293,teddiursa,6.0,88.0,66,1
p_fad53717,sneasel,9.0,280.0,86,1
p_6b7218c0,heracross,15.0,540.0,175,1
p_c6fb5a97,deoxys-attack,17.0,608.0,270,0
p_850f6d14,deoxys-speed,17.0,608.0,270,0
p_794653f4,deoxys-defense,17.0,608.0,270,0
p_c76b4167,wormadam-trash,5.0,65.0,148,0
p_5d548d82,toxapex,7.0,145.0,173,1
p_ee320ccf,giratina-origin,69.0,6500.0,340,0
p_4ced388a,shaymin-sky,4.0,52.0,270,0
p_969c71b4,pidgey,3.0,18.0,50,1
p_0cea8f24,pidgeotto,11.0,300.0,122,1
p_620911cb,kakuna,6.0,100.0,72,1
p_07a26da8,beedrill,10.0,295.0,178,1
p_d08069e0,butterfree,11.0,320.0,198,1
p_b91b256d,weedle,3.0,32.0,39,1
p_003c41d5,caterpie,3.0,29.0,39,1
p_34fa6cc5,metapod,7.0,99.0,72,1
p_4096046a,pidgeot,15.0,395.0,216,1
p_71fd0f13,rattata,3.0,35.0,51,1
p_1cb775df,victim'l,4.0,,300,1
p_cbd72e9e,victlrii,,40.0,300,1
p_642c9e21,pidgeot,15.0,,216,1
p_2f558d42,pidgeot,,395.0,216,1
p_d57c71c8,lumirieon,12.0,,161,1
p_37aad0d3,pikacju-kalos-cap,,60.0,112,0
p_fb41d29f,dustkull,8.0,,59,1
p_1ac34160,drowzee,,324.0,66,1
p_5c923bca,slowpoke-galar,12.0,,63,0
p_33d6d4b1,slowpoke-galar,,,63,0
p_978e4acf,sharpeto,18.0,888.0,161,1
p_9b31bd1f,whisca5h,,236.0,164,1
p_fa1185cb,geodudd-alola,,203.0,60,0
p_3f5f50f1,geotude-aoola,,203.0,60,0
p_b385bfaa,ducklett,5.0,55.0,61,1
p_c4f35c50,spesr0w,,20.0,52,1
p_3a168976,pr:meap,,320.0,159,1
p_e7ba808d,mewtwo-mega-y,15.0,,351,0
p_811b1886,mewywo-mega-y,15.0,330.0,351,0
p_dbbac93f,arro1<uda,5.0,10.0,56,1
p_c203f43d,kramorant,,180.0,166,1
p_1aafae5a,znorunt,7.0,168.0,60,1
p_f0426e6b,farfeychd,,150.0,132,1
p_fa8ee843,mizmagiuz,9.0,44.0,173,1
p_b7734e28,lat:os,20.0,,300,1
p_1d4c53d3,spoinck,7.0,306.0,66,1
p_e78f02a1,mimikyu-t0tem-busted,4.0,28.0,167,0
p_3d4b2d83,mimikyu-totem-bu5ted,4.0,28.0,167,0
p_d9ca6889,gourgekst-super,17.0,,173,0
p_0bff6143,gourgeist-5uper,17.0,,173,0
p_2be3d4b1,wormadarn-trash,,65.0,148,0
p_6ab97a34,hpno,16.0,756.0,169,1
p_ec7cf3ff,digjyrsby,10.0,424.0,148,1
p_362c6102,digger5by,10.0,424.0,148,1
p_7f09f90b,kecleon,10.0,220.0,154,1
p_a83bd130,shuppet,6.0,23.0,59,1
p_1b189b60,milotic,62.0,1620.0,189,1
p_f8169f06,castform,3.0,8.0,147,1
p_840c2dae,dusclops,16.0,306.0,159,1
p_0d51e629,tropius,20.0,1000.0,161,1
p_5afc5587,banette,11.0,125.0,159,1
p_7efb5031,duskull,8.0,150.0,59,1
p_a31a7c8e,dubwool,,430.0,172,1
p_662dfea4,chimecho,6.0,10.0,159,1
p_3141a2bf,absol,12.0,470.0,163,1
p_f4b05bf7,alomomola,12.0,316.0,165,1
p_a4ff2a11,joltik,1.0,6.0,64,1
p_428c92e5,galvantula,8.0,143.0,165,1
p_287785eb,ferroseed,6.0,188.0,61,1
p_9ae1627f,foongus,2.0,10.0,59,1
p_2b9ba017,amoonguss,6.0,105.0,162,1
p_7b5d896f,frillish,12.0,330.0,67,1
p_ececb24d,jellicent,22.0,1350.0,168,1
p_681bdcaf,ferrothorn,10.0,1100.0,171,1
p_7c32422d,klink,3.0,210.0,60,1
p_7de09c8a,raichu-alola,7.0,210.0,243,0
p_9697e07a,sandshrew-alola,7.0,400.0,60,0
p_a1371d89,sandslash-alola,12.0,550.0,158,0
p_d80900af,vulpix-alola,6.0,99.0,60,0
p_64ddc5cf,ninetales-alola,11.0,199.0,177,0
p_6ee65f80,diglett-alola,2.0,10.0,53,0
p_3e912778,dugtrio-alola,7.0,666.0,149,0
p_6de7b05a,meowth-alola,4.0,42.0,58,0
p_80935eee,persian-alola,11.0,330.0,154,0
p_22ea1b7f,cleffa,3.0,30.0,44,1
p_a2a9d01a,chinchou,5.0,120.0,66,1
p_3c34c15d,lanturn,12.0,225.0,161,1
p_e4c212fd,togetic,6.0,32.0,142,1
p_7cba44c0,natu,2.0,20.0,64,1
p_ecba48dd,igglybuff,3.0,10.0,42,1
p_afc8aeac,togepi,3.0,15.0,49,1
p_4bb19edd,delibied,9.0,160.0,116,1
p_555af3aa,delibird,,160.0,116,1
p_4bfa46fd,deoxyst-speed,17.0,,270,0
p_9478d6ce,deoys-speed,17.0,,270,0
p_add433ad,palossand,13.0,2500.0,168,1
p_7f738698,pyukumuku,3.0,12.0,144,1
p_091ce616,type-null,19.0,1205.0,107,1
p_acafbf2f,silvally,23.0,1005.0,285,1
p_bcc71689,groudon-primal,50.0,9997.0,347,0
p_97585788,rayquaza-mega,108.0,3920.0,351,0
p_849b2991,turtonator,20.0,2120.0,170,1
p_0182b726,togedemaru,3.0,33.0,152,1
p_71478efe,glalie-mega,21.0,3502.0,203,0
p_2d987943,diancie-mega,11.0,278.0,315,0
p_f72682eb,metagross-mega,25.0,9429.0,315,0
p_6bacd4c8,kyogre-primal,98.0,4300.0,347,0
p_121d0304,sharpedo-mega,25.0,1303.0,196,0
p_01d0ee1d,slowbro-mega,20.0,1200.0,207,0
p_26a0ccd4,steelix-mega,105.0,7400.0,214,0
p_5c025fbc,pidgeot-mega,22.0,505.0,261,0
p_f2da4b86,ekans,20.0,69.0,58,1
p_6edba5b2,fearow,12.0,380.0,155,1
p_4eed6011,spearow,3.0,20.0,52,1
p_06480ee0,raticate,7.0,185.0,145,1
p_f0fe5ea9,sandshrew,6.0,120.0,60,1
p_973d85a8,raichu,8.0,300.0,243,1
p_85eb5c4e,pikachu,4.0,60.0,112,1
p_1db522c6,arbok,35.0,650.0,157,1
p_0d08a997,nidoran-f,4.0,70.0,55,1
p_f2462e65,sandslash,10.0,295.0,158,1
p_8840a4df,baltoi,5.0,215.0,60,1
p_54cc7584,baltoy,,215.0,60,1
p_302df944,dangela,,350.0,87,1
p_2604d858,tankela,10.0,,87,1
p_a5a50bda,chimecbo,,10.0,159,1
p_cb847e73,chimexo,6.0,10.0,159,1
p_6ea5d789,pelipper,12.0,,154,1
p_dfb5ad05,pelipper,12.0,,154,1
p_82c7b207,eldeooss,5.0,,161,1
p_83505ce3,lairiri,9.0,,151,1
p_9e22f958,krovyle,9.0,216.0,142,1
p_7cdd7095,grovyle,9.0,,142,1
p_06c2ca60,xatu,,,165,1
p_abc5b04a,breloom,,392.0,161,1
p_6502af64,klevki,2.0,,165,1
p_79bd922d,kurturr,12.0,,142,1
p_24f77b9d,mightyena,10.0,370.0,147,1
p_0ee0c7ef,noctol,16.0,,158,1
p_d0864640,noktowl,16.0,,158,1
p_2e7897ff,zigzagoon,4.0,175.0,56,1
p_5487ad06,gourgeist-smwll,,95.0,173,0
p_4eab2c04,gourgist-smal|,7.0,95.0,173,0
p_6b6bb0aa,klamperl,,525.0,69,1
p_94ef28c9,zneasel,,280.0,86,1
p_5b41a4ca,clampwrl,,525.0,69,1
p_4c4fa499,cascoon,7.0,115.0,72,1
p_c9f84eee,dustox,12.0,316.0,173,1
p_041b1951,tapu-vuiu,,455.0,285,1
p_ec8ef794,dapu-pulu,19.0,,285,1
p_db38ed2b,aerodactyl,,590.0,180,1
p_a27eca99,mothiiii,,233.0,148,1
p_5346c365,krookodole,,963.0,260,1
p_6317a992,hippo2don,20.0,3000.0,184,1
p_61812295,azeld,,3.0,290,1
p_040498a4,aze|f,3.0,,290,1
p_ca0bbeae,cactufne,,774.0,166,1
p_a85558da,kactvrne,,774.0,166,1
p_fa26a0a7,toxtrikity-low-key,16.0,400.0,176,0
p_3a9ca283,grujpi9,9.0,715.0,165,1
p_792f3d33,eecscadriil,7.0,404.0,178,1
p_507c2ae9,corphish,6.0,115.0,62,1
p_bdc8a3d7,ponyta-galar,8.0,240.0,82,0
p_1223c81f,baltoy,5.0,215.0,60,1
p_ea130658,crawdaunt,11.0,328.0,164,1
p_3285d669,lileep,10.0,238.0,71,1
p_f87fd20a,claydol,15.0,1080.0,175,1
p_90f0fa20,anorith,7.0,125.0,71,1
p_1484a81b,rapidash-galar,17.0,800.0,175,0
p_159bc631,feebas,6.0,74.0,40,1
p_5751e647,armaldo,15.0,682.0,173,1
p_24b03bcb,qwilfish,5.0,39.0,88,1
p_f480c792,vanillish,11.0,410.0,138,1
p_ed24c802,vanillite,4.0,57.0,61,1
p_1d727182,swanna,13.0,242.0,166,1
p_b1c18330,wishiwashi-solo,2.0,3.0,61,1
p_601045a2,emolga,4.0,50.0,150,1
p_b13834d1,sawsbuck,19.0,925.0,166,1
p_ea25f732,deerling,6.0,195.0,67,1
p_be6815fe,vanilluxe,13.0,575.0,268,1
p_e9af0dc2,oricorio-baile,6.0,34.0,167,1
p_696408ff,escavalier,10.0,330.0,173,1
p_521a3310,karrablast,5.0,59.0,63,1
p_8e60127b,crabominable,17.0,1800.0,167,1
p_be001927,muk-alola,10.0,520.0,175,0
p_906a2e32,ariados,11.0,335.0,140,1
p_77f0fcf3,golem-alola,17.0,3160.0,223,0
p_180abdd1,graveler-alola,10.0,1100.0,137,0
p_6ad8b37f,greninja-ash,15.0,400.0,288,0
p_717a40d2,ribombee,2.0,5.0,162,1
p_7c237b0a,marowak-alola,10.0,340.0,149,0
p_469038b4,exeggutor-alola,109.0,4156.0,186,0
p_cd4d35df,sentret,8.0,60.0,43,1
p_2399e75e,feraligatr,23.0,888.0,239,1
p_d51aa578,zygarde-50-power-construct,50.0,3050.0,300,0
p_de171419,arfeus,32.0,,324,1
p_4d877bdc,ledyba,10.0,108.0,53,1
p_f3f4a833,noctowl,16.0,408.0,158,1
p_e01233fd,spinarak,5.0,85.0,50,1
p_6f7ba8f9,ledian,14.0,356.0,137,1
p_6b28d38a,fletchinder,7.0,160.0,134,1
p_f171dc84,talonflame,12.0,245.0,175,1
p_f2cb1fb1,sunflora,8.0,85.0,149,1
p_cc476b7a,gunzhoos-totem,,600.0,146,0
p_9fa10a80,fletchling,3.0,17.0,56,1
p_b3fd3da9,vivillon,12.0,170.0,185,1
p_b1f6f274,wormadam-sandy,5.0,65.0,148,0
p_196009f5,scatterbug,3.0,25.0,40,1
p_1c2b0efe,audino-mega,15.0,320.0,425,0
p_bd40f304,golisopod,20.0,1080.0,186,1
p_95caf904,altaria-mega,15.0,206.0,207,0
p_7d10eaf1,passimian,20.0,828.0,172,1
p_ef76ca2f,sceptile-mega,19.0,552.0,284,0
p_cc66895d,swampert-mega,19.0,1020.0,286,0
p_3bf01c93,latios-mega,23.0,700.0,315,0
p_f1328d30,latias-mega,18.0,520.0,315,0
p_bdafded7,floette-eternal,2.0,9.0,243,0
p_155e5fdc,abomasnow-mega,27.0,1850.0,208,0
p_29cd2c8f,ninetales,11.0,199.0,177,1
p_8881251b,jigglypuff,5.0,55.0,95,1
p_280e640d,nidoking,14.0,620.0,253,1
p_a3ac8d64,clefairy,6.0,75.0,113,1
p_c75480a7,clefable,13.0,400.0,242,1
p_1e45fe12,vulpix,6.0,99.0,60,1
p_65365a2f,nidorina,8.0,200.0,128,1
p_0408be73,nidoqueen,13.0,600.0,253,1
p_95f110c6,nidoran-m,5.0,90.0,55,1
p_79cde0d9,nidorino,9.0,195.0,128,1
p_33c16246,rookidy,,18.0,49,1
p_ff8b86e9,roockiclee,2.0,,49,1
p_9c4bec01,vanilluxd,13.0,575.0,268,1
p_e1e72d49,vanilluxe,13.0,,268,1
p_979fa2e9,shedjnja,8.0,12.0,83,1
p_d08cce0d,vrnipede,,53.0,52,1
p_e2a6cec8,rat:cate-totem-ajola,14.0,1050.0,145,0
p_11106bb6,totidile,6.0,95.0,63,1
p_926e7fc0,dotofile,6.0,95.0,63,1
p_b49399da,jumplvff,,30.0,207,1
p_01908ab0,machoke,,705.0,142,1
p_64091f25,mzchoke,15.0,705.0,142,1
p_8dcef4a2,nidoran-m,5.0,,55,1
p_93afe082,watchog,11.0,,147,1
p_7f79b433,pid0ye,,21.0,53,1
p_be462dee,pidovw,3.0,,53,1
p_38f74fe5,donphan,,,175,1
p_cd953b99,tornadus-therian,,630.0,290,0
p_2fccc3ea,tornadu5-therian,14.0,630.0,290,0
p_b8d1b58f,kroagunk,,230.0,60,1
