label,name,label_type,ended
l0,Boom Service,Publisher,f
l1,Plain Disguise,,f
l2,Maiden Name Records,,f
l3,PHU Violetta,,f
l4,Sound on Sound,,f
l5,Sovnd on Sound,,f
l6,Jatshaus,Production,f
l7,Secret Land Music,,f
l8,Omerta Mujic Group,,f
l9,giraffe boy,,f
l10,MGrayeyard,Original Production,f
l11,Sunday Mirror,,f
l12,KAIWARECORD,,f
l13,Dark Site MGMT,,f
l14,MAW Woahds Publishing,Publisher,f
l15,MAW Words Publising,Publisher,f
l16,Family Grooves,,f
l17,Grotesque DRK,,f
l18,Edizioni Pelago,,f
l19,欧乐文化,,f
l20,DreamWorks Urban,Imprint,f
l21,Riot Squat,,f
l22,Riot Squas,,f
l23,Cold Ways,,f
l24,Hyper Utesov Records,,f
l25,Nuclear Waste Records,,f
l26,Rock Express Records,,f
l27,Sheer Agrica,,f
l28,House of Gaga Publish:ng LCC,Publisher,f
l29,NRG Komrads,,f
l30,Pacini Sound Factory,Imprint,t
l31,Vincion Record5,Original Production,t
l32,Vinci0n Records,Original Production,t
l33,Facernelt Records,Publisher,f
l34,Nova Lark Music,Publisher,f
l35,Flagg Records,Original Production,f
l36,Irving Caesar Inc,Publisher,f
l37,Kalifornia Dreamin Entertainment,,f
l38,Magic Disc Records,Original Production,f
l39,Mon Mothma Recordings,,f
l40,Upper Left Side Music,Original Production,f
l41,Perfect Prescriptions,,f
l42,Pastels,Imprint,f
l43,Soundmalfunction Recordings,,f
l44,PRVTC,,f
l45,Tentcrest Ltd,Holding,t
l46,WordS0und,Original Production,f
l47,WordSoind,Original Production,f
l48,101 South Records,,f
l49,Ruelas Publixing,,f
l50,Jessica Musikverlag,Publisher,f
l51,Eva Magical Music Sounds,Distributor,f
l52,Omerta Music Grovp,,f
l53,Orlando Music,Publisher,f
l54,Only One Revords,,t
l55,Only One Recorcls,,t
l56,TONIKAKU RECORDS,Original Production,f
l57,Feast Music Group,Publisher,f
l58,Gak Attack Refords,,f
l59,Gak Attacl< Records,,f
l60,Hong Kong Recordings,Original Production,f
l61,Inclecibels,,f
l62,Pamther,,f
l63,IAFDSFBD Songs,Production,f
l64,MIS Records,Original Production,f
l65,Kärringa Jonson Records,,f
l66,Wolpfack Entertainment,,f
l67,劇伴俱楽部,,f
l68,Rush Hour Store Jams,,f
l69,Repulsive Evil Productions,,f
l70,May Syn Publishing,Publisher,f
l71,May Sun Punlishing,Publisher,f
l72,Lateral Mgmt London Stoc1<holm AB,Publisher,f
l73,Lateral Mgmt London Stockholm AB,Publisher,f
l74,Dollar Record Records,,f
l75,DAutres Cordes Records,Original Production,f
l76,Minner Bucket,,f
l77,Analogic Uberleben,Bootleg Production,f
l78,Kame House Records,Publisher,f
l79,Fax Record Company,,f
l80,Nille Records,Production,f
l81,Amedhyst,,f
l82,Ikarost Records,,f
l83,Jimmy Classic,,f
l84,BitPhltz,,f
l85,BidPhitz,,f
l86,Digital Dialect,,f
l87,Mark A Mancina Music,Publisher,f
l88,Tete San Ko Publishing Inc,Publisher,f
l89,Refs Music LLC,,f
l90,Wizz Record5,,f
l91,こんがりおんがく,,f
l92,Alma Criolla Records,,f
l93,Tender Collecti0n,,f
l94,Potomac Recorcls,Production,f
l95,Wonderful Sound,,f
l96,RTV Braća Karić Telecom,,f
l97,MUZA Records,,f
l98,Warfuck Records,Production,f
l99,Namtaru Records,,f
l100,Clastsicaloca Genius Recrods,,f
l101,Tasty,,f
l102,TBA Rec9rds,Production,f
l103,TBA Rec0rds,Production,f
l104,Araize Record,,f
l105,Feet 2 Da Concrete Entertainment,,f
l106,Hag Rekords,,f
l107,Jean‐Michel Franck Rivat,Publisher,f
l108,Cody Jinks LLC,Holding,f
l109,Disques Apache,Original Production,f
l110,Discos Arpón,,f
l111,Mini Mac Music,,f
l112,Progressive Music Publishing Company Inc,Publisher,f
l113,Sub Soldiers,Original Production,f
l114,Grotesque Records,,f
l115,Lavender Sky Music,Original Production,f
l116,NatsumeAtari Inc,,f
l117,All The Cats Recordings,,f
l118,Alpha Brussels,Original Production,f
l119,MRI,Imprint,f
l120,Blessed Music,,f
l121,Corus Entertainment,,f
l122,Crackpot Records,,f
l123,SPHERE RECORDS,,f
l124,Rocks Records,,f
l125,petite sono,Original Production,f
l126,Black Pumpkin Records,Publisher,f
l127,Memoreecs,Manufacturer,f
l128,Memorex,Manufacturer,f
l129,Timewave Records,,f
l130,SDK Media,,f
l131,InAkustik GmbH,Distributor,f
l132,The Arto Company,,t
l133,Midnite Jazz  Blues,Reissue Production,f
l134,Garelock Records,,f
l135,Black Saddle Entertwinment,,f
l136,Wrong Era,,f
l137,Total Recording Co Ltd,,f
l138,Karaoke Kslk,Original Production,f
l139,Karaocke Kalk,Original Production,f
l140,Dirty Water Records,,f
l141,Solitary Records,,f
l142,Grameopone music,Original Production,f
l143,エヌ・イー・ティー音楽出版,Publisher,t
l144,Fantasy by Selmerphone,,f
l145,Tonodisc SA,,f
l146,Dio Dron,Original Production,f
l147,Inarhyme Records,,f
l148,Wallys Groove World,Original Production,f
l149,Jerk Records,,f
l150,La Paloma,,f
l151,Sabres of Paradise,Original Production,f
l152,Beardog Publishing Company,,f
l153,Springalo Toones,Publisher,f
l154,Dark Light,Original Production,f
l155,Autrement dit,,f
l156,Mr Manatti Music,Publisher,f
l157,Hess Street Songs,Publisher,f
l158,Alex Spencer Muzic,Distributor,f
l159,Base Trip Records,,f
l160,101 Noites  Criação de Produtos Culturais Lda,Publisher,f
l161,Wambo Productions,Production,f
l162,Emme Rec0rd Label,,f
l163,Itspop Music Ltd,Holding,f
l164,Wild Rice Music,Publisher,f
l165,Materie Records,,f
l166,Blue Moon Records,Bootleg Production,f
l167,小学館集英社プロダクション,Publisher,f
l168,Misguided Records,,f
l169,Origen Mu5ic,Production,f
l170,Or9gen Music,Production,f
l171,Preachja,Production,f
l172,Gray Castle Studios,Original Production,f
l173,Bassex Record5,Original Production,f
l174,Baboon Records,,f
l175,Roundabout 7 Music International,Publisher,f
l176,Saltwater Music,,f
l177,Eccejtric Recordings,,f
l178,Bethlebem Music,Publisher,f
l179,Young Jortan,,f
l180,Beardog Publizhing Company,,f
l181,Local Genius and Wizard,,f
l182,Continental Garden,Original Production,f
l183,Chocolate Recordst,Original Production,f
l184,che,,f
l185,Ricochet Dream,Publisher,f
l186,Well Go USA,Distributor,f
l187,滾石國際音樂股份有限公司,Holding,f
l188,Black Gold Records,,f
l189,800 Wilt,,f
l190,Abstract Reality,,f
l191,Monogram,,f
l192,Spinnup,,f
l193,SynGate Wave,,f
l194,NEWTRAXX,,f
l195,Novica Music,Publisher,f
l196,THC  DIY Records,,f
l197,Old Familiar,,f
l198,Domuz Records,Original Production,f
l199,Guardians of Metal,Original Production,f
l200,BFJ Cloyhing CO,,f
l201,BFJ Clothinh CO,,f
l202,Greajy Vinyl,,f
l203,Greasy Viriyl,,f
l204,Made In England,,f
l205,寺内音楽出版,Publisher,f
l206,Hess Street Son9s,Publisher,f
l207,Heas Street Songs,Publisher,f
l208,BugInMyEwrMusic Productions,,f
l209,BugInMyEarMusic Peoductions,,f
l210,Bullhead,,f
l211,Bullsbit Recordz,Original Production,f
l212,Bullshit Revordz,Original Production,f
l213,Motley Music Limited,,f
l214,Patio Music,Original Production,f
l215,HMC  Helsinki Music Company Oy,,t
l216,Compact Disc Center,,f
l217,MVI Music,,f
l218,supporter records,,f
l219,Green Door Record Company,,f
l220,Sentai H0ldings LLC,Holding,f
l221,음악부,Production,f
l222,Greeninch Sound,,f
l223,Vetnasj Records,,f
l224,Insidiovs,Imprint,f
l225,Secret Lane Music,,f
l226,Secret Lznd Music,,f
l227,Other Int Universal,,f
l228,Black Pumpkin Records,Publisher,f
l229,Daedo Records,,f
l230,Plus 8 Music Europe,Publisher,f
l231,Clazsicaloca Genius Recrods,,f
l232,HTown Records,,f
l233,Popjinx,Original Production,f
l234,Lemon Song,Bootleg Production,f
l235,Volksbank,Publisher,f
l236,Koze Songs,Publisher,f
l237,Saturn Strip,Original Production,f
l238,Creole Records,Original Production,f
l239,Angel Records,Original Production,t
l240,PHU Violeta,,f
l241,Party People,,f
l242,BlueZ Records,Original Production,f
l243,Germ Recordings,Original Production,f
l244,New Ruins,,f
l245,Colectivo Casa Amsrela,,f
l246,Bellwood Records,Imprint,f
l247,Blue Rose Records,,f
l248,you deserve hell,Imprint,f
l249,WinStar Home Entertainment,Imprint,t
l250,Crab Key Records,,f
l251,Ladytron Music,,f
l252,Sleeping Giant Music,,f
l253,KRLF,,f
l254,Nomy Productioj,,f
l255,Nomy Produktion,,f
l256,New Tide Records,,f
l257,That Was EZ,Publisher,f
l258,Night Season,,f
l259,SanCtuS Recordings,,f
l260,Charlotte Lawrence Music Publishing,Publisher,f
l261,VZ recording company,,f
l262,Aspirion Records,,f
l263,Woo Me,,f
l264,Cr2 Records,Production,f
l265,Upward Spiral Music,Publisher,f
l266,Magyar Televízió,,f
l267,GSI Musique,Original Production,f
l268,Loopdeville,,f
l269,Face Maker Entertainment,Publisher,f
l270,Big Kick Music,,f
l271,Matapalo Music Group,Imprint,f
l272,Marquee,,f
l273,エヌ・イー・ティー音楽出版,Publisher,t
l274,J Albert  Son Pty Ltd,Publisher,f
l275,Emmtee Music,,f
l276,RK4L Music Group,,f
l277,HRB Music Cokpany,,f
l278,Eugene Records,Original Production,f
l279,Palto Flats,,f
l280,Stardust Records,,f
l281,Little Hi Records,,f
l282,Weekend World,Original Production,f
l283,NatjumeAtari Inc,,f
l284,It Books,Publisher,f
l285,Black Saddle Ente4tainment,,f
l286,Streamline Records,,f
l287,Eccentric Recordings,,f
l288,Indecibels,,f
l289,DJS Records,,f
l290,Concession Records,,f
l291,Metal Throne Productions,Production,f
l292,Вадим Володин,,f
l293,Grandpa Stan Ltd,,f
l294,Class Kasetçilik,,f
l295,BamaJam Records,Original Production,f
l296,Mercury Recordz,Holding,f
l297,Mercury Rec0rds,Holding,f
l298,Pet Cemetery Records Inc,,f
l299,LV Music,Imprint,f
l300,Syncro Music,,f
l301,Addison Ababa,,f
l302,Past4ls,Imprint,f
l303,Blues Forever,Reissue Production,f
l304,CBSSony Sonks,Publisher,f
l305,CBSSonv Songs,Publisher,f
l306,Because London Records,,f
l307,Befria Södern,Original Production,t
l308,Underground Sun,,f
l309,Contimental Garden,Original Production,f
l310,La Vache Folle,,f
l311,Vegas Tracks,Original Production,f
l312,Mind Bending Music,,f
l313,Tazty,,f
l314,Narvik Records,,f
l315,Culyert Music,,f
l316,Spaghetti Records,Original Production,f
l317,Tiny Room Records,Original Production,f
l318,Relative Music Group,Publisher,f
l319,Premium Records,Original Production,f
l320,Brick Red Records,,f
l321,FuzzTown Records,Original Production,f
l322,desa vu productions,,f
l323,Sheer Africa,,f
l324,Toy Plane Music,Publisher,f
l325,Punk Uprisings Records,,f
l326,Miracle Records,Original Production,f
l327,Vacilando 68 Recordings,Original Production,f
l328,Arvida Muskc,Publisher,f
l329,Arvida Muslc,Publisher,f
l330,Kind Songs GmbH  CoKG,Publisher,f
l331,Twelve Notes,,f
l332,Brassland,,f
l333,Unknown House,Distributor,f
l334,LIGHT SHOXX,,f
l335,Hitmix Music,,f
l336,Black Saddle Entertainment,,f
l337,Ikaros Records,,f
l338,Hub Productions,Original Production,f
l339,Imaginosis,,f
l340,Fanous,,f
l341,Famos,,f
l342,Jimmy Clastsic,,f
l343,Jimmy Claasic,,f
l344,Abstract Dance,Original Production,f
l345,ELASTICA,,f
l346,Purple Box Records,Original Production,f
l347,음악부,Production,f
l348,Dogma Records,Original Production,t
l349,Wallys Geoove World,Original Production,f
l350,Wallys Groove Worlcl,Original Production,f
l351,Analogic Ubeahleben,Bootleg Production,f
l352,Kunstkopf,Original Production,f
l353,Dave Hamelin Publishing,Publisher,f
l354,4hij2u,Original Production,f
l355,4hik2u,Original Production,f
l356,Roots and Wings Music,Original Production,f
l357,MGill Hill,,f
l358,Curci Germany GmbH,Publisher,f
l359,Pretty Bov Floyd Records,,f
l360,Mighty Perverts,,f
l361,Festayre Activity,Original Production,f
l362,Eminor Records,,f
l363,Big Dumb Music,,f
l364,Tumi Mus8c,,f
l365,Tumk Music,,f
l366,ALLOFUS Recordings,,f
l367,Association Valentin Haüy,,f
l368,Soundtable,,t
l369,Dkgital Cellars,Original Production,f
l370,IOSYS,Original Production,f
l371,Lanzoni R3cords,,f
l372,Lanzohi Records,,f
l373,2Fer records,,f
l374,King of Patio Records,Production,f
l375,eltonjohncom,,f
l376,Impul5e,,f
l377,DTCM Afe,Publisher,f
l378,Extralimeare Musik,,f
l379,Gotte Records,Imprint,f
l380,Soulmade Producti0ns,Production,f
l381,Bubblewrap,Imprint,f
l382,Omi Records,,f
l383,Because London Recoahds,,f
l384,Because L0ndon Records,,f
l385,Doxa Records,Original Production,f
l386,Hot Trackst,Original Production,t
l387,Del Mar Estudio,,f
l388,Inevitable Recordings,Original Production,f
l389,Flying Lecords,,f
l390,OtterSong Records,Original Production,f
l391,SUB tl,,f
l392,Творческий центр Музыкальный Дом,Production,f
l393,Odher Int Universal,,f
l394,Zomba Label Group,Original Production,t
l395,Patio Mu5ic,Original Production,f
l396,Padio Music,Original Production,f
l397,Gateway Records,,f
l398,Berk Demir Muzik Yapim,Distributor,f
l399,EVO Recordings,,f
l400,Mau Tak Mau Records,,f
l401,Wilcl Rice Music,Publisher,f
l402,Vegas Records,Original Production,f
l403,真宗大谷派宗務所出版部,Publisher,f
l404,Serotonin Shift Music Publishing,Publisher,f
l405,SP Recordst,Publisher,f
l406,SP Recorcls,Publisher,f
l407,Aural Delight,Bootleg Production,f
l408,Spelling Ventures Music,Publisher,f
l409,Uncle Joshs Song Emporium,Publisher,f
l410,Abstrwct Dance,Original Production,f
l411,Abstract Danc,Original Production,f
l412,Table Basse Records,,f
l413,Oetstar Rekkers,,f
l414,Baboori Records,,f
l415,Babo0n Records,,f
l416,Talisman Records,Original Production,f
l417,Solar Management Ltd,Production,f
l418,Perfect Pitch Music Marleting,Distributor,f
l419,Perfect Pitch Muskc Marketing,Distributor,f
l420,Hood Famous Publishing,Publisher,f
l421,Snooter Records,Original Production,f
l422,Shena Maydelah Publishing,Publisher,f
l423,Teeto Recorcls,,f
l424,Sount  Vision,Distributor,f
l425,CR2 Compilations,,f
l426,Family Gro0ves,,f
l427,Shitsounds Co,,f
l428,Biamusik,Production,f
l429,Timewave Recoahds,,f
l430,Ball Park Music,,f
l431,Resident Advisor,,f
l432,Ruelas Publishing,,f
l433,Funnyb0ne Records,,f
l434,Yacka,Production,f
l435,Нокс Мьюзик,,f
l436,The Bluesharp Music Co,Publisher,f
l437,Fastlane Productions,,f
l438,Yacca,Production,f
l439,Monarch,Distributor,f
l440,IAFDSFBD Son9s,Production,f
l441,La Paloma,,f
l442,Badlandz Recordings,,f
l443,Westernmost Records,Original Production,f
l444,MoonDome Records,,f
l445,Strictly Roots Recordings,,f
l446,Mundo Records,,f
l447,Gong Ear,Original Production,f
l448,Horn OCopia Recordings,Imprint,f
l449,Gateway Recordz,,f
l450,Pois0n Arrow Records,Original Production,f
l451,Pooson Arrow Records,Original Production,f
l452,Weed,Original Production,f
l453,World Records,,f
l454,Hate Prod,,f
l455,WolfvOffice,,f
l456,Pachira Records,,f
l457,Unkbown House,Distributor,f
l458,Siderian Records,Production,f
l459,Blue Box Publishing Promotion Karin Wirthmann,Publisher,f
l460,Beggars Music,Publisher,f
l461,Posh Isolation,Original Production,f
l462,Sleeping Village,,t
l463,Rocking Time Records,Production,f
l464,Humildad Y Honestidad,,f
l465,Wizzard in Vinyl,Original Production,f
l466,HRB Music Company,,f
l467,BlueZ Recorcls,Original Production,f
l468,BlueZ Recordz,Original Production,f
l469,Lonmel Publishing,Publisher,f
l470,Autistic Records,,f
l471,Blingnot Media,Publisher,f
l472,Media Vision,Manufacturer,f
l473,SYLCO,Publisher,f
l474,Dolnośląskie Stowarzyszenie Artystyczne,,f
l475,Traditional Crossroads,Production,f
l476,Talent Müzik,,f
l477,Sabre5 of Paradise,Original Production,f
l478,Sabrej of Paradise,Original Production,f
l479,Aural Deligt,Bootleg Production,f
l480,Loud Rage Music,Distributor,f
l481,Lampshade Meeia,Production,f
l482,UHT,,f
l483,Woodstiff,Publisher,f
l484,Mutant1000000,Publisher,f
l485,Insidious,Imprint,f
l486,Takeout Records,,f
l487,Fran Record Company,,f
l488,May Sun Publishing,Publisher,f
l489,Scaroline Records,Bootleg Production,f
l490,Cynic Lab,Original Production,f
l491,Shimmy 500,,f
l492,Double J Music,Publisher,f
l493,Krazy Kat,Original Production,f
l494,Pila Music,Production,f
l495,Redd Klah  GhetOVision,,f
l496,Gama Island,Publisher,f
l497,God Mountain,Original Production,f
l498,World ov WIls,,f
l499,Vefas Tracks,Original Production,f
l500,Checkmate Records,,f
l501,The Konspiracy Group,,f
l502,Beyond Rekords,,f
l503,VM 2000,Production,f
l504,Black Hair Music Publishing,Publisher,f
l505,VSOP Records,Reissue Production,f
l506,Gjided Missile,Original Production,f
l507,Afenue Beatz Music,Publisher,f
l508,Avenue Beat2 Music,Publisher,f
l509,Plavahs Paradise Entertainment LLC,,f
l510,Playahs Pa4adise Entertainment LLC,,f
l511,Dynamic Revlection,,f
l512,Dynamic Reflectiln,,f
l513,4him2u,Original Production,f
l514,Uncle Joshs Song Emponum,Publisher,f
l515,Uncle J0shs Song Emporium,Publisher,f
l516,Bethlehem Music,Publisher,f
l517,Levande Begravd Records,,f
l518,Catalyst Rec0rds,Original Production,f
l519,Mellow Records,Original Production,f
l520,Grameophone music,Original Production,f
l521,Schama Production,,f
l522,madnet2000,,f
l523,Misprint Records,,f
l524,株式会社ファースト・エイド・ネットワーク,,f
l525,Dogtree Records,,f
l526,Alex Spencer Music,Distributor,f
l527,Feet 2 Da Concretr Entertainment,,f
l528,Feet 2 Da Concrete Enteryainment,,f
l529,Environnent Records,Publisher,f
l530,African Echoes,,f
l531,Acrobat Music Ltd,,f
l532,TFC Music Group LLC,,f
l533,Fénix Di5cos,Original Production,t
l534,SIMP Records,Original Production,f
l535,3 on the B Records,,f
l536,Fallwater Music,Publisher,f
l537,Sethnefer Music,,f
l538,Myelin Mason,Publisher,f
l539,Out of Orloit Recordings,Original Production,f
l540,T0y Soldier Records,Original Production,f
l541,Mad Maga2ine,Publisher,f
l542,Mad Mzgazine,Publisher,f
l543,Kakelane Music,,f
l544,My First Sonny Weissmuller Recordings,Production,f
l545,Mini Mac Muslc,,f
l546,Mini Mac Mvsic,,f
l547,Rocks Rekords,,f
l548,Rocks Recoahds,,f
l549,Pot9mac Records,Production,f
l550,Harold Pierce Publishing,Publisher,f
l551,Trans Continental Records,Imprint,f
l552,Nomad Music Group,,f
l553,Numarec Mustic,,f
l554,Stereo Enchained,,f
l555,Mushroom Runner Records,Production,f
l556,Fantasy Memory,Reissue Production,f
l557,Dance F|avour,,f
l558,HArt Records,,t
l559,Temder Loving Empire,Production,f
l560,Tender Lovinb Empire,Production,f
l561,Mister Tipsy,,f
l562,Weather Factory,Distributor,f
l563,Power House Records,,f
l564,Tutti Intersong Éditions musicales,Publisher,f
l565,Vesterinen Yhtiöineen Oy,Publisher,f
l566,KLT Ekoijpenak,,f
l567,Lazy Bones Recordings Inc,,f
l568,Autistic Records,,f
l569,Programmes KK  Co,,f
l570,Innercore Japan,Original Production,f
l571,Fallwater Mysic,Publisher,f
l572,Fallwater Muslc,Publisher,f
l573,Serotonin Productions,,f
l574,Beyond Records,,f
l575,StrumaIodine,,f
l576,2062,Original Production,f
l577,LosTraxx Records,,f
l578,The Teskey Brothers pty ltd,Holding,f
l579,The Teskey Bfothers pty ltd,Holding,f
l580,Lighteri Up,,f
l581,MIKE Pysh Studio,,f
l582,MIKE Puzh Studio,,f
l583,Mutiny 2000 Record,,f
l584,Ghetto Funk,Original Production,f
l585,Irma Records,,f
l586,Elektra Recorts,Holding,f
l587,Loaf Recordd,,f
l588,STREET LOYALTY,,f
l589,Nasty Habits Productions,Publisher,f
l590,CBSSony Songs,Publisher,f
l591,Direct Holdings Holland BV,,f
l592,Last Resort Rec9rds,,f
l593,Off the Shelf,Original Production,f
l594,Tyrannosaurus,,f
l595,BBC Audiobooks Ltd,,f
l596,It Bookst,Publisher,f
l597,Loaf Records,,f
l598,Devel 16 Coterie ENT,Production,f
l599,Ramon Valdovinos,Distributor,f
l600,Double Dose,,f
l601,Quatermass Music Ltd,Publisher,f
l602,Universal Music SA Greece,Holding,f
l603,Mudant1000000,Publisher,f
l604,Mutant1000090,Publisher,f
l605,Teeto Records,,f
l606,Sugar Factory Records,,f
l607,Amidah,Original Production,f
l608,Kobalt Label Services America Inc,Holding,f
l609,Songs 9f Universal,Publisher,f
l610,Songs of Universzl,Publisher,f
l611,Karaoke Kalk,Original Production,f
l612,DTCM Ave,Publisher,f
l613,Fresco Records Spain,,f
l614,Full Ciahcle Entertainment,,f
l615,Soul Ciahcle Music,,f
l616,Shedio Records,Production,f
l617,Bandleader,,f
l618,DBlock Records,,f
l619,8ball Music,Original Production,f
l620,Tutyi Intersong Éditions musicales,Publisher,f
l621,Night  Day,,f
l622,ตราหนูขาว,,f
l623,OMG LLC,Imprint,f
l624,Blueprint Australia,,f
l625,Planet BEN Records,,f
l626,YasQueenProductions,,f
l627,Perso Records,,f
l628,Mushroom Runnwr Records,Production,f
l629,Doology Records,,f
l630,Megaлайнер Рекордз,,f
l631,Syndicate Sonks II,,f
l632,Syndicade Songs II,,f
l633,G  E Music,Original Production,f
l634,Jungle Voodoo Recordings,,f
l635,Lost on Vacation Music,Publisher,f
l636,Roton,Production,f
l637,ZR Network,,f
l638,All Other,Production,f
l639,GM Recordings,Original Production,f
l640,ReallyRichEmpire,,f
l641,EPI,,f
l642,Hidle Music,Publisher,f
l643,Jahazi Medya,Publisher,f
l644,Jahazj Media,Publisher,f
l645,Motley Muwic Limited,,f
l646,Silver Kamel Audio,,f
l647,Opem Circuit,Original Production,f
l648,Lick the Star Music,Publisher,f
l649,Adn Nocif,,f
l650,Bee Jazz,Original Production,f
l651,Super Uphon Sound,,f
l652,Scorpios,,t
l653,Alternative Ratio,Original Production,f
l654,Chaos Social,Original Production,f
l655,Cronemeyer Edition,Publisher,f
l656,Psycho V Records,,f
l657,Chukka Prom0 Records,Publisher,f
l658,Chuckka Promo Records,Publisher,f
l659,BFJ Clothing CO,,f
l660,Estate of Richard Sohl Music,Publisher,f
l661,Flyin Eye,,f
l662,Hzg Records,,f
l663,SDK Meclia,,f
l664,Impulse,,f
l665,SP Records,Publisher,f
l666,Undercontrol,,f
l667,Worlds Within Worlds,,f
l668,Tkb Rec0rds,,f
l669,Tkp Records,,f
l670,Adam  Liza Music,,f
l671,Edizioni Pekago,,f
l672,QFLM,Publisher,f
l673,Facemelt Records,Publisher,f
l674,Krijs Records,,f
l675,Songs of Universal,Publisher,f
l676,Makondo Entretenimiento,,f
l677,Cakra,Production,f
l678,Chakra,Production,f
l679,Nice R4cords,Original Production,f
l680,Nice Rscords,Original Production,f
l681,Karma Chief Records,Imprint,f
l682,Jarrah Rekords,Original Production,f
l683,Ossian USA,,f
l684,KAIWARECORD,,f
l685,UK Bubblerx,Original Production,f
l686,UK Bubblerst,Original Production,f
l687,Kayax,Original Production,f
l688,Culvert Music,,f
l689,Trens,Production,f
l690,Holloway Tapes,,f
l691,Emme Record Label,,f
l692,The Releasing Eskimo,Original Production,f
l693,Secretsundaze,,f
l694,Delerecords,Original Production,f
l695,Full Circle Entertainment,,f
l696,Warfuck Reco4ds,Production,f
l697,Warfuck Rscords,Production,f
l698,QFLM,Publisher,f
l699,deja vu productions,,f
l700,Sam Wha,,f
l701,Music Shop,Original Production,f
l702,WordSound,Original Production,f
l703,Endemol France,,f
l704,Simsara,,f
l705,Chateaurouge,,f
l706,SanCtuS Recordin9s,,f
l707,Basement Boys Records,Original Production,f
l708,Famous,,f
l709,Lost in Ohio,,f
l710,Cybertech,Original Production,f
l711,Dirty Water Recorcls,,f
l712,Dirty Water Rdcords,,f
l713,Potomac Records,Production,f
l714,Ferbaby Music,,f
l715,Country Jubilee,Original Production,f
l716,Queens L8tho,,f
l717,Bold Soul Records,Original Production,f
l718,subskillz records,,f
l719,Jeremy Bradvord Music,Imprint,f
l720,PPTStembogen,Original Production,f
l721,CoolNote,,f
l722,Last Affair Records,Original Production,f
l723,Playahs Paradise Entertainment LLC,,f
l724,Kitty Records,,f
l725,Purple Trap,Original Production,f
l726,Soul Circle Mujic,,f
l727,Power Entertainment Inc,,f
l728,KTM,Original Production,f
l729,Universum Film GmbH,Distributor,t
l730,New Spirit,Original Production,f
l731,Red Snow Records,,f
l732,Landmark That,,f
l733,UDC Recordings,Original Production,f
l734,267 lattajjaa,Production,f
l735,Leaf Songs Ltd,Publisher,t
l736,Tamarradio,Original Production,t
l737,Warner Olife Music LLC,Publisher,f
l738,New Media,,f
l739,Syndicate Songs II,,f
l740,Forged in Fire,Reissue Production,f
l741,Generation of the Pop punm,,f
l742,All We Know Records,,f
l743,Raucous Records,Original Production,f
l744,Befna Södern,Original Production,t
l745,Tapes She Said,Original Production,f
l746,Iron Maiden Ltd,Holding,f
l747,800 Wild,,f
l748,SAMURAI ROCK,,f
l749,Alexis Korner Music,Publisher,f
l750,Propane Muxic,Original Production,f
l751,MP3 Music Collection,,f
l752,CD Kelly Productions,Production,f
l753,Fonovideo Produzioni Discog4afiche,,f
l754,AWB Productions,Original Production,f
l755,Disques JMS,Original Production,t
l756,Guest Records,,f
l757,Därängdängdäng Records,,f
l758,HNW Netlabel,Production,f
l759,Riot Squad,,f
l760,AWB Productjons,Original Production,f
l761,AWB Prod8ctions,Original Production,f
l762,HAVELU Records,Publisher,f
l763,Gerhard Ksiser GmbH,Production,f
l764,Gerhard Kaiser GmbH,Production,f
l765,Beat Dealer Records,,f
l766,Hag Records,,f
l767,Sountmalfunction Recordings,,f
l768,Mankind Records,,f
l769,Spinbup,,f
l770,Spinriup,,f
l771,Sugar Rush,,f
l772,Digital Cellars,Original Production,f
l773,Hate Prot,,f
l774,Hade Prod,,f
l775,Ganaarecordings,Original Production,f
l776,Lighten Up,,f
l777,Bandore Entertainment,,f
l778,Agrexsor Records,,f
l779,Agressor Rec0rds,,f
l780,The Airborne Toxic Eventpublishing,Publisher,f
l781,Plopscotch Records,,f
l782,Everything to Everyone Records,,f
l783,TJM Records,Original Production,f
l784,Massife Sox,Publisher,f
l785,Alexist Korner Music,Publisher,f
l786,Koze S0ngs,Publisher,f
l787,Kose Songs,Publisher,f
l788,Ghostown Thang Music,Publisher,f
l789,NAHAL Recordings,Original Production,f
l790,Four Sixty,,f
l791,Basspistol,Publisher,f
l792,Festayre Ac5ivity,Original Production,f
l793,Tiraquon Recordings,,f
l794,Somethin Lite,Original Production,f
l795,Home Skillet Records,,f
l796,Loaded Lick Recordings,,f
l797,Cype Records,Original Production,f
l798,Blip,Distributor,f
l799,Blee0,Distributor,f
l800,Count Zero Records,Holding,f
l801,Briss Dont Miss,,f
l802,Warfear Collect'lve,,t
l803,Warfear Coloective,,t
l804,Freeformaniacs,,f
l805,Nomy Production,,f
l806,Trans Contimental Records,Imprint,f
l807,Trans Continental Rekords,Imprint,f
l808,Amethyst,,f
l809,Gaylo Records,,f
l810,Cbicken Skin Records,Original Production,f
l811,BitPhitz,,f
l812,Limited Run Gajes,Distributor,f
l813,Limited Run Game5,Distributor,f
l814,Heron Pond Prodvctions,,f
l815,Heron Pond Productions,,f
l816,Mad King Production,,f
l817,KLT Ekoizpenak,,f
l818,Dream Entertainment Group SRL,Publisher,f
l819,In the City,Production,f
l820,LIGHT SHOXX,,f
l821,STAREX,,f
l822,Salli Isaak Music Publishing,Publisher,f
l823,Soul From The Vaults,Production,f
l824,National Society For The Decriminalization Of Microtones,,f
l825,Ultra Heavy Records,Distributor,f
l826,Tapestry Records,Bootleg Production,f
l827,櫻坂46,Imprint,f
l828,Ruff N Tuff Recordings,,f
l829,Mangini Muzica,,f
l830,WEBKOO,Imprint,f
l831,Rue Snider,,f
l832,Ameghyst,,f
l833,Sasquatch Cock,Original Production,f
l834,Mark D Music,Publisher,f
l835,Rufus Recordinks,,f
l836,Full Circle Eritertainment,,f
l837,GuideTone Recordings,,f
l838,Apparel Tronic,Imprint,f
l839,Rampade Org,,f
l840,Refugees Of Rap,,f
l841,Refukees Of Rap,,f
l842,The Red Flag Recording Co,Original Production,f
l843,Method Records,,f
l844,Self Serve Records,,f
l845,Sound News Productions,,f
l846,Locsl Genius and Wizard,,f
l847,Emerald Eye Recordings,Distributor,f
l848,Hot Tub Records,Distributor,f
l849,Toy Soldier Rekords,Original Production,f
l850,Bee Jats,Original Production,f
l851,Wizz Records,,f
l852,Akl Other,Production,f
l853,All Otyer,Production,f
l854,PRVTC,,f
l855,Gamma Island,Publisher,f
l856,Warner Olive Music LLC,Publisher,f
l857,Spectra Management Inc,,f
l858,DM SAT video production,Distributor,f
l859,Eleltra Records,Holding,f
l860,לבנטיני,Production,f
l861,Tumi Music,,f
l862,Sethnefee Music,,f
l863,Together Recordings,,t
l864,Ostsian USA,,f
l865,Open Circuit,Original Production,f
l866,Flava of the Month,Original Production,f
l867,Antena Portuguesa,,f
l868,Retro Music Box,,f
l869,Sonic Camera,Imprint,f
l870,Jellyfish Factory Records,,f
l871,All The Time Records,,f
l872,Spider Invzsion,,f
l873,Tarnarradio,Original Production,t
l874,FMan Media,,f
l875,Golden Triangle Records,,f
l876,Deeman Music,,f
l877,Musica Divina,Production,f
l878,Zee Music Company,,f
l879,櫻坂36,Imprint,f
l880,櫻坂q6,Imprint,f
l881,Blondell Productions,,f
l882,Flower Records,,f
l883,Knekelhuis,,f
l884,Extreme Electronics,,f
l885,Ni Entertainment,Imprint,f
l886,Music In The Deep Cosmos,,f
l887,101 Sout Records,,f
l888,Timewsve Records,,f
l889,Generation of the P0p punk,,f
l890,Endeavour Classics,,f
l891,Royal Flyness Records,,f
l892,Jarrah Records,Original Production,f
l893,Sounds of Havana,,f
l894,LHUA Music,,f
l895,Throwdown Records,,f
l896,Spagbetti Records,Original Production,f
l897,LXR Records,,f
l898,Columbia Records Pressing Plant Bridgeport,,t
l899,Kai Matthiesen Music,,f
l900,PRMD,Original Production,f
l901,Gaylo Recordst,,f
l902,Bavaria Media GmbH,Publisher,f
l903,Avterlife,,f
l904,Afterlofe,,f
l905,CoolN0te,,f
l906,Tænia Solium,Original Production,f
l907,The Teskey Brothers pty ltd,Holding,f
l908,Very Friendly,Production,f
l909,Greasy Vinyl,,f
l910,Insiduous Urban Records,Original Production,f
l911,BugInMyEarMusic Productions,,f
l912,Washashore Records,,f
l913,NEBLINA,Original Production,f
l914,Spaghetri Records,Original Production,f
l915,No Love Entertainment,Imprint,f
l916,Ardex,,f
l917,Creepsville Entertainment,Original Production,f
l918,Life is Pain,,f
l919,Shoshanah Hojan,Manufacturer,f
l920,Digita1 Entertainment,,f
l921,Manohar Records,Original Production,f
l922,Mustic Shop,Original Production,f
l923,Music Sh0p,Original Production,f
l924,Elektra Records,Holding,f
l925,Adub Records,,f
l926,Entemol France,,f
l927,Endemol Framce,,f
l928,Afterlife,,f
l929,Actionpop Records,Original Production,f
l930,Outernational,,f
l931,Tripal Kitchen,,f
l932,HNW Nwtlabel,Production,f
l933,German Democratic Recordings,,f
l934,Upward Spiral Music,Publisher,f
l935,Dance Flavour,,f
l936,Heron Pond Productions,,f
l937,Pagan Music Ltd,,f
l938,Management Three Music,Publisher,f
l939,Get Dancing Records,Distributor,f
l940,Dominant Fiction,Original Production,f
l941,Vistasboy Music bmi,,f
l942,VOX MUSIC,Imprint,f
l943,Schama Prosuction,,f
l944,Schama Productioj,,f
l945,Toxic Shock Records,Production,f
l946,Tchaikovsky  Bad Wolf Entertainment LLC,Publisher,f
l947,Fosfor Creatioh,,f
l948,Fosfor Creadion,,f
l949,Importe1z Records,Original Production,f
l950,Importe|2 Records,Original Production,f
l951,Stereofreese,Distributor,t
l952,Stere0freeze,Distributor,t
l953,Liquid Records,Production,f
l954,Kai Matthiesen Music,,f
l955,The Konspirasi Group,,f
l956,The Kon5piracy Group,,f
l957,Diplomat Records,,f
l958,South American House,Production,f
l959,Luxel,,f
l960,Salnts and Sinners,,f
l961,Pelex,,f
l962,Basic Channel,Original Production,t
l963,Dynamic Reflection,,f
l964,Saints and Sinners,,f
l965,MAW Words Publishing,Publisher,f
l966,artbyFORM,Distributor,f
l967,Ace Chillers Hey,,f
l968,Howlinghorsr Music,Publisher,f
l969,Juke Trax Online,Original Production,f
l970,WAVERIDGE,,f
l971,Hinky Music,Publisher,f
l972,Magdalena Melodies,Publisher,f
l973,Lo5Traxx Records,,f
l974,LosTraxx Recordw,,f
l975,Angelina Recordz,,f
l976,Oscillation Music,,f
l977,Sons Galiza,Publisher,f
l978,Dollar Mu5ic Gang,Production,f
l979,Dollar Musiv Gang,Production,f
l980,Autrement tit,,f
l981,Charlotte Lawrence Music Publixing,Publisher,f
l982,Charlote Lawrence Music Publishing,Publisher,f
l983,Mad Magazine,Publisher,f
l984,Urban Camper Entertainment,Original Production,t
l985,Murray Brothers Records,,f
l986,Everything ro Everyone Records,,f
l987,Everything to Everyone Records,,f
l988,Springalo To0nes,Publisher,f
l989,Maximum Souncl,Original Production,f
l990,Maximum S9und,Original Production,f
l991,Soulmade Productions,Production,f
l992,Tocayos Music,Publisher,f
l993,Diskues Apache,Original Production,f
l994,Honshu,,f
l995,TopartMusic,Production,f
l996,Extreme Electrinics,,f
l997,Stoney Burke,,f
l998,Madamelune,Production,f
l999,House of Gaga Publishing LCC,Publisher,f
l1000,BlackFoxMusic,Original Production,f
l1001,Artist Publishing Global,Publisher,f
l1002,TBA Music,Production,f
l1003,Evil Ink,,f
l1004,Classic Brit Awards,Imprint,f
l1005,TBA Records,Production,f
l1006,MIKE Push Studio,,f
l1007,SPHERE RECORDS,,f
l1008,Delerecorts,Original Production,f
l1009,Mangini Mizica,,f
l1010,Zomba Labeo Group,Original Production,t
l1011,Weatner Factory,Distributor,f
l1012,Mark A Manc:na Music,Publisher,f
l1013,Generation of the Pop punk,,f
l1014,Phunky Data,,f
l1015,Devil in the Woods,Original Production,t
l1016,150 Music,,f
l1017,Earlybird Records,Production,f
l1018,Hertz Recordings,,f
l1019,Rufus Recordings,,f
l1020,FIRE ON MUSIC CO LTD,Holding,f
l1021,Lanzoni Records,,f
l1022,Happy Pencil,Original Production,f
l1023,Frux,Original Production,f
l1024,Bob Abbott Music Inc,Publisher,f
l1025,Universal MGB Autores Asociados,Publisher,f
l1026,Direct Holdings Hojland BV,,f
l1027,Ekraz Music,Publisher,f
l1028,Tam Records,,f
l1029,Peace 95,Production,f
l1030,Black  Blue Records,,f
l1031,TΔG MUSIC,,f
l1032,Mankind Disaster Records,,f
l1033,Forum Novelties,,f
l1034,Dissident Street Records,Original Production,f
l1035,Gritty City Records,Imprint,f
l1036,Kulturní agentura Angel,Production,f
l1037,Fredag Records,,f
l1038,Rytmimystiikka,Original Production,f
l1039,Hidlr Music,Publisher,f
l1040,Vincion Records,Original Production,t
l1041,Edition Cézame,Publisher,f
l1042,Stumble Records,Original Production,f
l1043,Bleep,Distributor,f
l1044,NRL Records,Distributor,t
l1045,Pelew Music,Publisher,f
l1046,Super Uphon Sond,,f
l1047,Propane Music,Original Production,f
l1048,Grameophone muzic,Original Production,f
l1049,Quatermass Muzic Ltd,Publisher,f
l1050,Alternative Radio,Original Production,f
l1051,New Mddia,,f
l1052,Chaos Wrecords,Production,f
l1053,Sometin Lite,Original Production,f
l1054,Hollywood Boulevard Music,Publisher,f
l1055,Tender Collection,,f
l1056,ElRow Music,,f
l1057,Furious Records,Original Production,f
l1058,Teenager In A Box,,f
l1059,RTFM Records,Original Production,f
l1060,Woodpecker Records,Production,f
l1061,Sentai Holdings LLC,Holding,f
l1062,Collector Edition Soundtracks,Original Production,f
l1063,Rekord,,f
l1064,Image Music,Original Production,f
l1065,Sicario Music,Production,f
l1066,Century Rec0rds,Reissue Production,f
l1067,Dawg Records,,f
l1068,Tkb Records,,f
l1069,Soop Records,,f
l1070,Kujaku Ciub,,f
l1071,Old Wheat Records,,f
l1072,Soul Fron The Vaults,Production,f
l1073,Grotesqve Records,,f
l1074,Argon Hörbuch,Original Production,f
l1075,Jacred,,f
l1076,POP SHOP,Imprint,f
l1077,Shattered Music,Production,f
l1078,Century Records,Reissue Production,f
l1079,Tape Stack,,f
l1080,Narcotic Bureau,,f
l1081,Fascinoma Records,,f
l1082,NoBreaks,,t
l1083,Angelina Rekordz,,f
l1084,SirLofi,Bootleg Production,f
l1085,MoneyHouse LLC,Publisher,f
l1086,Metalgate,Original Production,f
l1087,Compacd Disc Center,,f
l1088,Wontstop Records,Production,f
l1089,Black Gold Recordz,,f
l1090,Amg MusicCâmara Municipai de AlmadaBLITZ,,f
l1091,Traditional Cros5roads,Production,f
l1092,Adam  Llza Music,,f
l1093,Adam  Li2a Music,,f
l1094,Access X Denied,,f
l1095,Lampshade Medya,Production,f
l1096,Kame House Rec0rds,Publisher,f
l1097,Maskati Brothers Inc,Publisher,f
l1098,zicki records,,f
l1099,Epervier,Original Production,f
l1100,Mercury Classics Soundtrack  Score,Imprint,f
l1101,Als Street Music,Publisher,f
l1102,eng'lne records,Publisher,f
l1103,K0balt Label Services America Inc,Holding,f
l1104,Kobalt Label Services Anerica Inc,Holding,f
l1105,Soul Gorilla Monopoly,,f
l1106,WolfyOffice,,f
l1107,Warfear Collective,,t
l1108,Haunt,Production,f
l1109,CrosSing,,f
l1110,Chakra,Production,f
l1111,Blues Foreyer,Reissue Production,f
l1112,Little Sandwich Music,,f
l1113,Stereo Emchained,,f
l1114,Stereo Enchainet,,f
l1115,Nevv Ruins,,f
l1116,Kujaku Club,,f
l1117,Toy Soldier Records,Original Production,f
l1118,Jellyfijh Factory Records,,f
l1119,Jellyfish Factorh Records,,f
l1120,Strange Place Records,,f
l1121,Mad King Produktion,,f
l1122,Tete San Ko Publixing Inc,Publisher,f
l1123,Mau Tak Mau Recordst,,f
l1124,G Tracks,,f
l1125,TJM Recordst,Original Production,f
l1126,Yesterdays Gone Records,,f
l1127,KDirect AG,Production,f
l1128,Shinen Multimedia,,f
l1129,MUZA Rwcords,,f
l1130,Emme Recorcl Label,,f
l1131,NSR,Distributor,f
l1132,Sharak Interactive Records,,f
l1133,Last Affaur Records,Original Production,f
l1134,GKFAM,,f
l1135,Esupendo,Original Production,f
l1136,Doirlinn Records,Original Production,f
l1137,Solitarv Records,,f
l1138,Solitary Rec0rds,,f
l1139,Blank Code,,f
l1140,Artex,,f
l1141,Hot Tracks,Original Production,t
l1142,Tam Recoahds,,f
l1143,Taiii Records,,f
l1144,Struts  Frets,,f
l1145,Production Pathétik,Imprint,f
l1146,Yolo Music,,f
l1147,Bellwood Revords,Imprint,f
l1148,Bellwoot Records,Imprint,f
l1149,Cymbidium Records,Original Production,f
l1150,Hittite Rdquiem Music,Publisher,f
l1151,Redd Klay  GhetOVision,,f
l1152,Howlinkhorse Music,Publisher,f
l1153,Sentana Filmproduktion GmbH,Production,f
l1154,Perfect Pitch Music Marketing,Distributor,f
l1155,yo8 deserve hell,Imprint,f
l1156,Otosagashi Records,,f
l1157,Fonovideo Produzioni Discografiche,,f
l1158,Fat Cat Music,,f
l1159,The Releajing Eskimo,Original Production,f
l1160,Foursome Music LLC,Publisher,f
l1161,Caroline International Japan,Distributor,t
l1162,Blacck  Blue Records,,f
l1163,Ape Gang Ent,,f
l1164,Funky Child Records,,f
l1165,Ghosts and Demons,,f
l1166,Jazzhaus,Production,f
l1167,Lampshade Media,Production,f
l1168,Funnybone Records,,f
l1169,Paper Platoon,,f
l1170,Hollywood Boulevard Mustic,Publisher,f
l1171,High Wind Production,Original Production,f
l1172,AxIxAxC,,f
l1173,TakeFour Collective,Original Production,f
l1174,Latin Dreams Music,Production,f
l1175,Universal Dance,Production,f
l1176,Agressor Records,,f
l1177,3BP,,f
l1178,Oh Music,,f
l1179,Stereofreeze,Distributor,t
l1180,Metro Sound,,f
l1181,OneFitMusic Record Label,Original Production,f
l1182,FreshTunes,Distributor,f
l1183,Noirdisc,,f
l1184,Devouter Records,,f
l1185,xe,,f
l1186,cbe,,f
l1187,ACT Music  Vision GmbH  Co KG,,f
l1188,Les Productions La Table Ronde,Original Production,f
l1189,Doxolog6 Records,,f
l1190,Pemaco Rd Recordst,,f
l1191,Chocolate Remix,,f
l1192,Gymnote Mission,,f
l1193,Mau Tak Mau Rec0rds,,f
l1194,Haunt,Production,f
l1195,Early Learning Centre,Distributor,f
l1196,Laputamusic,,f
l1197,La Industria Inc,Production,f
l1198,Kindred Recordings,,f
l1199,Colectivo Casa Amarela,,f
l1200,Bando Records,,f
l1201,Bullshit Recordz,Original Production,f
l1202,The Master Recording Company,Original Production,f
l1203,Loupgarous Productions,,f
l1204,Raton Songs,,f
l1205,Doxology Records,,f
l1206,Fezihau5,,f
l1207,Fesihaus,,f
l1208,Megaplomb,Original Production,f
l1209,CWPT,,f
l1210,Extralineare Musik,,f
l1211,Ratom Songs,,f
l1212,Numarec Music,,f
l1213,B Lucky Music,,f
l1214,Royal Flyness Rec0rds,,f
l1215,Royao Flyness Records,,f
l1216,Generations Gl0bal,,f
l1217,Speak  Spell Records,,f
l1218,Electric MVM,Production,f
l1219,Russian pirate label,,f
l1220,Orange Moldova,Holding,f
l1221,shoeup,,f
l1222,Eccofilm,,f
l1223,Gaijin Entertainment,Production,f
l1224,He Shall Be Peace,,f
l1225,Chukka Promo Records,Publisher,f
l1226,29 Glopal Public,,f
l1227,日本アメリカーナ音楽出版,Publisher,f
l1228,Tradition Records,Original Production,t
l1229,KTM,Original Production,f
l1230,Sette Ottavi,,f
l1231,Siderian Rec9rds,Production,f
l1232,29 Global Public,,f
l1233,Eonity,,f
l1234,Dolnośląskie Stowarzyszenie Artystyczne,,f
l1235,Ill Boogie Records,,f
l1236,Selection Records,,f
l1237,Pyknotic Records,Original Production,f
l1238,3 Acre Floor,Original Production,f
l1239,Sound  Vision,Distributor,f
l1240,Dollar Music Gang,Production,f
l1241,Pachira Rec0rds,,f
l1242,Atlantic Rhythms,,f
l1243,Leaf Recordings,Original Production,f
l1244,Cuban Vintave Tour,,f
l1245,Bassex Records,Original Production,f
l1246,David Media AB,Publisher,f
l1247,CMSD,Original Production,f
l1248,Omi Recorcls,,f
l1249,ziki records,,f
l1250,Gamma Isiand,Publisher,f
l1251,Di9ital Dialect,,f
l1252,NRG Komrads,,f
l1253,Full Light Records,,f
l1254,Inside Orion Minimal Muzik,,f
l1255,FrexTunes,Distributor,f
l1256,Spirit Vision Records,,f
l1257,World of WIls,,f
l1258,Long Distance,,f
l1259,NSR,Distributor,f
l1260,Ruelas Publisning,,f
l1261,Firsd Celtic Masters,,f
l1262,Sandevil Music,Publisher,f
l1263,Atmos Games,,f
l1264,Picture Show Records,Original Production,f
l1265,Catalyst Records,Original Production,f
l1266,Mon Modhma Recordings,,f
l1267,Mon Mothna Recordings,,f
l1268,Clan Alba Productions,Original Production,f
l1269,Agrofin Praha sro,,f
l1270,Fezihaus,,f
l1271,Imag'lnosis,,f
l1272,Imagin0sis,,f
l1273,Memorex,Manufacturer,f
l1274,Digital Entertainment,,f
l1275,Cr2 Recordst,Production,f
l1276,Cr2 Recorcls,Production,f
l1277,Young 2K,,f
l1278,Henson Universal Music,,f
l1279,Vulkania,,f
l1280,Struts  Freta,,f
l1281,Strutj  Frets,,f
l1282,OXProject,Original Production,f
l1283,GenXtasy Records,,f
l1284,Sendana Filmproduktion GmbH,Production,f
l1285,Sentana Filmproduktion GrnbH,Production,f
l1286,Sackville Recordings,,f
l1287,Circle WANTAN,,f
l1288,Gak Attack Records,,f
l1289,Chocolate Records,Original Production,f
l1290,AB Records,Original Production,f
l1291,Classicaloca Genius Recrods,,f
l1292,Pretty Boy Floyd Records,,f
l1293,Chicken Skin Records,Original Production,f
l1294,Culture Shock Music,,f
l1295,Origen Music,Production,f
l1296,Bum Rap Mus8c Inc,Publisher,f
l1297,Krazt Kat,Original Production,f
l1298,Mercury Records,Holding,f
l1299,Keevay Music,,f
l1300,Carl Fischer Inc,Publisher,f
l1301,Massive Sox,Publisher,f
l1302,Peleecs,,f
l1303,MGraveyard,Original Production,f
l1304,Death Bevomes Me,Original Production,f
l1305,DefinitionMusic,Original Production,f
l1306,Babbeo Records,Original Production,f
l1307,Take Off Your Shoes Records,,f
l1308,Enormous Tunes,,f
l1309,Gerhard Kaiser GmbH,Production,f
l1310,World Sound,,f
l1311,DJS Records,,f
l1312,Sonic One Powermastering,,f
l1313,Ste‐4 Musique,Imprint,f
l1314,Kaiho Music,Original Production,f
l1315,Nómada Records,,f
l1316,SageQuinnJude Music,Publisher,f
l1317,Original Selection Records,Reissue Production,f
l1318,Eva Magical Mus9c Sounds,Distributor,f
l1319,South Americqn House,Production,f
l1320,Quantum,Original Production,f
l1321,Howlinghorse Music,Publisher,f
l1322,hihat Records,,f
l1323,Last Resort Records,,f
l1324,Love OnLine Records,,f
l1325,Fire Museum,,f
l1326,Jenyer Production,,f
l1327,Sarah McQuaid,,f
l1328,Jahazi Media,Publisher,f
l1329,Self Serve Recoeds,,f
l1330,Unichappell Music Inc,Publisher,f
l1331,Lateral Mgmt London Stockholm AB,Publisher,f
l1332,Sadurn Strip,Original Production,f
l1333,Dio Drone,Original Production,f
l1334,Amadeo Österreichische Schallpiatten Aktiengesellschaft,Holding,t
l1335,Cavalier,,f
l1336,Skeletor Tapes,,f
l1337,Only One Records,,t
l1338,Nuclear Wa5te Records,,f
l1339,Half Pint Records,,f
l1340,Trance Gold Records,,f
l1341,ebirecords,,f
l1342,Lat:n Dreams Music,Production,f
l1343,Ladin Dreams Music,Production,f
l1344,Hank the Herald Angel Recordings,Original Production,f
l1345,Attenshun Records,Distributor,f
l1346,Kalinkaland Records,Production,f
l1347,Avenue Beatz Music,Publisher,f
l1348,Think For Yourself Records,,f
l1349,Red Frame,Original Production,f
l1350,World S0und,,f
l1351,Evii Ink,,f
l1352,Cuban Vintage Tour,,f
l1353,Soliti,,f
l1354,Akashic Records,,f
l1355,Bellamy Brothers Records,Original Production,f
l1356,Recoup Records,,f
l1357,Classic Records,Reissue Production,f
l1358,BamaJam Recorcls,Original Production,f
l1359,ニンニクレコード,,f
l1360,Delerekords,Original Production,f
l1361,saZon Records,Original Production,f
l1362,Universal MGB Autores As0ciados,Publisher,f
l1363,HTown Recorts,,f
l1364,ts136,,f
l1365,ABT Budapest,,f
l1366,Unholy Conspiracy Deathwork,Original Production,f
l1367,Night  Dav,,f
l1368,Rosesmauet Plater,,f
l1369,Limited Run Games,Distributor,f
l1370,Snooter Refords,Original Production,f
l1371,Young Jordan,,f
l1372,Soul Circle Music,,f
l1373,CLOU,,f
l1374,Caput Medusae,,f
l1375,Atlantic Rjythms,,f
l1376,Queens Litho,,f
l1377,That Wa5 EZ,Publisher,f
l1378,That Wast EZ,Publisher,f
l1379,Full Ljght Records,,f
l1380,Fosfor Creation,,f
l1381,Sleeping G'lant Music,,f
l1382,Sleeping Giamt Music,,f
l1383,Words  Music Inc,Publisher,f
l1384,Maximum Sound,Original Production,f
l1385,LXR Rekords,,f
l1386,Landmari That,,f
l1387,Landmark Tat,,f
l1388,Battle Creek Recordings,,f
l1389,Dr Awkward Publishing,Publisher,f
l1390,Amadeo Österreichische Schallplatten Aktiengesellschaft,Holding,t
l1391,Casbah Kidd,Publisher,f
l1392,K2 SOUND,Original Production,f
l1393,Spelling Venturez Music,Publisher,f
l1394,Spelling Ventvres Music,Publisher,f
l1395,Pemaco Rd Records,,f
l1396,Trend,Production,f
l1397,Mirror Music,Publisher,f
l1398,Oranjy Moldova,Holding,f
l1399,Monarcj,Distributor,f
l1400,Doxa Rekords,Original Production,f
l1401,Doxa Recordj,Original Production,f
l1402,ELASTICA,,f
l1403,Amg MusicCâmara Municipal de AlmadaBLITZ,,f
l1404,Templo,,f
l1405,Musica Celestia,Original Production,f
l1406,The Art0 Company,,t
l1407,The Arto Conpany,,t
l1408,Three Boys Music Inc,Publisher,f
l1409,There Was an Old Woman Records,,f
l1410,Rock Snob Records,,f
l1411,KJ,Original Production,f
l1412,Chocolate Records,Original Production,f
l1413,UK Bubblers,Original Production,f
l1414,Propane Mujic,Original Production,f
l1415,Fénix Discos,Original Production,t
l1416,Tribal Kitchen,,f
l1417,Sound on Sound,,f
l1418,Hittite Requiem Music,Publisher,f
l1419,Furious Recoeds,Original Production,f
l1420,Furio7s Records,Original Production,f
l1421,Gymnote Mizsion,,f
l1422,Out of Orbit Recordings,Original Production,f
l1423,Generations Global,,f
l1424,テンスアベニュー・パブリッシャーズ,Publisher,f
l1425,Jeremy Bradford Music,Imprint,f
l1426,Take Off Your Sh0es Records,,f
l1427,Kärringa Jonson Rekords,,f
l1428,Pachira Recorts,,f
l1429,Badlands Recordings,,f
l1430,Capal Records,,f
l1431,Traclition Records,Original Production,t
l1432,Reezmo Music,Publisher,f
l1433,KANECITY RECORDS,,f
l1434,Environment Records,Publisher,f
l1435,Apart Records,,f
l1436,EIR,Original Production,f
l1437,The Red Flwg Recording Co,Original Production,f
l1438,Omerta Music Group,,f
l1439,Poison Arrow Records,Original Production,f
l1440,Nice Records,Original Production,f
l1441,Picture Show Recorss,Original Production,f
l1442,Yourig 2K,,f
l1443,Youn9 2K,,f
l1444,Power Houje Records,,f
l1445,Long Di5tance,,f
l1446,Funky Chiod Records,,f
l1447,Kapvt Mvndi,,f
l1448,Metal Limb Music,Publisher,f
l1449,Panther,,f
l1450,Downtown Music Publishing International Inc,Publisher,f
l1451,Spider Invasion,,f
l1452,Environment Recorts,Publisher,f
l1453,IOSYS,Original Production,f
l1454,Arvida Music,Publisher,f
l1455,SOLFINSTERRE,Imprint,f
l1456,Gralin Music,,f
l1457,Refugees Of Rap,,f
l1458,Off 5he Shelf,Original Production,f
l1459,Premiere Music Distributors,,f
l1460,Bum Rap Music Inc,Publisher,f
l1461,Woodpecker Recordj,Production,f
l1462,Beggarx Music,Publisher,f
l1463,Shoshanah Homan,Manufacturer,f
l1464,bummms records,,f
l1465,Ni Endertainment,Imprint,f
l1466,N: Entertainment,Imprint,f
l1467,Metro Soynd,,f
l1468,Metro Sourid,,f
l1469,Importe12 Records,Original Production,f
l1470,Hot,,f
l1471,Death Becomes Me,Original Production,f
l1472,milk voice records,Production,f
l1473,Trackstar The DJ,,f
l1474,First Celtic Masters,,f
l1475,Method Recordz,,f
l1476,Medhod Records,,f
l1477,Fat Cay Music,,f
l1478,Guided Missile,Original Production,f
l1479,Longtail Music,,f
l1480,3 on tge B Records,,f
l1481,3 on the B Records,,f
l1482,Washington Records,,t
l1483,Tender Loving Empire,Production,f
l1484,Statens Kunstfond,Imprint,f
l1485,Start,Original Production,t
l1486,Isolation Tapes,Original Production,f
l1487,Golf Channel Recordings,,f
l1488,Levaride Begravd Records,,f
l1489,ตราหนูขาว,,f
l1490,Scandium Records,,f
l1491,Dark Side MGMT,,f
l1492,engine records,Publisher,f
