medium,position,format,track_count
m0,1,1.0,14
m1,2,1.0,16
m2,1,12.0,28
m3,1,1.0,20
m4,1,1.0,11
m5,1,12.0,283
m6,1,1.0,12
m7,1,1.0,12
m8,1,,2
m9,1,,13
m10,1,1.0,8
m11,1,1.0,10
m12,1,1.0,13
m13,1,1.0,13
m14,1,,11
m15,1,1.0,5
m16,2,1.0,16
m17,1,1.0,13
m18,3,12.0,15
m19,1,8.0,4
m20,1,1.0,8
m21,1,12.0,33
m22,1,1.0,17
m23,1,1.0,8
m24,1,1.0,20
m25,1,1.0,4
m26,1,,15
m27,1,8.0,6
m28,1,,24
m29,2,1.0,20
m30,1,12.0,11
m31,1,1.0,12
m32,1,31.0,11
m33,1,1.0,35
m34,1,1.0,2
m35,1,1.0,10
m36,1,12.0,4
m37,1,,11
m38,1,1.0,10
m39,1,12.0,134
m40,1,,36
m41,2,1.0,13
m42,1,1.0,11
m43,1,12.0,11
m44,1,,20
m45,1,1.0,12
m46,1,8.0,13
m47,1,,14
m48,2,1.0,15
m49,1,1.0,13
m50,7,1.0,11
m51,1,1.0,10
m52,2,1.0,10
m53,1,1.0,12
m54,1,1.0,12
m55,1,1.0,19
m56,1,,9
m57,1,,10
m58,1,1.0,11
m59,1,7.0,9
m60,1,1.0,8
m61,1,31.0,9
m62,1,1.0,11
m63,1,1.0,12
m64,1,1.0,12
m65,1,,13
m66,1,,21
m67,1,7.0,9
m68,1,1.0,12
m69,1,1.0,13
m70,1,1.0,14
m71,1,1.0,99
m72,1,1.0,12
m73,1,1.0,14
m74,1,1.0,13
m75,3,1.0,20
m76,1,1.0,7
m77,1,29.0,3
m78,1,31.0,9
m79,1,,13
m80,1,1.0,19
m81,1,,11
m82,1,1.0,17
m83,1,12.0,30
m84,1,1.0,12
m85,1,1.0,19
m86,1,1.0,15
m87,1,31.0,3
m88,1,1.0,10
m89,1,,14
m90,1,1.0,16
m91,1,1.0,15
m92,1,1.0,16
m93,1,1.0,18
m94,1,,12
m95,1,12.0,22
m96,1,,30
m97,1,1.0,4
m98,1,1.0,25
m99,1,,22
m100,1,,19
m101,1,1.0,12
m102,1,,4
m103,1,7.0,8
m104,1,1.0,59
m105,2,1.0,18
m106,1,12.0,11
m107,1,1.0,15
m108,1,1.0,11
m109,1,,13
m110,1,29.0,2
m111,1,,8
m112,1,29.0,2
m113,1,1.0,8
m114,1,,16
m115,1,1.0,2
m116,1,1.0,8
m117,1,1.0,3
m118,1,,13
m119,1,1.0,10
m120,1,1.0,25
m121,1,1.0,21
m122,1,1.0,20
m123,1,1.0,20
m124,1,1.0,15
m125,1,,19
m126,1,31.0,12
m127,2,1.0,25
m128,1,12.0,48
m129,1,1.0,20
m130,1,1.0,13
m131,1,1.0,21
m132,1,1.0,22
m133,1,1.0,9
m134,1,1.0,11
m135,1,12.0,12
m136,1,12.0,212
m137,1,12.0,19
m138,1,,14
m139,2,1.0,11
m140,1,1.0,8
m141,1,1.0,10
m142,2,1.0,7
m143,1,,17
m144,2,1.0,19
m145,1,1.0,11
m146,1,1.0,13
m147,1,1.0,4
m148,3,33.0,4
m149,1,,8
m150,1,1.0,10
m151,1,1.0,25
m152,1,,28
m153,1,1.0,8
m154,1,1.0,11
m155,1,1.0,12
m156,1,1.0,14
m157,1,1.0,20
m158,1,1.0,18
m159,1,1.0,16
m160,1,,15
m161,1,1.0,17
m162,1,1.0,17
m163,1,1.0,21
m164,1,1.0,16
m165,1,1.0,17
m166,1,1.0,12
m167,1,,17
m168,1,12.0,18
m169,1,12.0,75
m170,1,1.0,19
m171,1,29.0,2
m172,1,1.0,12
m173,1,1.0,7
m174,1,1.0,12
m175,1,1.0,14
m176,2,31.0,14
m177,1,1.0,7
m178,1,,25
m179,1,1.0,10
m180,1,,12
m181,1,1.0,24
m182,1,1.0,14
m183,1,12.0,11
m184,1,,16
m185,1,26.0,17
m186,1,1.0,12
m187,1,12.0,287
m188,1,1.0,11
m189,1,34.0,4
m190,1,1.0,15
m191,1,1.0,16
m192,1,1.0,18
m193,1,1.0,9
m194,1,33.0,11
m195,1,8.0,4
m196,1,1.0,18
m197,1,1.0,20
m198,2,1.0,16
m199,1,12.0,1
m200,1,7.0,6
m201,1,,14
m202,1,12.0,18
m203,1,1.0,19
m204,2,1.0,14
m205,1,1.0,8
m206,1,8.0,3
m207,1,8.0,13
m208,1,1.0,15
m209,1,1.0,13
m210,1,1.0,12
m211,1,,14
m212,1,1.0,17
m213,1,7.0,14
m214,1,12.0,14
m215,1,1.0,11
m216,1,31.0,9
m217,1,1.0,15
m218,1,1.0,9
m219,1,7.0,19
m220,1,1.0,13
m221,1,1.0,11
m222,3,19.0,15
m223,2,1.0,9
m224,1,1.0,12
m225,1,1.0,7
m226,1,1.0,22
m227,1,1.0,7
m228,1,31.0,14
m229,1,33.0,12
m230,1,1.0,15
m231,1,1.0,20
m232,1,1.0,15
m233,1,1.0,8
m234,1,1.0,14
m235,1,1.0,19
m236,1,1.0,21
m237,1,1.0,12
m238,1,1.0,10
m239,1,12.0,69
m240,1,,16
m241,1,,18
m242,1,1.0,15
m243,1,1.0,12
m244,1,1.0,15
m245,1,1.0,12
m246,1,,10
m247,1,,22
m248,1,31.0,2
m249,9,1.0,26
m250,1,1.0,18
m251,1,12.0,39
m252,1,12.0,4
m253,2,1.0,29
m254,1,1.0,6
m255,1,,23
m256,1,31.0,11
m257,1,12.0,12
m258,1,7.0,12
m259,1,29.0,5
m260,1,1.0,4
m261,1,1.0,9
m262,1,8.0,5
m263,1,31.0,5
m264,1,12.0,7
m265,1,1.0,75
m266,1,1.0,13
m267,1,,18
m268,1,,11
m269,1,,14
m270,1,1.0,15
m271,1,1.0,18
m272,1,1.0,14
m273,1,1.0,6
m274,1,1.0,28
m275,1,31.0,23
m276,1,1.0,40
m277,1,,10
m278,1,,16
m279,1,12.0,1
m280,1,,23
m281,1,1.0,11
m282,1,1.0,10
m283,1,12.0,22
m284,1,,21
m285,1,1.0,14
m286,1,12.0,31
m287,1,1.0,10
m288,1,1.0,23
m289,1,29.0,9
m290,1,1.0,12
m291,1,12.0,14
m292,1,1.0,17
m293,1,1.0,24
m294,1,12.0,1
m295,1,1.0,13
m296,1,1.0,11
m297,1,1.0,5
m298,1,1.0,48
m299,1,12.0,40
m300,1,,18
m301,1,31.0,8
m302,1,1.0,18
m303,1,1.0,9
m304,1,1.0,13
m305,1,1.0,10
m306,2,1.0,29
m307,1,1.0,10
m308,1,31.0,9
m309,1,,35
m310,1,1.0,15
m311,1,31.0,16
m312,1,1.0,22
m313,1,1.0,13
m314,1,1.0,16
m315,1,1.0,16
m316,1,1.0,6
m317,1,1.0,11
m318,1,1.0,9
m319,1,1.0,9
m320,1,8.0,5
m321,1,31.0,6
m322,1,1.0,32
m323,1,,21
m324,1,1.0,8
m325,1,1.0,13
m326,1,1.0,10
m327,1,,12
m328,1,1.0,16
m329,1,1.0,13
m330,1,,18
m331,1,1.0,6
m332,1,1.0,22
m333,1,1.0,12
m334,1,1.0,15
m335,1,12.0,25
m336,2,1.0,18
m337,1,1.0,8
m338,1,1.0,15
m339,1,12.0,99
m340,1,1.0,18
m341,1,33.0,16
m342,1,1.0,16
m343,2,1.0,18
m344,1,12.0,132
m345,1,1.0,11
m346,1,1.0,16
m347,1,1.0,9
m348,1,12.0,214
m349,1,1.0,16
m350,1,1.0,10
m351,1,,10
m352,1,1.0,11
m353,2,1.0,24
m354,18,1.0,15
m355,1,12.0,7
m356,1,1.0,16
m357,1,31.0,8
m358,1,1.0,6
m359,1,1.0,14
m360,5,1.0,22
m361,4,1.0,22
m362,1,1.0,48
m363,1,1.0,16
m364,1,1.0,12
m365,1,1.0,4
m366,1,,14
m367,1,31.0,8
m368,1,1.0,20
m369,1,8.0,4
m370,1,1.0,12
m371,1,,13
m372,20,1.0,43
m373,1,12.0,10
m374,1,12.0,11
m375,1,1.0,11
m376,1,1.0,96
m377,1,1.0,29
m378,1,12.0,8
m379,1,1.0,12
m380,1,1.0,14
m381,1,1.0,23
m382,1,,18
m383,1,1.0,10
m384,1,1.0,5
m385,1,1.0,8
m386,1,1.0,11
m387,1,1.0,7
m388,2,1.0,10
m389,1,12.0,28
m390,1,1.0,10
m391,1,1.0,18
m392,2,12.0,18
m393,3,1.0,18
m394,1,12.0,15
m395,1,1.0,15
m396,1,12.0,7
m397,1,1.0,4
m398,2,1.0,9
m399,1,1.0,23
m400,1,1.0,8
m401,1,1.0,12
m402,1,12.0,45
m403,1,1.0,13
m404,1,12.0,16
m405,1,12.0,84
m406,1,,16
m407,1,42.0,12
m408,1,1.0,13
m409,1,8.0,4
m410,1,1.0,11
m411,1,1.0,15
m412,1,1.0,18
m413,2,1.0,6
m414,1,19.0,28
m415,1,,18
m416,2,,14
m417,1,1.0,13
m418,1,1.0,13
m419,1,1.0,63
m420,1,,13
m421,1,1.0,12
m422,1,1.0,10
m423,1,,14
m424,1,1.0,24
m425,1,,15
m426,1,1.0,10
m427,1,,13
m428,1,1.0,15
m429,1,12.0,161
m430,1,1.0,8
m431,1,1.0,19
m432,1,12.0,6
m433,1,12.0,5
m434,1,1.0,8
m435,1,,30
m436,1,1.0,4
m437,1,1.0,26
m438,1,1.0,36
m439,1,1.0,6
m440,1,12.0,10
m441,1,1.0,9
m442,2,1.0,20
m443,1,1.0,12
m444,1,8.0,9
m445,1,1.0,13
m446,1,1.0,16
m447,1,12.0,11
m448,1,,12
m449,1,,24
m450,1,1.0,15
m451,1,,14
m452,1,1.0,18
m453,1,12.0,16
m454,1,1.0,6
m455,2,1.0,8
m456,1,,9
m457,1,31.0,14
m458,1,1.0,5
m459,1,1.0,11
m460,1,1.0,14
m461,1,1.0,22
m462,1,1.0,19
m463,1,1.0,19
m464,1,8.0,6
m465,1,1.0,15
m466,1,,26
m467,1,,11
m468,1,1.0,24
m469,1,1.0,15
m470,1,1.0,12
m471,1,31.0,9
m472,1,1.0,18
m473,1,1.0,67
m474,1,,28
m475,2,1.0,14
m476,1,,13
m477,1,,16
m478,1,1.0,8
m479,1,1.0,11
m480,1,12.0,18
m481,1,1.0,2
m482,1,12.0,15
m483,1,1.0,85
m484,1,1.0,14
m485,1,31.0,12
m486,1,1.0,6
m487,1,31.0,10
m488,1,,16
m489,1,12.0,11
m490,1,31.0,3
m491,1,1.0,20
m492,1,1.0,13
m493,1,7.0,12
m494,1,,12
m495,1,1.0,12
m496,1,,12
m497,1,12.0,17
m498,2,1.0,22
m499,1,,17
m500,1,12.0,143
m501,1,1.0,14
m502,1,,16
m503,1,,13
m504,1,1.0,16
m505,1,12.0,6
m506,1,1.0,12
m507,1,1.0,10
m508,1,1.0,21
m509,11,1.0,5
m510,1,1.0,2
m511,1,1.0,12
m512,1,1.0,20
m513,1,1.0,12
m514,1,1.0,8
m515,2,,20
m516,1,,14
m517,1,12.0,16
m518,1,1.0,17
m519,2,1.0,22
m520,1,1.0,26
m521,1,1.0,13
m522,1,12.0,10
m523,1,1.0,10
m524,1,1.0,13
m525,1,,12
m526,1,1.0,12
m527,1,1.0,14
m528,1,1.0,10
m529,1,,6
m530,2,1.0,19
m531,1,1.0,12
m532,1,,12
m533,1,,16
m534,1,,14
m535,1,1.0,27
m536,1,,56
m537,1,1.0,13
m538,1,,11
m539,1,,10
m540,1,,15
m541,1,1.0,28
m542,1,12.0,22
m543,1,12.0,3
m544,1,1.0,30
m545,1,1.0,8
m546,1,1.0,9
m547,1,1.0,18
m548,1,,2
m549,1,1.0,18
m550,8,33.0,31
m551,1,1.0,21
m552,1,1.0,21
m553,1,1.0,12
m554,163,1.0,23
m555,1,1.0,10
m556,2,,9
m557,2,,9
m558,1,1.0,14
m559,1,1.0,10
m560,1,,11
m561,1,1.0,10
m562,1,1.0,13
m563,1,1.0,22
m564,1,1.0,10
m565,1,,8
m566,1,1.0,16
m567,1,1.0,31
m568,1,8.0,10
m569,1,1.0,15
m570,1,7.0,12
m571,1,1.0,11
m572,1,1.0,9
m573,1,34.0,2
m574,1,1.0,14
m575,1,1.0,5
m576,1,12.0,76
m577,1,1.0,25
m578,1,12.0,17
m579,1,1.0,16
m580,1,1.0,10
m581,1,1.0,11
m582,1,1.0,11
m583,1,,10
m584,2,1.0,10
m585,1,,10
m586,1,1.0,14
m587,1,1.0,11
m588,1,12.0,243
m589,1,31.0,10
m590,1,1.0,13
m591,1,1.0,15
m592,1,7.0,12
m593,1,12.0,24
m594,1,31.0,16
m595,1,1.0,10
m596,1,12.0,90
m597,1,8.0,11
m598,1,1.0,15
m599,1,12.0,28
m600,1,1.0,14
m601,1,12.0,11
m602,1,12.0,32
m603,1,1.0,16
m604,1,,12
m605,1,1.0,10
m606,1,1.0,55
m607,4,1.0,15
m608,1,,14
m609,1,1.0,10
m610,1,1.0,99
m611,1,1.0,5
m612,1,1.0,7
m613,1,,13
m614,1,,26
m615,1,1.0,12
m616,1,8.0,18
m617,1,1.0,9
m618,2,1.0,11
m619,1,1.0,12
m620,1,1.0,21
m621,1,8.0,27
m622,1,,16
m623,1,1.0,11
m624,1,,13
m625,1,1.0,16
m626,1,1.0,16
m627,1,2.0,10
m628,1,,14
m629,1,1.0,11
m630,1,,144
m631,1,1.0,4
m632,1,1.0,13
m633,1,,6
m634,1,1.0,2
m635,1,31.0,10
m636,3,1.0,16
m637,1,1.0,18
m638,2,1.0,11
m639,1,1.0,15
m640,1,,10
m641,1,,15
m642,1,12.0,105
m643,1,1.0,13
m644,1,33.0,3
m645,1,,11
m646,2,1.0,5
m647,1,1.0,15
m648,1,1.0,10
m649,1,1.0,11
m650,1,,13
m651,1,1.0,11
m652,1,1.0,13
m653,1,12.0,10
m654,1,,16
m655,1,1.0,20
m656,1,1.0,17
m657,1,,11
m658,2,1.0,20
m659,1,,14
m660,1,12.0,4
m661,1,1.0,12
m662,1,1.0,27
m663,1,,20
m664,1,1.0,15
m665,1,1.0,15
m666,1,1.0,12
m667,1,,11
m668,1,,15
m669,1,,7
m670,1,1.0,11
m671,1,,14
m672,1,,10
m673,2,1.0,12
m674,1,1.0,17
m675,1,1.0,5
m676,1,1.0,7
m677,1,1.0,12
m678,1,,19
m679,1,1.0,13
m680,1,1.0,16
m681,1,1.0,15
m682,1,1.0,21
m683,2,33.0,12
m684,1,,48
m685,1,12.0,134
m686,1,12.0,17
m687,1,,27
m688,1,12.0,4
m689,1,12.0,11
m690,1,1.0,11
m691,1,1.0,14
m692,1,,18
m693,1,1.0,17
m694,1,1.0,1008
m695,1,30.0,8
m696,1,1.0,15
m697,5,1.0,7
m698,1,1.0,10
m699,1,7.0,12
m700,1,,12
m701,1,,10
m702,1,1.0,13
m703,1,29.0,8
m704,1,,14
m705,1,1.0,14
m706,9,1.0,13
m707,3,43.0,86
m708,1,1.0,13
m709,1,,21
m710,1,,27
m711,3,1.0,15
m712,1,1.0,11
m713,1,1.0,13
m714,1,1.0,9
m715,1,1.0,12
m716,1,,6
m717,1,,12
m718,1,31.0,9
m719,1,1.0,9
m720,1,,12
m721,1,1.0,16
m722,1,,77
m723,1,1.0,42
m724,1,12.0,210
m725,1,,5
m726,2,1.0,16
m727,1,1.0,10
m728,1,1.0,10
m729,1,12.0,63
m730,1,,13
m731,1,1.0,12
m732,1,12.0,13
m733,1,12.0,10
m734,1,1.0,13
m735,1,7.0,6
m736,1,1.0,10
m737,1,1.0,17
m738,1,1.0,14
m739,1,12.0,19
m740,1,1.0,12
m741,2,1.0,11
m742,3,1.0,24
m743,1,,13
m744,2,1.0,20
m745,1,1.0,7
m746,1,1.0,11
m747,1,1.0,4
m748,1,,13
m749,1,1.0,6
m750,1,1.0,16
m751,1,8.0,11
m752,1,1.0,11
m753,1,1.0,16
m754,1,1.0,12
m755,1,1.0,9
m756,1,1.0,22
m757,1,1.0,11
m758,1,,17
m759,1,,22
m760,1,1.0,14
m761,1,31.0,2
m762,1,1.0,13
m763,1,1.0,13
m764,1,1.0,14
m765,1,,10
m766,1,31.0,2
m767,5,1.0,43
m768,1,1.0,14
m769,1,1.0,3
m770,1,1.0,12
m771,1,12.0,11
m772,1,1.0,13
m773,1,12.0,5
m774,1,,10
m775,1,12.0,13
m776,1,,15
m777,1,34.0,2
m778,1,31.0,16
m779,1,,7
m780,1,,12
m781,1,,10
m782,1,,2
m783,1,,12
m784,1,1.0,10
m785,1,,9
m786,1,1.0,22
m787,1,1.0,10
m788,1,12.0,10
m789,2,1.0,20
m790,1,,9
m791,1,1.0,12
m792,1,1.0,57
m793,1,,11
m794,1,,14
m795,1,1.0,16
m796,1,33.0,12
m797,1,1.0,18
m798,3,1.0,12
m799,1,,20
m800,1,12.0,10
m801,2,1.0,18
m802,1,,23
m803,1,1.0,10
m804,1,1.0,17
m805,1,1.0,24
m806,1,12.0,10
m807,1,1.0,11
m808,1,,18
m809,1,12.0,4
m810,1,1.0,7
m811,1,1.0,10
m812,1,12.0,30
m813,1,1.0,19
m814,1,,11
m815,1,,22
m816,1,12.0,8
m817,1,12.0,57
m818,1,12.0,9
m819,1,1.0,17
m820,1,1.0,30
m821,1,1.0,26
m822,1,1.0,23
m823,1,12.0,101
m824,1,1.0,29
m825,1,1.0,12
m826,1,1.0,13
m827,2,43.0,104
m828,1,31.0,30
m829,1,12.0,17
m830,1,1.0,6
m831,1,1.0,16
m832,1,12.0,2
m833,1,1.0,16
m834,1,1.0,17
m835,1,1.0,14
m836,1,1.0,18
m837,1,1.0,25
m838,1,1.0,21
m839,1,1.0,18
m840,1,1.0,20
m841,1,1.0,18
m842,1,1.0,59
m843,1,,17
m844,1,8.0,7
m845,1,8.0,10
m846,1,1.0,4
m847,1,1.0,11
m848,1,1.0,48
m849,1,1.0,10
m850,1,,13
m851,4,43.0,106
m852,1,12.0,15
m853,1,,16
m854,34,1.0,20
m855,3,12.0,30
m856,1,1.0,24
m857,1,1.0,16
m858,1,1.0,15
m859,1,31.0,12
m860,1,1.0,12
m861,1,1.0,16
m862,1,1.0,16
m863,1,12.0,161
m864,1,1.0,14
m865,1,,6
m866,1,1.0,15
m867,1,,12
m868,2,1.0,16
m869,1,12.0,5
m870,2,1.0,16
m871,1,1.0,16
m872,2,,7
m873,1,1.0,13
m874,1,1.0,10
m875,1,33.0,11
m876,1,31.0,12
m877,1,1.0,20
m878,1,,30
m879,1,1.0,10
m880,1,12.0,39
m881,1,1.0,13
m882,1,1.0,20
m883,1,,7
m884,1,1.0,15
m885,1,1.0,11
m886,1,1.0,22
m887,1,31.0,4
m888,1,1.0,15
m889,1,1.0,13
m890,1,1.0,11
m891,1,12.0,214
m892,1,1.0,10
m893,1,1.0,22
m894,1,1.0,4
m895,1,12.0,13
m896,1,,16
m897,1,,13
m898,2,1.0,13
m899,1,1.0,11
m900,1,1.0,9
m901,1,1.0,30
m902,1,1.0,10
m903,1,1.0,12
m904,1,31.0,10
m905,1,1.0,14
m906,1,1.0,22
m907,1,1.0,10
m908,1,,9
m909,1,1.0,9
m910,1,1.0,13
m911,1,1.0,20
m912,1,31.0,11
m913,1,1.0,4
m914,1,1.0,12
m915,7,1.0,12
m916,1,1.0,16
m917,1,33.0,2
m918,1,1.0,12
m919,1,1.0,18
m920,1,31.0,5
m921,2,1.0,13
m922,1,1.0,11
m923,1,31.0,3
m924,1,,12
m925,1,1.0,14
m926,1,12.0,11
m927,1,1.0,19
m928,1,12.0,18
m929,1,,17
m930,1,1.0,13
m931,4,1.0,15
m932,1,1.0,14
m933,1,1.0,23
m934,1,1.0,10
m935,1,12.0,9
m936,4,1.0,22
m937,1,1.0,17
m938,1,1.0,27
m939,1,1.0,13
m940,1,12.0,57
m941,1,1.0,10
m942,1,,8
m943,1,1.0,20
m944,1,,16
m945,1,,7
m946,1,1.0,19
m947,1,1.0,12
m948,1,1.0,11
m949,1,1.0,11
m950,1,1.0,9
m951,1,,18
m952,1,12.0,343
m953,1,1.0,15
m954,1,1.0,92
m955,1,1.0,10
m956,1,55.0,2
m957,1,1.0,12
m958,1,1.0,99
m959,1,12.0,12
m960,1,1.0,16
m961,3,1.0,18
m962,1,1.0,21
m963,4,1.0,20
m964,1,31.0,3
m965,1,8.0,10
m966,1,,13
m967,1,1.0,20
m968,1,1.0,12
m969,1,1.0,13
m970,1,1.0,10
m971,1,1.0,14
m972,1,1.0,19
m973,1,1.0,11
m974,3,1.0,11
m975,1,1.0,43
m976,1,1.0,14
m977,1,19.0,22
m978,1,31.0,10
m979,1,1.0,11
m980,1,1.0,25
m981,1,1.0,56
m982,1,1.0,12
m983,1,1.0,14
m984,1,1.0,26
m985,1,1.0,12
m986,1,31.0,14
m987,1,1.0,29
m988,1,1.0,9
m989,1,1.0,34
m990,1,31.0,8
m991,1,19.0,22
m992,2,1.0,18
m993,1,,10
m994,1,1.0,18
m995,1,12.0,23
m996,1,,15
m997,1,1.0,13
m998,1,,12
m999,2,1.0,14
m1000,1,1.0,10
m1001,1,1.0,7
m1002,1,,10
m1003,1,,10
m1004,1,,6
m1005,1,1.0,10
m1006,1,,13
m1007,1,1.0,15
m1008,1,,9
m1009,1,1.0,16
m1010,2,1.0,8
m1011,1,,13
m1012,1,7.0,11
m1013,2,1.0,19
m1014,1,29.0,2
m1015,1,,8
m1016,1,1.0,10
m1017,1,1.0,4
m1018,1,12.0,26
m1019,1,12.0,84
m1020,1,,24
m1021,1,1.0,19
m1022,1,1.0,15
m1023,1,,20
m1024,1,1.0,11
m1025,1,1.0,13
m1026,1,1.0,11
m1027,1,1.0,11
m1028,1,31.0,13
m1029,1,12.0,61
m1030,1,29.0,2
m1031,20,1.0,43
m1032,1,12.0,4
m1033,1,1.0,9
m1034,1,1.0,8
m1035,1,1.0,13
m1036,1,,12
m1037,1,1.0,12
m1038,1,,11
m1039,1,12.0,15
m1040,1,1.0,14
m1041,1,1.0,12
m1042,1,12.0,14
m1043,1,,12
m1044,1,1.0,22
m1045,1,1.0,29
m1046,1,12.0,11
m1047,1,1.0,3
m1048,1,1.0,14
m1049,1,,25
m1050,1,12.0,20
m1051,1,1.0,12
m1052,1,1.0,15
m1053,1,1.0,99
m1054,1,1.0,4
m1055,1,1.0,16
m1056,1,1.0,31
m1057,1,8.0,14
m1058,1,12.0,4
m1059,1,31.0,2
m1060,1,1.0,20
m1061,1,,34
m1062,1,12.0,9
m1063,1,1.0,11
m1064,1,12.0,10
m1065,1,1.0,4
m1066,1,1.0,17
m1067,1,1.0,54
m1068,1,1.0,14
m1069,5,1.0,4
m1070,1,1.0,17
m1071,2,1.0,47
m1072,1,12.0,6
m1073,1,12.0,8
m1074,1,,16
m1075,1,1.0,24
m1076,1,31.0,7
m1077,1,,13
m1078,1,1.0,9
m1079,1,1.0,12
m1080,1,1.0,9
m1081,1,1.0,25
m1082,1,1.0,18
m1083,1,1.0,8
m1084,1,,10
m1085,1,1.0,10
m1086,1,,4
m1087,1,1.0,26
m1088,1,1.0,26
m1089,1,31.0,13
m1090,1,12.0,53
m1091,6,1.0,22
m1092,1,,7
m1093,2,1.0,99
m1094,1,1.0,11
m1095,4,1.0,24
m1096,1,1.0,8
m1097,1,1.0,11
m1098,1,12.0,36
m1099,1,1.0,11
m1100,1,,18
m1101,1,33.0,9
m1102,1,1.0,13
m1103,1,1.0,60
m1104,1,1.0,20
m1105,1,,18
m1106,1,1.0,19
m1107,1,1.0,16
m1108,121,1.0,10
m1109,10,33.0,11
m1110,1,,6
m1111,1,42.0,3
m1112,1,,11
m1113,1,1.0,17
m1114,2,1.0,17
m1115,1,1.0,13
m1116,1,1.0,13
m1117,1,1.0,11
m1118,1,1.0,12
m1119,1,12.0,19
m1120,1,1.0,16
m1121,1,1.0,11
m1122,1,,7
m1123,1,12.0,14
m1124,1,1.0,25
m1125,1,1.0,13
m1126,1,12.0,15
m1127,2,2.0,13
m1128,1,1.0,20
m1129,9,1.0,20
m1130,1,1.0,8
m1131,1,12.0,9
m1132,1,1.0,7
m1133,2,1.0,11
m1134,1,12.0,20
m1135,1,,12
m1136,1,1.0,13
m1137,1,12.0,99
m1138,1,,18
m1139,2,,9
m1140,1,8.0,10
m1141,1,1.0,11
m1142,1,1.0,17
m1143,1,,10
m1144,1,1.0,13
m1145,1,1.0,15
m1146,1,1.0,78
m1147,1,,10
m1148,1,12.0,14
m1149,1,12.0,15
m1150,1,1.0,5
m1151,1,1.0,16
m1152,2,1.0,10
m1153,1,,6
m1154,1,1.0,22
m1155,1,12.0,26
m1156,1,1.0,38
m1157,5,1.0,13
m1158,1,1.0,11
m1159,1,1.0,21
m1160,1,1.0,20
m1161,1,12.0,60
m1162,1,12.0,50
m1163,1,1.0,13
m1164,1,1.0,11
m1165,1,12.0,19
m1166,1,1.0,17
m1167,1,7.0,6
m1168,9,1.0,20
m1169,2,1.0,9
m1170,1,1.0,12
m1171,1,1.0,12
m1172,3,63.0,11
m1173,1,54.0,2
m1174,1,1.0,44
m1175,1,,6
m1176,1,31.0,8
m1177,1,,10
m1178,1,1.0,14
m1179,1,,12
m1180,1,12.0,99
m1181,1,,11
m1182,1,1.0,9
m1183,1,1.0,10
m1184,1,1.0,11
m1185,1,1.0,18
m1186,1,1.0,13
m1187,1,1.0,15
m1188,1,1.0,18
m1189,2,1.0,16
m1190,1,12.0,22
m1191,1,1.0,6
m1192,1,1.0,13
m1193,20,1.0,16
m1194,1,1.0,85
m1195,1,12.0,22
m1196,1,1.0,25
m1197,1,1.0,24
m1198,1,33.0,8
m1199,49,1.0,44
m1200,1,,16
m1201,49,1.0,44
m1202,1,12.0,9
m1203,1,1.0,16
m1204,1,1.0,10
m1205,1,1.0,6
m1206,1,1.0,10
m1207,1,,13
m1208,1,1.0,71
m1209,1,1.0,24
m1210,1,,11
m1211,1,1.0,12
m1212,1,,4
m1213,3,1.0,18
m1214,1,12.0,60
m1215,1,1.0,10
m1216,1,,11
m1217,1,1.0,12
m1218,1,1.0,18
m1219,1,1.0,8
m1220,1,1.0,11
m1221,1,12.0,144
m1222,1,31.0,4
m1223,1,,15
m1224,1,,25
m1225,2,,12
m1226,9,1.0,17
m1227,1,1.0,13
m1228,1,1.0,17
m1229,1,33.0,10
m1230,1,12.0,13
m1231,1,1.0,6
m1232,1,1.0,17
m1233,1,,14
m1234,1,12.0,6
m1235,1,1.0,10
m1236,1,1.0,13
m1237,2,1.0,16
m1238,1,1.0,7
m1239,1,1.0,16
m1240,2,1.0,22
m1241,1,12.0,14
m1242,1,12.0,4
m1243,1,1.0,23
m1244,1,1.0,13
m1245,1,8.0,15
m1246,1,1.0,7
m1247,1,8.0,11
m1248,2,1.0,18
m1249,1,,6
m1250,1,,11
m1251,1,1.0,9
m1252,1,1.0,7
m1253,6,31.0,12
m1254,1,12.0,1
m1255,2,1.0,27
m1256,1,8.0,13
m1257,1,12.0,19
m1258,1,,11
m1259,5,1.0,18
m1260,1,,14
m1261,1,,15
m1262,1,12.0,11
m1263,1,1.0,16
m1264,2,1.0,19
m1265,1,12.0,16
m1266,1,12.0,12
m1267,1,,10
m1268,3,1.0,27
m1269,1,1.0,98
m1270,1,12.0,12
m1271,1,1.0,11
m1272,1,1.0,17
m1273,2,1.0,14
m1274,1,8.0,2
m1275,1,8.0,14
m1276,1,12.0,165
m1277,1,12.0,16
m1278,1,31.0,10
m1279,1,,12
m1280,1,,8
m1281,1,1.0,14
m1282,1,1.0,12
m1283,1,54.0,2
m1284,1,1.0,11
m1285,1,12.0,18
m1286,1,29.0,2
m1287,1,12.0,42
m1288,1,,17
m1289,1,1.0,13
m1290,1,,22
m1291,1,1.0,11
m1292,1,7.0,11
m1293,1,1.0,9
m1294,1,61.0,13
m1295,1,1.0,31
m1296,1,1.0,17
m1297,1,1.0,13
m1298,1,1.0,35
m1299,1,1.0,12
m1300,1,1.0,7
m1301,2,1.0,15
m1302,1,1.0,22
m1303,1,,4
m1304,1,,13
m1305,1,12.0,44
m1306,1,1.0,11
m1307,49,1.0,44
m1308,1,1.0,20
m1309,1,1.0,10
m1310,1,33.0,7
m1311,1,1.0,12
m1312,1,33.0,9
m1313,1,,53
m1314,1,1.0,14
m1315,6,3.0,25
m1316,1,12.0,12
m1317,1,1.0,9
m1318,1,1.0,10
m1319,1,1.0,13
m1320,1,1.0,28
m1321,1,1.0,11
m1322,1,1.0,5
m1323,1,1.0,15
m1324,1,12.0,3
m1325,1,1.0,15
m1326,1,1.0,12
m1327,1,1.0,16
m1328,1,12.0,14
m1329,1,1.0,5
m1330,1,1.0,25
m1331,1,1.0,29
m1332,1,1.0,8
m1333,1,1.0,23
m1334,1,,11
m1335,1,1.0,3
m1336,1,12.0,9
m1337,1,12.0,9
m1338,1,,12
m1339,1,,12
m1340,2,1.0,8
m1341,1,1.0,11
m1342,1,1.0,10
m1343,1,1.0,96
m1344,1,12.0,6
m1345,1,1.0,6
m1346,1,12.0,13
m1347,1,1.0,12
m1348,1,12.0,19
m1349,1,1.0,20
m1350,2,1.0,14
m1351,1,1.0,9
m1352,2,1.0,24
m1353,1,12.0,119
m1354,1,,10
m1355,1,,15
m1356,1,1.0,20
m1357,1,,19
m1358,1,,7
m1359,1,,10
m1360,1,12.0,9
m1361,1,,27
m1362,1,7.0,10
m1363,2,1.0,4
m1364,1,1.0,6
m1365,1,1.0,12
m1366,1,1.0,17
m1367,1,1.0,5
m1368,1,,25
m1369,1,1.0,13
m1370,1,,17
m1371,1,12.0,15
m1372,1,7.0,9
m1373,1,1.0,16
m1374,1,1.0,23
m1375,1,33.0,16
m1376,1,1.0,18
m1377,1,,12
m1378,1,8.0,16
m1379,1,1.0,8
m1380,1,1.0,16
m1381,1,1.0,16
m1382,1,,26
m1383,1,1.0,23
m1384,1,1.0,10
m1385,1,1.0,12
m1386,2,1.0,7
m1387,1,1.0,18
m1388,1,12.0,13
m1389,1,1.0,16
m1390,2,1.0,19
m1391,1,1.0,16
m1392,1,1.0,7
m1393,1,1.0,13
m1394,1,1.0,19
m1395,1,1.0,12
m1396,2,1.0,13
m1397,1,12.0,55
m1398,1,1.0,10
m1399,1,12.0,16
m1400,1,1.0,10
m1401,1,1.0,16
m1402,1,1.0,12
m1403,1,12.0,11
m1404,1,,14
m1405,1,1.0,21
m1406,1,,13
m1407,1,12.0,7
m1408,1,1.0,18
m1409,1,1.0,18
m1410,2,1.0,13
m1411,2,,16
m1412,1,1.0,18
m1413,1,12.0,8
m1414,1,31.0,12
m1415,1,12.0,30
m1416,4,1.0,32
m1417,1,12.0,11
m1418,1,31.0,2
m1419,1,12.0,17
m1420,1,1.0,14
m1421,1,,8
m1422,1,1.0,12
m1423,1,1.0,55
m1424,1,8.0,9
m1425,1,,23
m1426,1,1.0,12
m1427,1,1.0,9
m1428,1,1.0,25
m1429,1,12.0,16
m1430,1,1.0,9
m1431,1,1.0,14
m1432,1,1.0,13
m1433,1,,14
m1434,1,1.0,10
m1435,1,12.0,202
m1436,1,,13
m1437,3,1.0,99
m1438,1,12.0,11
m1439,1,1.0,10
m1440,1,1.0,18
m1441,1,,18
m1442,1,31.0,14
m1443,1,1.0,13
m1444,2,1.0,16
m1445,1,1.0,18
m1446,1,31.0,9
m1447,1,12.0,45
m1448,1,1.0,18
m1449,1,1.0,9
m1450,1,31.0,3
m1451,1,,8
m1452,1,1.0,12
m1453,1,1.0,3
m1454,1,1.0,10
m1455,1,1.0,14
m1456,1,1.0,23
m1457,1,1.0,14
m1458,1,12.0,16
m1459,1,1.0,11
m1460,1,1.0,23
m1461,1,1.0,12
m1462,1,12.0,12
m1463,1,12.0,10
m1464,1,1.0,13
m1465,1,1.0,16
m1466,1,12.0,99
m1467,1,1.0,14
m1468,1,12.0,3
m1469,1,1.0,11
m1470,2,,12
m1471,1,33.0,8
m1472,1,1.0,10
m1473,1,33.0,6
m1474,1,,99
m1475,1,1.0,13
m1476,1,1.0,14
m1477,1,12.0,34
m1478,1,1.0,5
m1479,1,1.0,22
m1480,1,12.0,75
m1481,1,7.0,33
m1482,1,1.0,14
m1483,1,12.0,36
m1484,1,1.0,12
m1485,1,1.0,17
m1486,1,1.0,14
m1487,1,1.0,8
m1488,1,1.0,11
m1489,1,12.0,7
m1490,1,31.0,11
m1491,1,1.0,18
m1492,1,42.0,4
m1493,1,1.0,99
m1494,1,1.0,25
m1495,1,,10
m1496,1,31.0,6
m1497,1,1.0,18
m1498,1,1.0,10
m1499,1,1.0,19
m1500,1,1.0,11
m1501,1,,14
m1502,1,1.0,24
m1503,1,1.0,16
m1504,1,1.0,83
m1505,1,1.0,20
m1506,1,1.0,2
m1507,1,1.0,12
m1508,1,1.0,7
m1509,1,1.0,16
m1510,1,1.0,15
m1511,3,1.0,18
m1512,1,12.0,18
m1513,1,,12
m1514,1,1.0,29
m1515,1,1.0,14
m1516,1,1.0,10
m1517,1,1.0,12
m1518,1,,10
m1519,1,1.0,25
m1520,1,1.0,22
m1521,1,1.0,10
m1522,1,1.0,12
m1523,2,,14
m1524,1,1.0,7
m1525,1,1.0,21
m1526,1,1.0,16
m1527,1,1.0,18
m1528,1,12.0,11
m1529,2,1.0,49
m1530,1,12.0,16
m1531,1,,15
m1532,1,1.0,4
m1533,1,,12
m1534,1,,11
m1535,1,31.0,16
m1536,1,12.0,9
m1537,1,1.0,13
m1538,1,31.0,10
m1539,1,12.0,12
m1540,1,12.0,17
m1541,1,12.0,11
m1542,2,1.0,15
m1543,1,,31
m1544,1,1.0,26
m1545,3,1.0,20
m1546,1,,11
m1547,1,1.0,15
m1548,1,1.0,14
m1549,1,1.0,14
m1550,1,1.0,14
m1551,1,1.0,10
m1552,1,1.0,80
m1553,1,1.0,13
m1554,2,1.0,16
m1555,1,1.0,13
m1556,1,12.0,17
m1557,1,1.0,15
m1558,1,1.0,20
m1559,1,,16
m1560,1,1.0,9
m1561,1,1.0,14
m1562,1,1.0,12
m1563,1,1.0,16
m1564,1,1.0,13
m1565,1,1.0,10
m1566,1,3.0,16
m1567,1,1.0,25
m1568,2,1.0,17
m1569,1,12.0,33
m1570,1,,13
m1571,1,1.0,22
m1572,1,1.0,22
m1573,1,31.0,15
m1574,1,1.0,8
m1575,2,1.0,11
m1576,1,1.0,10
m1577,1,1.0,30
m1578,1,1.0,14
m1579,1,1.0,10
m1580,1,1.0,14
m1581,1,12.0,17
m1582,1,1.0,16
m1583,1,31.0,4
m1584,1,1.0,8
m1585,1,,13
m1586,1,1.0,14
m1587,1,1.0,11
m1588,1,1.0,20
m1589,1,,10
m1590,1,12.0,5
m1591,1,1.0,78
m1592,1,29.0,2
m1593,1,1.0,43
m1594,2,,6
m1595,1,1.0,16
m1596,1,1.0,28
m1597,1,1.0,14
m1598,1,1.0,9
m1599,2,1.0,11
m1600,1,12.0,13
m1601,1,7.0,8
m1602,1,,16
m1603,1,,14
m1604,1,,14
m1605,1,1.0,10
m1606,1,,12
m1607,1,1.0,13
m1608,1,12.0,5
m1609,1,7.0,6
m1610,1,12.0,21
m1611,1,,14
m1612,1,1.0,13
m1613,1,12.0,11
m1614,1,1.0,15
m1615,1,31.0,4
m1616,1,1.0,15
m1617,1,31.0,9
m1618,1,,5
m1619,1,1.0,6
m1620,1,1.0,13
m1621,1,12.0,54
m1622,1,1.0,15
m1623,1,1.0,14
m1624,1,,10
m1625,23,1.0,8
m1626,1,1.0,32
m1627,1,8.0,21
m1628,1,1.0,13
m1629,1,1.0,12
m1630,1,1.0,15
m1631,1,1.0,31
m1632,1,1.0,13
m1633,1,31.0,2
m1634,1,31.0,2
m1635,1,7.0,7
m1636,1,,17
m1637,1,31.0,4
m1638,1,1.0,16
m1639,1,,10
m1640,1,1.0,13
m1641,1,,12
m1642,1,1.0,14
m1643,1,1.0,16
m1644,1,12.0,23
m1645,1,1.0,16
m1646,1,1.0,22
m1647,1,1.0,12
m1648,1,1.0,23
m1649,1,1.0,11
m1650,1,1.0,25
m1651,1,1.0,8
m1652,1,,14
m1653,1,1.0,11
m1654,1,1.0,12
m1655,1,1.0,10
m1656,1,,10
m1657,1,12.0,8
m1658,1,1.0,10
m1659,1,1.0,13
m1660,1,12.0,2
m1661,1,1.0,16
m1662,1,,10
m1663,1,12.0,80
m1664,1,,14
m1665,1,7.0,8
m1666,1,1.0,24
m1667,1,1.0,15
m1668,1,31.0,16
m1669,1,1.0,19
m1670,1,,12
m1671,2,1.0,17
m1672,9,1.0,12
m1673,1,1.0,25
m1674,1,,24
m1675,1,1.0,20
m1676,1,1.0,13
m1677,1,1.0,30
m1678,1,12.0,143
m1679,1,1.0,13
m1680,1,,10
m1681,1,1.0,5
m1682,1,31.0,9
m1683,1,31.0,10
m1684,1,1.0,23
m1685,1,12.0,7
m1686,1,1.0,23
m1687,1,1.0,28
m1688,1,3.0,10
m1689,2,1.0,27
m1690,1,1.0,13
m1691,1,1.0,17
m1692,1,1.0,2
m1693,2,1.0,33
m1694,1,1.0,9
m1695,1,12.0,8
m1696,1,12.0,10
m1697,1,12.0,18
m1698,1,,20
m1699,1,1.0,11
m1700,1,1.0,25
m1701,1,12.0,295
m1702,22,1.0,18
m1703,1,12.0,8
m1704,1,,9
m1705,4,,22
m1706,1,1.0,13
m1707,1,1.0,6
m1708,1,1.0,17
m1709,1,1.0,1008
m1710,2,1.0,7
m1711,1,,13
m1712,1,1.0,13
m1713,1,12.0,5
m1714,1,1.0,19
m1715,1,,21
m1716,1,1.0,14
m1717,1,12.0,6
m1718,1,1.0,11
m1719,1,1.0,13
m1720,1,12.0,16
m1721,1,1.0,24
m1722,2,1.0,6
m1723,1,8.0,11
m1724,1,1.0,5
m1725,1,1.0,24
m1726,1,1.0,15
m1727,1,1.0,12
m1728,1,1.0,12
m1729,1,1.0,12
m1730,1,,11
m1731,1,1.0,12
m1732,1,,12
m1733,1,1.0,16
m1734,1,8.0,27
m1735,1,1.0,20
m1736,2,1.0,11
m1737,1,12.0,214
m1738,1,12.0,41
m1739,1,12.0,13
m1740,13,1.0,20
m1741,2,1.0,6
m1742,1,1.0,9
m1743,1,,15
m1744,1,1.0,21
m1745,121,1.0,10
m1746,2,1.0,19
m1747,1,,14
m1748,1,,12
m1749,1,,12
m1750,1,12.0,33
m1751,1,1.0,7
m1752,1,,16
m1753,1,1.0,12
m1754,1,1.0,9
m1755,1,1.0,13
m1756,1,1.0,17
m1757,1,12.0,6
m1758,1,1.0,19
m1759,1,1.0,13
m1760,1,1.0,11
m1761,1,1.0,26
m1762,1,12.0,5
m1763,1,1.0,5
m1764,2,1.0,14
m1765,2,1.0,21
m1766,1,1.0,17
m1767,1,1.0,18
m1768,1,12.0,6
m1769,1,12.0,8
m1770,3,1.0,24
m1771,1,1.0,46
m1772,1,1.0,12
m1773,1,1.0,19
m1774,4,1.0,15
m1775,1,1.0,11
m1776,1,1.0,13
m1777,1,31.0,10
m1778,1,1.0,15
m1779,1,1.0,14
m1780,1,1.0,7
m1781,1,1.0,14
m1782,1,1.0,12
m1783,16,1.0,17
m1784,1,1.0,12
m1785,1,1.0,20
m1786,1,1.0,9
m1787,1,1.0,7
m1788,1,,18
m1789,1,1.0,38
m1790,1,12.0,2
m1791,1,12.0,10
m1792,1,12.0,15
m1793,1,,9
m1794,1,1.0,21
m1795,1,1.0,31
m1796,2,1.0,21
m1797,1,1.0,10
m1798,1,1.0,62
m1799,1,7.0,14
m1800,1,1.0,18
m1801,4,1.0,99
m1802,1,1.0,10
m1803,1,,48
m1804,1,1.0,10
m1805,1,1.0,12
m1806,1,1.0,19
m1807,2,1.0,20
m1808,1,31.0,5
m1809,1,1.0,80
m1810,1,12.0,40
m1811,1,1.0,6
m1812,1,1.0,17
m1813,2,1.0,16
m1814,1,1.0,9
m1815,1,12.0,8
m1816,1,12.0,13
m1817,1,1.0,31
m1818,1,1.0,11
m1819,1,12.0,6
m1820,1,1.0,31
m1821,2,34.0,5
m1822,1,,15
m1823,1,12.0,18
m1824,1,1.0,22
m1825,1,1.0,20
m1826,1,1.0,15
m1827,1,,13
m1828,1,1.0,9
m1829,1,,21
m1830,1,31.0,4
m1831,1,,17
m1832,2,1.0,24
m1833,2,1.0,13
m1834,1,1.0,6
m1835,1,1.0,21
m1836,1,1.0,9
m1837,1,33.0,6
m1838,1,,38
m1839,1,1.0,17
m1840,1,1.0,19
m1841,1,,21
m1842,1,1.0,12
m1843,1,,21
m1844,1,1.0,17
m1845,1,1.0,10
m1846,1,1.0,8
m1847,1,1.0,25
m1848,1,1.0,20
m1849,1,1.0,14
m1850,1,,11
m1851,1,1.0,16
m1852,1,1.0,14
m1853,1,1.0,11
m1854,1,1.0,10
m1855,1,12.0,84
m1856,1,,9
m1857,1,12.0,19
m1858,1,,20
m1859,1,1.0,3
m1860,1,1.0,10
m1861,1,31.0,16
m1862,1,12.0,18
m1863,1,12.0,23
m1864,1,31.0,4
m1865,1,12.0,8
m1866,1,1.0,15
m1867,2,1.0,14
m1868,1,1.0,14
m1869,1,,23
m1870,1,1.0,18
m1871,1,12.0,11
m1872,1,31.0,11
m1873,1,12.0,21
m1874,1,1.0,16
m1875,1,1.0,10
m1876,1,1.0,6
m1877,1,12.0,148
m1878,1,1.0,22
m1879,1,1.0,13
m1880,1,1.0,17
m1881,1,1.0,14
m1882,1,1.0,14
m1883,1,1.0,13
m1884,1,1.0,15
m1885,1,1.0,14
m1886,3,1.0,25
m1887,1,36.0,14
m1888,1,,5
m1889,1,14.0,1
m1890,1,1.0,15
m1891,1,1.0,26
m1892,1,,13
m1893,1,1.0,8
m1894,1,1.0,12
m1895,1,1.0,52
m1896,1,,11
m1897,1,12.0,28
m1898,1,8.0,11
m1899,1,12.0,5
m1900,1,1.0,15
m1901,1,1.0,16
m1902,1,1.0,13
m1903,1,1.0,13
m1904,1,12.0,13
m1905,1,33.0,3
m1906,1,12.0,12
m1907,1,1.0,19
m1908,1,1.0,14
m1909,1,1.0,16
m1910,1,,21
m1911,1,,5
m1912,1,1.0,22
m1913,1,31.0,12
m1914,1,12.0,45
m1915,1,38.0,12
m1916,1,1.0,10
m1917,1,,5
m1918,1,1.0,13
m1919,1,1.0,31
m1920,1,12.0,32
m1921,1,1.0,22
m1922,1,8.0,27
m1923,1,1.0,17
m1924,1,,10
m1925,1,1.0,14
m1926,1,31.0,4
m1927,1,1.0,18
m1928,1,31.0,2
m1929,1,12.0,65
m1930,1,1.0,52
m1931,1,33.0,2
m1932,1,1.0,12
m1933,1,1.0,24
m1934,1,,22
m1935,1,1.0,16
m1936,1,1.0,8
m1937,1,31.0,13
m1938,1,,10
m1939,1,1.0,15
m1940,1,,38
m1941,1,,38
m1942,1,,4
m1943,1,1.0,10
m1944,1,1.0,22
m1945,1,1.0,15
m1946,1,12.0,14
m1947,1,1.0,10
m1948,1,12.0,11
m1949,1,1.0,20
m1950,1,,14
m1951,1,12.0,77
m1952,1,12.0,9
m1953,2,1.0,14
m1954,1,1.0,12
m1955,1,1.0,10
m1956,1,1.0,20
m1957,1,,11
m1958,1,1.0,13
m1959,1,12.0,60
m1960,1,,16
m1961,1,,13
m1962,1,1.0,12
m1963,8,,50
m1964,1,12.0,18
m1965,1,12.0,8
m1966,1,1.0,16
m1967,1,12.0,17
m1968,1,12.0,13
m1969,1,1.0,7
m1970,1,12.0,45
m1971,1,1.0,16
m1972,1,1.0,20
m1973,1,1.0,11
m1974,1,1.0,25
m1975,1,1.0,12
m1976,1,1.0,9
m1977,1,1.0,2
m1978,1,10.0,15
m1979,1,12.0,5
m1980,1,1.0,13
m1981,1,,6
m1982,1,1.0,21
m1983,1,1.0,11
m1984,1,1.0,14
m1985,1,12.0,53
m1986,1,,15
m1987,1,8.0,3
m1988,1,12.0,18
m1989,1,1.0,20
m1990,2,1.0,41
m1991,1,1.0,15
m1992,1,,15
m1993,1,,4
m1994,1,31.0,12
m1995,1,1.0,8
m1996,1,1.0,15
m1997,1,12.0,4
m1998,1,,13
m1999,1,1.0,8
m2000,1,1.0,14
m2001,1,1.0,20
m2002,1,1.0,16
m2003,1,1.0,12
m2004,4,1.0,20
m2005,1,1.0,13
m2006,1,,24
m2007,1,12.0,5
m2008,1,1.0,15
m2009,1,1.0,18
m2010,1,,10
m2011,1,1.0,16
m2012,2,,21
m2013,1,1.0,8
m2014,1,1.0,9
m2015,1,,16
m2016,1,31.0,2
m2017,1,7.0,35
m2018,1,1.0,19
m2019,1,12.0,11
m2020,1,12.0,13
m2021,1,1.0,22
m2022,1,1.0,10
m2023,1,,26
m2024,1,1.0,20
m2025,1,1.0,14
m2026,1,12.0,4
m2027,1,1.0,8
m2028,2,1.0,16
m2029,5,1.0,16
m2030,1,12.0,4
m2031,1,1.0,10
m2032,2,1.0,12
m2033,1,,56
m2034,1,7.0,12
m2035,1,12.0,64
m2036,1,12.0,71
m2037,2,1.0,22
m2038,2,1.0,22
m2039,1,,12
m2040,1,,13
m2041,1,1.0,20
m2042,1,1.0,9
m2043,2,1.0,11
m2044,1,,10
m2045,1,,10
m2046,1,,11
m2047,1,1.0,9
m2048,1,1.0,6
m2049,1,1.0,14
m2050,1,1.0,20
m2051,1,1.0,12
m2052,2,1.0,14
m2053,1,,27
m2054,2,1.0,16
m2055,1,1.0,9
m2056,1,31.0,8
m2057,1,1.0,22
m2058,1,1.0,7
m2059,1,1.0,13
m2060,1,12.0,12
m2061,1,1.0,20
m2062,1,,63
m2063,2,,16
m2064,1,1.0,25
m2065,2,1.0,16
m2066,1,12.0,11
m2067,1,1.0,6
m2068,1,,13
m2069,1,1.0,10
m2070,1,1.0,36
m2071,1,12.0,12
m2072,1,,20
m2073,2,,12
m2074,1,,16
m2075,1,31.0,9
m2076,1,12.0,14
m2077,1,12.0,11
m2078,1,1.0,13
m2079,1,1.0,12
m2080,1,,11
m2081,1,8.0,10
m2082,1,,13
m2083,2,1.0,20
m2084,1,1.0,12
m2085,1,12.0,18
m2086,1,1.0,16
m2087,1,,17
m2088,1,1.0,26
m2089,11,1.0,17
m2090,1,31.0,2
m2091,1,31.0,12
m2092,74,1.0,15
m2093,11,1.0,17
m2094,1,12.0,10
m2095,1,1.0,18
m2096,1,1.0,10
m2097,1,1.0,22
m2098,1,1.0,4
m2099,1,12.0,70
m2100,2,1.0,16
m2101,1,,10
m2102,1,1.0,12
m2103,1,7.0,14
m2104,1,1.0,12
m2105,1,,77
m2106,1,1.0,20
m2107,1,1.0,15
m2108,1,31.0,10
m2109,1,1.0,12
m2110,1,1.0,13
m2111,1,1.0,12
m2112,1,,8
m2113,1,1.0,16
m2114,1,,12
m2115,72,1.0,15
m2116,1,12.0,12
m2117,2,1.0,20
m2118,1,1.0,12
m2119,1,,20
m2120,1,1.0,13
m2121,2,,7
m2122,1,1.0,16
m2123,1,1.0,10
m2124,1,1.0,12
m2125,1,12.0,180
m2126,4,,25
m2127,1,,15
m2128,1,7.0,19
m2129,1,1.0,2
m2130,1,7.0,12
m2131,1,12.0,28
m2132,1,,16
m2133,1,1.0,12
m2134,1,1.0,6
m2135,1,1.0,16
m2136,1,7.0,4
m2137,2,1.0,17
m2138,1,12.0,11
m2139,1,1.0,22
m2140,1,1.0,12
m2141,1,1.0,6
m2142,1,7.0,10
m2143,7,1.0,12
m2144,1,1.0,10
m2145,1,,9
m2146,1,,12
m2147,1,1.0,19
m2148,1,12.0,27
m2149,2,1.0,20
m2150,1,12.0,10
m2151,1,1.0,86
m2152,1,1.0,23
m2153,1,29.0,2
m2154,1,1.0,10
m2155,1,1.0,15
m2156,1,1.0,17
m2157,1,1.0,4
m2158,1,1.0,10
m2159,2,1.0,17
m2160,1,1.0,10
m2161,1,12.0,56
m2162,1,1.0,23
m2163,1,1.0,11
m2164,1,12.0,60
m2165,1,12.0,60
m2166,1,1.0,20
m2167,1,,13
m2168,1,1.0,15
m2169,1,1.0,23
m2170,1,1.0,22
m2171,1,12.0,5
m2172,1,1.0,85
m2173,1,1.0,14
m2174,1,1.0,11
m2175,1,12.0,23
m2176,8,33.0,31
m2177,1,12.0,13
m2178,1,1.0,13
m2179,1,1.0,75
m2180,1,12.0,2
m2181,1,1.0,12
m2182,1,31.0,2
m2183,1,1.0,16
m2184,1,12.0,57
m2185,1,1.0,12
m2186,1,7.0,15
m2187,1,,13
m2188,2,1.0,18
m2189,1,1.0,14
m2190,1,12.0,33
m2191,1,1.0,16
m2192,1,1.0,24
m2193,1,12.0,12
m2194,2,19.0,26
m2195,1,1.0,20
m2196,1,1.0,12
m2197,1,1.0,28
m2198,1,1.0,15
m2199,2,1.0,12
m2200,1,,11
m2201,1,1.0,10
m2202,1,,11
m2203,1,1.0,12
m2204,1,,13
m2205,1,1.0,20
m2206,1,26.0,21
m2207,1,31.0,10
m2208,1,1.0,16
m2209,1,,15
m2210,1,,12
m2211,2,1.0,18
m2212,1,12.0,212
m2213,1,1.0,10
m2214,1,,15
m2215,2,1.0,16
m2216,1,1.0,24
m2217,1,12.0,19
m2218,1,1.0,11
m2219,1,12.0,15
m2220,1,12.0,77
m2221,2,1.0,21
m2222,1,1.0,7
m2223,1,12.0,16
m2224,1,1.0,7
m2225,1,1.0,20
m2226,1,12.0,32
m2227,1,,6
m2228,1,1.0,8
m2229,1,1.0,10
m2230,1,,19
m2231,1,29.0,5
m2232,1,12.0,4
m2233,1,1.0,10
m2234,1,1.0,14
m2235,1,12.0,12
m2236,1,1.0,11
m2237,1,1.0,7
m2238,1,,12
m2239,1,1.0,11
m2240,1,1.0,19
m2241,1,1.0,6
m2242,1,12.0,20
m2243,1,1.0,11
m2244,1,1.0,25
m2245,1,1.0,16
m2246,3,,40
m2247,2,1.0,13
m2248,1,1.0,21
m2249,1,1.0,7
m2250,9,1.0,17
m2251,1,12.0,24
m2252,1,12.0,13
m2253,1,1.0,11
m2254,2,31.0,14
m2255,1,1.0,15
m2256,1,1.0,10
m2257,1,1.0,7
m2258,1,1.0,15
m2259,1,1.0,10
m2260,1,1.0,9
m2261,1,,8
m2262,1,12.0,19
m2263,1,1.0,10
m2264,1,1.0,5
m2265,1,1.0,7
m2266,1,,10
m2267,1,1.0,11
m2268,4,1.0,25
m2269,1,1.0,13
m2270,1,1.0,3
m2271,1,1.0,21
m2272,1,,38
m2273,1,1.0,22
m2274,1,8.0,9
m2275,1,1.0,11
m2276,1,,11
m2277,1,12.0,15
m2278,1,12.0,7
m2279,1,1.0,32
m2280,1,1.0,11
m2281,2,1.0,19
m2282,1,,15
m2283,1,1.0,6
m2284,1,8.0,11
m2285,1,33.0,20
m2286,1,1.0,7
m2287,1,,25
m2288,1,1.0,14
m2289,1,12.0,19
m2290,1,,9
m2291,3,1.0,16
m2292,1,,9
m2293,1,12.0,120
m2294,1,12.0,17
m2295,1,,12
m2296,1,12.0,14
m2297,6,3.0,25
m2298,11,1.0,21
m2299,1,1.0,8
m2300,1,12.0,15
m2301,1,,16
m2302,1,12.0,18
m2303,1,12.0,9
m2304,1,,22
m2305,1,12.0,23
m2306,1,1.0,10
m2307,1,1.0,13
m2308,1,,10
m2309,1,,17
m2310,2,,38
m2311,1,1.0,13
m2312,1,1.0,32
m2313,3,1.0,27
m2314,1,12.0,80
m2315,11,1.0,21
m2316,1,1.0,11
m2317,1,12.0,57
m2318,1,1.0,26
m2319,1,1.0,16
m2320,1,12.0,5
m2321,1,,15
m2322,1,1.0,13
m2323,1,1.0,12
m2324,1,1.0,18
m2325,1,,16
m2326,2,,20
m2327,1,8.0,27
m2328,1,1.0,6
m2329,1,1.0,14
m2330,1,,14
m2331,1,12.0,12
m2332,1,1.0,99
m2333,14,1.0,35
m2334,1,12.0,11
m2335,1,1.0,20
m2336,1,12.0,14
m2337,1,1.0,17
m2338,1,1.0,13
m2339,1,,9
m2340,1,1.0,11
m2341,1,1.0,10
m2342,1,12.0,15
m2343,1,31.0,10
m2344,1,1.0,35
m2345,1,1.0,22
m2346,1,,7
m2347,1,1.0,11
m2348,1,1.0,8
m2349,1,1.0,13
m2350,1,1.0,12
m2351,1,1.0,5
m2352,1,,10
m2353,1,,15
m2354,1,1.0,12
m2355,2,1.0,13
m2356,1,42.0,4
m2357,1,31.0,35
m2358,1,1.0,25
m2359,1,12.0,10
m2360,1,1.0,12
m2361,1,12.0,4
m2362,1,12.0,128
m2363,1,12.0,10
m2364,1,12.0,10
m2365,1,31.0,3
m2366,1,31.0,4
m2367,1,31.0,4
m2368,1,31.0,4
m2369,1,33.0,14
m2370,2,1.0,10
m2371,1,,9
m2372,1,1.0,20
m2373,1,,23
m2374,1,1.0,16
m2375,1,1.0,18
m2376,1,12.0,52
m2377,1,1.0,5
m2378,1,1.0,16
m2379,1,1.0,14
m2380,1,29.0,7
m2381,1,1.0,20
m2382,1,1.0,34
m2383,1,1.0,32
m2384,2,1.0,34
m2385,1,,5
m2386,1,2.0,23
m2387,1,1.0,12
m2388,1,12.0,11
m2389,2,1.0,17
m2390,1,,10
m2391,1,1.0,25
m2392,1,1.0,15
m2393,1,1.0,11
m2394,1,1.0,21
m2395,1,1.0,16
m2396,1,,13
m2397,1,1.0,9
m2398,1,12.0,7
m2399,1,1.0,44
m2400,1,1.0,4
m2401,1,1.0,12
m2402,1,,16
m2403,1,8.0,14
m2404,1,1.0,14
m2405,1,,12
m2406,1,1.0,12
m2407,1,12.0,19
m2408,1,1.0,24
m2409,1,,16
m2410,3,,99
m2411,1,1.0,10
m2412,1,12.0,11
m2413,1,12.0,11
m2414,49,1.0,44
m2415,1,12.0,6
m2416,1,12.0,13
m2417,1,1.0,11
m2418,1,,17
m2419,1,1.0,11
m2420,1,1.0,32
m2421,1,12.0,9
m2422,2,1.0,16
m2423,1,,4
m2424,1,7.0,5
m2425,1,1.0,11
m2426,34,1.0,20
m2427,1,12.0,19
m2428,1,1.0,18
m2429,1,7.0,7
m2430,1,12.0,13
m2431,1,1.0,9
m2432,1,12.0,9
m2433,1,29.0,7
m2434,1,1.0,18
m2435,1,1.0,22
m2436,1,,14
m2437,1,12.0,75
m2438,1,1.0,16
m2439,1,,14
m2440,1,1.0,15
m2441,1,1.0,10
m2442,1,33.0,6
m2443,1,1.0,7
m2444,2,12.0,5
m2445,2,1.0,24
m2446,1,,19
m2447,1,1.0,90
m2448,1,1.0,11
m2449,1,1.0,7
m2450,1,1.0,20
m2451,1,,6
m2452,1,12.0,7
m2453,1,,9
m2454,1,1.0,8
m2455,1,,12
m2456,1,1.0,11
m2457,1,1.0,9
m2458,1,31.0,18
m2459,1,1.0,12
m2460,1,1.0,10
m2461,1,1.0,13
m2462,1,,22
m2463,1,7.0,10
m2464,1,1.0,61
m2465,1,29.0,9
m2466,1,1.0,18
m2467,1,1.0,12
m2468,2,38.0,29
m2469,1,31.0,16
m2470,2,1.0,11
m2471,1,1.0,7
m2472,1,31.0,16
m2473,2,12.0,5
m2474,1,61.0,20
m2475,1,1.0,17
m2476,1,12.0,99
m2477,1,,22
m2478,1,1.0,23
m2479,1,12.0,16
m2480,1,31.0,11
m2481,1,1.0,13
m2482,2,1.0,10
m2483,1,8.0,12
m2484,1,1.0,23
m2485,1,1.0,12
m2486,1,,11
m2487,1,1.0,24
m2488,1,1.0,12
m2489,1,12.0,7
m2490,1,12.0,21
m2491,1,1.0,28
m2492,1,1.0,21
m2493,1,1.0,21
m2494,1,1.0,27
m2495,1,1.0,12
m2496,1,1.0,12
m2497,2,1.0,8
m2498,2,1.0,22
m2499,1,12.0,10
m2500,1,1.0,10
m2501,1,29.0,5
m2502,1,1.0,46
m2503,1,1.0,24
m2504,1,54.0,2
m2505,1,31.0,10
m2506,1,29.0,7
m2507,1,1.0,7
m2508,1,,13
m2509,1,1.0,5
m2510,3,33.0,4
m2511,1,1.0,14
m2512,1,1.0,10
m2513,1,,15
m2514,1,1.0,13
m2515,1,12.0,57
m2516,1,1.0,19
m2517,1,1.0,14
m2518,1,1.0,12
m2519,1,,12
m2520,2,1.0,20
m2521,1,1.0,12
m2522,1,,5
m2523,1,1.0,14
m2524,2,,16
m2525,1,1.0,16
m2526,1,8.0,7
m2527,1,31.0,12
m2528,1,12.0,85
m2529,1,,19
m2530,1,,19
m2531,1,12.0,30
m2532,1,1.0,18
m2533,1,1.0,18
m2534,1,12.0,75
m2535,1,1.0,18
m2536,1,1.0,16
m2537,1,1.0,12
m2538,5,1.0,10
m2539,1,1.0,20
m2540,1,1.0,15
m2541,3,1.0,20
m2542,1,,10
m2543,1,1.0,12
m2544,1,,6
m2545,1,8.0,4
m2546,1,,14
m2547,1,1.0,24
m2548,1,12.0,19
m2549,1,1.0,8
m2550,1,1.0,19
m2551,1,1.0,12
m2552,1,12.0,14
m2553,1,1.0,17
m2554,1,1.0,8
m2555,1,1.0,8
m2556,1,1.0,13
m2557,1,1.0,12
m2558,1,1.0,4
m2559,2,1.0,14
m2560,1,1.0,10
m2561,1,12.0,21
m2562,1,1.0,4
m2563,1,1.0,10
m2564,1,1.0,25
m2565,1,1.0,5
m2566,1,1.0,19
m2567,1,,22
m2568,1,,12
m2569,1,1.0,7
m2570,3,12.0,18
m2571,1,1.0,12
m2572,1,,12
m2573,1,1.0,20
m2574,1,1.0,9
m2575,1,1.0,28
m2576,1,,22
m2577,1,1.0,24
m2578,1,1.0,11
m2579,1,1.0,8
m2580,1,1.0,24
m2581,1,,12
m2582,1,1.0,12
m2583,1,31.0,6
m2584,1,,12
m2585,1,,8
m2586,1,12.0,8
m2587,1,12.0,80
m2588,1,12.0,50
m2589,1,12.0,19
m2590,1,,7
m2591,1,1.0,20
m2592,1,1.0,11
m2593,1,3.0,10
m2594,1,1.0,16
m2595,1,12.0,10
m2596,1,1.0,12
m2597,1,1.0,24
m2598,1,1.0,13
m2599,1,,10
m2600,1,1.0,10
m2601,1,1.0,9
m2602,1,12.0,4
m2603,1,12.0,12
m2604,1,1.0,10
m2605,1,1.0,16
m2606,1,31.0,4
m2607,1,1.0,18
m2608,1,1.0,15
m2609,1,1.0,13
m2610,1,12.0,11
m2611,2,1.0,11
m2612,1,12.0,7
m2613,1,1.0,23
m2614,16,1.0,42
m2615,1,12.0,6
m2616,2,1.0,9
m2617,1,12.0,4
m2618,1,12.0,64
m2619,1,12.0,32
m2620,1,1.0,14
m2621,1,1.0,20
m2622,1,1.0,12
m2623,1,1.0,9
m2624,1,1.0,15
m2625,1,1.0,11
m2626,1,1.0,3
m2627,2,1.0,10
m2628,1,1.0,11
m2629,1,3.0,12
m2630,2,,6
m2631,1,1.0,12
m2632,1,12.0,8
m2633,1,31.0,5
m2634,1,1.0,11
m2635,1,,15
m2636,1,1.0,15
m2637,1,1.0,10
m2638,1,36.0,17
m2639,1,,18
m2640,1,1.0,14
m2641,2,1.0,9
m2642,1,12.0,60
m2643,1,1.0,16
m2644,1,12.0,5
m2645,1,33.0,10
m2646,1,,10
m2647,1,1.0,18
m2648,1,,13
m2649,1,1.0,16
m2650,1,33.0,10
m2651,1,,12
m2652,1,1.0,25
m2653,1,1.0,12
m2654,1,1.0,10
m2655,2,7.0,11
m2656,1,1.0,12
m2657,1,1.0,7
m2658,2,1.0,11
m2659,1,,11
m2660,1,12.0,79
m2661,3,1.0,11
m2662,1,1.0,85
m2663,1,1.0,20
m2664,1,,21
m2665,1,,8
m2666,1,,8
m2667,3,1.0,14
m2668,9,1.0,26
m2669,1,12.0,18
m2670,1,,18
m2671,1,1.0,13
m2672,1,31.0,11
m2673,1,1.0,21
m2674,1,,14
m2675,1,,69
m2676,1,,3
m2677,1,31.0,20
m2678,1,1.0,38
m2679,1,,11
m2680,1,12.0,11
m2681,1,,6
m2682,1,1.0,10
m2683,1,1.0,11
m2684,1,1.0,8
m2685,2,1.0,11
m2686,1,1.0,4
m2687,1,33.0,16
m2688,1,1.0,13
m2689,4,12.0,9
m2690,1,,11
m2691,1,1.0,16
m2692,1,,15
m2693,1,1.0,7
m2694,1,1.0,14
m2695,1,12.0,4
m2696,1,1.0,12
m2697,3,1.0,9
m2698,1,1.0,15
m2699,1,1.0,20
m2700,1,1.0,10
m2701,1,1.0,14
m2702,1,1.0,12
m2703,1,,12
m2704,1,1.0,30
m2705,1,1.0,14
m2706,1,1.0,12
m2707,1,1.0,11
m2708,1,1.0,17
m2709,1,12.0,12
m2710,38,1.0,13
m2711,1,1.0,11
m2712,1,12.0,11
m2713,1,1.0,31
m2714,1,1.0,18
m2715,1,1.0,11
m2716,1,,18
m2717,1,12.0,8
m2718,1,1.0,13
m2719,1,34.0,2
m2720,4,1.0,12
m2721,1,1.0,11
m2722,1,1.0,12
m2723,1,1.0,12
m2724,1,,13
m2725,1,,5
m2726,1,1.0,13
m2727,1,1.0,12
m2728,1,1.0,10
m2729,1,1.0,8
m2730,1,1.0,20
m2731,1,1.0,23
m2732,1,12.0,13
m2733,1,1.0,16
m2734,1,,14
m2735,1,,13
m2736,1,12.0,17
m2737,1,,4
m2738,1,1.0,11
m2739,1,1.0,16
m2740,1,31.0,9
m2741,1,1.0,4
m2742,1,1.0,16
m2743,2,,14
m2744,1,1.0,12
m2745,1,1.0,16
m2746,1,1.0,8
m2747,1,1.0,13
m2748,1,12.0,89
m2749,1,34.0,325
m2750,1,1.0,13
m2751,1,12.0,18
m2752,1,1.0,9
m2753,1,1.0,9
m2754,1,1.0,8
m2755,2,1.0,10
m2756,1,,12
m2757,1,1.0,14
m2758,1,1.0,7
m2759,1,1.0,27
m2760,2,1.0,12
m2761,1,12.0,3
m2762,1,1.0,10
m2763,1,12.0,14
m2764,1,1.0,5
m2765,1,12.0,16
m2766,1,,17
m2767,1,12.0,76
m2768,1,1.0,5
m2769,1,1.0,18
m2770,1,1.0,20
m2771,1,,10
m2772,1,1.0,12
m2773,1,,26
m2774,1,12.0,17
m2775,1,31.0,3
m2776,1,1.0,16
m2777,4,1.0,25
m2778,1,1.0,15
m2779,1,,29
m2780,1,12.0,16
m2781,1,,12
m2782,1,1.0,8
m2783,1,1.0,9
m2784,1,1.0,22
m2785,1,,23
m2786,1,1.0,12
m2787,1,,10
m2788,1,1.0,20
m2789,1,,11
m2790,1,12.0,19
m2791,1,7.0,10
m2792,1,1.0,14
m2793,1,,12
m2794,1,1.0,8
m2795,2,1.0,16
m2796,1,1.0,11
m2797,1,1.0,11
m2798,1,1.0,20
m2799,1,12.0,8
m2800,1,1.0,19
m2801,1,1.0,2
m2802,1,1.0,14
m2803,1,12.0,15
m2804,1,1.0,12
m2805,1,1.0,11
m2806,1,12.0,25
m2807,1,1.0,16
m2808,1,29.0,2
m2809,1,,12
m2810,1,12.0,99
m2811,1,1.0,12
m2812,1,,24
m2813,1,12.0,38
m2814,1,1.0,12
m2815,1,12.0,12
m2816,1,1.0,19
m2817,1,1.0,16
m2818,1,7.0,20
m2819,1,1.0,34
m2820,4,1.0,14
m2821,4,1.0,92
m2822,1,1.0,16
m2823,1,,14
m2824,1,12.0,7
m2825,1,1.0,13
m2826,1,31.0,10
m2827,1,1.0,9
m2828,1,1.0,12
m2829,1,1.0,16
m2830,1,,11
m2831,2,1.0,18
m2832,1,,14
m2833,1,12.0,118
m2834,1,,14
m2835,2,1.0,19
m2836,3,1.0,24
m2837,1,1.0,12
m2838,1,1.0,10
m2839,1,1.0,26
m2840,1,1.0,11
m2841,1,1.0,10
m2842,1,19.0,3
m2843,1,1.0,27
m2844,1,,9
m2845,1,1.0,12
m2846,1,1.0,11
m2847,1,1.0,16
m2848,1,1.0,20
m2849,1,1.0,13
m2850,1,8.0,14
m2851,1,1.0,15
m2852,1,12.0,15
m2853,1,12.0,4
m2854,1,29.0,8
m2855,1,1.0,63
m2856,1,1.0,15
m2857,1,,8
m2858,1,12.0,1
m2859,1,1.0,12
m2860,1,1.0,30
m2861,9,1.0,12
m2862,1,12.0,51
m2863,1,12.0,10
m2864,1,1.0,12
m2865,1,1.0,14
m2866,1,12.0,7
m2867,1,1.0,23
m2868,1,12.0,7
m2869,1,1.0,6
m2870,2,1.0,25
m2871,1,12.0,75
m2872,1,1.0,17
m2873,1,,36
m2874,3,1.0,17
m2875,1,1.0,9
m2876,1,,10
m2877,1,1.0,7
m2878,3,1.0,11
m2879,1,31.0,2
m2880,1,12.0,7
m2881,1,1.0,12
m2882,1,1.0,15
m2883,2,1.0,14
m2884,1,12.0,19
m2885,1,12.0,8
m2886,1,7.0,5
m2887,1,1.0,11
m2888,1,1.0,20
m2889,1,12.0,8
m2890,1,,9
m2891,1,1.0,17
m2892,1,1.0,16
m2893,1,1.0,11
m2894,1,12.0,97
m2895,1,12.0,99
m2896,1,12.0,76
m2897,1,12.0,9
m2898,2,1.0,10
m2899,1,1.0,20
m2900,1,,11
m2901,1,1.0,25
m2902,1,1.0,16
m2903,2,1.0,26
m2904,1,,12
m2905,1,1.0,20
m2906,1,1.0,18
m2907,1,,21
m2908,1,,41
m2909,1,1.0,15
m2910,1,1.0,15
m2911,1,1.0,14
m2912,2,1.0,22
m2913,1,1.0,15
m2914,1,31.0,10
m2915,1,1.0,30
m2916,1,1.0,15
m2917,1,31.0,2
m2918,1,1.0,17
m2919,1,,12
m2920,2,1.0,21
m2921,1,12.0,11
m2922,1,1.0,10
m2923,1,1.0,8
m2924,1,12.0,4
m2925,1,,17
m2926,2,1.0,15
m2927,2,1.0,47
m2928,1,,14
m2929,1,1.0,5
m2930,1,,10
m2931,1,,13
m2932,1,1.0,17
m2933,1,1.0,20
m2934,1,1.0,20
m2935,9,1.0,12
m2936,1,1.0,17
m2937,1,1.0,10
m2938,1,,14
m2939,1,12.0,92
m2940,1,12.0,59
m2941,1,1.0,23
m2942,1,1.0,11
m2943,1,1.0,16
m2944,1,1.0,7
m2945,1,,11
m2946,1,12.0,7
m2947,1,1.0,6
m2948,1,1.0,12
m2949,1,,5
m2950,1,1.0,14
m2951,1,12.0,23
m2952,1,,10
m2953,1,12.0,3
m2954,1,,13
m2955,1,1.0,12
m2956,1,1.0,11
m2957,1,1.0,11
m2958,1,1.0,17
m2959,1,1.0,11
m2960,2,1.0,14
m2961,1,1.0,20
m2962,1,1.0,13
m2963,1,1.0,20
m2964,1,1.0,9
m2965,1,1.0,2
m2966,1,1.0,19
m2967,1,,6
m2968,1,,18
m2969,1,12.0,26
m2970,1,1.0,20
m2971,1,,12
m2972,1,1.0,25
m2973,1,1.0,14
m2974,3,1.0,20
m2975,1,1.0,8
m2976,1,12.0,57
m2977,1,1.0,58
m2978,1,1.0,16
m2979,1,1.0,99
m2980,1,1.0,18
m2981,1,1.0,12
m2982,1,1.0,13
m2983,1,,10
m2984,1,1.0,11
m2985,2,1.0,15
m2986,1,12.0,12
m2987,1,12.0,12
m2988,1,,16
m2989,1,12.0,36
m2990,1,12.0,65
m2991,1,12.0,11
m2992,1,12.0,79
m2993,1,12.0,12
m2994,1,31.0,6
m2995,1,1.0,12
m2996,1,1.0,11
m2997,2,1.0,11
m2998,2,1.0,22
m2999,1,1.0,18
m3000,2,1.0,21
m3001,2,,16
m3002,2,,16
m3003,1,1.0,15
m3004,1,,10
m3005,1,,19
m3006,3,1.0,15
m3007,1,12.0,10
m3008,8,1.0,25
m3009,1,1.0,4
m3010,1,,27
m3011,1,1.0,13
m3012,1,1.0,10
m3013,1,1.0,13
m3014,1,8.0,6
m3015,1,1.0,17
m3016,1,12.0,10
m3017,1,1.0,28
m3018,1,1.0,25
m3019,2,1.0,22
m3020,1,1.0,16
m3021,1,1.0,8
m3022,1,1.0,20
m3023,1,,13
m3024,1,1.0,20
m3025,1,12.0,53
m3026,1,,18
m3027,1,,18
m3028,1,1.0,13
m3029,1,31.0,11
m3030,1,1.0,14
m3031,1,12.0,11
m3032,2,87.0,24
m3033,1,,9
m3034,1,1.0,10
m3035,1,,18
m3036,1,1.0,14
m3037,1,12.0,5
m3038,2,1.0,7
m3039,1,12.0,37
m3040,1,31.0,4
m3041,1,,23
m3042,1,1.0,12
m3043,1,29.0,3
m3044,1,1.0,22
m3045,1,12.0,85
m3046,1,,14
m3047,1,1.0,12
m3048,1,1.0,4
m3049,1,1.0,17
m3050,1,1.0,12
m3051,1,1.0,10
m3052,1,1.0,11
m3053,1,,13
m3054,1,1.0,6
m3055,1,12.0,5
m3056,1,1.0,6
m3057,1,1.0,6
m3058,3,1.0,24
m3059,1,1.0,18
m3060,1,1.0,21
m3061,1,1.0,19
m3062,1,1.0,14
m3063,1,,6
m3064,1,1.0,16
m3065,1,29.0,4
m3066,1,1.0,10
m3067,1,,6
m3068,1,1.0,7
m3069,1,1.0,21
m3070,1,12.0,63
m3071,1,1.0,19
m3072,1,31.0,20
m3073,1,1.0,10
m3074,1,,7
m3075,1,7.0,12
m3076,1,1.0,9
m3077,1,12.0,14
m3078,1,1.0,10
m3079,11,1.0,19
m3080,1,7.0,10
m3081,1,,21
m3082,1,12.0,18
m3083,1,1.0,12
m3084,1,1.0,13
m3085,1,12.0,22
m3086,1,1.0,4
m3087,1,1.0,16
m3088,1,,10
m3089,1,1.0,13
m3090,1,1.0,21
m3091,1,,24
m3092,1,31.0,8
m3093,1,1.0,10
m3094,1,1.0,17
m3095,1,12.0,15
m3096,1,1.0,5
m3097,1,12.0,8
m3098,1,1.0,20
m3099,1,1.0,11
m3100,1,31.0,4
m3101,1,,12
m3102,1,1.0,13
m3103,1,29.0,2
m3104,1,1.0,12
m3105,1,1.0,16
m3106,2,1.0,17
m3107,1,12.0,7
m3108,2,1.0,21
m3109,1,1.0,8
m3110,3,1.0,99
m3111,1,1.0,12
m3112,1,1.0,16
m3113,1,1.0,14
m3114,1,1.0,10
m3115,2,1.0,15
m3116,1,1.0,20
m3117,1,7.0,14
m3118,1,1.0,16
m3119,1,1.0,15
m3120,1,31.0,4
m3121,1,,15
m3122,1,1.0,12
m3123,1,,6
m3124,1,31.0,3
m3125,1,1.0,18
m3126,1,12.0,396
m3127,1,12.0,7
m3128,1,1.0,8
m3129,1,1.0,12
m3130,1,1.0,17
m3131,1,1.0,11
m3132,1,1.0,13
m3133,1,1.0,16
m3134,1,,7
m3135,1,,27
m3136,1,,12
m3137,1,1.0,12
m3138,2,1.0,27
m3139,1,,13
m3140,1,,14
m3141,1,1.0,40
m3142,1,,12
m3143,1,38.0,12
m3144,1,1.0,12
m3145,1,1.0,12
m3146,1,1.0,16
m3147,1,,12
m3148,1,12.0,2
m3149,1,1.0,11
m3150,1,1.0,18
m3151,1,1.0,6
m3152,1,1.0,10
m3153,1,1.0,10
m3154,1,,12
m3155,1,7.0,11
m3156,2,,16
m3157,1,,30
m3158,1,1.0,26
m3159,1,1.0,24
m3160,1,1.0,13
m3161,7,1.0,14
m3162,1,12.0,19
m3163,1,1.0,16
m3164,1,,12
m3165,1,1.0,19
m3166,1,7.0,8
m3167,1,1.0,28
m3168,2,1.0,20
m3169,1,,77
m3170,1,8.0,25
m3171,1,,13
m3172,1,1.0,16
m3173,1,8.0,9
m3174,1,,41
m3175,1,12.0,120
m3176,1,,25
m3177,1,12.0,18
m3178,1,1.0,21
m3179,1,7.0,12
m3180,1,12.0,120
m3181,1,1.0,12
m3182,1,12.0,12
m3183,1,,6
m3184,1,1.0,12
m3185,1,1.0,9
m3186,1,1.0,15
m3187,1,1.0,13
m3188,1,1.0,10
m3189,1,1.0,20
m3190,1,1.0,15
m3191,1,1.0,13
m3192,1,12.0,12
m3193,1,1.0,15
m3194,1,,16
m3195,1,1.0,9
m3196,1,12.0,16
m3197,1,7.0,14
m3198,1,31.0,3
m3199,1,31.0,11
m3200,1,1.0,11
m3201,1,31.0,10
m3202,1,,14
m3203,1,,14
m3204,1,1.0,7
m3205,1,1.0,12
m3206,1,8.0,14
m3207,1,29.0,3
m3208,1,1.0,12
m3209,1,1.0,8
m3210,1,1.0,74
m3211,1,12.0,25
m3212,6,1.0,14
m3213,1,7.0,10
m3214,1,1.0,11
m3215,1,1.0,15
m3216,1,1.0,14
m3217,1,1.0,14
m3218,1,7.0,35
m3219,1,12.0,16
m3220,1,31.0,10
m3221,1,1.0,14
m3222,1,12.0,4
m3223,1,1.0,15
m3224,1,,21
m3225,1,,9
m3226,1,31.0,9
m3227,1,1.0,12
m3228,1,1.0,39
m3229,1,12.0,19
m3230,1,1.0,7
m3231,1,1.0,14
m3232,1,12.0,18
m3233,1,1.0,21
m3234,1,,12
m3235,1,1.0,13
m3236,1,1.0,11
m3237,1,1.0,14
m3238,1,,10
m3239,1,31.0,2
m3240,1,1.0,60
m3241,1,1.0,60
m3242,1,,12
m3243,1,7.0,9
m3244,1,1.0,16
m3245,1,1.0,16
m3246,1,,10
m3247,1,1.0,23
m3248,1,1.0,4
m3249,1,1.0,8
m3250,14,1.0,24
m3251,1,,13
m3252,1,,13
m3253,1,,13
m3254,1,1.0,24
m3255,1,1.0,18
m3256,1,,10
m3257,1,,25
m3258,11,1.0,17
m3259,1,1.0,3
m3260,1,1.0,7
m3261,1,,10
m3262,1,12.0,118
m3263,1,,22
m3264,1,1.0,15
m3265,1,12.0,60
m3266,1,1.0,19
m3267,1,12.0,10
m3268,2,1.0,18
m3269,2,1.0,47
m3270,1,1.0,12
m3271,1,12.0,22
m3272,1,12.0,42
m3273,2,1.0,13
m3274,1,1.0,23
m3275,1,12.0,12
m3276,1,31.0,10
m3277,1,,13
m3278,1,12.0,287
m3279,1,31.0,18
m3280,1,1.0,69
m3281,1,1.0,9
m3282,1,1.0,4
m3283,1,,15
m3284,1,1.0,11
m3285,1,1.0,11
m3286,1,1.0,30
m3287,1,1.0,14
m3288,1,12.0,10
m3289,1,1.0,12
m3290,1,31.0,11
m3291,2,1.0,12
m3292,1,12.0,36
m3293,1,1.0,7
m3294,1,1.0,29
m3295,1,1.0,12
m3296,1,12.0,4
m3297,1,12.0,99
m3298,1,1.0,19
m3299,1,12.0,25
m3300,1,1.0,51
m3301,1,1.0,14
m3302,1,1.0,30
m3303,1,12.0,4
m3304,1,,16
m3305,1,1.0,9
m3306,1,31.0,2
m3307,1,,2
m3308,2,1.0,33
m3309,1,1.0,11
m3310,1,1.0,18
m3311,1,,11
m3312,1,,12
m3313,1,1.0,13
m3314,1,1.0,12
m3315,2,1.0,10
m3316,1,12.0,15
m3317,1,1.0,12
m3318,1,1.0,20
m3319,1,1.0,2
m3320,1,1.0,13
m3321,1,1.0,23
m3322,1,1.0,11
m3323,1,8.0,4
m3324,1,8.0,4
m3325,1,1.0,12
m3326,1,,35
m3327,1,1.0,20
m3328,1,1.0,17
m3329,1,,10
m3330,1,,11
m3331,1,1.0,21
m3332,1,12.0,34
m3333,1,7.0,10
m3334,1,1.0,11
m3335,1,1.0,16
m3336,1,1.0,14
m3337,1,,11
m3338,1,1.0,13
m3339,1,1.0,12
m3340,1,1.0,16
m3341,1,1.0,18
m3342,1,1.0,7
m3343,4,1.0,20
m3344,1,1.0,21
m3345,1,,22
m3346,1,1.0,16
m3347,1,1.0,12
m3348,1,1.0,8
m3349,1,12.0,11
m3350,1,12.0,14
m3351,1,1.0,29
m3352,1,,13
m3353,1,1.0,19
m3354,1,1.0,12
m3355,1,8.0,11
m3356,1,1.0,12
m3357,1,1.0,16
m3358,1,1.0,6
m3359,1,1.0,11
m3360,5,1.0,23
m3361,1,7.0,12
m3362,1,1.0,12
m3363,1,1.0,13
m3364,1,1.0,10
m3365,1,1.0,14
m3366,1,1.0,15
m3367,1,1.0,18
m3368,1,1.0,11
m3369,1,,3
m3370,1,1.0,14
m3371,1,1.0,12
m3372,1,,11
m3373,1,12.0,202
m3374,1,,20
m3375,1,1.0,12
m3376,1,1.0,24
m3377,1,1.0,20
m3378,1,1.0,12
m3379,1,12.0,99
m3380,1,1.0,12
m3381,1,1.0,12
m3382,1,29.0,8
m3383,1,1.0,99
m3384,1,1.0,12
m3385,1,1.0,12
m3386,1,,13
m3387,1,1.0,24
m3388,1,1.0,24
m3389,1,1.0,14
m3390,1,,10
m3391,1,1.0,13
m3392,1,1.0,10
m3393,1,1.0,56
m3394,2,1.0,26
m3395,1,1.0,12
m3396,1,1.0,7
m3397,2,1.0,19
m3398,1,42.0,16
m3399,1,12.0,14
m3400,1,1.0,6
m3401,1,1.0,6
m3402,1,1.0,4
m3403,1,1.0,21
m3404,2,1.0,7
m3405,2,1.0,12
m3406,2,1.0,12
m3407,1,1.0,9
m3408,1,31.0,11
m3409,1,1.0,8
m3410,1,12.0,44
m3411,1,1.0,18
m3412,1,,16
m3413,1,1.0,18
m3414,1,1.0,3
m3415,1,12.0,16
m3416,1,1.0,4
m3417,1,31.0,12
m3418,2,1.0,24
m3419,1,31.0,12
m3420,1,1.0,23
m3421,1,7.0,12
m3422,1,2.0,20
m3423,1,1.0,36
m3424,1,,38
m3425,1,1.0,18
m3426,1,1.0,6
m3427,1,12.0,22
m3428,1,1.0,10
m3429,1,,4
m3430,1,12.0,50
m3431,1,1.0,15
m3432,1,,10
m3433,1,,9
m3434,1,12.0,9
m3435,1,1.0,15
m3436,1,1.0,8
m3437,1,1.0,12
m3438,1,1.0,17
m3439,1,1.0,10
m3440,1,1.0,14
m3441,1,1.0,15
m3442,1,12.0,31
m3443,1,12.0,27
m3444,1,1.0,10
m3445,1,1.0,31
m3446,1,1.0,11
m3447,1,,12
m3448,1,1.0,10
m3449,1,12.0,40
m3450,1,1.0,19
m3451,1,,12
m3452,2,1.0,27
m3453,1,12.0,20
m3454,1,1.0,15
m3455,1,1.0,21
m3456,1,1.0,12
m3457,1,42.0,3
m3458,1,,14
m3459,1,1.0,21
m3460,1,,20
m3461,1,1.0,10
m3462,1,1.0,14
m3463,1,1.0,9
m3464,1,1.0,24
m3465,1,,14
m3466,1,1.0,9
m3467,1,1.0,12
m3468,1,12.0,13
m3469,1,1.0,18
m3470,1,1.0,2
m3471,1,12.0,68
m3472,2,31.0,9
m3473,1,1.0,30
m3474,1,8.0,11
m3475,1,,11
m3476,1,1.0,16
m3477,1,31.0,5
m3478,1,1.0,13
m3479,1,1.0,11
m3480,1,1.0,11
m3481,1,12.0,4
m3482,1,1.0,10
m3483,1,1.0,4
m3484,1,1.0,16
m3485,1,1.0,12
m3486,1,,12
m3487,1,1.0,55
m3488,1,1.0,19
m3489,1,31.0,4
m3490,1,31.0,8
m3491,1,1.0,13
m3492,1,29.0,4
m3493,1,1.0,12
m3494,1,12.0,22
m3495,1,1.0,7
m3496,1,1.0,15
m3497,1,1.0,38
m3498,1,12.0,45
m3499,1,,12
m3500,1,1.0,9
m3501,1,1.0,10
m3502,1,1.0,13
m3503,1,29.0,3
m3504,1,1.0,12
m3505,1,12.0,19
m3506,1,12.0,19
m3507,1,1.0,12
m3508,13,1.0,20
m3509,1,12.0,18
m3510,1,1.0,16
m3511,1,1.0,16
m3512,2,,13
m3513,1,,21
m3514,2,1.0,14
m3515,1,1.0,13
m3516,2,1.0,10
m3517,1,1.0,74
m3518,1,12.0,21
m3519,1,12.0,21
m3520,1,12.0,97
m3521,1,8.0,10
m3522,1,31.0,15
m3523,1,1.0,14
m3524,1,31.0,15
m3525,1,1.0,9
m3526,2,1.0,20
m3527,1,19.0,28
m3528,1,12.0,101
m3529,1,1.0,8
m3530,1,12.0,10
m3531,1,12.0,8
m3532,1,1.0,9
m3533,1,31.0,10
m3534,1,,11
m3535,1,1.0,13
m3536,1,,14
m3537,1,12.0,12
m3538,1,1.0,7
m3539,1,1.0,11
m3540,1,,42
m3541,1,1.0,17
m3542,1,1.0,12
m3543,1,1.0,6
m3544,2,1.0,24
m3545,1,1.0,11
m3546,2,1.0,20
m3547,1,7.0,9
m3548,1,1.0,48
m3549,2,1.0,14
m3550,1,1.0,5
m3551,1,,12
m3552,1,1.0,16
m3553,1,31.0,11
m3554,1,12.0,1
m3555,1,1.0,12
m3556,1,1.0,13
m3557,1,12.0,165
m3558,1,1.0,3
m3559,1,1.0,24
m3560,1,1.0,12
m3561,3,1.0,20
m3562,2,1.0,9
m3563,1,1.0,17
m3564,1,1.0,28
m3565,1,1.0,11
m3566,1,,30
m3567,1,,15
m3568,1,,14
m3569,1,,14
m3570,1,1.0,23
m3571,1,1.0,5
m3572,1,12.0,55
m3573,1,7.0,11
m3574,1,1.0,8
m3575,1,7.0,10
m3576,1,,17
m3577,1,8.0,13
m3578,1,1.0,9
m3579,1,1.0,13
m3580,1,,16
m3581,1,12.0,26
m3582,1,1.0,31
m3583,1,,9
m3584,1,12.0,4
m3585,1,1.0,21
m3586,1,,14
m3587,1,1.0,11
m3588,1,1.0,18
m3589,1,12.0,3
m3590,1,1.0,15
m3591,1,1.0,13
m3592,1,1.0,14
m3593,1,1.0,10
m3594,1,1.0,16
m3595,1,1.0,11
m3596,1,31.0,10
m3597,1,12.0,54
m3598,1,,20
m3599,1,1.0,12
m3600,1,,12
m3601,2,1.0,18
m3602,1,1.0,2
m3603,1,,18
m3604,1,12.0,11
m3605,1,,13
m3606,1,12.0,52
m3607,1,1.0,9
m3608,1,29.0,8
m3609,1,1.0,14
m3610,1,,19
m3611,1,,20
m3612,1,12.0,13
m3613,1,12.0,69
m3614,1,,10
m3615,1,1.0,13
m3616,1,1.0,21
m3617,1,1.0,18
m3618,1,1.0,15
m3619,1,12.0,95
m3620,1,31.0,3
m3621,1,1.0,17
m3622,1,1.0,32
m3623,2,1.0,17
m3624,1,1.0,14
m3625,1,1.0,21
m3626,1,,15
m3627,1,1.0,7
m3628,1,1.0,29
m3629,1,1.0,1
m3630,1,33.0,8
m3631,1,12.0,8
m3632,1,1.0,10
m3633,1,1.0,6
m3634,1,1.0,16
m3635,3,1.0,6
m3636,1,1.0,12
m3637,1,,15
m3638,1,,19
m3639,1,12.0,6
m3640,1,1.0,12
m3641,1,,20
m3642,1,31.0,9
m3643,1,,12
m3644,1,1.0,15
m3645,1,1.0,46
m3646,1,1.0,22
m3647,1,12.0,4
m3648,2,1.0,17
m3649,1,1.0,16
m3650,1,31.0,12
m3651,1,,16
m3652,1,1.0,15
m3653,1,12.0,4
m3654,1,31.0,14
m3655,1,1.0,7
m3656,1,,20
m3657,1,,9
m3658,1,,14
m3659,1,1.0,12
m3660,1,,9
m3661,1,12.0,214
m3662,1,12.0,8
m3663,1,25.0,11
m3664,1,,16
m3665,1,1.0,11
m3666,1,1.0,20
m3667,2,1.0,27
m3668,1,1.0,17
m3669,1,1.0,2
m3670,1,12.0,13
m3671,5,1.0,9
m3672,1,1.0,17
m3673,1,1.0,12
m3674,1,8.0,9
m3675,1,1.0,17
m3676,1,1.0,3
m3677,1,,15
m3678,1,,10
m3679,1,12.0,18
m3680,1,12.0,114
m3681,1,1.0,20
m3682,1,1.0,14
m3683,1,1.0,10
m3684,1,12.0,11
m3685,1,,13
m3686,1,1.0,20
m3687,1,1.0,12
m3688,1,7.0,12
m3689,1,,17
m3690,1,1.0,17
m3691,1,1.0,12
m3692,4,1.0,17
m3693,1,12.0,2
m3694,1,12.0,28
m3695,1,1.0,8
m3696,1,1.0,13
m3697,1,12.0,19
m3698,1,12.0,45
m3699,1,1.0,8
m3700,1,31.0,10
m3701,1,,20
m3702,1,1.0,24
m3703,1,,11
m3704,1,1.0,13
m3705,1,1.0,16
m3706,1,1.0,15
m3707,1,1.0,12
m3708,1,12.0,3
m3709,1,,12
m3710,1,1.0,13
m3711,2,1.0,22
m3712,6,1.0,15
m3713,1,,18
m3714,1,,56
m3715,1,1.0,16
m3716,4,1.0,20
m3717,1,8.0,17
m3718,1,12.0,84
m3719,1,,14
m3720,1,1.0,11
m3721,1,7.0,2
m3722,1,,13
m3723,1,1.0,10
m3724,1,1.0,12
m3725,1,1.0,9
m3726,1,,10
m3727,4,,15
m3728,4,,15
m3729,1,12.0,7
m3730,1,1.0,44
m3731,1,12.0,5
m3732,4,1.0,10
m3733,3,,17
m3734,1,1.0,12
m3735,2,1.0,17
m3736,1,1.0,11
m3737,1,,18
m3738,1,1.0,11
m3739,2,1.0,15
m3740,1,1.0,9
m3741,1,12.0,76
m3742,1,,8
m3743,1,,11
m3744,1,,15
m3745,1,,26
m3746,1,1.0,9
m3747,1,1.0,11
m3748,1,1.0,2
m3749,1,12.0,82
m3750,1,1.0,13
m3751,1,1.0,14
m3752,1,1.0,99
m3753,1,1.0,12
m3754,1,12.0,4
m3755,1,1.0,15
m3756,1,12.0,15
m3757,1,1.0,10
m3758,1,30.0,24
m3759,1,1.0,6
m3760,2,1.0,22
m3761,1,,22
m3762,1,1.0,30
m3763,1,1.0,23
m3764,1,12.0,4
m3765,1,30.0,4
m3766,1,1.0,5
m3767,1,12.0,5
m3768,1,12.0,56
m3769,1,,8
m3770,2,1.0,18
m3771,2,,7
m3772,1,1.0,9
m3773,1,12.0,10
m3774,1,12.0,11
m3775,1,1.0,14
m3776,1,1.0,15
m3777,1,1.0,17
m3778,1,1.0,12
m3779,1,29.0,8
m3780,1,,13
m3781,1,,16
m3782,1,12.0,13
m3783,1,1.0,14
m3784,1,1.0,15
m3785,1,1.0,20
m3786,1,1.0,22
m3787,1,26.0,17
m3788,1,,13
m3789,1,1.0,7
m3790,2,1.0,14
m3791,2,1.0,17
m3792,1,1.0,7
m3793,1,12.0,20
m3794,1,,15
m3795,1,,12
m3796,1,33.0,3
m3797,1,1.0,5
m3798,1,1.0,3
m3799,1,1.0,12
m3800,3,1.0,21
m3801,1,1.0,10
m3802,1,1.0,13
m3803,3,63.0,11
m3804,2,1.0,11
m3805,1,1.0,20
m3806,1,,11
m3807,1,1.0,15
m3808,1,12.0,6
m3809,2,31.0,5
m3810,1,,26
m3811,1,1.0,11
m3812,1,,10
m3813,1,1.0,4
m3814,3,1.0,9
m3815,1,1.0,11
m3816,1,12.0,55
m3817,1,1.0,9
m3818,1,12.0,13
m3819,1,31.0,10
m3820,1,1.0,20
m3821,1,,14
m3822,1,1.0,13
m3823,1,1.0,10
m3824,1,1.0,14
m3825,1,12.0,6
m3826,1,12.0,19
m3827,1,1.0,11
m3828,1,29.0,7
m3829,1,1.0,12
m3830,1,1.0,20
m3831,1,1.0,11
m3832,1,1.0,11
m3833,2,38.0,29
m3834,1,,10
m3835,1,1.0,2
m3836,1,12.0,28
m3837,1,1.0,13
m3838,1,1.0,8
m3839,1,1.0,11
m3840,1,1.0,11
m3841,4,1.0,10
m3842,1,1.0,13
m3843,1,1.0,12
m3844,1,1.0,22
m3845,1,1.0,20
m3846,1,,15
m3847,1,7.0,13
m3848,1,1.0,17
m3849,1,12.0,11
m3850,1,12.0,20
m3851,1,1.0,11
m3852,2,,16
m3853,1,1.0,9
m3854,1,12.0,17
m3855,1,1.0,19
m3856,1,,22
m3857,1,1.0,13
m3858,1,1.0,11
m3859,1,1.0,13
m3860,1,1.0,22
m3861,1,,7
m3862,1,1.0,21
m3863,1,54.0,2
m3864,1,31.0,8
m3865,1,,14
m3866,1,1.0,38
m3867,1,1.0,10
m3868,1,1.0,22
m3869,1,1.0,30
m3870,3,1.0,20
m3871,1,12.0,11
m3872,1,,20
m3873,1,1.0,60
m3874,1,1.0,13
m3875,1,1.0,15
m3876,1,12.0,11
m3877,1,,12
m3878,1,,19
m3879,1,12.0,69
m3880,1,,12
m3881,4,,15
m3882,1,1.0,10
m3883,1,1.0,14
m3884,1,1.0,9
m3885,2,1.0,17
m3886,1,1.0,10
m3887,1,12.0,5
m3888,1,1.0,30
m3889,1,1.0,16
m3890,1,1.0,14
m3891,1,,12
m3892,1,1.0,15
m3893,1,1.0,17
m3894,2,1.0,10
m3895,1,1.0,8
m3896,1,12.0,11
m3897,1,31.0,8
m3898,2,1.0,24
m3899,1,12.0,11
m3900,1,1.0,12
m3901,1,1.0,15
m3902,1,12.0,44
m3903,1,12.0,14
m3904,2,1.0,10
m3905,1,1.0,13
