place,name,place_type,address,coordinates,ended
p_f34e26f5,Sala Cancijler,Venue,Calle Alcalde Lpez Casero Madrid Spain,,t
p_3d27d869,Be Musical Prodvctions,Studio,,,f
p_eab12d3a,BONO Studio,Studio,,,f
p_b06c667f,Lyceum Theatre,Venue,21 Wellington Street London WC2E 7RQ,51511556011975.0,f
p_dd5729ca,Sössd N:x Studio,Studio,,,f
p_b8c0d8ed,Place de la Gate,Other,Place de la Garw 59000 Lille,506366133069651.0,f
p_b005088b,Herbert Place Sudios,Studio,,,f
p_acfdd9de,Analog Swwden,Studio,,,f
p_288a1c9f,Raintree Cafe,Venue,220 King St N Waterloo ON N2J 2Y7,4347529180524457.0,f
p_1389f121,Sound Ranger Studio,Studio,Schleebrüggenkamp 8,,f
p_ea6588a3,Big Island,Studio,,,f
p_ed3d7c18,Herbert Place Studios,Studio,,,f
p_d1ef2122,Threshold Recordings,Studio,,,f
p_08c76ca5,The Firehouse,Venue,1015 N 1st St Phoenix AZ 85004,3.3458065112072556e+16,t
p_09fc2edc,Norwegiann Jade Bliss,Venue,,,f
p_cd999e39,Norwehian Jade Bliss,Venue,,,f
p_5825785c,Burggraben Neckarelz,Venue,Johannitergasse 2 74821 Mosbach Germany,49341699101083.0,f
p_6e70b3b0,SAP Arqena,Indoor arena,An der Arena 1 68163 Mannheim Germany,4946361185175.0,f
p_865ddc5b,The Atrium City Hall,Venue,,520777244316833.0,f
p_46acf128,Bolic Sound,Studio,,,f
p_1bada79d,Mechanics Bank Theater and Convention Center,Venue,1001 Truxtun Ave Bakersfield CA 93301,35372119013.0,f
p_9d562870,Main Stage,Venue,,,f
p_2aa654f7,Henwood Studios,Studio,Unit 8 Oakley Wood Farm Benson,,f
p_d692c302,Rushents Mvansion,Studio,,,f
p_ca4ac20c,Killioj Sound,Studio,,,f
p_5f373230,Killion Sourid,Studio,,,f
p_b51830cd,Instituto Musical de São Paulo,Educational institution,,,f
p_94ba64b6,Horta Hall,Venue,,,f
p_a4a4db24,DNA Syudios,Studio,,,f
p_6e82696e,Ryemuse Sound,Studio,64 S Molton St,515133530146862.0,f
p_2509081b,PalaceMusic,Studio,,,f
p_9c256e00,Palacee Music,Studio,,,f
p_a5a581b5,Polideportivo de la Junta de Castilla y León,Other,,,f
p_e1a88613,Ninth Wold Studios,Studio,,,f
p_aeab658b,Tonengineer Studio,Studio,,,f
p_711e07b0,Rose Gold,,96 Morgan Ave,,f
p_b34d9f30,Burg Abenberg,Other,Burgstraße 16 91183 Abenberg Germany,4924329210962848.0,f
p_5ebf3605,The Gannon House,,,,f
p_54db98a2,Red Brn,,,,f
p_1a5c9e77,Red Barri,,,,f
p_fddf96fc,Basilique SaintBonaventure de Lyon,Religious building,7 place des Cordeliers 69002 Lyon,457631444836905.0,f
p_08d9371c,Acyckic Systems,Studio,,,f
p_a1c06c31,Digranexkirkja,Religious building,,6410778421886278.0,f
p_2252bdf7,Mainy Stage,Venue,,,f
p_05171824,Skråen,Venue,Strandvejen 19 9000 Aalborg Danmark,570532089911536.0,t
p_d1884287,Preah Suramarit National Theatre,Venue,,,t
p_28541153,Akins Ford Arena at The Classic Center,Indoor arena,,,f
p_a305b2df,USMP Studios  Hollywood,Studio,,,f
p_2030e630,Ocean Saound,Studio,,,f
p_f35c110e,Hard Rock Café Dublin,Venue,12 Fleet St Temple Bar Dublin D02 NW56,,f
p_b10b65a3,St Georgenkirche,Religious building,,508161381254126.0,f
p_7351794b,Studio Charlot,Studio,,,f
p_cb882379,Crosby Hall,,,,t
p_f7efbb4c,Prolific Studios,Studio,Umits E9E11 KG Business Centre Northampton NN5 7QS United Kingdom,52252609179.0,f
p_0e0a2936,StudioA,Studio,,,f
p_000b8651,Bug Jar,Venue,219 Monroe Ave Rochester NY 14607,4315004477600096.0,f
p_27280b4f,梅田CLUB QUATTRO,Venue,〒5300051 大阪府大阪市北区太融寺町817 プラザ梅田10F,3.470177313550229e+16,f
p_e45bfc96,Prolific Stufios,Studio,Units E9E11 KG Business Centre Northampton NN5 7QS United Kingdom,52252609179.0,f
p_522f2c66,Soundsurfer Studios,Studio,,,f
p_4e957c2f,Pavillón Multiusos Fontes do Sar,Indoor arena,Rúa Diego Bernal 15702 Santiago de Compostela A Coruña Spain,428761918530752.0,f
p_c0c4873e,Red Barn,,,,f
p_156e77e4,Music Hall Center for the Performing Arts,Venue,350 Madison Street Detroit MI 48226 United States,4233722283046111.0,f
p_f133eb5a,Kunsthalle Wien,Other,Museumsplatz 1 1070 Wien Austria,4820294816357993.0,f
p_1881014f,O2 Academy Sheffield,Venue,O2 Academy Sheffield Arundel Gate Sheffield City Centre Sheffield S1 2PN,533816021465469.0,f
p_f9f94e1e,Caledonien Hall,Venue,Radisson Blu Caledonien Hotel Vestre Strandgate 7 4611 Kristiansand Norway,,f
p_7da48e89,Millersville University of Pennsylvania,Educational institution,1 S George St Millersville PA 17551 USA,4076356.0,f
p_dd6b69cc,Joonior Studios,Studio,,,f
p_271f68a8,Ocean Center,Other,101 N Atlantic Ave Daytona Beach FL 321184203,292287810106.0,f
p_bc9fd771,Calamigoes Ranch,Venue,327 Latigo Canyon Rr,,f
p_b17acefa,WFMU,Studio,,407886742556.0,f
p_7ba3ede4,808sunds,Studio,,,f
p_43cd1c68,Brooklands Road Studio,Studio,,,f
p_daccebdf,Rainbow Studios,Studio,,,f
p_683d8475,Arthwater,Venue,Ehrenfeldgürtel 127 50825 Kpöln,509531486918527.0,f
p_2fe0ed94,Salinas Studio,Studio,,,f
p_c5b078f7,Bohemian Grove,,6664 Grove St,,f
p_1159041d,Ulyd studio,Studio,,,f
p_81718413,Click,Venue,,,f
p_3677cdc6,東京体育館,Indoor arena,〒1510051 東京都渋谷区千駄ヶ谷1171,356797221397125.0,f
p_166df33a,Mann Center for the Performing Arts,Venue,5201 Parkside Avenue Fairmount Park Philadelphia PA 19131,399831752228.0,f
p_c73dab2e,Southminster United Church,Religious building,15 Aylmer Avenue,453954475685268.0,f
p_c94ea076,Gods Butt,,,,f
p_4a735a2a,Ardingly Stjdio,Studio,,,f
p_599887df,BBC Radio 2 Studios,Studio,,,f
p_4d8a5def,BankPlus Amphitheatre at Snowden Grove,Venue,6285 Snowden Ln Southaven MS 38672,3495111189933889.0,f
p_892e5a62,Palco Street Dance,Venue,,,f
p_d2e9917c,Multi Media Masters,Studio,,,f
p_2d183c24,Wyspa Słodowa,Other,,5111600417037703.0,f
p_80aa4dcc,청음 Studio,Studio,,,f
p_96f8a164,Bixby Music Exchange,,,,f
p_1713fcdc,High Hold Studio,Studio,,,f
p_038e131c,Spot Xl,Studio,,,f
p_8f7e9a30,Sp0t X,Studio,,,f
p_6d66e993,Cubeaurio Studios,Studio,Obere Straße 25 37124 Rosd0rf,515026679895693.0,f
p_ebd26d96,Mad Dog Studios,Studio,293 S Lake St Burbank CA 91502,3417411183129.0,t
p_5b811d61,The Boa4dwalk,Venue,,,f
p_625bf799,∠Rスタジオ,Studio,,,f
p_0a941312,KFJC,,,3736111221284.0,f
p_22df2cb7,The Showcase,Venue,,,f
p_a343c72b,CineStar Garbsen,,Rathauspl 2 30823 Garbsen Germany,,f
p_33af7b8c,FranAlthoffBau,Venue,,,f
p_74a952c7,FramzAlthoffBau,Venue,,,f
p_4a67f003,University Of Helsinki Electronich Music Studio,Studio,,,f
p_2f0537dc,Lounge Ax,Venue,2438 N Lincoln Avenue Chicago IL 60614,,t
p_1d210d6d,Apple Store Rosenstraße,Other,Rosenstraße 1 80331 München,48136831157456.0,f
p_31ed7559,Ocean Sound,Studio,,,f
p_b20242ed,Waterfall Studios,Studio,,,f
p_1778c418,Spot X,Studio,,,f
p_d82b6475,Trancentral,Studio,55 Jeffreys Road Stockwell London,51471407012822.0,f
p_f0ff1c5e,Studi0A,Studio,,,f
p_8ebc6366,Twilight Hall Stvdios,Studio,GrefrathOedg Germany,,f
p_69ffaf56,Twilight Hsll Studios,Studio,GrefrathOedt Germany,,f
p_82b765e0,St Lawrence,Other,Cannons Park Edgware,,f
p_7d4d46cd,Surrealis Souds,Studio,,,f
p_aad41ad9,MRA Arens,Indoor arena,,,f
p_11486f68,Parkhill Studios,Studio,,,f
p_80795df9,The Jungle,Studio,,,f
p_356254d1,McDonald Theatre,Venue,1010 Willamette St Eugene OR 97401,4404851512309306.0,f
p_3f6c742b,Studio KOqLKHOLZ,Studio,,,f
p_0700441d,The Funkmosphere Lab,Studio,,,f
p_827bb281,SL Sound Studio,Studio,,,f
p_b635e543,Le Mobile,Studio,,,f
p_9cb71c63,Union Street Studios,Studio,,,f
p_16c79441,MRA Arena,Indoor arena,,,f
p_f19399e7,Newtown Community  Cultural Centre,,Cnr Rintoul  Colombo Sts Newtown Wellington New Zealand,4.131251417477878e+16,f
p_1942b429,Zona the Intolerancia Studios,Studio,,,f
p_cd39080d,Angel Sound Studios,Studio,,,f
p_34ff798d,Maison de la culture dAmiens,Venue,2 Place Léon Gontier CS 60631 80006 Amiens cedex 1,4989409229168.0,f
p_89d7d1be,PolydorStudio München,Studio,,,f
p_1b0095f3,ExEx Avdio,Studio,,,f
p_05261963,The Bubble,Studio,,,f
p_417eb6bd,Kle9ne Beethovenhalle,Venue,,50672671583.0,f
p_04095977,Muzej suvremene umjetnosti,Venue,Avenija Dubrovnik 17 10000 Zagreb,457788159818.0,f
p_56924ea6,Sala Canciller,Venue,Calle Alcalde López Casero Madrid Spain,,t
p_2e6b31a7,First United Methodist Church,Religious building,,415018918166699.0,f
p_5459f388,dafa,Venue,Московский проспект 1093 СанктПетербург,598901130317271.0,f
p_b1965f83,Glass Hand St8dios,Studio,,,f
p_50cb98b7,Acyclic Ststems,Studio,,,f
p_5ecd0bd2,808sounds,Studio,,,f
p_4edf3593,Gyllenbergsalen,,,601791249222.0,f
p_7e7fe5dd,Guelph Lake Island,Other,7743 Conservation Rd Guelph ON N1H 6J1,4359676480243612.0,f
p_77ff5cd3,Kleiner Konzertsaal,Venue,Rosenheimer Straße 5 8166 München,481313211590463.0,f
p_7e805a53,Mann Center for the Perf0rming Arts,Venue,5201 Parkside Avenue Fairmount Park Philadlphia PA 19131,399831752228.0,f
p_2dc867e7,Chiesa di San Francesco,Religious building,Via F Baratto 36015 Schio VI Italy,457183113581.0,f
p_c958da29,Wooden Digital,,,,f
p_ae16feeb,SAP Arema,Indoor arena,An der Arena 1 68163 Mannheim Germsny,4946361185175.0,f
p_acff9cd5,Acyclic Systems,Studio,,,f
p_909732f0,Styrene Studios,,,,f
p_88301363,Japanese Academy,,,,f
p_d0b0e67c,Bojangles,Venue,2000 K St Sacramento CA 95811,385753612148023.0,f
p_c20ba68b,横浜産貿ホール,Venue,〒2310923 神奈川県横浜市中区山下町2,3.544694413964611e+16,f
p_a76b02f6,Born to Boogie Studios,Studio,,,f
p_dabc489a,All Platinum Studio,Studio,,,f
p_9dd7dc4f,Rock  Roll Hotel,Venue,1353 H St NE Washington DC 20002,3890005176986575.0,f
p_cca29432,Pevnost Josefov,Other,,5033927815930222.0,f
p_2ea2b69e,Essex University,Educational institution,Wivenhoe Park Colchester,518773260948708.0,f
p_39f5d0ea,Uneven Studio,Studio,,,f
p_f380bd80,ExEx Aud'lo,Studio,,,f
p_60487528,CineStarGarbsen,,Rathauspl 2 30823 Garbsen Geriiiany,,f
p_e4ba433d,Microphonic Mastering,Studio,77 13th Ave NE Minneapolis MN 55413,4500088193254967.0,f
p_7f3f8da2,Trancentrql,Studio,55 Jeffreys Road Stockwell London,51471407012822.0,f
p_95399096,Studio 38,Studio,Getinge,,f
p_5d984716,Iolani Sch0ols Seto Hall,Educational institution,,2.128464615782458e+16,f
p_0cc36ae3,Sugarfoot Mastering,Studio,,,f
p_619e77af,Amazing Grace Night Club,Venue,,,f
p_7852c970,Подвал приёмной комиссии МГИМО,Studio,Москва НиколоЩаповский переулок,,f
p_4af098fe,VL Studios,,,,f
p_890569e9,Théâtre du Vaudeville,Venue,,48871252333611.0,t
p_d190ac54,StudioPh,Studio,,,f
p_b594e680,Ocean View Digital Mastering,Studio,4750 Rhapsody Dr Oak Park CA,3.4171677118786252e+16,t
p_cef2fd4e,Pensacola Bay Center,Indoor arena,201 E Gregory St Pensacola FL 32502,3041648587209372.0,f
p_717ae1b6,Crossroadso Garage,Venue,,,f
p_4c646a9a,Trancentral,Studio,55 Jeffreys Roacl Stockwell London,51471407012822.0,f
p_60e97e72,Akins Ford Arena at The Ciassic Center,Indoor arena,,,f
p_475425b5,A1<ins Ford Arena at The Classic Center,Indoor arena,,,f
p_c8e9b918,The Neck,Other,,,f
p_08632296,Milchwerk Radlfzell,Indoor arena,WernerMessmerStraße 14 78315 Radolfzell am Bodensee,477417218973508.0,f
p_dd318e46,Brooklyn Bowl,Venue,61 Wythe Ave Brooklyn NY 11249,407218873957424.0,f
p_537784c0,dada,Venue,Гороховая улица 47,5992754830323238.0,t
p_80afff15,Lovely Reords,Studio,,,f
p_edc8ec80,Radio Suisse Romande,,,,f
p_a05a7a14,Other Music,Venue,15 E 4th Street New York NY 10003,40727917399314.0,t
p_0afd01e6,vHickory Sound Recording,Studio,,,f
p_37f31a63,Hickory S0und Recording,Studio,,,f
p_baef4d89,cube garden,,北海道札幌市中央区 北2条東3丁目25,4.306503914136013e+16,f
p_f595dab1,Studio 91,Studio,,,f
p_97d84b70,Laboratorio Soyuz,Studio,,,f
p_fd7b8b6f,Astoriasali,Venue,Iso Roobertinkatu 14 FI00120 Helsinki Finland,6016350324942328.0,f
p_4add87ec,Twilight Hall Studios,Studio,GrefrathOedt Germany,,f
p_1972da4e,Rogers Centre,Stadium,One Blue Jays Way Toronto Ontario Canada M5V 1J3,4364138979389167.0,f
p_bd73dd1d,Strawberrybee Productjon,,,,f
p_f981a84f,Coldwater Studios,Studio,,,f
p_9915e98e,The Sultan Room,,234 Starr St,,f
p_c80dd264,Space Velio,Studio,,,f
p_fe1cf115,The Jaffa Cake,Venue,28 Kings Stables Road Edinburgh EH1 2JY,559484823203925.0,t
p_9de33f1a,Bobtale Studio,Studio,,,f
p_c87f88f2,35 Wynclham Street,,,,f
p_1f49b3ad,Bright Lights Studios,Studio,,,f
p_c2b87073,Golden Room Copacabana Palace Hotel,Venue,,,f
p_cad59743,An Club,Venue,Σολωμου 1315 Εξάρχεια 10682 Athens Greece,3798644723733392.0,f
p_f963195a,Masrah Al Madina Theatre,Venue,,,f
p_9a6804c4,Bls,Venue,Bornheimerstraße 022 53111 Bonn,507364057093592.0,f
p_e6eb401b,Blq,Venue,Bornheimerstraßen 2022 53111 Bonn,507364057093592.0,f
p_db9fd92a,Sweetwater Municipnal Auditorium,Venue,201 E 4th St Sweetwater TX 79556,3.247248910040852e+16,f
p_95b38056,Psyorus Studio,Studio,,,f
p_0dc92426,Mountain of Light Studoo,Studio,,,f
p_72db88d8,Mountain 9f Light Studio,Studio,,,f
p_526dfc1f,Queen Elizabeth Stadium,Indoor arena,18 Oi Kwan Road Wan Chai Hong Kong,22275114178611.0,f
p_57f41e48,Apollo Stage,Venue,,,f
p_3228c5df,April Base,Studio,,,f
p_f1423f9b,Post Logic Studips,Studio,,,f
p_ca0dd013,Spider Formation,Studio,,,f
p_e977f702,Lansdownce Hotel,Venue,26 City Road Chippendale NSW 20o8 Australia,3.3884794151194884e+16,f
p_c4c53fa3,Mountview Academy of Theatre Arts,Educational institution,120 Peckham Hill St Peckham London SE15 5JT,51594301133.0,f
p_b658b65c,House of Cuclture Vltavská,Venue,,,f
p_5741ebfb,Arts  Communication Center Music Hall,Venue,,,f
p_cc7b5005,Robert Samut Hall,Venue,,358918145032.0,f
p_2183e155,FranzAlthoffBau,Venue,,,f
p_72317133,Straight Theater,Venue,1702 Haight St,3.77697731224506e+16,t
p_2510988c,Konk Klub,Venue,HermannMendeStraße 1 D01099 Dresden,5108708313764583.0,f
p_aec04a0a,Rumor Mill Recording,Studio,,,f
p_d8022c1e,Santuario di San Bernardino,Religious building,,45492796407.0,f
p_dffb4eac,Johanheskirche,Religious building,Kirchstraße 9 31832 Spnnge,522158579625313.0,f
p_ed49c32a,The Wamdue Room,Studio,,,f
p_dd2cd782,Säälchen,Venue,Holzmarktstraße 25 10243 Berlin,5251140913427082.0,f
p_ab28a167,Muzej suvremene umjetnosti,Venue,Avenija Dubrovnilc 17 10000 Zagreb,457788159818.0,f
p_4507d430,Arbeit5haus,Studio,,,f
p_a7a2104c,Domination Studio,Studio,,,f
p_500d1486,Barrowland Ballroom,Venue,244 Gallowgate Glasgow Scotland,558550614236807.0,f
p_df558131,Sössd Nix Studio,Studio,,,f
p_0e72ee2f,Lansdowne Hotel,Venue,26 City Road Chippendale NSW 2008 Australia,3.3884794151194884e+16,f
p_48bcf0ed,Thorns Facilities,,,,f
p_26ca00d2,Na Cena Studio,Studio,,,f
p_e649b315,Lunar Cabaret,Venue,,,f
p_0fcd5487,Sunswept Studios,Studio,,,f
p_aa637f94,Kostel Matky Boží před Týnem,Religious building,,5008771144227.0,f
p_8c38831f,Furuheim,,,,f
p_b2de86ee,Mad Do9 Studios,Studio,293 S Lake St Burbank CA 91502,3417411183129.0,t
p_d247a060,Tropen iristitute,Educational institution,Mauritskade 63 Amsterdam The Netherlands,523626924922517.0,f
p_12d0a947,The Boardwalk,Venue,,,f
p_d166763c,Eagle Oaks Golf  Country Club,Other,20 Shore Oaks Dr Farmingdale NJ 07727 United States,,f
p_b709ccea,Mad D9g Studios,Studio,293 S Lakae St Burbank CA 91502,3417411183129.0,t
p_831f02c4,La Mafée,Venue,,,t
p_87b3a661,La Matée,Venue,,,t
p_751223a5,Moonee Ponds tudio,Studio,,,f
p_bbd5fc23,Mountain Winery,Other,14831 Pierce Rd Saratoga CA 95070,3.7260372122064936e+16,f
p_ae799de1,The Porter,Venue,15A George St Bath England United Kingdom,,f
p_ab07057d,DNA Stjdios,Studio,,,f
p_203f8714,Radio Records Sgudio,Studio,,,f
p_78f2c573,The Pit,Studio,,,f
p_aa0d5a25,Rotund Rascal,Studio,,,t
p_59e54512,ДК Сибтекстильмаш,Venue,630071 ул Забалуева 47,5498722282813611.0,f
p_a909120f,Stafford Township Arts Center,Venue,1000 McKinley Ave Manahawkin NJ 08050,,f
p_fa4f5fa8,Schwabinger Bräu,Venue,Leopoldstraße 82 80802 München Germany,4816122115865.0,t
p_b3940b16,Revolution Bar  Music Hall,Venue,140 Merrick Rd Amityville NY 11701,4067126173419026.0,t
p_73a2f187,Commercial Recordin Studio,Studio,1120 Chenvert,,f
p_9882c988,Commercial Recording Stuio,Studio,112 Chenevert,,f
p_4b2848ba,Soundworks Recording Studio,Studio,3801 23rd Avenue 303 Astoria Queens New York,,f
p_5f2e04b2,Wicked Wahine,,,,f
p_b736cfef,A Secret Location,Studio,Christmas Street Melbourne 3000,,f
p_6248143f,Grünspan,Venue,Große Freiheit 58 22767 Hamburg Germany,535518269958052.0,f
p_37ae2bcf,Hard Rock Café Los Angeles,Venue,8600 Beverly Blvd at the Beverly Center,,t
p_1a3673a8,Olimpo,Venue,Av Vicente de Carvalho1450 Vila da Penha 21210154 Rio de Janeiro RJ Brazil,2284234243299167.0,t
p_094c50ea,First Unitarian Church,Religious building,2125 Chestnut St Philadelphia Pennsylvania,39952122751766.0,f
p_12754808,Musikhochschule Biel,,,,f
p_dd599882,The Juhgle,Studio,,,f
p_9b9a5243,RSA,,,,f
p_296403ec,The Apiary,Studio,,,f
p_b3f5e832,Long Beach City College,Educational institution,,3.3834167118135556e+16,f
p_b75a9813,DQ Studios,Studio,,,f
p_e4105a72,Accademia na2ionale di Santa Cecilia,Educational institution,Viale Pietro de Coubeortin 30 00196 Roma,41929124745.0,f
p_79f0be09,RADION Amstefdam,,,,f
p_75c0fc3c,Teatro del Estado,Venue,Boulevard Adolfo López Mateos 1112 Conjunto Urbano Caliss 21150 Mexicali BC Mexiko,3.2654812115474564e+16,f
p_75bad40d,Pavillón Multiusos Fon6es do Sar,Indoor arena,Rúa Diego Bernal 15702 Santiago de Compostela A Coruña Spain,428761918530752.0,f
p_6ee5e118,StuStuS6udio,Studio,,,f
p_6bdcba76,Lovely Record5,Studio,,,f
p_dbd7c623,StuStuStudil,Studio,,,f
p_1952357d,La Marée,Venue,,,t
p_cf34db30,KCE東京Aスタジオ,Studio,,,f
p_e2d46e70,Recombination Labs,Studio,,,f
p_63fcb76d,Kulturcafé der Uni Mainz,Venue,JohannJoachimBecherWeg 5 55128 Mainz Germany,499941868245289.0,f
p_948aff45,Big Mamas Recording Studio,Studio,,,f
p_69c06211,Elliott Bay Recording Company,Studio,932 12th Ave Seattle WA 98122,,f
p_3c32ef4b,AB Rec0rders,,,,f
p_64c88129,Cubeaudio Studios,Studio,Obere Straße 25 37124 Rosdorf,515026679895693.0,f
p_64b02b93,Alvic Studios,Studio,Wimbledon,,f
p_a309d2e3,Be Musical Productions,Studio,,,f
p_9d26501b,Reid Brody Studio,Studio,,,f
p_62cbf1f2,Nugget Events Ceter,Venue,,,f
p_b7f6ec74,First National Bank Arena,Indoor arena,217 Olympic Dr Jonesboro AR 72401,3584542290670319.0,f
p_b858c743,Sound Circle Studio,Studio,,,f
p_2c3bbd6b,Pain in the Art Studios,Studio,,,f
p_c50b8c63,Mid‐South Coliseum,Indoor arena,996 Early Maxwell Blvd Memphis TN 38104,3511634189980835.0,t
p_00eaffe1,Studio MhSound,Studio,11 allée de Longueterre 31850 Mxontrabé,,f
p_9b7d0161,Embeat,Studio,,,f
p_f01458b3,House of Culture Vltavská,Venue,,,f
p_5c4563fd,St Cecioia,Religious building,,,f
p_ec045736,Reanimztor,Studio,Appelstraat 19 2140 Borgerhout Belgium,512132534440806.0,f
p_b7f847a7,MasterMix,Studio,1921 Division St Nashville TN 37203,361491798679743.0,f
p_26e1f40d,Locatlon B,,,,f
p_a831faac,Musik Galer:e,Venue,,,f
p_c4acfd2e,Online Mixing Studio,Studio,,,f
p_a4fda1a0,SHINJUKU LIQUIDROM,Venue,〒160002l 東京都新宿区歌舞伎町1201,3.5695843139701492e+16,t
p_7dfdba63,Soundlodge Studio,Studio,,,f
p_9b6f3958,Laura Secord Secondary School,Educational institution,,,f
p_72e59f64,Auditorium Matteo dAcuasparta,Venue,,426933125456.0,f
p_9bb46697,Auditorium Matteo dAcquatsparta,Venue,,426933125456.0,f
p_5fa0fcc6,Two States Audio,Studio,,,f
p_6b8a8b75,MECCA,Other,,,t
p_90d17201,Studio 54,Studio,Berlin Hohenzollerndamm 54,5248162513289115.0,f
p_c01cf57c,Psyrus Studio,Studio,,,f
p_aae80b26,Severn Studios,Studio,,,f
p_6844a31e,卜公碼頭,Other,Central Hong Kong,2228261141583.0,t
p_0b590314,The Bridmge,Venue,,,f
p_06e446a2,Zénith de Dijon,Venue,Rue de Colchide  21000 Dijon  France,473552825058136.0,f
p_afb25b37,Mottow Sounz Studio,Studio,,,f
p_d10a64ab,Mottow Sounclz Studio,Studio,,,f
p_b96f95b8,Mountain of Light Studio,Studio,,,f
p_9fa2c91a,SOMA Studi0s,Studio,,,f
p_0032e738,St Marys Hall Auditorium Theatre,Venue,,,f
p_cc764edc,Domination Stkudio,Studio,,,f
p_1bf31473,Dominatin Studio,Studio,,,f
p_9d4408b9,Соль,Venue,Профсоюзная ул 22 Казань 420111,5579133849115922.0,f
p_ed579327,Newtown Community Cultural Centre,,Cnr Rintoul  Colombo Sts Newtown Wrllington New Zealand,4.131251417477878e+16,f
p_d2ba6eaa,Blind Faith Recording Studio,Studio,Pigneto Rome,,f
p_ef6a1786,Reanimator,Studio,Appelstraat 19 2140 Borgerhout Belgium,512132534440806.0,f
p_39ce30c6,Peace Music,Studio,,,f
p_5516ce83,High HoldStudio,Studio,,,f
p_83eb40d2,Park Lane Studios,Studio,,558324884277502.0,t
p_38f7ddd1,Palácio das Artes,Venue,,,f
p_0a336408,Seminar Bern Musematt,,,,f
p_71ca517a,Threshold Recirdings,Studio,,,f
p_d9dd9d8d,St Catharines College Cambridge,Educational institution,St Catharines College Cambridge CB2 1RL UK,5220301169.0,f
p_a7e876b6,DangStudios,Studio,,,f
p_49a0fd35,Teatro del Estado,Venue,Boulevard Adolfo López Mateos 1112 Conjunto Urbano kCaliss 21150 Mexicali BC Mexiko,3.2654812115474564e+16,f
p_08beb62d,スタジオ サウンドバレイ,Studio,,,f
p_2d54b565,Crossroads Garage,Venue,,,f
p_e4729f2f,Studio 19,Studio,,,f
p_b9d0c9cc,Tropen institute,Educational institution,Mauritskade 63 Amsterdam The Netherlands,523626924922517.0,f
p_03a2d489,An Clvb,Venue,Σολωμου 1315 Εξάρχεια 10682 Athens Greece,3798644723733392.0,f
p_313f53ed,Eventhusetcom,Venue,Vretensborgsvägen 5 12630 Hägersten Stockholms Län Sweden,592991418017704.0,f
p_51b2f99a,Calibratecl Recording,Studio,,,f
p_9fb7c657,Evil Genius Records,Venue,Adelaide Road Wellington New Zealand,,f
p_48ef04f2,HiBPM Studio,,,,f
p_a3a0b991,St Elisabeth,Religious building,Obere Sandstraße 29 96049,4989275610883094.0,f
p_6443c585,Place de la Gare,Other,Place de la Gare 59000 Lille,506366133069651.0,f
p_efc3acd3,Mottow Soundz Studio,Studio,,,f
p_5ba6a3aa,SHINJUKU LIQUIDROOM,Venue,〒1600021 東京都新宿区歌舞伎町1201,3.5695843139701492e+16,t
p_6e254a42,Wood Street Galoeries,,601 Woocl St,,f
p_ff1419c4,DNA Studios,Studio,,,f
p_5eee32f7,Iolani Schools Seto Hall,Educational institution,,2.128464615782458e+16,f
p_064df608,Studio Schulte,Studio,,,f
p_b08d1329,Studio Brasan,Studio,,,f
p_c5719d03,Vilnius Recording Studio,Studio,,,f
p_a209a8ce,Victorian College of the Arts,Educational institution,,3782481449702.0,f
p_2cbf310b,M4II,Studio,,,f
p_c70004c1,Coliseu dos Recreios,Venue,Rua Portas de Santo Antão 96 1150269,387167339140175.0,f
p_90d79394,Lydetaten,Studio,,,f
p_bd006803,SOMA Studis,Studio,,,f
p_a18de042,Ocean enter,Other,101 N Atlantic Ave Daytona Beach FL 21184203,292287810106.0,f
p_5b211dc2,The Vqnguard,Venue,42 King St Newtown NSW 2042 Australia,3.3892862151186364e+16,f
p_1c43c718,The Vamguard,Venue,42 King St Newtown NSW 2042 Avstralia,3.3892862151186364e+16,f
p_40581532,T T G Recording Studios,Studio,,,f
p_82b30e84,Alvic Studios,Studio,Wimbledcon,,f
p_c9221c08,TOM·TOM STUDIO,Studio,〒1500011 東京都渋谷区東31419,3.5651323139707296e+16,t
p_4fe42b28,KAUE,Venue,Wilhelminenstraße 176 45881 Gelsenkirchen,515175397068581.0,f
p_0cb41fee,Alvic Studiosd,Studio,Wimbledon,,f
p_8249b518,Sonic Hifhways Studio,Studio,,,f
p_28907c43,Union Street Stuhdios,Studio,,,f
p_41015fec,Bjrg Abenberg,Other,Burgstraße 16 911y83 Abenberg Germany,4924329210962848.0,f
p_0e074576,Poeranian Philharmonic Hall,Venue,,,f
p_7b8b98e3,Pomeranian Philharmomic Hall,Venue,,,f
p_fcd86756,Tropen inxtitute,Educational institution,Mauritskade 63 Amsterdam The Netherlands,523626924922517.0,f
p_3f43dcef,Hzrd Rock Café Dublin,Venue,12 Fleet St Templd Bar Dublin D02 NW56,,f
p_447cf601,Musikhochschle Biel,,,,f
p_8c824bc3,Staggex Hotel,Venue,,,f
p_f2b9aa4b,JC Arthur Satàns parents,,,,f
p_8bb3cd2d,Thoshiba EMI Mixdown Room,Studio,,,f
p_13ef278c,Synchestra Studios,Studio,,,f
p_448d99cf,Ukonx Stuadio,Studio,,,f
p_d35da1d3,Capella,Venue,Лиговский пр дом 50 корпус 16,599355333036554.0,f
p_9c9bd001,Le Réservoir,Venue,16 rue de la Forge Royale 75011 Paris France,488514472380528.0,f
p_c2098f9e,New Langton Arts,Venue,1246 Folsom St San Francisco CA 94103 United States,377746122410999.0,t
p_77be20ae,Dipoli,Other,Otakaari 24 FI02150 Espoo Finland,6018519824832174.0,f
p_01a5ede6,Music Hall Center for the Performin9 Arts,Venue,350 Madison Street Detroit MI 482s26 United States,4233722283046111.0,f
p_5c9e1372,Stagges Hotel,Venue,,,f
p_ae8856a0,Digraneskirkja,Religious building,,6410778421886278.0,f
p_dd89a772,Bliss Stvdios,Studio,,,f
p_91cea056,Inouïe,,,,f
p_d40f3216,Friedenskirche,Religious building,,5240096613043411.0,f
p_bd650cab,دار الآثار الإسلامية,Venue,9X965XV، The corner of Arabian Gulf Road and alShuhada Street across the road from Youm alBahaar by the National Assembly Parliament building، Kuwait City,29368479624.0,f
p_22d004ea,LT Club,Venue,Tiergartenallee 12 18059 Rostock,5408046412102529.0,f
p_1b472179,Presbyterian Church of Mount Kisco,Religious building,,412072737458.0,f
p_c4c3f276,DLR Studio,Studio,,,f
p_ada7798f,Woocen Digital,,,,f
p_1ea433f7,Rogers Cebtre,Stadium,One Blue Jays ay Toronto Ontario Canada M5V 1J3,4364138979389167.0,f
p_655f6ebb,Roger5 Centre,Stadium,One Blue Jays Way Toronto Ontsrio Canada M5V 1J3,4364138979389167.0,f
p_c0fc519a,The Attic,Venue,170 High Street Cheltenham,519007522074432.0,t
p_99a57093,Mayberrv PCH,Studio,,,f
p_0dde7c54,Musical Instrument Museum,Other,Montagne de la CourHofberg 2 B1000,508428364358831.0,f
p_97734e79,dada,Venue,Московский проспект 1093 СанктПетербург,598901130317271.0,f
p_8d39be1f,Mixroom Sdtudios,Studio,,,f
p_9893deb4,Horta Hakl,Venue,,,f
p_dc603f42,Round the Bend Recording,,Dartmoor,,f
p_d1dd6504,Erock Studio,Studio,,,f
p_c41dd52f,Track Farm,,,,f
p_50c9757f,Kendall Hall,Venue,,,f
p_42a225e4,Nurmijärven musiikkiopisto,Educational institution,Keskustie 6 FI01900 Nurmijärvi Finland,,f
p_22128178,Prolific Studios,Studio,Units E9E11 KG Business Centre Northampton NN5 7QS United Kingdom,52252609179.0,f
p_77e72a08,Boxwood Studios,Studio,,,f
p_1991e5db,Ballyhoo Studio,Studio,,,f
p_b13c90f8,Classic Sound L5d,Studio,,,f
p_685ae2ba,Fast Forward Studios,Studio,,,f
p_a9e4d780,Museum of Arts and Design,Other,2 Columbus Circle New York NY 10019,40767573981944.0,f
p_81ee7934,Ricoh Arena,Stadium,Phoenix Way Rowleys Green Coventry England CV6 6GE,524480561495556.0,f
p_2dc56732,Killion Sound,Studio,,,f
p_4b6c72a2,The Manor Mobile,Studio,,,f
p_9103f925,The Firehouse,Venue,1015 N 1st St Phoenix AnZ 85004,3.3458065112072556e+16,t
p_b904732a,St Pauls Lutheran Church,Religious building,4900 Connecticut Ave NW Washington DC 20008,389537577070432.0,f
p_20233b7a,North Farmington High School,Educational institution,32900 West 13 Mile Road Farmington Hills Michigan 48334 United States,4251683376.0,f
p_8a818880,Crossroacls Garage,Venue,,,f
p_a05d939a,Pollack Hall,Venue,555 Sherbrooke Street West Montreal Quebec Canada H3A 1E3,4550574973573358.0,f
p_21cff41f,St Jean Baptiste,Religious building,,,f
p_42529af0,Apple Store Third Strret Promenade,Other,1415 Third Street Promenade Santa Monjica CA 90401,3.401541711849536e+16,f
p_3163801c,Upside Down Studio,Studio,8512 Santa Monica Blvd Los Angeles CA,,f
p_5c7c9f39,The Basement,Venue,Marsh Street Hanley StokeonTrent ST1 1JA,53024055218058.0,f
p_f7e32d46,Thalia Kino,Venue,Görlitzer Straße 6 01099 Dresden,5106682313754261.0,f
p_b9fee400,BBC Radio 2 Studos,Studio,,,f
p_f4565961,Piazza Napolsone,Other,Piazza Napoleone 27 55100 Lucca LU Italy,4384139710502667.0,f
p_e8573ff2,Joonior Studjos,Studio,,,f
p_2db0285f,Joonior Studiosz,Studio,,,f
p_65b3a7d5,Nugget Events Center,Venue,,,f
p_53aab51d,National Guard Armory,Other,Ocean Avenue Long Branch NJ USA,,f
p_277ba5d3,BernHaus Studio5,Studio,,,f
p_6b25b9f7,Spock Studio,Studio,,,f
p_6c4064e6,Nemo Studios,Studio,,,t
p_9775f355,Cole Rehearsal Studios,Studio,,,f
p_105e717d,∠Rスタジオ,Studio,,,f
p_abc5313e,Ardingly Studio,Studio,,,f
p_01ab724a,The Jafa Cake,Venue,28 Kings Stablesy Road Edinburgh EH1 2JY,559484823203925.0,t
p_3a70c17b,AB Recorders,,,,f
p_2936018e,Sandkvie Studio,Studio,,,f
p_37ebc210,St Catharines Colege Cambridge,Educational institution,St Catharines College Cambridgw CB2 1RL UK,5220301169.0,f
p_29d1e5f7,YAD Music,Studio,,,f
p_4ec2d3c1,Finsbury Park,Park,Endymion Rd London N4 1EE,51571201009.0,f
p_6ff43aa8,Sabara Studio,Studio,,,f
p_efb7c4fa,Pacific Spirit United Church,Religious building,2195 W 45th Avenue Vancouver BC V6M 2J2,,f
p_29626bae,Auditorium Matteo dAcquasparta,Venue,,426933125456.0,f
p_376ee1ed,Kleiner Konzertsaal,Venue,Rosenheimer Straße 5 81667 München,481313211590463.0,f
p_520b21a3,Neuwerkskirche,Religious building,Klostergang 3 99084,5097232911025019.0,f
p_c160eeaf,Canberra Theate Centre,Venue,,,f
p_24b9bb9a,Canberfa Theatre Centre,Venue,,,f
p_d7238078,Château des Chats II,Studio,,,f
p_a76d6e92,Avicii Arena,Indoor arena,Globentorget 2 121 27 Stockholm Sweden,5929355618083236.0,f
p_4e3fc951,Norwegian Jade Bliss,Venue,,,f
p_ef790ee8,Ocran Sound,Studio,,,f
p_19809a99,Luna Mixing Room,,,,f
p_7c8a496b,Brisbane Entertainment Centre,Indoor arena,Melaleuca Drive Boondall Queensland 4034 Australia,2.734222215307111e+16,f
p_8e3492a8,Ukonx Sudio,Studio,,,f
p_f6c9df8c,A Secret Locwtion,Studio,Christmas Street Melbourne 3000,,f
p_3ec8aa34,WPRB,Studio,WPRB PO Box 388 Princeton NJ 08542 USA,,f
p_412bbfc7,The Bridge,Venue,,,f
p_b0c1d4e9,Leggo Studlos,Studio,,,f
p_de7ec211,Johanneskirche,Religious building,Kirchstraße 9 31832 Springe,522158579625313.0,f
p_41debb47,Église SaintAndré,Religious building,35 Avenue Jean Jaurès,492591674041389.0,f
p_2d8b0986,Thalia Kzino,Venue,Görlitzer Straße 6 01099 Dryesden,5106682313754261.0,f
p_0ecf1982,Prague,Venue,422 Congress Ave Ste B Austin TX 78701,3026704197743522.0,t
p_4b1d3acb,Ukonx Studio,Studio,,,f
p_d5e9beac,Stadthausgalerie Münster,Venue,,,f
p_20b3edf2,Andys Bar,Venue,122 N Locust St Denton TX 76201,332154219713216.0,f
p_12b15825,Gylkenbergsalen,,,601791249222.0,f
p_a03209c9,DQ Studi0s,Studio,,,f
p_e5d304cf,Studio B Hayes Middlesex,Studio,,,f
p_326f0405,Alpana Tonstudio,Studio,,,f
p_6e1f10d8,Espace Culture Saint Andre,,,,f
p_86760d47,ICIS Duplicating,Other,,,f
p_281e22b0,Centro de Convenções de Pernambuco,,Av Prof Andrade Bezerra,,f
p_95f428f7,The Tabernacle,Venue,35 Powis Square off Portobello Road London W11 2AY,515170320201985.0,f
p_98513fc1,Santuaeio di San Bernardino,Religious building,,45492796407.0,f
p_9c63b304,Santuario cli San Bernardino,Religious building,,45492796407.0,f
p_fa745697,WET Stage,Venue,,,f
p_cafe0194,room2,Studio,Clubgroove Records,,f
p_dc8acd03,Rathsgymnasium Wolfsburg,,,,f
p_797b158e,Igloo Audio Factory,Studio,,,f
p_03a445e7,Grand Théâtre de Québec,Venue,269 boulevare René‐Lévesque Est,,f
p_46acaa9b,Grand Théâtre de Qvébec,Venue,269 boulevard René‐Lévesque Est,,f
p_4dac50c9,Guldbergaunet stadion,Stadium,,6402145211510496.0,f
p_45586cd5,New York Military Academy,Educational institution,78 Academy Ave CornwallOnHudson New York 12520 United States,,f
p_16b5a9d7,Studil 91,Studio,,,f
p_2ae9c0d7,Congregational Hall,Venue,Castle Gate Congregational Centre 6 Castle Gate Nottingham NG1 7AS UK,529517221149425.0,f
p_cef0de99,Stereo Sound Studios,Studio,,,t
p_1a3fba53,Ungdomshuset,Other,Dortheavej 61 2400 København NV,5570873612523502.0,f
p_41f50c5f,Secret Studios,Studio,,,f
p_b39acfe9,GospelgrooveStudio,Studio,,,f
p_69b20e99,Playback Recording Studio,Studio,400 E Gutierrez St,3.4419952119689188e+16,f
p_0e753b39,Kirishima International Concert Hall,Venue,,31881308057.0,f
p_8be94bd9,35 Wyndham Street,,,,f
p_c501edf7,James and Anne Duderstadt Center Audio Studio,Studio,2281 Bonisteel Blvd Ann Arbor MI 48109 United States,4229115583715707.0,f
p_eecd5903,横浜産貿ホール,Venue,〒2310023 神奈川県横浜市中区山下町2,3.544694413964611e+16,f
p_cee53aee,The Mona Museum,Educational institution,655 Main Rd Berriedale TAS 7011 Australia,4.281277814726111e+16,f
p_8fa79ced,Festival Messiaen au Paeys de la Meije,Venue,La Grave,,f
p_65b3e48c,Up5ide Down Studio,Studio,8512 Santa Monica Blvd Los Angeles CA,,f
p_5d1af1f9,Upside Down Studio,Studio,8512 Santra Monica Blvd Los Angeles CA,,f
p_616376eb,OneOne Studio,Studio,,,f
p_6e2b698c,Old Renaissance Faire Grounds,Other,,,f
p_1676765e,The Rosemount Hotel The Main Room,Venue,459 Fitzgerald St North Perth WA 6006,3193092411585891.0,f
p_55f11f52,Oregon Zoo Amphitheater,Venue,4001 SW Canyon Rd Portland OR 97221,4550994112271613.0,f
p_f336809d,Mølla Studio,Studio,,,f
p_93928546,Ungdomshuset,Other,Dortheavej 61 2400 Københwvn NV,5570873612523502.0,f
p_009126d6,Vortn Vis,Venue,Kiekenmarkt 7 8900 Ieper,50849462884307.0,f
p_58d7bd59,Sahara Studio,Studio,,,f
p_7b29d300,Hochschule für Musik und Theater Hamburg,,Harvestehuder Weg 12 20148 Hamburg,535705569998889.0,f
p_e2977dfb,DePaul Concert Hal,Venue,,419239876492.0,f
p_ecb57148,Century II Performing Arts  Convention Center,Other,225 W Douglas Ave Wichita KS 67202,3768487697340283.0,f
p_e6e5e700,Aula Sarvans,Venue,,47044194397.0,f
p_5788409e,Hoxton Bar  Kitchen,Venue,24 Hoxton Square London N1 6NU,515274560081724.0,f
p_17ab3ca3,JOE eV,Other,Lindenstraße 4 45739 OerErkenschwick,516284287260831.0,f
p_a3445534,StarVu Studios,Studio,,,f
p_3279c648,Europahalle,Venue,,,f
p_b2334629,Garbos,Venue,429 Queen St W Toronto ON M5V 2A5,4364871279395483.0,t
p_543dd42c,Uneven Stud'lo,Studio,,,f
p_c954ffeb,Ninth World Studios,Studio,,,f
p_95ec3193,Symphony Studio,Studio,,,f
p_0d1d56bc,Hickory Sound Recording,Studio,,,f
p_60ca2bc6,COP Studio,Studio,,,f
p_504b1b57,SL Sound S6udio,Studio,,,f
p_7efb3f02,Schlosskirche,Religious building,,509803113322.0,t
p_0ce9c752,Orpheum Theater,Venue,216 State Street Madison WI 537032215,4307589388611.0,f
p_46e75c0b,NightShift S5udios,Studio,27 Whittington Avenue Christchurch 8023,,f
p_dacfe694,Lovely Records,Studio,,,f
p_14b4912d,Paradise Studios Grand Lake of the Cherokees,,,,f
p_4ebe4432,Arts Centre Melbourne,Venue,100 St Kilda Rd Melbourne VIC 3004 Australia,3.782027814496834e+16,f
p_507a849e,Analog Sweden,Studio,,,f
p_79d68b39,Klanglabor Weimar,Studio,,,f
p_091d1e03,Caled0nien Hall,Venue,Radissoh Blu Caledonien Hotel Vestre Strandgate 7 4611 Kristiansand Norway,,f
p_097c7e6b,Подвал прёмной комиссии МГИМО,Studio,Москва НиколоЩаповский переулок,,f
p_0a8dae37,Wood Street Galleries,,601 Wood St,,f
p_05049cd2,Orchesterprobenzentrum,Studio,Stolberger Straße 3,509412046907772.0,f
p_14335370,RTL House,Other,2 avenue Jacques Georgin Schaerbeek,,f
p_9394782a,Bethaniënklooster,Venue,Het Bethaniënklooster Barndesteeg 6b 1012 BV Amsterdam Netherlands,,f
p_d155d98f,TMMP Studios,Studio,,,f
p_a8d1ecd0,West Spund Studio,Studio,,,f
p_2d61841b,Kleiner Konzetsaal,Venue,Rosenheimer Straße 5 81667 München,481313211590463.0,f
p_a9ff62ef,Epicurus Studio,Studio,〒1530064 東京都目黒区下目黒３丁目２４－２２,3.563150613970773e+16,f
p_29968d89,DQ Studis,Studio,,,f
p_cc7fe49c,Studio Quatre Chemins,Studio,22 Rue Cartier Bresson,48903252395776.0,f
p_6acbc68d,Cliff Temple Baptist Church,Religious building,125 Sunset Ave Dallas TX 75208,3274455896826152.0,f
p_61df9304,주예당 Studio,Studio,,,f
p_73475862,Pieve di Palazzo Pignano,Religious building,,,f
p_dff31af8,Commercial Recording Studio,Studio,1120 Chenevert,,f
p_d4698312,Aula Sargans,Venue,,47044194397.0,f
p_e37ddc29,Mount Sinai Morningside,,30 Morningside Drive NY 10025 US,40805573961806.0,f
p_edc79d20,Mayberry PCH,Studio,,,f
p_ce2cf832,Artheater,Venue,Ehrenfeldgürtel 127 50825 Köln,509531486918527.0,f
p_f442f021,SL Soumd Studio,Studio,,,f
p_35548dba,Surrealis Sounds,Studio,,,f
p_c1caca33,Styrene Stud9os,,,,f
p_5670a9bc,VERO,,,,f
p_d5d120dc,Congregational bHall,Venue,Castle Gate Congre9ational Centre 6 Castle Gate Nottingham NG1 7AS UK,529517221149425.0,f
p_3ee6045c,Styrene Studio,,,,f
p_c4ee4371,Studio 38,Studio,Getknge,,f
p_bba21b12,Dance Planet LX,Studio,,,f
p_0f57972c,Westwood Studios,,,,f
p_26a32ace,LoHo Studios,Studio,48 Clinton St New York NY 10002 United States,407196727398447.0,f
p_21f56d68,Studio g1,Studio,,,f
p_3510daa9,Mid‐S0uth Coliseum,Indoor arena,996 Early Maxwell Blvd Memphis TN 8104,3511634189980835.0,t
p_7442e94e,808s0unds,Studio,,,f
p_3c813845,Adolf Fredriks kyrka,Religious building,Holländargatan 16 111 60 Stockholm Sweden,5933777818060278.0,f
p_1ad8ee43,Calibrated Recording,Studio,,,f
p_1f99040d,Eagle Mountain House,Studio,,,f
p_1fb69c6e,Polideportivo de la Junta de Castiloa y León,Other,,,f
p_cc6db9fd,Polideportivo de la Junta de Castllla y León,Other,,,f
p_d1a26ab3,The Plt,Studio,,,f
p_cf8f78f4,Château de Méridon,,,486923492033587.0,f
p_e54042a5,Le Mnobile,Studio,,,f
p_2c9694d5,The Lighthouse Theatre,Venue,247 Main St,4278604680203093.0,f
p_55f9d964,Kleine Beethovenhalle,Venue,,50672671583.0,f
p_425d1665,The Boarding House,Venue,960 Bush St San Francisco CA 94109,3.778996812241478e+16,t
p_f8540e49,Irwin Art Studio,Studio,,,f
p_d45c67f1,Wooden Diigital,,,,f
p_6840ad6d,Judys Velvet Lounge,Venue,777 River City Casino Blvd St Louis MO 63125,385308902645.0,f
p_e63fe7f7,BernHaus Studi0s,Studio,,,f
p_26dd4759,DePaul Concert Hall,Venue,,419239876492.0,f
p_a1a93fef,Rushents Mansion,Studio,,,f
p_0cdf729d,2013 Mixing,Studio,,,f
p_600058c8,CWR Studio,Studio,,,f
p_514f026f,Highlander Research and Education Center,Educational institution,1959 Highlander Way New Market TN 37820,3604284483584929.0,f
p_2f18d231,Tipitinas,Venue,501 Napoleon Ave New Orleans LA 70115,299173901009.0,f
p_96b8be0e,Calamigos Ranch,Venue,327 Latigo Canyon Rd,,f
p_e7ebb0bb,The Birmingham Hotel,Venue,333 Smith St,,f
p_3077ce71,Bla,Venue,Bornheimerstraße 2022 53111 Bonn,507364057093592.0,f
p_f16663a5,WFU,Studio,,407886742556.0,f
p_9c0f1317,Gyllenberg5alen,,,601791249222.0,f
p_c7507bcf,Cirque de Reims,Venue,,49254940222.0,f
p_ab31fec0,Rapture Audio,Studio,,,f
p_0cbe5bf1,Festival Messiaen au Pays de la Meije,Venue,La Grave,,f
p_fb6972f9,Evansson Audio Media,,Unit 6b The Fortress Avonside Melksham Wilts SN128BT,51376515214165.0,f
p_6176dc35,Fat as Funk,Studio,,,f
p_07380c1c,Sonic Higways Studio,Studio,,,f
p_898ac5a0,NightShift Studios,Studio,27 Whittington Avenue Christchurch 8023,,f
p_7cbff723,Tropical Disease Mobile,,,,f
p_94fded5a,Le Baril Roulant,Venue,1885 Chemin du Village MontTremblant QC J8E 1K4 Canada,,f
p_a666d1bf,Rapture Adio,Studio,,,f
p_0d27bde1,Kunsthalle Wjen,Other,Museumsplatz 1 1070 Wien Austria,4820294816357993.0,f
p_f84e7774,Kunsthalle Wien,Other,Museumsplatz 1 1070 Wien Austriak,4820294816357993.0,f
p_ed3ac9b2,Bramham Park,Other,Bramham Park Wetherby West Yorkshire LS23 6ND,538702781380278.0,f
p_c10efccf,Audio Mastery,Studio,,,f
p_9934882b,Apple Store Rosenstraße,Other,Rosenstraße 1 80331 Münchoen,48136831157456.0,f
p_f02de115,ZOZOマリンスタジアム,Stadium,千葉県千葉市美浜区美浜1番地,3.564523914003092e+16,f
p_81c1ef45,RedRoom Recorders,Studio,,,f
p_9b1eb412,Palace Music,Studio,,,f
p_e8a883d4,Aula Sarans,Venue,,47044194397.0,f
p_9f8953ee,Partille Arena,Indoor arena,Arenatorget 2 433 35 Partille Sweden,577400212116962.0,f
p_8bbadd41,Studio Babelsberg,Studio,AugustBebelStr 2653 D14482 Potsdam,5238706413120179.0,f
p_50e81cf5,Blue Note Studio,Studio,,,f
p_dd9394d7,Rqdio Records Studio,Studio,,,f
p_811fda2d,Taller Blanco,Venue,,,f
p_489d86f0,Swedish Broadcasting Company Studio,Studio,,,f
p_406c60d6,StuStuStudio,Studio,,,f
p_d1ded19a,The Boardlng House,Venue,960 Bush St San Francisco CA 9109,3.778996812241478e+16,t
p_06535d33,HiverlyHills Studio,Studio,,,f
p_ffe0e0ed,Boxwod Studios,Studio,,,f
p_23dcd788,Iriouïe,,,,f
p_b4b4184f,Milchwerk Radolfzell,Indoor arena,WernerMessmerStraße 14 78315 Radolfzell am Bodensee,477417218973508.0,f
p_d51a3b9f,St Nikolai Wismar,Religious building,StNikolaiKirchhof 15 23966 Wismar,538956114655.0,f
p_7376fc01,Kino Šiška,Venue,Trg prekomorskih brigad 3,460688691448895.0,f
p_7a0048e3,Leggo Studios,Studio,,,f
p_ba49fc97,Apple Store Third Street Promenade,Other,1415 Third Street Promenade Santa Monica CA 90401,3.401541711849536e+16,f
p_c725c4ee,CorbNation Studios,Studio,,,f
p_36461178,Moonee Ponds Studio,Studio,,,f
p_3295ecc4,Rose Golcl,,96 Morgari Ave,,f
p_76b0b749,Rose Golf,,96 Morgayn Ave,,f
p_bfd6b375,Huntington City Beach,Other,,3.3650994117995996e+16,f
p_9fe77bd0,First Unitend Methodist Church,Religious building,,415018918166699.0,f
p_c78bcf95,Théâtre du Vajdeville,Venue,,48871252333611.0,t
p_ce787db6,Théâtre du Vaudeville,Venue,,48871252333611.0,t
p_00c48528,Piazza Napoleone,Other,Poazza Napoleone 27 55100 Lucca LU Italy,4384139710502667.0,f
p_2d286452,Mesa Recording,Studio,,,f
p_22408cbd,Pomeranian Philharmonic Hall,Venue,,,f
p_41b25208,St Michaels Church,Religious building,South Grove Highgate London N6 6BJ United Kingdom,515689580150416.0,f
p_d692f8e1,Theater Marl,Venue,Am Theater 1 45768 Marl,516527177089658.0,f
p_0b8c724d,Formation Studios,Studio,,,f
p_e55f3a85,Spider Forrnation,Studio,,,f
p_6789e4fa,Spider Format8on,Studio,,,f
p_9585f97b,Grand Théâtre de Québec,Venue,269 boulevard René‐Lévesque Est,,f
p_4954dd63,Budahegyvidéki Evangélikus Egyházközség,Religious building,,474989190213.0,f
p_c98f40ba,DAVE Audio,Studio,,,f
p_4165937e,The Vanguard,Venue,42 King St Newtown NSW 2042 Australia,3.3892862151186364e+16,f
p_f6e183fc,Market Hotel,Venue,1140 Myrtle Ave Brooklyn NY 11221,,f
p_1eee2a94,MusicBrainz Summit 14 HQ,Other,Danshøjvej 42 2500 Valby,5566217612490344.0,t
p_7a81c029,DLR Stud:o,Studio,,,f
p_35b3b4ef,Parc LéonidasDufresne,Other,Parc Léonidas Dufresne ValDavid QC J0T 2N0,4603107474207758.0,f
p_27efc049,West Sound Studio,Studio,,,f
p_39a0104d,POTAR Practice,Studio,,,f
p_5ec42dee,Nezlobin Theatre,Venue,,,f
p_f6bb3329,Z7,Venue,Kraftwerkstrasse 7 4133 Pratteln,4752725769425.0,f
p_17744df8,A Secret Location,Studio,Christmas Street Mel1>ourne 3000,,f
p_f43faccb,Coliseu d0s Recreios,Venue,Rua Portas de Santo Antão 96 115026,387167339140175.0,f
p_53b19f32,Lunar Ca1>aret,Venue,,,f
p_c797e0fb,Bliss Studios,Studio,,,f
p_769f45b1,Red Brick,Studio,서초구 방배2동 45323 Seoul Korea,,f
p_b94ced53,Planet Whirpool,Studio,,,f
p_8ce294e5,FNFStudios,Studio,,,f
p_f4723f47,LyceumTheatre,Venue,21 Wellin8gton Street London WC2E 7RQ,51511556011975.0,f
p_dff246e6,Accademia nazionale di Santa Cecilia,Educational institution,Viale Pietro de Coubertin 30 00196 Roma,41929124745.0,f
p_6045057d,The Half Moon,Venue,93 Lower Richmond Rd Putney London SW15 1EU,5146802022257.0,f
p_158f5226,The Attic,Venue,170 High Streeg Cheltenham,519007522074432.0,t
p_8936a33b,The Attlc,Venue,170 High Street Cheltenham,519007522074432.0,t
p_cb388926,Eagle Oaks Gojf  Country Club,Other,20 Shore Oaks Dr Farmingdle NJ 07727 United States,,f
p_a7bca302,Egle Oaks Golf  Country Club,Other,20 Shore Oaks Dr Fatmingdale NJ 07727 United States,,f
p_460e4d35,Lalabela Studios,Studio,,,f
p_4a2bffbc,Audio Matrices de Venezuela CA,Studio,,,f
p_f7c3cf1f,Death Studios,Studio,,,f
p_d0b12602,Zwinglikirche,Religious building,Rudolfstraße 14 10245 Berlin,52503421345457.0,f
p_6202d1a7,RADION Amsterdam,,,,f
p_f9e36842,Princeton Abbey,Religious building,,,f
p_6d10eff7,University Of Helsinki Electronic Music Studio,Studio,,,f
p_d1ae97ce,roon2,Studio,Clubgroove Records,,f
p_6459066c,Studio MySound,Studio,11 allée de Longueterre 31850 Montrabé,,f
p_1f2cad7f,Bohemian Grove,,6664 Gro ve St,,f
p_e140652a,Glass Hand Studios,Studio,,,f
p_b9a2b80d,University of California Berkeley,Educational institution,,3787122259.0,f
p_73b94554,The Baxement,Venue,Marsh Street Hsnley StokeonTrent ST1 1JA,53024055218058.0,f
p_4c9f6940,Studio VIème Sens,,,,f
p_ae365472,Music Hall Center f0r the Performing Arts,Venue,350 Madison Street Detroit MI 4u226 United States,4233722283046111.0,f
p_4455ea0e,0x7 studio,Studio,,,f
p_78442d0d,ICIS Duplifating,Other,,,f
p_3c9e0ab4,ICIS Dupjicating,Other,,,f
p_c242bd42,Sonic Highways Studio,Studio,,,f
p_322e5e64,The Parish Church of Sarum St Martin,Religious building,St Martins Church Street Salisbury Wiltshire SP1 2HY,,f
p_60a686e0,MOXE,Studio,,,f
p_f942b60c,Wanna Rock Studios,Studio,,,f
p_a2113a21,Guelph Lake Is|and,Other,7743 Conservation Rd Guelph ON N1H 6J1,4359676480243612.0,f
p_1fcc035d,Knitting Factory,Venue,74 Leonard Street New York NY 10013,4071733974005346.0,t
p_3b42b833,横浜産貿oホール,Venue,〒2310023 神奈川県横浜市中区山下町2,3.544694413964611e+16,f
p_2921ff27,Roun the Bend Recording,,Datmoor,,f
p_2cd06c54,Swedish Broadcastint Company Studio,Studio,,,f
p_c8f62578,TOM·TOM STUDIO,Studio,〒150001q 東京都渋谷区東31419,3.5651323139707296e+16,t
p_ef5f257e,La Chapelle des Lombards,Venue,14 rue des Lombards 75004 Paris France,488591962349734.0,t
p_edd54b74,BernHaus Studios,Studio,,,f
p_1d0818bc,Musik Galerie,Venue,,,f
p_31535f35,Canberra Theatre Centre,Venue,,,f
p_a254e829,The Jurigle,Studio,,,f
p_f73acbdb,The Funkmosphere Lah,Studio,,,f
p_721ebf1d,The Fvnkmosphere Lab,Studio,,,f
p_cf8db452,Arbeitshaus,Studio,,,f
p_14d41ccd,Mixing Room Studios,Studio,,,f
p_66b2f2b7,Bliss Stueios,Studio,,,f
p_df72c8be,Classic Sound Ltd,Studio,,,f
p_fc241972,Nikos Nido,Studio,,,f
p_f725f4ff,Studio KOLKHOLZ,Studio,,,f
p_3eb6906e,acts 105,Venue,,,f
p_061639cd,House of Culture Vltjavská,Venue,,,f
p_486aba3d,Nar Mattaru,Studio,,,f
p_46643499,Piazza Napoleone,Other,Piazza Napoleone 27 55100 Lucca LU Italy,4384139710502667.0,f
p_5c55416e,The Vic for Jazz,Venue,2640 Main Street Santa Monica CA 90405,,t
p_b2d1855e,Studio 38,Studio,Getiqnge,,f
p_af2254d7,St Cecilia,Religious building,,,f
p_aeca567a,Christopher Lydons Home,,,,f
p_6d99a288,Post Logic Studios,Studio,,,f
p_6b40e6c1,Radio Records Studio,Studio,,,f
p_5decd63b,Location B,,,,f
p_2ec5b820,Strawberrybee Production,,,,f
p_df0381b1,80 Hertz Studios,Studio,80 HERTZ Post Production  Recording Studios The Sharp Project Thorp Rd Manchester M40 5BJ Manchester UK,5350201219344.0,f
p_09d0ee6b,Hamilton High School,Educational institution,327 Fairgrounds Rd Hamilton MT 59840,46245114161944.0,f
p_3e1e2d6b,Ungdomshuset,Other,Dortheavej 6 2400 København NV,5570873612523502.0,f
p_c3326930,Indie King,Studio,,,f
p_ed8c32e8,AlbertusMagnusGymnasium Bensberg,Other,Kaule 3 51429 Bergisch Gladbach Germany,509610977155988.0,f
p_4a6839ed,Malkin Bowl,Venue,610 Pipeline Rd Vancouver BC V6G 3E2,4.929877312313343e+16,f
p_96c06078,Cavalier Sound Recording Studio,Studio,,,f
p_b2f51076,Sweetwater Municipal Auditorium,Venue,201 E 4th St Sweetwater TX 79556,3.247248910040852e+16,f
p_975d0a7a,SOMA Studios,Studio,,,f
p_8a1c850c,Boogie Park Studio,Studio,Boogie Park Studios Eulenstraße 70 A 22763 Hamburg,535515779923772.0,f
p_efe95dc2,The Vic fo Jazz,Venue,2640 Main Street Santa Monics CA 90405,,t
p_3603795a,OneOne Shtudio,Studio,,,f
p_eae1ae5f,New York Milirary Academy,Educational institution,78 Academy Ave ComwallOnHudson New York 12520 United States,,f
p_ce55120f,Scruggs Sound Studio,Studio,,,f
p_d7c8936e,CorbNation Studips,Studio,,,f
p_21610f64,Epicufus Studio,Studio,〒15300y4 東京都目黒区下目黒３丁目２４－２２,3.563150613970773e+16,f
p_0c5d2275,ExEx Audio,Studio,,,f
p_8af46c5d,First National Bank Arena,Indoor arena,217 Olympic Dr Joriesboro AR 72401,3584542290670319.0,f
p_a2ea2f91,Audacious Studio,Studio,,,f
p_ee77ad86,Égilse SaintSymphorien,Religious building,,,f
p_48804110,Pieve di Pala2zo Pignano,Religious building,,,f
p_744b8906,SAP Arena,Indoor arena,An der Arena 1 68163 Mannheim Germany,4946361185175.0,f
p_d5899c5f,Bilgi Üniversitesi Kuştepe Kampüsü,Other,İnönü Cad No 6 Kuştepe 34387 Şişli İstanbul,410726712899079.0,f
p_c540ff23,Paste Studio,Studio,,,f
p_e5fd06f6,Mixroom Studios,Studio,,,f
p_362fcbaa,CorbNati9n Studios,Studio,,,f
p_d672d4cd,Concert Hall Sydney Opera House,Venue,,3385671512149.0,f
