recording,artist_credit
r0,ac3759
r1,ac2517
r2,ac4047
r3,ac774
r4,ac587
r5,ac3653
r6,ac3715
r7,ac2670
r8,ac1826
r9,ac642
r10,ac4253
r11,ac600
r12,ac2559
r13,ac1810
r14,ac829
r15,ac3872
r16,ac1191
r17,ac1191
r18,ac1387
r19,ac1986
r20,ac1344
r21,ac1559
r22,ac228
r23,ac1418
r24,ac2512
r25,ac2163
r26,ac196
r27,ac4176
r28,ac2567
r29,ac2567
r30,ac2972
r31,ac115
r32,ac1254
r33,ac389
r34,ac4144
r35,ac2486
r36,ac4113
r37,ac1691
r38,ac1104
r39,ac1729
r40,ac2953
r41,ac1599
r42,ac3998
r43,ac1015
r44,ac1585
r45,ac1899
r46,ac3700
r47,ac170
r48,ac3221
r49,ac4085
r50,ac888
r51,ac2954
r52,ac4596
r53,ac3891
r54,ac572
r55,ac3228
r56,ac327
r57,ac3228
r58,ac4019
r59,ac1846
r60,ac3346
r61,ac4256
r62,ac2057
r63,ac2722
r64,ac3138
r65,ac2152
r66,ac180
r67,ac4016
r68,ac3914
r69,ac3905
r70,ac3205
r71,ac505
r72,ac3205
r73,ac492
r74,ac502
r75,ac783
r76,ac993
r77,ac1730
r78,ac4223
r79,ac1580
r80,ac500
r81,ac569
r82,ac4016
r83,ac3009
r84,ac2600
r85,ac1492
r86,ac3183
r87,ac3960
r88,ac222
r89,ac2110
r90,ac2442
r91,ac1000
r92,ac4383
r93,ac917
r94,ac2456
r95,ac3810
r96,ac2098
r97,ac3942
r98,ac634
r99,ac2843
r100,ac1411
r101,ac984
r102,ac1810
r103,ac1342
r104,ac4240
r105,ac3045
r106,ac3655
r107,ac3007
r108,ac1087
r109,ac3007
r110,ac3293
r111,ac3293
r112,ac1597
r113,ac3293
r114,ac1114
r115,ac2542
r116,ac4131
r117,ac176
r118,ac2611
r119,ac3767
r120,ac251
r121,ac754
r122,ac293
r123,ac754
r124,ac4287
r125,ac1705
r126,ac801
r127,ac1705
r128,ac16
r129,ac3026
r130,ac3283
r131,ac2670
r132,ac1847
r133,ac3677
r134,ac3282
r135,ac4100
r136,ac257
r137,ac3062
r138,ac3691
r139,ac3216
r140,ac1365
r141,ac1579
r142,ac2512
r143,ac42
r144,ac3547
r145,ac3595
r146,ac1943
r147,ac1167
r148,ac4441
r149,ac1244
r150,ac512
r151,ac4251
r152,ac1981
r153,ac160
r154,ac1025
r155,ac4379
r156,ac2325
r157,ac3513
r158,ac956
r159,ac2962
r160,ac4386
r161,ac3513
r162,ac1137
r163,ac2596
r164,ac3731
r165,ac3731
r166,ac3346
r167,ac3922
r168,ac1482
r169,ac3144
r170,ac3792
r171,ac3984
r172,ac4201
r173,ac3192
r174,ac2234
r175,ac3351
r176,ac1532
r177,ac1061
r178,ac437
r179,ac4040
r180,ac2807
r181,ac3096
r182,ac1270
r183,ac1551
r184,ac3787
r185,ac3042
r186,ac640
r187,ac3654
r188,ac1245
r189,ac1918
r190,ac2339
r191,ac4402
r192,ac2351
r193,ac947
r194,ac57
r195,ac1249
r196,ac302
r197,ac1165
r198,ac1035
r199,ac3838
r200,ac1888
r201,ac2040
r202,ac4171
r203,ac3658
r204,ac2545
r205,ac2349
r206,ac2386
r207,ac1254
r208,ac1252
r209,ac1252
r210,ac322
r211,ac2452
r212,ac2721
r213,ac1654
r214,ac2831
r215,ac3643
r216,ac4000
r217,ac3387
r218,ac2656
r219,ac1201
r220,ac3694
r221,ac2263
r222,ac3190
r223,ac1508
r224,ac2495
r225,ac3358
r226,ac2701
r227,ac3683
r228,ac1936
r229,ac1106
r230,ac3551
r231,ac1548
r232,ac2916
r233,ac2225
r234,ac1727
r235,ac1003
r236,ac2121
r237,ac4401
r238,ac2348
r239,ac585
r240,ac3101
r241,ac2977
r242,ac2360
r243,ac224
r244,ac2860
r245,ac1194
r246,ac851
r247,ac4198
r248,ac1146
r249,ac1252
r250,ac2803
r251,ac1678
r252,ac862
r253,ac3219
r254,ac2740
r255,ac2575
r256,ac453
r257,ac1349
r258,ac3803
r259,ac3081
r260,ac1810
r261,ac1810
r262,ac3676
r263,ac1810
r264,ac1381
r265,ac156
r266,ac2251
r267,ac2447
r268,ac4406
r269,ac1703
r270,ac2576
r271,ac2460
r272,ac965
r273,ac2904
r274,ac682
r275,ac271
r276,ac823
r277,ac380
r278,ac2590
r279,ac1614
r280,ac1657
r281,ac1184
r282,ac4503
r283,ac3971
r284,ac4255
r285,ac4475
r286,ac273
r287,ac4094
r288,ac1329
r289,ac4292
r290,ac2868
r291,ac2227
r292,ac4507
r293,ac1606
r294,ac1026
r295,ac2403
r296,ac221
r297,ac3056
r298,ac4590
r299,ac1702
r300,ac1429
r301,ac1428
r302,ac1429
r303,ac2290
r304,ac3015
r305,ac3039
r306,ac4010
r307,ac1547
r308,ac2347
r309,ac4301
r310,ac2826
r311,ac2614
r312,ac679
r313,ac2584
r314,ac422
r315,ac1506
r316,ac2944
r317,ac837
r318,ac3034
r319,ac1163
r320,ac153
r321,ac1476
r322,ac3401
r323,ac1457
r324,ac2853
r325,ac1934
r326,ac4431
r327,ac2928
r328,ac3155
r329,ac73
r330,ac67
r331,ac4267
r332,ac2762
r333,ac1330
r334,ac2814
r335,ac2195
r336,ac1596
r337,ac2102
r338,ac3871
r339,ac4002
r340,ac3483
r341,ac4552
r342,ac2060
r343,ac575
r344,ac575
r345,ac1347
r346,ac3342
r347,ac4547
r348,ac3499
r349,ac1827
r350,ac823
r351,ac1020
r352,ac1654
r353,ac483
r354,ac2569
r355,ac848
r356,ac1264
r357,ac2845
r358,ac555
r359,ac555
r360,ac555
r361,ac10
r362,ac2047
r363,ac16
r364,ac4361
r365,ac3
r366,ac514
r367,ac3512
r368,ac1831
r369,ac3594
r370,ac4543
r371,ac2845
r372,ac2895
r373,ac1732
r374,ac60
r375,ac2910
r376,ac2176
r377,ac3439
r378,ac1620
r379,ac3118
r380,ac2540
r381,ac4605
r382,ac4605
r383,ac793
r384,ac1859
r385,ac3091
r386,ac2390
r387,ac248
r388,ac369
r389,ac2884
r390,ac2481
r391,ac610
r392,ac20
r393,ac819
r394,ac250
r395,ac2230
r396,ac2738
r397,ac4178
r398,ac3479
r399,ac3479
r400,ac4522
r401,ac4568
r402,ac1566
r403,ac1566
r404,ac619
r405,ac2074
r406,ac4036
r407,ac2
r408,ac3163
r409,ac942
r410,ac1008
r411,ac2494
r412,ac2937
r413,ac2937
r414,ac394
r415,ac2171
r416,ac2966
r417,ac1749
r418,ac1976
r419,ac2095
r420,ac1976
r421,ac1754
r422,ac71
r423,ac71
r424,ac908
r425,ac2953
r426,ac3184
r427,ac2861
r428,ac990
r429,ac1372
r430,ac438
r431,ac3056
r432,ac3852
r433,ac4199
r434,ac4230
r435,ac827
r436,ac479
r437,ac1941
r438,ac1941
r439,ac3117
r440,ac2259
r441,ac1045
r442,ac1449
r443,ac1352
r444,ac1913
r445,ac4488
r446,ac2087
r447,ac1662
r448,ac3977
r449,ac3649
r450,ac217
r451,ac2747
r452,ac945
r453,ac1040
r454,ac2166
r455,ac4582
r456,ac200
r457,ac4442
r458,ac2128
r459,ac946
r460,ac692
r461,ac497
r462,ac4006
r463,ac2052
r464,ac2973
r465,ac1596
r466,ac222
r467,ac1594
r468,ac2243
r469,ac558
r470,ac296
r471,ac1440
r472,ac2099
r473,ac2099
r474,ac738
r475,ac3903
r476,ac3412
r477,ac1832
r478,ac1881
r479,ac1984
r480,ac80
r481,ac300
r482,ac1664
r483,ac2849
r484,ac3859
r485,ac2501
r486,ac3514
r487,ac529
r488,ac2815
r489,ac1034
r490,ac3885
r491,ac1533
r492,ac81
r493,ac2304
r494,ac3183
r495,ac1792
r496,ac3475
r497,ac1919
r498,ac3177
r499,ac3914
r500,ac3121
r501,ac3054
r502,ac4553
r503,ac1908
r504,ac3110
r505,ac144
r506,ac3110
r507,ac2881
r508,ac2217
r509,ac590
r510,ac4169
r511,ac1662
r512,ac3617
r513,ac951
r514,ac3933
r515,ac3489
r516,ac4428
r517,ac3017
r518,ac1541
r519,ac1986
r520,ac4505
r521,ac4563
r522,ac1700
r523,ac2580
r524,ac739
r525,ac3801
r526,ac3317
r527,ac570
r528,ac294
r529,ac4227
r530,ac3679
r531,ac3581
r532,ac3876
r533,ac1846
r534,ac1833
r535,ac4222
r536,ac1252
r537,ac3840
r538,ac3582
r539,ac1421
r540,ac133
r541,ac4074
r542,ac545
r543,ac3529
r544,ac1794
r545,ac2875
r546,ac2056
r547,ac3762
r548,ac3411
r549,ac3411
r550,ac778
r551,ac3063
r552,ac260
r553,ac4323
r554,ac2295
r555,ac263
r556,ac1191
r557,ac911
r558,ac1288
r559,ac1288
r560,ac2323
r561,ac581
r562,ac153
r563,ac153
r564,ac195
r565,ac1822
r566,ac3051
r567,ac1029
r568,ac2492
r569,ac1342
r570,ac3754
r571,ac4094
r572,ac3578
r573,ac4333
r574,ac1068
r575,ac1439
r576,ac1775
r577,ac2744
r578,ac551
r579,ac1350
r580,ac1889
r581,ac4571
r582,ac3243
r583,ac121
r584,ac4405
r585,ac531
r586,ac412
r587,ac1797
r588,ac3899
r589,ac648
r590,ac3743
r591,ac115
r592,ac3674
r593,ac2460
r594,ac2460
r595,ac3065
r596,ac3235
r597,ac3881
r598,ac3542
r599,ac4053
r600,ac174
r601,ac3007
r602,ac2998
r603,ac1740
r604,ac1075
r605,ac4595
r606,ac1857
r607,ac3040
r608,ac2485
r609,ac3688
r610,ac1437
r611,ac2886
r612,ac4063
r613,ac55
r614,ac4334
r615,ac186
r616,ac251
r617,ac3569
r618,ac3167
r619,ac2448
r620,ac2307
r621,ac781
r622,ac390
r623,ac3600
r624,ac3758
r625,ac4593
r626,ac721
r627,ac2757
r628,ac4090
r629,ac2685
r630,ac902
r631,ac2072
r632,ac3162
r633,ac2245
r634,ac3322
r635,ac3346
r636,ac2804
r637,ac1725
r638,ac707
r639,ac3620
r640,ac731
r641,ac731
r642,ac947
r643,ac2917
r644,ac3192
r645,ac3604
r646,ac3604
r647,ac1302
r648,ac2160
r649,ac1164
r650,ac3795
r651,ac2230
r652,ac4590
r653,ac4265
r654,ac848
r655,ac3924
r656,ac4405
r657,ac4299
r658,ac3358
r659,ac2370
r660,ac481
r661,ac1191
r662,ac3339
r663,ac1668
r664,ac326
r665,ac1070
r666,ac403
r667,ac3238
r668,ac4425
r669,ac2607
r670,ac3193
r671,ac2489
r672,ac1936
r673,ac3411
r674,ac1797
r675,ac2367
r676,ac754
r677,ac182
r678,ac3908
r679,ac1665
r680,ac314
r681,ac3867
r682,ac3867
r683,ac3633
r684,ac3634
r685,ac4394
r686,ac3734
r687,ac782
r688,ac2422
r689,ac276
r690,ac3438
r691,ac3438
r692,ac3641
r693,ac1042
r694,ac3647
r695,ac4458
r696,ac1219
r697,ac3561
r698,ac890
r699,ac3510
r700,ac3391
r701,ac3869
r702,ac2220
r703,ac866
r704,ac2189
r705,ac980
r706,ac214
r707,ac2571
r708,ac4459
r709,ac668
r710,ac2692
r711,ac4280
r712,ac2373
r713,ac2373
r714,ac34
r715,ac4415
r716,ac476
r717,ac1598
r718,ac1295
r719,ac2692
r720,ac3183
r721,ac426
r722,ac2229
r723,ac249
r724,ac1610
r725,ac985
r726,ac764
r727,ac2022
r728,ac968
r729,ac2267
r730,ac2267
r731,ac2353
r732,ac2411
r733,ac3844
r734,ac357
r735,ac3858
r736,ac1806
r737,ac2284
r738,ac1526
r739,ac2138
r740,ac3178
r741,ac245
r742,ac3896
r743,ac3272
r744,ac3142
r745,ac3911
r746,ac3857
r747,ac1461
r748,ac647
r749,ac6
r750,ac1334
r751,ac4228
r752,ac754
r753,ac767
r754,ac3760
r755,ac3965
r756,ac2253
r757,ac1204
r758,ac919
r759,ac4410
r760,ac1494
r761,ac4545
r762,ac4161
r763,ac2986
r764,ac2298
r765,ac2556
r766,ac197
r767,ac3718
r768,ac3120
r769,ac1298
r770,ac2420
r771,ac1994
r772,ac3274
r773,ac821
r774,ac3246
r775,ac3049
r776,ac3272
r777,ac3776
r778,ac3084
r779,ac1077
r780,ac2412
r781,ac853
r782,ac2658
r783,ac4410
r784,ac4277
r785,ac322
r786,ac1264
r787,ac3897
r788,ac1157
r789,ac1851
r790,ac3628
r791,ac2387
r792,ac359
r793,ac1810
r794,ac3954
r795,ac156
r796,ac3772
r797,ac3860
r798,ac4155
r799,ac3166
r800,ac3954
r801,ac2272
r802,ac2889
r803,ac2272
r804,ac4384
r805,ac2222
r806,ac712
r807,ac2520
r808,ac4172
r809,ac4390
r810,ac757
r811,ac3176
r812,ac2041
r813,ac2223
r814,ac2224
r815,ac3786
r816,ac9
r817,ac3672
r818,ac3346
r819,ac1737
r820,ac1433
r821,ac1922
r822,ac3929
r823,ac3929
r824,ac3929
r825,ac626
r826,ac3456
r827,ac1722
r828,ac1282
r829,ac671
r830,ac4456
r831,ac218
r832,ac2106
r833,ac1231
r834,ac770
r835,ac3842
r836,ac3558
r837,ac569
r838,ac145
r839,ac2780
r840,ac3534
r841,ac2303
r842,ac2303
r843,ac4115
r844,ac3462
r845,ac824
r846,ac156
r847,ac1883
r848,ac1883
r849,ac1883
r850,ac3928
r851,ac3551
r852,ac4544
r853,ac4309
r854,ac3615
r855,ac3651
r856,ac4326
r857,ac4285
r858,ac1812
r859,ac2820
r860,ac2646
r861,ac3934
r862,ac1216
r863,ac1409
r864,ac3827
r865,ac56
r866,ac3793
r867,ac3085
r868,ac2462
r869,ac810
r870,ac2907
r871,ac1837
r872,ac3278
r873,ac2891
r874,ac2436
r875,ac223
r876,ac4235
r877,ac2117
r878,ac1177
r879,ac34
r880,ac3731
r881,ac130
r882,ac2737
r883,ac691
r884,ac2115
r885,ac4334
r886,ac655
r887,ac3551
r888,ac82
r889,ac4003
r890,ac2038
r891,ac115
r892,ac1373
r893,ac1824
r894,ac210
r895,ac3535
r896,ac121
r897,ac2698
r898,ac328
r899,ac811
r900,ac1288
r901,ac411
r902,ac371
r903,ac2093
r904,ac512
r905,ac4566
r906,ac399
r907,ac4537
r908,ac3171
r909,ac2616
r910,ac2528
r911,ac3577
r912,ac2239
r913,ac1012
r914,ac3497
r915,ac732
r916,ac1796
r917,ac4113
r918,ac2285
r919,ac72
r920,ac2894
r921,ac1577
r922,ac1598
r923,ac3667
r924,ac1401
r925,ac321
r926,ac1552
r927,ac3150
r928,ac1668
r929,ac919
r930,ac919
r931,ac1682
r932,ac2699
r933,ac1835
r934,ac4414
r935,ac1209
r936,ac182
r937,ac2573
r938,ac3869
r939,ac1739
r940,ac4497
r941,ac3331
r942,ac3446
r943,ac3861
r944,ac1423
r945,ac4433
r946,ac558
r947,ac1468
r948,ac1
r949,ac3740
r950,ac160
r951,ac213
r952,ac4606
r953,ac1354
r954,ac4456
r955,ac4456
r956,ac2446
r957,ac4099
r958,ac4621
r959,ac387
r960,ac3590
r961,ac3323
r962,ac1517
r963,ac1060
r964,ac3792
r965,ac3228
r966,ac448
r967,ac4025
r968,ac2896
r969,ac3442
r970,ac2124
r971,ac121
r972,ac3169
r973,ac2749
r974,ac601
r975,ac431
r976,ac1138
r977,ac1666
r978,ac2111
r979,ac844
r980,ac1130
r981,ac4024
r982,ac137
r983,ac2235
r984,ac706
r985,ac4039
r986,ac2471
r987,ac2471
r988,ac2718
r989,ac726
r990,ac3053
r991,ac1723
r992,ac3372
r993,ac1779
r994,ac1242
r995,ac2214
r996,ac4462
r997,ac2661
r998,ac910
r999,ac3985
r1000,ac253
r1001,ac4511
r1002,ac1088
r1003,ac3745
r1004,ac491
r1005,ac2030
r1006,ac2126
r1007,ac2874
r1008,ac694
r1009,ac66
r1010,ac1152
r1011,ac2480
r1012,ac3714
r1013,ac385
r1014,ac2535
r1015,ac2233
r1016,ac1908
r1017,ac1908
r1018,ac3140
r1019,ac3517
r1020,ac3556
r1021,ac4263
r1022,ac1502
r1023,ac4252
r1024,ac4126
r1025,ac1967
r1026,ac1203
r1027,ac3798
r1028,ac1922
r1029,ac52
r1030,ac2347
r1031,ac4361
r1032,ac1595
r1033,ac3954
r1034,ac4122
r1035,ac4516
r1036,ac744
r1037,ac4009
r1038,ac2354
r1039,ac2987
r1040,ac4380
r1041,ac1147
r1042,ac0
r1043,ac2744
r1044,ac3314
r1045,ac2813
r1046,ac3738
r1047,ac107
r1048,ac508
r1049,ac1247
r1050,ac3631
r1051,ac3895
r1052,ac3478
r1053,ac1903
r1054,ac1674
r1055,ac1674
r1056,ac1674
r1057,ac3318
r1058,ac3135
r1059,ac123
r1060,ac4487
r1061,ac682
r1062,ac112
r1063,ac4021
r1064,ac567
r1065,ac2262
r1066,ac336
r1067,ac44
r1068,ac1390
r1069,ac2324
r1070,ac1416
r1071,ac1708
r1072,ac2624
r1073,ac1813
r1074,ac707
r1075,ac769
r1076,ac1286
r1077,ac3719
r1078,ac3439
r1079,ac4545
r1080,ac4458
r1081,ac3359
r1082,ac274
r1083,ac3812
r1084,ac403
r1085,ac736
r1086,ac404
r1087,ac2315
r1088,ac1630
r1089,ac3880
r1090,ac4108
r1091,ac323
r1092,ac350
r1093,ac1440
r1094,ac477
r1095,ac3228
r1096,ac1261
r1097,ac1225
r1098,ac893
r1099,ac12
r1100,ac4154
r1101,ac4284
r1102,ac629
r1103,ac883
r1104,ac2376
r1105,ac3544
r1106,ac541
r1107,ac4584
r1108,ac2000
r1109,ac973
r1110,ac2540
r1111,ac2069
r1112,ac1342
r1113,ac2392
r1114,ac543
r1115,ac1213
r1116,ac3354
r1117,ac3237
r1118,ac3354
r1119,ac3354
r1120,ac3782
r1121,ac4561
r1122,ac2092
r1123,ac3403
r1124,ac3113
r1125,ac175
r1126,ac480
r1127,ac2114
r1128,ac3482
r1129,ac1432
r1130,ac4070
r1131,ac4317
r1132,ac2992
r1133,ac1810
r1134,ac1135
r1135,ac3889
r1136,ac3923
r1137,ac3283
r1138,ac1414
r1139,ac3763
r1140,ac2234
r1141,ac446
r1142,ac3249
r1143,ac576
r1144,ac1869
r1145,ac3348
r1146,ac1187
r1147,ac1187
r1148,ac295
r1149,ac4146
r1150,ac1925
r1151,ac1664
r1152,ac988
r1153,ac2441
r1154,ac1010
r1155,ac3348
r1156,ac1767
r1157,ac3102
r1158,ac220
r1159,ac2676
r1160,ac2865
r1161,ac3588
r1162,ac1343
r1163,ac1497
r1164,ac1492
r1165,ac506
r1166,ac87
r1167,ac422
r1168,ac2573
r1169,ac3206
r1170,ac4476
r1171,ac3909
r1172,ac1181
r1173,ac4620
r1174,ac1371
r1175,ac2957
r1176,ac4112
r1177,ac2884
r1178,ac2784
r1179,ac2893
r1180,ac1735
r1181,ac1078
r1182,ac1587
r1183,ac321
r1184,ac321
r1185,ac321
r1186,ac2504
r1187,ac2934
r1188,ac3652
r1189,ac388
r1190,ac36
r1191,ac2303
r1192,ac378
r1193,ac4495
r1194,ac2432
r1195,ac4496
r1196,ac466
r1197,ac3853
r1198,ac1228
r1199,ac4153
r1200,ac1244
r1201,ac1985
r1202,ac2105
r1203,ac2748
r1204,ac3180
r1205,ac2435
r1206,ac1011
r1207,ac627
r1208,ac77
r1209,ac4435
r1210,ac724
r1211,ac724
r1212,ac1536
r1213,ac3794
r1214,ac1109
r1215,ac3876
r1216,ac1679
r1217,ac4123
r1218,ac2154
r1219,ac138
r1220,ac1125
r1221,ac1430
r1222,ac2124
r1223,ac2861
r1224,ac2861
r1225,ac2861
r1226,ac2365
r1227,ac1080
r1228,ac3899
r1229,ac107
r1230,ac4047
r1231,ac4145
r1232,ac4065
r1233,ac2869
r1234,ac4605
r1235,ac4305
r1236,ac995
r1237,ac1754
r1238,ac1754
r1239,ac2472
r1240,ac1100
r1241,ac4534
r1242,ac4243
r1243,ac622
r1244,ac2971
r1245,ac3449
r1246,ac846
r1247,ac160
r1248,ac4091
r1249,ac547
r1250,ac4273
r1251,ac974
r1252,ac2409
r1253,ac2931
r1254,ac3625
r1255,ac1775
r1256,ac870
r1257,ac2303
r1258,ac3565
r1259,ac1153
r1260,ac4268
r1261,ac3898
r1262,ac694
r1263,ac2001
r1264,ac3865
r1265,ac3716
r1266,ac4181
r1267,ac2935
r1268,ac4590
r1269,ac4097
r1270,ac3551
r1271,ac3314
r1272,ac2191
r1273,ac3398
r1274,ac3809
r1275,ac3570
r1276,ac4362
r1277,ac1660
r1278,ac3757
r1279,ac4025
r1280,ac1045
r1281,ac2207
r1282,ac372
r1283,ac129
r1284,ac4468
r1285,ac745
r1286,ac4375
r1287,ac227
r1288,ac2335
r1289,ac2335
r1290,ac2840
r1291,ac3867
r1292,ac4625
r1293,ac3941
r1294,ac4388
r1295,ac669
r1296,ac281
r1297,ac2042
r1298,ac900
r1299,ac1172
r1300,ac498
r1301,ac772
r1302,ac2613
r1303,ac1487
r1304,ac1600
r1305,ac3570
r1306,ac4465
r1307,ac4481
r1308,ac1600
r1309,ac2564
r1310,ac1144
r1311,ac2775
r1312,ac1351
r1313,ac1351
r1314,ac3454
r1315,ac1210
r1316,ac3836
r1317,ac2988
r1318,ac1657
r1319,ac2179
r1320,ac4064
r1321,ac1312
r1322,ac2341
r1323,ac2682
r1324,ac589
r1325,ac4037
r1326,ac3860
r1327,ac695
r1328,ac3912
r1329,ac2182
r1330,ac4331
r1331,ac4619
r1332,ac877
r1333,ac3047
r1334,ac1195
r1335,ac1491
r1336,ac4418
r1337,ac693
r1338,ac2273
r1339,ac4403
r1340,ac2379
r1341,ac1555
r1342,ac3022
r1343,ac3780
r1344,ac911
r1345,ac911
r1346,ac3733
r1347,ac1180
r1348,ac3698
r1349,ac2086
r1350,ac1667
r1351,ac2207
r1352,ac2917
r1353,ac781
r1354,ac3352
r1355,ac1092
r1356,ac3938
r1357,ac199
r1358,ac4550
r1359,ac731
r1360,ac646
r1361,ac662
r1362,ac2255
r1363,ac658
r1364,ac2744
r1365,ac1247
r1366,ac2482
r1367,ac3229
r1368,ac2705
r1369,ac3243
r1370,ac4059
r1371,ac2754
r1372,ac941
r1373,ac4138
r1374,ac1613
r1375,ac4192
r1376,ac1499
r1377,ac3963
r1378,ac2058
r1379,ac2856
r1380,ac2186
r1381,ac3088
r1382,ac1158
r1383,ac4556
r1384,ac2282
r1385,ac1543
r1386,ac708
r1387,ac74
r1388,ac2256
r1389,ac4061
r1390,ac2065
r1391,ac1965
r1392,ac2742
r1393,ac742
r1394,ac301
r1395,ac4203
r1396,ac1305
r1397,ac3590
r1398,ac3959
r1399,ac485
r1400,ac442
r1401,ac3226
r1402,ac2121
r1403,ac2398
r1404,ac3309
r1405,ac3918
r1406,ac2160
r1407,ac4629
r1408,ac3458
r1409,ac3953
r1410,ac4612
r1411,ac805
r1412,ac509
r1413,ac2417
r1414,ac3328
r1415,ac1689
r1416,ac2724
r1417,ac1652
r1418,ac3140
r1419,ac2028
r1420,ac2974
r1421,ac855
r1422,ac2296
r1423,ac513
r1424,ac1499
r1425,ac2694
r1426,ac797
r1427,ac3119
r1428,ac2643
r1429,ac2450
r1430,ac3049
r1431,ac3049
r1432,ac2102
r1433,ac1287
r1434,ac1812
r1435,ac996
r1436,ac2317
r1437,ac3160
r1438,ac1703
r1439,ac2264
r1440,ac4518
r1441,ac3426
r1442,ac3272
r1443,ac2320
r1444,ac674
r1445,ac3910
r1446,ac1098
r1447,ac3691
r1448,ac1134
r1449,ac1119
r1450,ac3086
r1451,ac3742
r1452,ac3682
r1453,ac2260
r1454,ac1646
r1455,ac838
r1456,ac1776
r1457,ac695
r1458,ac2109
r1459,ac4618
r1460,ac4294
r1461,ac4294
r1462,ac1151
r1463,ac16
r1464,ac3809
r1465,ac661
r1466,ac4070
r1467,ac2427
r1468,ac4174
r1469,ac4174
r1470,ac4577
r1471,ac2425
r1472,ac4049
r1473,ac3939
r1474,ac864
r1475,ac3593
r1476,ac1509
r1477,ac3531
r1478,ac998
r1479,ac3850
r1480,ac2708
r1481,ac1509
r1482,ac2874
r1483,ac3740
r1484,ac3835
r1485,ac2573
r1486,ac2551
r1487,ac2160
r1488,ac1294
r1489,ac4413
r1490,ac3677
r1491,ac652
r1492,ac1859
r1493,ac1859
r1494,ac1714
r1495,ac2361
r1496,ac1407
r1497,ac2244
r1498,ac3775
r1499,ac4120
r1500,ac240
r1501,ac4175
r1502,ac211
r1503,ac2396
r1504,ac4153
r1505,ac1099
r1506,ac3899
r1507,ac236
r1508,ac2495
r1509,ac3384
r1510,ac163
r1511,ac4046
r1512,ac850
r1513,ac4573
r1514,ac3460
r1515,ac3460
r1516,ac1759
r1517,ac3932
r1518,ac2606
r1519,ac4443
r1520,ac1701
r1521,ac2887
r1522,ac2816
r1523,ac2989
r1524,ac1594
r1525,ac2846
r1526,ac3879
r1527,ac2206
r1528,ac3271
r1529,ac1678
r1530,ac1938
r1531,ac1717
r1532,ac4394
r1533,ac3300
r1534,ac3285
r1535,ac1468
r1536,ac1913
r1537,ac1235
r1538,ac1913
r1539,ac4014
r1540,ac4143
r1541,ac2876
r1542,ac1685
r1543,ac2363
r1544,ac1872
r1545,ac3312
r1546,ac4173
r1547,ac4409
r1548,ac4398
r1549,ac4387
r1550,ac1036
r1551,ac1930
r1552,ac3350
r1553,ac2920
r1554,ac2906
r1555,ac2181
r1556,ac3454
r1557,ac682
r1558,ac2982
r1559,ac682
r1560,ac3710
r1561,ac1406
r1562,ac2268
r1563,ac4050
r1564,ac1360
r1565,ac2790
r1566,ac1797
r1567,ac943
r1568,ac3618
r1569,ac3098
r1570,ac3098
r1571,ac1296
r1572,ac275
r1573,ac4298
r1574,ac4057
r1575,ac1510
r1576,ac573
r1577,ac2606
r1578,ac4578
r1579,ac1965
r1580,ac3946
r1581,ac686
r1582,ac2752
r1583,ac2319
r1584,ac921
r1585,ac581
r1586,ac1345
r1587,ac1705
r1588,ac3332
r1589,ac286
r1590,ac1982
r1591,ac2644
r1592,ac185
r1593,ac1642
r1594,ac2525
r1595,ac3983
r1596,ac122
r1597,ac59
r1598,ac3966
r1599,ac3597
r1600,ac3705
r1601,ac3346
r1602,ac1381
r1603,ac4415
r1604,ac160
r1605,ac1298
r1606,ac2211
r1607,ac48
r1608,ac598
r1609,ac667
r1610,ac1909
r1611,ac3907
r1612,ac1395
r1613,ac2567
r1614,ac1923
r1615,ac4218
r1616,ac2996
r1617,ac838
r1618,ac3106
r1619,ac3512
r1620,ac1297
r1621,ac3181
r1622,ac612
r1623,ac2428
r1624,ac386
r1625,ac3265
r1626,ac3773
r1627,ac294
r1628,ac4458
r1629,ac2303
r1630,ac1841
r1631,ac4492
r1632,ac647
r1633,ac688
r1634,ac3381
r1635,ac3825
r1636,ac1140
r1637,ac2371
r1638,ac503
r1639,ac2776
r1640,ac3461
r1641,ac1247
r1642,ac1247
r1643,ac2137
r1644,ac1790
r1645,ac1156
r1646,ac4617
r1647,ac3675
r1648,ac3191
r1649,ac3191
r1650,ac1980
r1651,ac485
r1652,ac313
r1653,ac4561
r1654,ac85
r1655,ac1286
r1656,ac1900
r1657,ac1836
r1658,ac1576
r1659,ac304
r1660,ac1161
r1661,ac3363
r1662,ac1492
r1663,ac4523
r1664,ac3318
r1665,ac425
r1666,ac400
r1667,ac2632
r1668,ac955
r1669,ac3722
r1670,ac3080
r1671,ac3438
r1672,ac2973
r1673,ac4344
r1674,ac3095
r1675,ac4391
r1676,ac3611
r1677,ac608
r1678,ac3429
r1679,ac3194
r1680,ac3430
r1681,ac2109
r1682,ac963
r1683,ac91
r1684,ac861
r1685,ac324
r1686,ac1542
r1687,ac1928
r1688,ac900
r1689,ac1719
r1690,ac2801
r1691,ac3974
r1692,ac2241
r1693,ac1297
r1694,ac1913
r1695,ac4548
r1696,ac3130
r1697,ac223
r1698,ac3689
r1699,ac2291
r1700,ac1165
r1701,ac4336
r1702,ac4219
r1703,ac3809
r1704,ac2909
r1705,ac1987
r1706,ac1880
r1707,ac1948
r1708,ac3111
r1709,ac4447
r1710,ac160
r1711,ac4048
r1712,ac1961
r1713,ac472
r1714,ac4144
r1715,ac3874
r1716,ac3874
r1717,ac3874
r1718,ac4311
r1719,ac4585
r1720,ac2056
r1721,ac4585
r1722,ac4585
r1723,ac2877
r1724,ac527
r1725,ac4466
r1726,ac3362
r1727,ac2474
r1728,ac1593
r1729,ac2285
r1730,ac4319
r1731,ac3093
r1732,ac1234
r1733,ac510
r1734,ac2465
r1735,ac1374
r1736,ac3945
r1737,ac928
r1738,ac3730
r1739,ac86
r1740,ac1541
r1741,ac784
r1742,ac1605
r1743,ac1417
r1744,ac1415
r1745,ac2257
r1746,ac3661
r1747,ac1258
r1748,ac415
r1749,ac3958
r1750,ac473
r1751,ac1242
r1752,ac3629
r1753,ac1326
r1754,ac3989
r1755,ac1196
r1756,ac3089
r1757,ac1279
r1758,ac408
r1759,ac2099
r1760,ac2063
r1761,ac3346
r1762,ac2148
r1763,ac94
r1764,ac3346
r1765,ac4561
r1766,ac2474
r1767,ac250
r1768,ac1241
r1769,ac1319
r1770,ac1927
r1771,ac470
r1772,ac2271
r1773,ac2531
r1774,ac4561
r1775,ac949
r1776,ac2770
r1777,ac3421
r1778,ac4006
r1779,ac1084
r1780,ac1840
r1781,ac3886
r1782,ac207
r1783,ac935
r1784,ac1224
r1785,ac3241
r1786,ac3241
r1787,ac1516
r1788,ac2507
r1789,ac4409
r1790,ac2936
r1791,ac2997
r1792,ac39
r1793,ac2831
r1794,ac1602
r1795,ac4298
r1796,ac339
r1797,ac86
r1798,ac679
r1799,ac2566
r1800,ac2138
r1801,ac4524
r1802,ac2619
r1803,ac773
r1804,ac1569
r1805,ac2039
r1806,ac557
r1807,ac1426
r1808,ac4175
r1809,ac3266
r1810,ac2960
r1811,ac3312
r1812,ac504
r1813,ac2272
r1814,ac1038
r1815,ac4073
r1816,ac2039
r1817,ac1553
r1818,ac2434
r1819,ac857
r1820,ac2282
r1821,ac1398
r1822,ac3991
r1823,ac534
r1824,ac2707
r1825,ac3390
r1826,ac3342
r1827,ac365
r1828,ac3108
r1829,ac1939
r1830,ac2451
r1831,ac2266
r1832,ac684
r1833,ac103
r1834,ac103
r1835,ac4056
r1836,ac3639
r1837,ac3233
r1838,ac489
r1839,ac66
r1840,ac3435
r1841,ac2056
r1842,ac35
r1843,ac3298
r1844,ac2494
r1845,ac897
r1846,ac4329
r1847,ac417
r1848,ac1107
r1849,ac2513
r1850,ac440
r1851,ac1832
r1852,ac2763
r1853,ac3464
r1854,ac4494
r1855,ac1189
r1856,ac2298
r1857,ac2298
r1858,ac894
r1859,ac2841
r1860,ac4230
r1861,ac3752
r1862,ac927
r1863,ac3104
r1864,ac1903
r1865,ac184
r1866,ac658
r1867,ac1284
r1868,ac107
r1869,ac2624
r1870,ac902
r1871,ac1355
r1872,ac2560
r1873,ac578
r1874,ac1504
r1875,ac450
r1876,ac1743
r1877,ac970
r1878,ac1468
r1879,ac2818
r1880,ac3414
r1881,ac4517
r1882,ac3929
r1883,ac1538
r1884,ac3481
r1885,ac533
r1886,ac2219
r1887,ac1399
r1888,ac3035
r1889,ac968
r1890,ac3191
r1891,ac124
r1892,ac4101
r1893,ac3231
r1894,ac3208
r1895,ac3566
r1896,ac3515
r1897,ac2485
r1898,ac2156
r1899,ac1810
r1900,ac3678
r1901,ac561
r1902,ac1070
r1903,ac2800
r1904,ac4426
r1905,ac1758
r1906,ac158
r1907,ac377
r1908,ac2008
r1909,ac443
r1910,ac902
r1911,ac1553
r1912,ac2437
r1913,ac1211
r1914,ac4226
r1915,ac4068
r1916,ac2364
r1917,ac3202
r1918,ac3852
r1919,ac4461
r1920,ac4112
r1921,ac2309
r1922,ac3906
r1923,ac2852
r1924,ac3221
r1925,ac3221
r1926,ac2709
r1927,ac21
r1928,ac4052
r1929,ac4069
r1930,ac738
r1931,ac3770
r1932,ac4606
r1933,ac4094
r1934,ac923
r1935,ac848
r1936,ac1033
r1937,ac1567
r1938,ac193
r1939,ac2146
r1940,ac4481
r1941,ac739
r1942,ac2438
r1943,ac3337
r1944,ac3337
r1945,ac238
r1946,ac2844
r1947,ac1674
r1948,ac2895
r1949,ac1182
r1950,ac4474
r1951,ac312
r1952,ac2144
r1953,ac2018
r1954,ac3883
r1955,ac2353
r1956,ac2189
r1957,ac4510
r1958,ac2637
r1959,ac2258
r1960,ac1218
r1961,ac3425
r1962,ac2205
r1963,ac2517
r1964,ac2732
r1965,ac4218
r1966,ac2602
r1967,ac3938
r1968,ac3427
r1969,ac1324
r1970,ac3344
r1971,ac1698
r1972,ac3344
r1973,ac1931
r1974,ac1109
r1975,ac3365
r1976,ac1891
r1977,ac3527
r1978,ac2525
r1979,ac2511
r1980,ac4519
r1981,ac3509
r1982,ac2078
r1983,ac1667
r1984,ac4202
r1985,ac2505
r1986,ac1779
r1987,ac3474
r1988,ac794
r1989,ac2927
r1990,ac466
r1991,ac2513
r1992,ac2513
r1993,ac3346
r1994,ac2672
r1995,ac2429
r1996,ac1087
r1997,ac943
r1998,ac4575
r1999,ac2659
r2000,ac4264
r2001,ac1816
r2002,ac1230
r2003,ac2064
r2004,ac2845
r2005,ac1884
r2006,ac4394
r2007,ac1159
r2008,ac1260
r2009,ac1465
r2010,ac3398
r2011,ac4230
r2012,ac3398
r2013,ac2909
r2014,ac997
r2015,ac613
r2016,ac2034
r2017,ac403
r2018,ac3254
r2019,ac2151
r2020,ac2539
r2021,ac1376
r2022,ac2235
r2023,ac1757
r2024,ac3136
r2025,ac3388
r2026,ac1593
r2027,ac3240
r2028,ac2039
r2029,ac1066
r2030,ac4449
r2031,ac2758
r2032,ac3076
r2033,ac4516
r2034,ac2039
r2035,ac2758
r2036,ac618
r2037,ac1777
r2038,ac2518
r2039,ac4523
r2040,ac2162
r2041,ac1617
r2042,ac1041
r2043,ac1521
r2044,ac551
r2045,ac2556
r2046,ac925
r2047,ac1844
r2048,ac239
r2049,ac1402
r2050,ac1394
r2051,ac4028
r2052,ac4028
r2053,ac1041
r2054,ac2340
r2055,ac3618
r2056,ac361
r2057,ac2210
r2058,ac971
r2059,ac485
r2060,ac132
r2061,ac2102
r2062,ac452
r2063,ac4276
r2064,ac4213
r2065,ac3122
r2066,ac684
r2067,ac4349
r2068,ac4499
r2069,ac1505
r2070,ac863
r2071,ac3471
r2072,ac4471
r2073,ac2850
r2074,ac1186
r2075,ac4613
r2076,ac414
r2077,ac2476
r2078,ac3660
r2079,ac4207
r2080,ac3302
r2081,ac614
r2082,ac1989
r2083,ac4490
r2084,ac943
r2085,ac407
r2086,ac1425
r2087,ac337
r2088,ac3735
r2089,ac1583
r2090,ac428
r2091,ac3662
r2092,ac3123
r2093,ac4508
r2094,ac1197
r2095,ac345
r2096,ac3814
r2097,ac1197
r2098,ac326
r2099,ac326
r2100,ac3099
r2101,ac34
r2102,ac1315
r2103,ac1797
r2104,ac2742
r2105,ac4346
r2106,ac1413
r2107,ac1549
r2108,ac2849
r2109,ac256
r2110,ac4549
r2111,ac4264
r2112,ac3436
r2113,ac1425
r2114,ac3364
r2115,ac4372
r2116,ac2126
r2117,ac4167
r2118,ac4197
r2119,ac2149
r2120,ac1804
r2121,ac1975
r2122,ac3246
r2123,ac2174
r2124,ac2736
r2125,ac693
r2126,ac805
r2127,ac3069
r2128,ac4236
r2129,ac1064
r2130,ac3205
r2131,ac267
r2132,ac3203
r2133,ac983
r2134,ac2267
r2135,ac3153
r2136,ac1664
r2137,ac584
r2138,ac3808
r2139,ac2815
r2140,ac1171
r2141,ac3937
r2142,ac3619
r2143,ac148
r2144,ac4093
r2145,ac3262
r2146,ac939
r2147,ac564
r2148,ac3592
r2149,ac4311
r2150,ac4148
r2151,ac4339
r2152,ac1919
r2153,ac1705
r2154,ac2276
r2155,ac1246
r2156,ac1839
r2157,ac1234
r2158,ac1621
r2159,ac3504
r2160,ac1099
r2161,ac3841
r2162,ac4541
r2163,ac1397
r2164,ac4335
r2165,ac2696
r2166,ac807
r2167,ac1537
r2168,ac2630
r2169,ac1243
r2170,ac4081
r2171,ac2556
r2172,ac1685
r2173,ac1685
r2174,ac334
r2175,ac2363
r2176,ac2049
r2177,ac2901
r2178,ac3279
r2179,ac445
r2180,ac445
r2181,ac1645
r2182,ac820
r2183,ac3381
r2184,ac498
r2185,ac1424
r2186,ac2940
r2187,ac1515
r2188,ac3637
r2189,ac2587
r2190,ac4182
r2191,ac3212
r2192,ac3480
r2193,ac3045
r2194,ac149
r2195,ac3045
r2196,ac3836
r2197,ac3906
r2198,ac3906
r2199,ac3906
r2200,ac2079
r2201,ac1291
r2202,ac1811
r2203,ac1706
r2204,ac2041
r2205,ac1265
r2206,ac4219
r2207,ac4444
r2208,ac2445
r2209,ac4458
r2210,ac654
r2211,ac645
r2212,ac1545
r2213,ac3325
r2214,ac930
r2215,ac893
r2216,ac114
r2217,ac1986
r2218,ac812
r2219,ac410
r2220,ac3823
r2221,ac2375
r2222,ac3721
r2223,ac4451
r2224,ac1224
r2225,ac63
r2226,ac2035
r2227,ac280
r2228,ac4367
r2229,ac4078
r2230,ac3607
r2231,ac1499
r2232,ac2853
r2233,ac2384
r2234,ac2214
r2235,ac2543
r2236,ac4488
r2237,ac2360
r2238,ac2360
r2239,ac2817
r2240,ac301
r2241,ac3762
r2242,ac1734
r2243,ac967
r2244,ac2218
r2245,ac161
r2246,ac205
r2247,ac678
r2248,ac1891
r2249,ac614
r2250,ac4378
r2251,ac3583
r2252,ac444
r2253,ac1882
r2254,ac1882
r2255,ac1882
r2256,ac537
r2257,ac3936
r2258,ac4185
r2259,ac1908
r2260,ac1375
r2261,ac3542
r2262,ac3542
r2263,ac574
r2264,ac2546
r2265,ac2808
r2266,ac1868
r2267,ac1086
r2268,ac809
r2269,ac1882
r2270,ac2072
r2271,ac2874
r2272,ac735
r2273,ac851
r2274,ac4559
r2275,ac698
r2276,ac698
r2277,ac4041
r2278,ac3845
r2279,ac4283
r2280,ac2456
r2281,ac3585
r2282,ac1810
r2283,ac1459
r2284,ac3255
r2285,ac1316
r2286,ac1101
r2287,ac3293
r2288,ac4561
r2289,ac4599
r2290,ac1153
r2291,ac1584
r2292,ac938
r2293,ac2897
r2294,ac2516
r2295,ac3771
r2296,ac131
r2297,ac4132
r2298,ac2691
r2299,ac3754
r2300,ac3836
r2301,ac3641
r2302,ac3893
r2303,ac4545
r2304,ac2720
r2305,ac2569
r2306,ac2476
r2307,ac4234
r2308,ac34
r2309,ac2585
r2310,ac1266
r2311,ac2993
r2312,ac3529
r2313,ac1150
r2314,ac3304
r2315,ac2918
r2316,ac3790
r2317,ac1692
r2318,ac3650
r2319,ac909
r2320,ac3311
r2321,ac924
r2322,ac4056
r2323,ac1957
r2324,ac2450
r2325,ac2641
r2326,ac4005
r2327,ac2155
r2328,ac3775
r2329,ac1997
r2330,ac2006
r2331,ac1548
r2332,ac2850
r2333,ac3479
r2334,ac2021
r2335,ac1239
r2336,ac2736
r2337,ac3110
r2338,ac1278
r2339,ac1566
r2340,ac2812
r2341,ac1012
r2342,ac1012
r2343,ac734
r2344,ac880
r2345,ac631
r2346,ac1498
r2347,ac3502
r2348,ac487
r2349,ac172
r2350,ac4025
r2351,ac4025
r2352,ac3346
r2353,ac1028
r2354,ac3511
r2355,ac1734
r2356,ac4168
r2357,ac1890
r2358,ac4104
r2359,ac2419
r2360,ac3389
r2361,ac3418
r2362,ac4597
r2363,ac4261
r2364,ac2458
r2365,ac3702
r2366,ac2458
r2367,ac2573
r2368,ac1286
r2369,ac1286
r2370,ac1530
r2371,ac4076
r2372,ac1021
r2373,ac3768
r2374,ac3086
r2375,ac1526
r2376,ac2269
r2377,ac138
r2378,ac2076
r2379,ac2203
r2380,ac291
r2381,ac1308
r2382,ac3086
r2383,ac1483
r2384,ac1919
r2385,ac3346
r2386,ac4336
r2387,ac3456
r2388,ac1556
r2389,ac1965
r2390,ac4164
r2391,ac2106
r2392,ac2051
r2393,ac84
r2394,ac3882
r2395,ac1162
r2396,ac3038
r2397,ac3241
r2398,ac3557
r2399,ac4434
r2400,ac2846
r2401,ac1496
r2402,ac3256
r2403,ac3913
r2404,ac2237
r2405,ac3283
r2406,ac2347
r2407,ac3714
r2408,ac700
r2409,ac4324
r2410,ac778
r2411,ac2913
r2412,ac3975
r2413,ac1919
r2414,ac920
r2415,ac4620
r2416,ac898
r2417,ac2828
r2418,ac1022
r2419,ac3860
r2420,ac1375
r2421,ac665
r2422,ac3147
r2423,ac2110
r2424,ac1867
r2425,ac3976
r2426,ac4131
r2427,ac3226
r2428,ac3288
r2429,ac4258
r2430,ac551
r2431,ac4381
r2432,ac2331
r2433,ac304
r2434,ac554
r2435,ac1731
r2436,ac4562
r2437,ac3967
r2438,ac500
r2439,ac3219
r2440,ac103
r2441,ac9
r2442,ac3029
r2443,ac4121
r2444,ac344
r2445,ac1366
r2446,ac2305
r2447,ac1631
r2448,ac3899
r2449,ac3306
r2450,ac108
r2451,ac3471
r2452,ac2642
r2453,ac2700
r2454,ac362
r2455,ac1937
r2456,ac1366
r2457,ac500
r2458,ac3243
r2459,ac3243
r2460,ac364
r2461,ac4516
r2462,ac2558
r2463,ac881
r2464,ac1557
r2465,ac3696
r2466,ac2101
r2467,ac672
r2468,ac2862
r2469,ac2773
r2470,ac1086
r2471,ac717
r2472,ac1311
r2473,ac3258
r2474,ac2470
r2475,ac664
r2476,ac1206
r2477,ac896
r2478,ac2267
r2479,ac2594
r2480,ac4614
r2481,ac107
r2482,ac4297
r2483,ac4529
r2484,ac746
r2485,ac1200
r2486,ac1660
r2487,ac761
r2488,ac2272
r2489,ac1100
r2490,ac1090
r2491,ac4312
r2492,ac64
r2493,ac3701
r2494,ac14
r2495,ac64
r2496,ac658
r2497,ac658
r2498,ac4150
r2499,ac2577
r2500,ac1304
r2501,ac1304
r2502,ac3517
r2503,ac679
r2504,ac2876
r2505,ac4422
r2506,ac3581
r2507,ac1962
r2508,ac4021
r2509,ac1358
r2510,ac1681
r2511,ac4186
r2512,ac1864
r2513,ac2321
r2514,ac3361
r2515,ac1434
r2516,ac3400
r2517,ac4454
r2518,ac2130
r2519,ac1408
r2520,ac4261
r2521,ac2322
r2522,ac1210
r2523,ac2054
r2524,ac3894
r2525,ac3516
r2526,ac1085
r2527,ac157
r2528,ac3338
r2529,ac2757
r2530,ac3783
r2531,ac2667
r2532,ac4107
r2533,ac125
r2534,ac3131
r2535,ac4029
r2536,ac3831
r2537,ac1462
r2538,ac4196
r2539,ac4337
r2540,ac3828
r2541,ac1279
r2542,ac1368
r2543,ac3518
r2544,ac1441
r2545,ac3182
r2546,ac3744
r2547,ac3033
r2548,ac2880
r2549,ac723
r2550,ac1277
r2551,ac405
r2552,ac107
r2553,ac3217
r2554,ac2345
r2555,ac2819
r2556,ac1793
r2557,ac693
r2558,ac309
r2559,ac1443
r2560,ac4561
r2561,ac3789
r2562,ac2591
r2563,ac1945
r2564,ac395
r2565,ac3999
r2566,ac3045
r2567,ac982
r2568,ac2542
r2569,ac3369
r2570,ac3071
r2571,ac4341
r2572,ac2704
r2573,ac2261
r2574,ac289
r2575,ac37
r2576,ac1650
r2577,ac3921
r2578,ac1635
r2579,ac3980
r2580,ac4564
r2581,ac3494
r2582,ac2279
r2583,ac1043
r2584,ac3064
r2585,ac3006
r2586,ac2291
r2587,ac3572
r2588,ac3272
r2589,ac3709
r2590,ac2801
r2591,ac2199
r2592,ac4078
r2593,ac926
r2594,ac2711
r2595,ac3433
r2596,ac2671
r2597,ac2152
r2598,ac1975
r2599,ac681
r2600,ac3578
r2601,ac906
r2602,ac2540
r2603,ac2032
r2604,ac617
r2605,ac4551
r2606,ac3031
r2607,ac2215
r2608,ac2329
r2609,ac3775
r2610,ac376
r2611,ac517
r2612,ac162
r2613,ac3149
r2614,ac3949
r2615,ac816
r2616,ac4403
r2617,ac4180
r2618,ac4180
r2619,ac3260
r2620,ac597
r2621,ac1363
r2622,ac2856
r2623,ac1699
r2624,ac2605
r2625,ac2599
r2626,ac1494
r2627,ac387
r2628,ac223
r2629,ac3818
r2630,ac3124
r2631,ac2598
r2632,ac2672
r2633,ac2672
r2634,ac4360
r2635,ac889
r2636,ac1690
r2637,ac3337
r2638,ac4058
r2639,ac1565
r2640,ac3571
r2641,ac1786
r2642,ac330
r2643,ac2158
r2644,ac438
r2645,ac2604
r2646,ac568
r2647,ac3536
r2648,ac1786
r2649,ac1037
r2650,ac3207
r2651,ac1611
r2652,ac668
r2653,ac2369
r2654,ac2419
r2655,ac2475
r2656,ac2777
r2657,ac4567
r2658,ac4567
r2659,ac1226
r2660,ac968
r2661,ac3155
r2662,ac963
r2663,ac4195
r2664,ac3120
r2665,ac2678
r2666,ac3120
r2667,ac3090
r2668,ac91
r2669,ac2414
r2670,ac305
r2671,ac1778
r2672,ac1123
r2673,ac2914
r2674,ac3027
r2675,ac3728
r2676,ac4406
r2677,ac62
r2678,ac1063
r2679,ac626
r2680,ac1961
r2681,ac418
r2682,ac418
r2683,ac1810
r2684,ac3839
r2685,ac3851
r2686,ac820
r2687,ac2376
r2688,ac1197
r2689,ac278
r2690,ac26
r2691,ac844
r2692,ac331
r2693,ac3791
r2694,ac830
r2695,ac1006
r2696,ac3109
r2697,ac4623
r2698,ac328
r2699,ac3328
r2700,ac3075
r2701,ac1593
r2702,ac2443
r2703,ac3588
r2704,ac4382
r2705,ac2408
r2706,ac999
r2707,ac4628
r2708,ac4087
r2709,ac2154
r2710,ac3282
r2711,ac3868
r2712,ac3573
r2713,ac2543
r2714,ac4072
r2715,ac1336
r2716,ac2357
r2717,ac871
r2718,ac825
r2719,ac4133
r2720,ac736
r2721,ac348
r2722,ac4318
r2723,ac3346
r2724,ac2540
r2725,ac1327
r2726,ac4294
r2727,ac376
r2728,ac2583
r2729,ac562
r2730,ac3528
r2731,ac1715
r2732,ac3399
r2733,ac3001
r2734,ac3260
r2735,ac574
r2736,ac2270
r2737,ac3214
r2738,ac2190
r2739,ac4288
r2740,ac4127
r2741,ac1901
r2742,ac1504
r2743,ac2498
r2744,ac1982
r2745,ac1982
r2746,ac352
r2747,ac962
r2748,ac2606
r2749,ac3499
r2750,ac1149
r2751,ac4128
r2752,ac620
r2753,ac314
r2754,ac171
r2755,ac2386
r2756,ac4170
r2757,ac3075
r2758,ac2046
r2759,ac1126
r2760,ac1941
r2761,ac624
r2762,ac1328
r2763,ac1333
r2764,ac1832
r2765,ac3064
r2766,ac3807
r2767,ac1820
r2768,ac1864
r2769,ac4434
r2770,ac1591
r2771,ac2467
r2772,ac593
r2773,ac4607
r2774,ac3236
r2775,ac1043
r2776,ac3195
r2777,ac989
r2778,ac687
r2779,ac3173
r2780,ac3782
r2781,ac2280
r2782,ac1460
r2783,ac677
r2784,ac3333
r2785,ac1871
r2786,ac3527
r2787,ac1205
r2788,ac1828
r2789,ac4118
r2790,ac464
r2791,ac3952
r2792,ac1856
r2793,ac2984
r2794,ac1664
r2795,ac51
r2796,ac1785
r2797,ac2703
r2798,ac1117
r2799,ac4349
r2800,ac1007
r2801,ac2347
r2802,ac82
r2803,ac913
r2804,ac2890
r2805,ac4103
r2806,ac1850
r2807,ac4338
r2808,ac2770
r2809,ac1801
r2810,ac1733
r2811,ac1673
r2812,ac4411
r2813,ac3367
r2814,ac885
r2815,ac1594
r2816,ac1594
r2817,ac4463
r2818,ac3809
r2819,ac3809
r2820,ac2562
r2821,ac1543
r2822,ac2276
r2823,ac1604
r2824,ac1276
r2825,ac4106
r2826,ac1299
r2827,ac1278
r2828,ac1468
r2829,ac1191
r2830,ac1304
r2831,ac3312
r2832,ac2631
r2833,ac4516
r2834,ac715
r2835,ac2477
r2836,ac3753
r2837,ac4161
r2838,ac3554
r2839,ac4627
r2840,ac4358
r2841,ac1558
r2842,ac3550
r2843,ac3620
r2844,ac3123
r2845,ac3123
r2846,ac4048
r2847,ac3103
r2848,ac78
r2849,ac668
r2850,ac418
r2851,ac3468
r2852,ac3107
r2853,ac3115
r2854,ac930
r2855,ac77
r2856,ac668
r2857,ac4137
r2858,ac1109
r2859,ac1491
r2860,ac3866
r2861,ac3000
r2862,ac3214
r2863,ac521
r2864,ac1208
r2865,ac4532
r2866,ac158
r2867,ac1109
r2868,ac1082
r2869,ac2735
r2870,ac3514
r2871,ac3514
r2872,ac430
r2873,ac3215
r2874,ac3613
r2875,ac2203
r2876,ac2785
r2877,ac3555
r2878,ac3346
r2879,ac4322
r2880,ac895
r2881,ac2802
r2882,ac4477
r2883,ac203
r2884,ac3968
r2885,ac2777
r2886,ac4386
r2887,ac2286
r2888,ac2264
r2889,ac3802
r2890,ac2777
r2891,ac1295
r2892,ac2727
r2893,ac815
r2894,ac4572
r2895,ac3774
r2896,ac834
r2897,ac1738
r2898,ac1507
r2899,ac3677
r2900,ac1696
r2901,ac1519
r2902,ac3167
r2903,ac4020
r2904,ac4372
r2905,ac2901
r2906,ac4308
r2907,ac1766
r2908,ac4482
r2909,ac324
r2910,ac146
r2911,ac3674
r2912,ac3214
r2913,ac1825
r2914,ac1187
r2915,ac738
r2916,ac83
r2917,ac3110
r2918,ac2427
r2919,ac2202
r2920,ac2573
r2921,ac3059
r2922,ac1575
r2923,ac3365
r2924,ac3464
r2925,ac4131
r2926,ac16
r2927,ac2185
r2928,ac175
r2929,ac1834
r2930,ac2157
r2931,ac1499
r2932,ac402
r2933,ac1864
r2934,ac3750
r2935,ac1187
r2936,ac1043
r2937,ac969
r2938,ac811
r2939,ac1769
r2940,ac53
r2941,ac903
r2942,ac212
r2943,ac2228
r2944,ac4325
r2945,ac4333
r2946,ac556
r2947,ac2901
r2948,ac4077
r2949,ac2458
r2950,ac1193
r2951,ac2111
r2952,ac9
r2953,ac2380
r2954,ac2012
r2955,ac1768
r2956,ac3129
r2957,ac2055
r2958,ac1297
r2959,ac736
r2960,ac76
r2961,ac1313
r2962,ac801
r2963,ac924
r2964,ac4093
r2965,ac3601
r2966,ac653
r2967,ac1389
r2968,ac3460
r2969,ac3822
r2970,ac2815
r2971,ac1323
r2972,ac730
r2973,ac4352
r2974,ac2837
r2975,ac805
r2976,ac1281
r2977,ac2202
r2978,ac418
r2979,ac1669
r2980,ac2166
r2981,ac1963
r2982,ac718
r2983,ac1874
r2984,ac3079
r2985,ac3346
r2986,ac40
r2987,ac4257
r2988,ac1251
r2989,ac3346
r2990,ac3602
r2991,ac1766
r2992,ac3442
r2993,ac258
r2994,ac1745
r2995,ac3616
r2996,ac3217
r2997,ac824
r2998,ac2694
r2999,ac4099
r3000,ac2897
r3001,ac30
r3002,ac3240
r3003,ac845
r3004,ac1653
r3005,ac3212
r3006,ac299
r3007,ac4091
r3008,ac4606
r3009,ac1651
r3010,ac2791
r3011,ac739
r3012,ac3870
r3013,ac1489
r3014,ac4473
r3015,ac111
r3016,ac1238
r3017,ac3732
r3018,ac3208
r3019,ac3264
r3020,ac2783
r3021,ac369
r3022,ac3937
r3023,ac4354
r3024,ac3274
r3025,ac723
r3026,ac826
r3027,ac4140
r3028,ac58
r3029,ac1829
r3030,ac2568
r3031,ac1651
r3032,ac3002
r3033,ac3543
r3034,ac3002
r3035,ac3092
r3036,ac1438
r3037,ac1438
r3038,ac1335
r3039,ac1305
r3040,ac3032
r3041,ac1744
r3042,ac4509
r3043,ac3570
r3044,ac4156
r3045,ac4231
r3046,ac1497
r3047,ac3212
r3048,ac3468
r3049,ac3736
r3050,ac2851
r3051,ac424
r3052,ac424
r3053,ac2744
r3054,ac3601
r3055,ac1504
r3056,ac2234
r3057,ac2592
r3058,ac2493
r3059,ac2692
r3060,ac465
r3061,ac1633
r3062,ac181
r3063,ac2440
r3064,ac3318
r3065,ac1096
r3066,ac4115
r3067,ac4156
r3068,ac1366
r3069,ac629
r3070,ac760
r3071,ac1709
r3072,ac1788
r3073,ac4054
r3074,ac892
r3075,ac3370
r3076,ac2208
r3077,ac968
r3078,ac2469
r3079,ac732
r3080,ac454
r3081,ac3434
r3082,ac3509
r3083,ac2738
r3084,ac2738
r3085,ac159
r3086,ac3408
r3087,ac4426
r3088,ac3277
r3089,ac1032
r3090,ac3395
r3091,ac1663
r3092,ac1129
r3093,ac2481
r3094,ac1910
r3095,ac2212
r3096,ac154
r3097,ac2238
r3098,ac3094
r3099,ac3947
r3100,ac3349
r3101,ac2358
r3102,ac3453
r3103,ac490
r3104,ac4165
r3105,ac2147
r3106,ac439
r3107,ac542
r3108,ac2644
r3109,ac3586
r3110,ac2303
r3111,ac3238
r3112,ac3405
r3113,ac3900
r3114,ac1004
r3115,ac2003
r3116,ac1953
r3117,ac4221
r3118,ac1866
r3119,ac2335
r3120,ac3637
r3121,ac1649
r3122,ac3535
r3123,ac120
r3124,ac23
r3125,ac3341
r3126,ac22
r3127,ac1782
r3128,ac902
r3129,ac794
r3130,ac3341
r3131,ac355
r3132,ac1894
r3133,ac1554
r3134,ac2783
r3135,ac2004
r3136,ac3526
r3137,ac1616
r3138,ac3029
r3139,ac1065
r3140,ac2690
r3141,ac723
r3142,ac2522
r3143,ac2774
r3144,ac823
r3145,ac1294
r3146,ac3699
r3147,ac4602
r3148,ac1588
r3149,ac4298
r3150,ac2699
r3151,ac2487
r3152,ac3785
r3153,ac1810
r3154,ac3725
r3155,ac4504
r3156,ac2033
r3157,ac2303
r3158,ac2956
r3159,ac319
r3160,ac4042
r3161,ac3394
r3162,ac808
r3163,ac2061
r3164,ac6
r3165,ac4576
r3166,ac3762
r3167,ac1083
r3168,ac657
r3169,ac2795
r3170,ac2068
r3171,ac2926
r3172,ac1702
r3173,ac4357
r3174,ac2343
r3175,ac4239
r3176,ac1876
r3177,ac4138
r3178,ac2150
r3179,ac317
r3180,ac2341
r3181,ac1895
r3182,ac4017
r3183,ac166
r3184,ac4560
r3185,ac608
r3186,ac2196
r3187,ac1139
r3188,ac2650
r3189,ac2709
r3190,ac4385
r3191,ac1814
r3192,ac1786
r3193,ac1976
r3194,ac2249
r3195,ac438
r3196,ac4562
r3197,ac3171
r3198,ac3640
r3199,ac1976
r3200,ac3251
r3201,ac1687
r3202,ac1240
r3203,ac2066
r3204,ac2269
r3205,ac1062
r3206,ac1726
r3207,ac3797
r3208,ac3527
r3209,ac1019
r3210,ac3455
r3211,ac1043
r3212,ac3172
r3213,ac4531
r3214,ac2574
r3215,ac3492
r3216,ac2392
r3217,ac874
r3218,ac2673
r3219,ac4285
r3220,ac1007
r3221,ac1007
r3222,ac3782
r3223,ac4285
r3224,ac1078
r3225,ac4249
r3226,ac1078
r3227,ac3264
r3228,ac469
r3229,ac3646
r3230,ac2287
r3231,ac2293
r3232,ac3549
r3233,ac1267
r3234,ac2112
r3235,ac2983
r3236,ac841
r3237,ac368
r3238,ac2371
r3239,ac2424
r3240,ac3052
r3241,ac834
r3242,ac838
r3243,ac4188
r3244,ac3905
r3245,ac2758
r3246,ac2107
r3247,ac4187
r3248,ac3994
r3249,ac2897
r3250,ac264
r3251,ac1306
r3252,ac2768
r3253,ac614
r3254,ac3371
r3255,ac614
r3256,ac1094
r3257,ac376
r3258,ac1878
r3259,ac4270
r3260,ac905
r3261,ac3664
r3262,ac1569
r3263,ac493
r3264,ac1624
r3265,ac226
r3266,ac3358
r3267,ac2559
r3268,ac3358
r3269,ac1460
r3270,ac1684
r3271,ac2100
r3272,ac893
r3273,ac505
r3274,ac3599
r3275,ac3262
r3276,ac149
r3277,ac149
r3278,ac4567
r3279,ac3165
r3280,ac2141
r3281,ac2141
r3282,ac2898
r3283,ac1351
r3284,ac4381
r3285,ac1548
r3286,ac1548
r3287,ac1810
r3288,ac3487
r3289,ac3959
r3290,ac3959
r3291,ac660
r3292,ac4174
r3293,ac1746
r3294,ac2713
r3295,ac3522
r3296,ac1447
r3297,ac3346
r3298,ac3692
r3299,ac1278
r3300,ac2608
r3301,ac3064
r3302,ac2955
r3303,ac3019
r3304,ac183
r3305,ac794
r3306,ac3448
r3307,ac3007
r3308,ac201
r3309,ac201
r3310,ac2838
r3311,ac3244
r3312,ac868
r3313,ac2933
r3314,ac2513
r3315,ac3014
r3316,ac4184
r3317,ac3346
r3318,ac3444
r3319,ac3120
r3320,ac2110
r3321,ac2110
r3322,ac2143
r3323,ac2002
r3324,ac2534
r3325,ac654
r3326,ac2221
r3327,ac3636
r3328,ac2329
r3329,ac2187
r3330,ac2830
r3331,ac419
r3332,ac722
r3333,ac3057
r3334,ac3930
r3335,ac4475
r3336,ac3909
r3337,ac3428
r3338,ac1131
r3339,ac1126
r3340,ac2921
r3341,ac2777
r3342,ac2913
r3343,ac3250
r3344,ac563
r3345,ac3708
r3346,ac1321
r3347,ac3671
r3348,ac2083
r3349,ac2079
r3350,ac2764
r3351,ac4043
r3352,ac3868
r3353,ac4300
r3354,ac3503
r3355,ac2892
r3356,ac4356
r3357,ac1758
r3358,ac230
r3359,ac4453
r3360,ac2767
r3361,ac4096
r3362,ac3011
r3363,ac920
r3364,ac3282
r3365,ac4363
r3366,ac3895
r3367,ac3895
r3368,ac3895
r3369,ac681
r3370,ac1592
r3371,ac2758
r3372,ac3213
r3373,ac3651
r3374,ac563
r3375,ac3631
r3376,ac427
r3377,ac3419
r3378,ac3824
r3379,ac3122
r3380,ac2335
r3381,ac2521
r3382,ac2523
r3383,ac146
r3384,ac270
r3385,ac927
r3386,ac3796
r3387,ac927
r3388,ac1278
r3389,ac1447
r3390,ac3454
r3391,ac3281
r3392,ac1526
r3393,ac2728
r3394,ac4561
r3395,ac2099
r3396,ac18
r3397,ac177
r3398,ac3199
r3399,ac605
r3400,ac2133
r3401,ac3377
r3402,ac3356
r3403,ac4206
r3404,ac1004
r3405,ac4601
r3406,ac2427
r3407,ac2185
r3408,ac207
r3409,ac495
r3410,ac984
r3411,ac2189
r3412,ac4622
r3413,ac3707
r3414,ac4501
r3415,ac1722
r3416,ac3620
r3417,ac3044
r3418,ac3535
r3419,ac2094
r3420,ac3535
r3421,ac3918
r3422,ac242
r3423,ac3806
r3424,ac1149
r3425,ac3134
r3426,ac1486
r3427,ac4580
r3428,ac1789
r3429,ac3225
r3430,ac2825
r3431,ac1305
r3432,ac4604
r3433,ac3982
r3434,ac3982
r3435,ac859
r3436,ac2476
r3437,ac3070
r3438,ac3344
r3439,ac1402
r3440,ac654
r3441,ac4485
r3442,ac4232
r3443,ac3849
r3444,ac2775
r3445,ac1849
r3446,ac4278
r3447,ac1463
r3448,ac724
r3449,ac3124
r3450,ac666
r3451,ac1656
r3452,ac3690
r3453,ac449
r3454,ac1073
r3455,ac2761
r3456,ac541
r3457,ac3915
r3458,ac3779
r3459,ac3723
r3460,ac4035
r3461,ac174
r3462,ac174
r3463,ac174
r3464,ac1188
r3465,ac2908
r3466,ac763
r3467,ac529
r3468,ac507
r3469,ac56
r3470,ac670
r3471,ac3809
r3472,ac2663
r3473,ac3224
r3474,ac1299
r3475,ac3013
r3476,ac1009
r3477,ac2751
r3478,ac2763
r3479,ac1014
r3480,ac2819
r3481,ac61
r3482,ac2315
r3483,ac2151
r3484,ac3825
r3485,ac69
r3486,ac3375
r3487,ac2466
r3488,ac70
r3489,ac2735
r3490,ac113
r3491,ac1977
r3492,ac1378
r3493,ac2994
r3494,ac3073
r3495,ac2460
r3496,ac1905
r3497,ac3996
r3498,ac375
r3499,ac2471
r3500,ac2666
r3501,ac3068
r3502,ac2644
r3503,ac1047
r3504,ac2687
r3505,ac2265
r3506,ac1556
r3507,ac2586
r3508,ac2283
r3509,ac3498
r3510,ac762
r3511,ac1566
r3512,ac1445
r3513,ac713
r3514,ac394
r3515,ac17
r3516,ac1845
r3517,ac1838
r3518,ac329
r3519,ac2686
r3520,ac1838
r3521,ac1838
r3522,ac3752
r3523,ac4070
r3524,ac2772
r3525,ac3354
r3526,ac3552
r3527,ac3939
r3528,ac3939
r3529,ac4359
r3530,ac2802
r3531,ac2418
r3532,ac135
r3533,ac254
r3534,ac979
r3535,ac1838
r3536,ac2652
r3537,ac1901
r3538,ac1832
r3539,ac2090
r3540,ac2778
r3541,ac2964
r3542,ac3856
r3543,ac4205
r3544,ac2175
r3545,ac3746
r3546,ac1199
r3547,ac4310
r3548,ac4313
r3549,ac621
r3550,ac1503
r3551,ac3313
r3552,ac2288
r3553,ac4349
r3554,ac4349
r3555,ac3820
r3556,ac2194
r3557,ac3150
r3558,ac2374
r3559,ac4233
r3560,ac2897
r3561,ac1485
r3562,ac3365
r3563,ac3555
r3564,ac1694
r3565,ac434
r3566,ac1547
r3567,ac3214
r3568,ac3185
r3569,ac1821
r3570,ac2485
r3571,ac2464
r3572,ac4179
r3573,ac2228
r3574,ac4234
r3575,ac1273
r3576,ac571
r3577,ac2802
r3578,ac2485
r3579,ac2912
r3580,ac1970
r3581,ac385
r3582,ac3057
r3583,ac2766
r3584,ac1848
r3585,ac2802
r3586,ac3239
r3587,ac2812
r3588,ac4425
r3589,ac3525
r3590,ac1917
r3591,ac741
r3592,ac2458
r3593,ac3993
r3594,ac4611
r3595,ac1504
r3596,ac4506
r3597,ac2595
r3598,ac4176
r3599,ac4176
r3600,ac4176
r3601,ac1772
r3602,ac2410
r3603,ac19
r3604,ac696
r3605,ac2652
r3606,ac1870
r3607,ac1644
r3608,ac378
r3609,ac2806
r3610,ac1069
r3611,ac2170
r3612,ac4523
r3613,ac2082
r3614,ac2622
r3615,ac1956
r3616,ac201
r3617,ac459
r3618,ac3060
r3619,ac1712
r3620,ac575
r3621,ac538
r3622,ac3055
r3623,ac3055
r3624,ac102
r3625,ac1901
r3626,ac1941
r3627,ac3614
r3628,ac3098
r3629,ac3982
r3630,ac1430
r3631,ac4473
r3632,ac3406
r3633,ac1556
r3634,ac832
r3635,ac3718
r3636,ac3150
r3637,ac2406
r3638,ac4436
r3639,ac540
r3640,ac808
r3641,ac2118
r3642,ac3632
r3643,ac2173
r3644,ac31
r3645,ac194
r3646,ac1305
r3647,ac1302
r3648,ac1155
r3649,ac1881
r3650,ac1672
r3651,ac391
r3652,ac1523
r3653,ac1904
r3654,ac1792
r3655,ac1025
r3656,ac420
r3657,ac877
r3658,ac877
r3659,ac877
r3660,ac2819
r3661,ac2874
r3662,ac1547
r3663,ac3533
r3664,ac3012
r3665,ac889
r3666,ac3590
r3667,ac3751
r3668,ac1452
r3669,ac4250
r3670,ac4457
r3671,ac4243
r3672,ac2091
r3673,ac2711
r3674,ac11
r3675,ac2448
r3676,ac1035
r3677,ac318
r3678,ac445
r3679,ac1718
r3680,ac2352
r3681,ac3156
r3682,ac664
r3683,ac4599
r3684,ac3966
r3685,ac707
r3686,ac1893
r3687,ac1943
r3688,ac298
r3689,ac1771
r3690,ac1531
r3691,ac3792
r3692,ac3346
r3693,ac4366
r3694,ac3917
r3695,ac1774
r3696,ac3712
r3697,ac4345
r3698,ac3519
r3699,ac4554
r3700,ac957
r3701,ac1846
r3702,ac3028
r3703,ac2249
r3704,ac3059
r3705,ac4350
r3706,ac4214
r3707,ac207
r3708,ac4446
r3709,ac3226
r3710,ac3246
r3711,ac287
r3712,ac4591
r3713,ac599
r3714,ac50
r3715,ac599
r3716,ac1257
r3717,ac4028
r3718,ac4121
r3719,ac738
r3720,ac1763
r3721,ac3448
r3722,ac799
r3723,ac2193
r3724,ac3016
r3725,ac3785
r3726,ac2392
r3727,ac2771
r3728,ac1451
r3729,ac3439
r3730,ac3439
r3731,ac1551
r3732,ac3474
r3733,ac4472
r3734,ac2847
r3735,ac4306
r3736,ac3233
r3737,ac3159
r3738,ac555
r3739,ac3201
r3740,ac4310
r3741,ac1685
r3742,ac4130
r3743,ac475
r3744,ac4401
r3745,ac1695
r3746,ac4572
r3747,ac912
r3748,ac1606
r3749,ac3477
r3750,ac2970
r3751,ac759
r3752,ac3245
r3753,ac3767
r3754,ac3290
r3755,ac3096
r3756,ac496
r3757,ac3286
r3758,ac165
r3759,ac3529
r3760,ac4389
r3761,ac358
r3762,ac730
r3763,ac3800
r3764,ac265
r3765,ac3656
r3766,ac4321
r3767,ac4348
r3768,ac3559
r3769,ac1577
r3770,ac833
r3771,ac485
r3772,ac3610
r3773,ac3891
r3774,ac824
r3775,ac4464
r3776,ac2757
r3777,ac2757
r3778,ac2483
r3779,ac3863
r3780,ac1626
r3781,ac2389
r3782,ac76
r3783,ac3382
r3784,ac3368
r3785,ac3211
r3786,ac3998
r3787,ac3998
r3788,ac3998
r3789,ac3396
r3790,ac3396
r3791,ac3396
r3792,ac4052
r3793,ac1140
r3794,ac1471
r3795,ac3555
r3796,ac3990
r3797,ac2059
r3798,ac3973
r3799,ac2905
r3800,ac1419
r3801,ac1269
r3802,ac2951
r3803,ac3188
r3804,ac787
r3805,ac3292
r3806,ac1079
r3807,ac2143
r3808,ac418
r3809,ac1756
r3810,ac1820
r3811,ac3208
r3812,ac847
r3813,ac395
r3814,ac2108
r3815,ac2975
r3816,ac1213
r3817,ac3777
r3818,ac90
r3819,ac4088
r3820,ac3051
r3821,ac1384
r3822,ac115
r3823,ac947
r3824,ac3051
r3825,ac233
r3826,ac4266
r3827,ac2812
r3828,ac1645
r3829,ac2313
r3830,ac3942
r3831,ac3739
r3832,ac376
r3833,ac3471
r3834,ac474
r3835,ac2812
r3836,ac2567
r3837,ac3973
r3838,ac4596
r3839,ac4084
r3840,ac3347
r3841,ac740
r3842,ac2410
r3843,ac1629
r3844,ac455
r3845,ac2705
r3846,ac2905
r3847,ac2905
r3848,ac1954
r3849,ac552
r3850,ac396
r3851,ac4291
r3852,ac4269
r3853,ac2331
r3854,ac1148
r3855,ac3218
r3856,ac3141
r3857,ac901
r3858,ac2230
r3859,ac2555
r3860,ac1739
r3861,ac320
r3862,ac2765
r3863,ac2874
r3864,ac2874
r3865,ac3598
r3866,ac2792
r3867,ac4307
r3868,ac301
r3869,ac2380
r3870,ac2821
r3871,ac4417
r3872,ac3251
r3873,ac1797
r3874,ac4168
r3875,ac860
r3876,ac1169
r3877,ac493
r3878,ac3168
r3879,ac3160
r3880,ac3459
r3881,ac65
r3882,ac3809
r3883,ac3874
r3884,ac3360
r3885,ac2805
r3886,ac3788
r3887,ac2457
r3888,ac2120
r3889,ac943
r3890,ac2499
r3891,ac522
r3892,ac2635
r3893,ac2359
r3894,ac525
r3895,ac1925
r3896,ac698
r3897,ac1903
r3898,ac2849
r3899,ac3740
r3900,ac3056
r3901,ac3740
r3902,ac4585
r3903,ac3398
r3904,ac2627
r3905,ac4241
r3906,ac3479
r3907,ac922
r3908,ac3631
r3909,ac3008
r3910,ac2490
r3911,ac4544
r3912,ac3805
r3913,ac2515
r3914,ac3413
r3915,ac2974
r3916,ac1784
r3917,ac1459
r3918,ac4561
r3919,ac2356
r3920,ac3880
r3921,ac4561
r3922,ac2815
r3923,ac3643
r3924,ac398
r3925,ac457
r3926,ac1643
r3927,ac2815
r3928,ac889
r3929,ac889
r3930,ac1649
r3931,ac1648
r3932,ac581
r3933,ac3817
r3934,ac482
r3935,ac2706
r3936,ac1167
r3937,ac725
r3938,ac536
r3939,ac3193
r3940,ac2845
r3941,ac1603
r3942,ac742
r3943,ac2127
r3944,ac2639
r3945,ac3548
r3946,ac3275
r3947,ac2919
r3948,ac2801
r3949,ac4144
r3950,ac267
r3951,ac3596
r3952,ac3429
r3953,ac3505
r3954,ac4048
r3955,ac2474
r3956,ac1546
r3957,ac4129
r3958,ac311
r3959,ac4410
r3960,ac1615
r3961,ac1479
r3962,ac4246
r3963,ac1964
r3964,ac1423
r3965,ac3660
r3966,ac3025
r3967,ac1562
r3968,ac2138
r3969,ac2145
r3970,ac2918
r3971,ac2616
r3972,ac3137
r3973,ac3056
r3974,ac2185
r3975,ac544
r3976,ac2705
r3977,ac1060
r3978,ac3811
r3979,ac3055
r3980,ac1987
r3981,ac2141
r3982,ac374
r3983,ac2048
r3984,ac3075
r3985,ac322
r3986,ac2742
r3987,ac193
r3988,ac2371
r3989,ac2425
r3990,ac1608
r3991,ac2833
r3992,ac2853
r3993,ac1113
r3994,ac721
r3995,ac1060
r3996,ac2400
r3997,ac2649
r3998,ac3154
r3999,ac1952
r4000,ac2189
r4001,ac1337
r4002,ac3979
r4003,ac4427
r4004,ac3138
r4005,ac4328
r4006,ac4393
r4007,ac2075
r4008,ac3344
r4009,ac3604
r4010,ac756
r4011,ac4515
r4012,ac269
r4013,ac550
r4014,ac1469
r4015,ac3756
r4016,ac4319
r4017,ac4060
r4018,ac2425
r4019,ac2871
r4020,ac1214
r4021,ac4264
r4022,ac3916
r4023,ac2536
r4024,ac3869
r4025,ac277
r4026,ac3869
r4027,ac109
r4028,ac3837
r4029,ac2657
r4030,ac3409
r4031,ac1434
r4032,ac766
r4033,ac2337
r4034,ac3868
r4035,ac3755
r4036,ac591
r4037,ac3380
r4038,ac3066
r4039,ac215
r4040,ac4054
r4041,ac1175
r4042,ac3146
r4043,ac3934
r4044,ac2419
r4045,ac1108
r4046,ac229
r4047,ac2353
r4048,ac2353
r4049,ac891
r4050,ac884
r4051,ac3139
r4052,ac4153
r4053,ac523
r4054,ac3649
r4055,ac4363
r4056,ac1721
r4057,ac4474
r4058,ac1638
r4059,ac4430
r4060,ac1741
r4061,ac237
r4062,ac1711
r4063,ac3114
r4064,ac4086
r4065,ac4587
r4066,ac704
r4067,ac80
r4068,ac1143
r4069,ac709
r4070,ac1217
r4071,ac879
r4072,ac1149
r4073,ac3175
r4074,ac2779
r4075,ac1692
r4076,ac1467
r4077,ac720
r4078,ac511
r4079,ac2760
r4080,ac3736
r4081,ac2895
r4082,ac1031
r4083,ac3833
r4084,ac548
r4085,ac1883
r4086,ac3455
r4087,ac2299
r4088,ac4056
r4089,ac3346
r4090,ac3227
r4091,ac1316
r4092,ac3026
r4093,ac2430
r4094,ac292
r4095,ac3704
r4096,ac609
r4097,ac1052
r4098,ac3920
r4099,ac1757
r4100,ac202
r4101,ac3966
r4102,ac1974
r4103,ac4120
r4104,ac3622
r4105,ac1362
r4106,ac3029
r4107,ac1691
r4108,ac2464
r4109,ac4079
r4110,ac1908
r4111,ac2742
r4112,ac1005
r4113,ac1004
r4114,ac1005
r4115,ac2282
r4116,ac1198
r4117,ac3346
r4118,ac3346
r4119,ac875
r4120,ac1023
r4121,ac3067
r4122,ac3540
r4123,ac441
r4124,ac3379
r4125,ac3554
r4126,ac3799
r4127,ac71
r4128,ac408
r4129,ac168
r4130,ac1679
r4131,ac972
r4132,ac3466
r4133,ac3156
r4134,ac2674
r4135,ac863
r4136,ac2537
r4137,ac1347
r4138,ac1347
r4139,ac2246
r4140,ac520
r4141,ac1886
r4142,ac2037
r4143,ac1012
r4144,ac2500
r4145,ac3591
r4146,ac781
r4147,ac1024
r4148,ac4314
r4149,ac1658
r4150,ac733
r4151,ac4272
r4152,ac1958
r4153,ac3138
r4154,ac3829
r4155,ac4273
r4156,ac3357
r4157,ac2874
r4158,ac3336
r4159,ac206
r4160,ac1044
r4161,ac3270
r4162,ac1755
r4163,ac1435
r4164,ac276
r4165,ac1600
r4166,ac1628
r4167,ac3355
r4168,ac3483
r4169,ac1572
r4170,ac2076
r4171,ac2612
r4172,ac3029
r4173,ac2942
r4174,ac1000
r4175,ac1544
r4176,ac1002
r4177,ac393
r4178,ac1115
r4179,ac4186
r4180,ac29
r4181,ac4596
r4182,ac1203
r4183,ac3998
r4184,ac804
r4185,ac2373
r4186,ac3554
r4187,ac1744
r4188,ac2236
r4189,ac1478
r4190,ac3381
r4191,ac3610
r4192,ac1005
r4193,ac3620
r4194,ac4426
r4195,ac3513
r4196,ac4426
r4197,ac4484
r4198,ac4483
r4199,ac3466
r4200,ac2233
r4201,ac4467
r4202,ac4237
r4203,ac285
r4204,ac373
r4205,ac1049
r4206,ac690
r4207,ac1969
r4208,ac1063
r4209,ac3341
r4210,ac4357
r4211,ac1400
r4212,ac1579
r4213,ac2085
r4214,ac2853
r4215,ac3547
r4216,ac2959
r4217,ac4346
r4218,ac2373
r4219,ac2169
r4220,ac1623
r4221,ac3747
r4222,ac205
r4223,ac2840
r4224,ac1067
r4225,ac4433
r4226,ac3049
r4227,ac143
r4228,ac1659
r4229,ac3538
r4230,ac2343
r4231,ac3532
r4232,ac4372
r4233,ac4372
r4234,ac139
r4235,ac99
r4236,ac1403
r4237,ac4365
r4238,ac927
r4239,ac2468
r4240,ac1573
r4241,ac643
r4242,ac2653
r4243,ac820
r4244,ac3205
r4245,ac1842
r4246,ac1689
r4247,ac4455
r4248,ac1986
r4249,ac4363
r4250,ac2603
r4251,ac4363
r4252,ac2065
r4253,ac3151
r4254,ac424
r4255,ac2365
r4256,ac3852
r4257,ac1331
r4258,ac3396
r4259,ac101
r4260,ac2885
r4261,ac4015
r4262,ac1229
r4263,ac524
r4264,ac1924
r4265,ac637
r4266,ac1805
r4267,ac4158
r4268,ac1091
r4269,ac3124
r4270,ac3276
r4271,ac4257
r4272,ac2435
r4273,ac2987
r4274,ac268
r4275,ac507
r4276,ac785
r4277,ac3496
r4278,ac621
r4279,ac621
r4280,ac4092
r4281,ac1855
r4282,ac56
r4283,ac1594
r4284,ac2017
r4285,ac3346
r4286,ac2081
r4287,ac4466
r4288,ac3934
r4289,ac4333
r4290,ac12
r4291,ac1160
r4292,ac4189
r4293,ac3160
r4294,ac4355
r4295,ac4224
r4296,ac1990
r4297,ac498
r4298,ac4099
r4299,ac4099
r4300,ac1529
r4301,ac272
r4302,ac3843
r4303,ac4461
r4304,ac2246
r4305,ac4028
r4306,ac2304
r4307,ac4350
r4308,ac3174
r4309,ac3935
r4310,ac3448
r4311,ac2381
r4312,ac3474
r4313,ac433
r4314,ac2178
r4315,ac3448
r4316,ac1622
r4317,ac940
r4318,ac4318
r4319,ac1366
r4320,ac633
r4321,ac4194
r4322,ac703
r4323,ac1963
r4324,ac3934
r4325,ac2007
r4326,ac1590
r4327,ac2232
r4328,ac3145
r4329,ac4114
r4330,ac134
r4331,ac3645
r4332,ac1418
r4333,ac1418
r4334,ac2512
r4335,ac3200
r4336,ac1383
r4337,ac2302
r4338,ac4415
r4339,ac2404
r4340,ac1310
r4341,ac1025
r4342,ac685
r4343,ac2371
r4344,ac3606
r4345,ac3341
r4346,ac607
r4347,ac2093
r4348,ac187
r4349,ac2976
r4350,ac4598
r4351,ac856
r4352,ac1460
r4353,ac1460
r4354,ac346
r4355,ac991
r4356,ac3691
r4357,ac3268
r4358,ac2303
r4359,ac2556
r4360,ac2838
r4361,ac2192
r4362,ac3112
r4363,ac3691
r4364,ac151
r4365,ac3392
r4366,ac1251
r4367,ac814
r4368,ac3799
r4369,ac2019
r4370,ac3554
r4371,ac1494
r4372,ac2909
r4373,ac518
r4374,ac1686
r4375,ac1346
r4376,ac90
r4377,ac90
r4378,ac90
r4379,ac1641
r4380,ac2303
r4381,ac338
r4382,ac2563
r4383,ac2207
r4384,ac255
r4385,ac664
r4386,ac2380
r4387,ac3324
r4388,ac1886
r4389,ac351
r4390,ac3340
r4391,ac2543
r4392,ac2543
r4393,ac4292
r4394,ac4520
r4395,ac4460
r4396,ac3483
r4397,ac2045
r4398,ac3840
r4399,ac3970
r4400,ac1070
r4401,ac3840
r4402,ac2233
r4403,ac4116
r4404,ac3840
r4405,ac2570
r4406,ac2685
r4407,ac4350
r4408,ac4350
r4409,ac3657
r4410,ac2873
r4411,ac1955
r4412,ac628
r4413,ac1522
r4414,ac1500
r4415,ac2207
r4416,ac1836
r4417,ac2118
r4418,ac1020
r4419,ac1020
r4420,ac1020
r4421,ac71
r4422,ac1657
r4423,ac2714
r4424,ac2659
