release,release_group
rl0,rg3201
rl1,rg1552
rl2,rg2304
rl3,rg4446
rl4,rg3817
rl5,rg3220
rl6,rg1500
rl7,rg235
rl8,rg3936
rl9,rg2593
rl10,rg456
rl11,rg456
rl12,rg1182
rl13,rg2858
rl14,rg3489
rl15,rg807
rl16,rg1981
rl17,rg1981
rl18,rg1181
rl19,rg2845
rl20,rg2076
rl21,rg3695
rl22,rg91
rl23,rg1305
rl24,rg2581
rl25,rg2024
rl26,rg3685
rl27,rg3637
rl28,rg2227
rl29,rg752
rl30,rg2413
rl31,rg4316
rl32,rg1571
rl33,rg1309
rl34,rg2159
rl35,rg3097
rl36,rg3649
rl37,rg2902
rl38,rg2981
rl39,rg3836
rl40,rg1775
rl41,rg189
rl42,rg778
rl43,rg909
rl44,rg217
rl45,rg1549
rl46,rg1031
rl47,rg3307
rl48,rg153
rl49,rg3700
rl50,rg2762
rl51,rg2938
rl52,rg983
rl53,rg2186
rl54,rg1551
rl55,rg3534
rl56,rg2847
rl57,rg664
rl58,rg316
rl59,rg2246
rl60,rg3475
rl61,rg2545
rl62,rg72
rl63,rg3499
rl64,rg1093
rl65,rg760
rl66,rg4427
rl67,rg2403
rl68,rg225
rl69,rg3785
rl70,rg236
rl71,rg431
rl72,rg3369
rl73,rg3540
rl74,rg433
rl75,rg4047
rl76,rg2094
rl77,rg3845
rl78,rg1322
rl79,rg3659
rl80,rg4154
rl81,rg2927
rl82,rg1239
rl83,rg2004
rl84,rg4192
rl85,rg2561
rl86,rg1984
rl87,rg3455
rl88,rg1648
rl89,rg2448
rl90,rg300
rl91,rg3557
rl92,rg3639
rl93,rg3527
rl94,rg3018
rl95,rg2641
rl96,rg377
rl97,rg3877
rl98,rg352
rl99,rg3547
rl100,rg317
rl101,rg1314
rl102,rg458
rl103,rg2437
rl104,rg2803
rl105,rg1808
rl106,rg3048
rl107,rg2375
rl108,rg3708
rl109,rg4435
rl110,rg550
rl111,rg3428
rl112,rg2459
rl113,rg1824
rl114,rg2884
rl115,rg2710
rl116,rg668
rl117,rg1348
rl118,rg2372
rl119,rg2372
rl120,rg846
rl121,rg3716
rl122,rg3737
rl123,rg1448
rl124,rg2463
rl125,rg83
rl126,rg1441
rl127,rg2385
rl128,rg4434
rl129,rg101
rl130,rg1062
rl131,rg789
rl132,rg3055
rl133,rg1634
rl134,rg2084
rl135,rg836
rl136,rg2518
rl137,rg3289
rl138,rg4189
rl139,rg4371
rl140,rg2011
rl141,rg1958
rl142,rg887
rl143,rg1910
rl144,rg2690
rl145,rg2664
rl146,rg3468
rl147,rg2970
rl148,rg869
rl149,rg3461
rl150,rg2859
rl151,rg3842
rl152,rg3848
rl153,rg2830
rl154,rg913
rl155,rg1088
rl156,rg3537
rl157,rg1279
rl158,rg1730
rl159,rg2974
rl160,rg2422
rl161,rg1632
rl162,rg1392
rl163,rg2611
rl164,rg4386
rl165,rg3300
rl166,rg1604
rl167,rg4037
rl168,rg3181
rl169,rg2911
rl170,rg2079
rl171,rg1822
rl172,rg3960
rl173,rg1615
rl174,rg3030
rl175,rg2707
rl176,rg239
rl177,rg3957
rl178,rg3776
rl179,rg3156
rl180,rg1123
rl181,rg2626
rl182,rg2966
rl183,rg935
rl184,rg1423
rl185,rg803
rl186,rg2204
rl187,rg1992
rl188,rg2702
rl189,rg594
rl190,rg3371
rl191,rg2144
rl192,rg642
rl193,rg3382
rl194,rg1288
rl195,rg430
rl196,rg3822
rl197,rg4402
rl198,rg1798
rl199,rg3647
rl200,rg898
rl201,rg31
rl202,rg524
rl203,rg2708
rl204,rg582
rl205,rg2634
rl206,rg193
rl207,rg252
rl208,rg252
rl209,rg748
rl210,rg87
rl211,rg3868
rl212,rg4452
rl213,rg4452
rl214,rg2355
rl215,rg3818
rl216,rg1499
rl217,rg105
rl218,rg1868
rl219,rg4194
rl220,rg1655
rl221,rg1555
rl222,rg1052
rl223,rg54
rl224,rg886
rl225,rg4427
rl226,rg111
rl227,rg2054
rl228,rg3270
rl229,rg111
rl230,rg4215
rl231,rg227
rl232,rg1265
rl233,rg1788
rl234,rg1530
rl235,rg2695
rl236,rg1369
rl237,rg662
rl238,rg3939
rl239,rg3931
rl240,rg24
rl241,rg24
rl242,rg61
rl243,rg842
rl244,rg1120
rl245,rg157
rl246,rg3613
rl247,rg3928
rl248,rg2650
rl249,rg178
rl250,rg2474
rl251,rg2474
rl252,rg4165
rl253,rg557
rl254,rg2280
rl255,rg1933
rl256,rg2434
rl257,rg707
rl258,rg1838
rl259,rg2310
rl260,rg3491
rl261,rg3748
rl262,rg479
rl263,rg3747
rl264,rg4073
rl265,rg3785
rl266,rg243
rl267,rg682
rl268,rg3040
rl269,rg3946
rl270,rg1486
rl271,rg3085
rl272,rg3632
rl273,rg3245
rl274,rg1549
rl275,rg3610
rl276,rg3423
rl277,rg952
rl278,rg2899
rl279,rg3061
rl280,rg3866
rl281,rg291
rl282,rg4041
rl283,rg950
rl284,rg2055
rl285,rg2066
rl286,rg4444
rl287,rg4444
rl288,rg3843
rl289,rg4374
rl290,rg3375
rl291,rg526
rl292,rg331
rl293,rg2769
rl294,rg3034
rl295,rg567
rl296,rg4053
rl297,rg2247
rl298,rg3571
rl299,rg954
rl300,rg478
rl301,rg4153
rl302,rg720
rl303,rg918
rl304,rg613
rl305,rg906
rl306,rg3275
rl307,rg90
rl308,rg3438
rl309,rg1127
rl310,rg1774
rl311,rg262
rl312,rg258
rl313,rg3990
rl314,rg3541
rl315,rg3221
rl316,rg1450
rl317,rg404
rl318,rg3781
rl319,rg3495
rl320,rg4255
rl321,rg2497
rl322,rg3634
rl323,rg1937
rl324,rg4269
rl325,rg3728
rl326,rg3728
rl327,rg1674
rl328,rg4339
rl329,rg1089
rl330,rg1429
rl331,rg3750
rl332,rg2012
rl333,rg1300
rl334,rg2767
rl335,rg183
rl336,rg3674
rl337,rg351
rl338,rg993
rl339,rg570
rl340,rg570
rl341,rg1850
rl342,rg2391
rl343,rg197
rl344,rg244
rl345,rg2203
rl346,rg3550
rl347,rg2646
rl348,rg1854
rl349,rg4376
rl350,rg2859
rl351,rg2889
rl352,rg1622
rl353,rg2621
rl354,rg2530
rl355,rg3495
rl356,rg1235
rl357,rg4240
rl358,rg2014
rl359,rg4229
rl360,rg2915
rl361,rg2915
rl362,rg680
rl363,rg2761
rl364,rg28
rl365,rg3612
rl366,rg1269
rl367,rg3754
rl368,rg3976
rl369,rg244
rl370,rg2734
rl371,rg4381
rl372,rg2916
rl373,rg3353
rl374,rg3269
rl375,rg3082
rl376,rg4121
rl377,rg2714
rl378,rg3788
rl379,rg1745
rl380,rg3352
rl381,rg56
rl382,rg1986
rl383,rg4068
rl384,rg2228
rl385,rg3145
rl386,rg3145
rl387,rg3041
rl388,rg3947
rl389,rg3899
rl390,rg2267
rl391,rg2663
rl392,rg4000
rl393,rg355
rl394,rg4056
rl395,rg1846
rl396,rg1315
rl397,rg1677
rl398,rg2248
rl399,rg1360
rl400,rg4134
rl401,rg1285
rl402,rg61
rl403,rg2992
rl404,rg677
rl405,rg581
rl406,rg2475
rl407,rg3332
rl408,rg1890
rl409,rg1381
rl410,rg2613
rl411,rg402
rl412,rg4236
rl413,rg4236
rl414,rg122
rl415,rg304
rl416,rg3755
rl417,rg4120
rl418,rg942
rl419,rg177
rl420,rg3689
rl421,rg3986
rl422,rg397
rl423,rg3689
rl424,rg3977
rl425,rg3977
rl426,rg4296
rl427,rg4296
rl428,rg3400
rl429,rg2956
rl430,rg2320
rl431,rg454
rl432,rg1683
rl433,rg2916
rl434,rg3132
rl435,rg1328
rl436,rg3537
rl437,rg2889
rl438,rg3620
rl439,rg25
rl440,rg897
rl441,rg2574
rl442,rg691
rl443,rg1877
rl444,rg2349
rl445,rg1283
rl446,rg1198
rl447,rg2789
rl448,rg225
rl449,rg2108
rl450,rg1851
rl451,rg379
rl452,rg390
rl453,rg2243
rl454,rg3046
rl455,rg4436
rl456,rg2727
rl457,rg2223
rl458,rg2559
rl459,rg2952
rl460,rg1105
rl461,rg440
rl462,rg1074
rl463,rg646
rl464,rg120
rl465,rg1372
rl466,rg2444
rl467,rg3886
rl468,rg4419
rl469,rg498
rl470,rg3633
rl471,rg839
rl472,rg2787
rl473,rg266
rl474,rg571
rl475,rg2123
rl476,rg3213
rl477,rg3500
rl478,rg1787
rl479,rg2675
rl480,rg1437
rl481,rg2018
rl482,rg2089
rl483,rg3303
rl484,rg3224
rl485,rg3514
rl486,rg2199
rl487,rg2454
rl488,rg839
rl489,rg3348
rl490,rg2199
rl491,rg2770
rl492,rg4096
rl493,rg3423
rl494,rg505
rl495,rg3191
rl496,rg1278
rl497,rg1995
rl498,rg525
rl499,rg525
rl500,rg1117
rl501,rg82
rl502,rg1253
rl503,rg3427
rl504,rg2928
rl505,rg2823
rl506,rg1534
rl507,rg2442
rl508,rg2218
rl509,rg4211
rl510,rg530
rl511,rg2013
rl512,rg2238
rl513,rg288
rl514,rg2919
rl515,rg763
rl516,rg2888
rl517,rg464
rl518,rg736
rl519,rg1834
rl520,rg4204
rl521,rg186
rl522,rg2764
rl523,rg2431
rl524,rg222
rl525,rg4171
rl526,rg2218
rl527,rg1716
rl528,rg1164
rl529,rg2930
rl530,rg572
rl531,rg2545
rl532,rg3165
rl533,rg361
rl534,rg4116
rl535,rg3953
rl536,rg3857
rl537,rg2270
rl538,rg774
rl539,rg1598
rl540,rg1887
rl541,rg162
rl542,rg888
rl543,rg777
rl544,rg2910
rl545,rg1352
rl546,rg2015
rl547,rg2483
rl548,rg2453
rl549,rg2212
rl550,rg2010
rl551,rg3020
rl552,rg1970
rl553,rg3327
rl554,rg2249
rl555,rg2914
rl556,rg1650
rl557,rg832
rl558,rg3316
rl559,rg1210
rl560,rg1355
rl561,rg4263
rl562,rg1455
rl563,rg4274
rl564,rg410
rl565,rg247
rl566,rg587
rl567,rg1563
rl568,rg1308
rl569,rg3092
rl570,rg2727
rl571,rg3354
rl572,rg927
rl573,rg4421
rl574,rg1630
rl575,rg3938
rl576,rg3741
rl577,rg2558
rl578,rg2087
rl579,rg789
rl580,rg4026
rl581,rg1746
rl582,rg2092
rl583,rg2460
rl584,rg658
rl585,rg305
rl586,rg3690
rl587,rg3742
rl588,rg3664
rl589,rg2244
rl590,rg2027
rl591,rg1519
rl592,rg643
rl593,rg1424
rl594,rg4030
rl595,rg2156
rl596,rg2604
rl597,rg1688
rl598,rg669
rl599,rg837
rl600,rg341
rl601,rg510
rl602,rg3667
rl603,rg2887
rl604,rg1274
rl605,rg3412
rl606,rg2211
rl607,rg4186
rl608,rg3792
rl609,rg4420
rl610,rg136
rl611,rg3005
rl612,rg1094
rl613,rg3670
rl614,rg4395
rl615,rg1944
rl616,rg2776
rl617,rg3670
rl618,rg3850
rl619,rg3850
rl620,rg2887
rl621,rg3149
rl622,rg3211
rl623,rg4249
rl624,rg3363
rl625,rg1869
rl626,rg3219
rl627,rg2580
rl628,rg1711
rl629,rg3530
rl630,rg1279
rl631,rg3511
rl632,rg1679
rl633,rg2227
rl634,rg3575
rl635,rg3213
rl636,rg3213
rl637,rg2229
rl638,rg4238
rl639,rg4221
rl640,rg3093
rl641,rg1833
rl642,rg1452
rl643,rg2525
rl644,rg376
rl645,rg2458
rl646,rg4081
rl647,rg4081
rl648,rg2402
rl649,rg3723
rl650,rg3266
rl651,rg3355
rl652,rg1036
rl653,rg3308
rl654,rg3705
rl655,rg2374
rl656,rg354
rl657,rg2261
rl658,rg2534
rl659,rg2743
rl660,rg2772
rl661,rg2513
rl662,rg2513
rl663,rg1581
rl664,rg4270
rl665,rg25
rl666,rg2943
rl667,rg2075
rl668,rg704
rl669,rg2541
rl670,rg1820
rl671,rg3969
rl672,rg203
rl673,rg203
rl674,rg3557
rl675,rg2571
rl676,rg3890
rl677,rg1690
rl678,rg2196
rl679,rg1302
rl680,rg977
rl681,rg2381
rl682,rg1779
rl683,rg26
rl684,rg566
rl685,rg1817
rl686,rg2786
rl687,rg3001
rl688,rg2658
rl689,rg3686
rl690,rg121
rl691,rg2958
rl692,rg3358
rl693,rg2523
rl694,rg635
rl695,rg4007
rl696,rg4365
rl697,rg124
rl698,rg452
rl699,rg1488
rl700,rg4392
rl701,rg1479
rl702,rg2345
rl703,rg600
rl704,rg1894
rl705,rg584
rl706,rg4118
rl707,rg2167
rl708,rg563
rl709,rg2325
rl710,rg871
rl711,rg1429
rl712,rg3697
rl713,rg3002
rl714,rg3284
rl715,rg25
rl716,rg3082
rl717,rg2046
rl718,rg1060
rl719,rg445
rl720,rg3421
rl721,rg3095
rl722,rg3881
rl723,rg1797
rl724,rg2550
rl725,rg2143
rl726,rg2851
rl727,rg85
rl728,rg4079
rl729,rg388
rl730,rg3087
rl731,rg1108
rl732,rg1932
rl733,rg535
rl734,rg971
rl735,rg1875
rl736,rg2252
rl737,rg2215
rl738,rg1395
rl739,rg1515
rl740,rg455
rl741,rg3606
rl742,rg1780
rl743,rg2652
rl744,rg750
rl745,rg1948
rl746,rg4148
rl747,rg626
rl748,rg579
rl749,rg2137
rl750,rg1392
rl751,rg1172
rl752,rg1292
rl753,rg2352
rl754,rg640
rl755,rg2587
rl756,rg2717
rl757,rg108
rl758,rg4313
rl759,rg340
rl760,rg713
rl761,rg3608
rl762,rg2443
rl763,rg2443
rl764,rg3739
rl765,rg3860
rl766,rg132
rl767,rg132
rl768,rg3281
rl769,rg2838
rl770,rg4103
rl771,rg400
rl772,rg3110
rl773,rg2757
rl774,rg3265
rl775,rg2249
rl776,rg866
rl777,rg2778
rl778,rg3660
rl779,rg4340
rl780,rg2571
rl781,rg3782
rl782,rg917
rl783,rg1913
rl784,rg2020
rl785,rg1530
rl786,rg2676
rl787,rg3036
rl788,rg3693
rl789,rg4096
rl790,rg1898
rl791,rg3874
rl792,rg1613
rl793,rg854
rl794,rg2748
rl795,rg1437
rl796,rg3968
rl797,rg725
rl798,rg27
rl799,rg1137
rl800,rg1961
rl801,rg3788
rl802,rg4285
rl803,rg655
rl804,rg3174
rl805,rg1285
rl806,rg1844
rl807,rg1961
rl808,rg2360
rl809,rg2667
rl810,rg3637
rl811,rg99
rl812,rg3834
rl813,rg3916
rl814,rg1725
rl815,rg174
rl816,rg3912
rl817,rg1177
rl818,rg3993
rl819,rg3235
rl820,rg4284
rl821,rg4036
rl822,rg1716
rl823,rg1556
rl824,rg3801
rl825,rg3394
rl826,rg4359
rl827,rg2087
rl828,rg1308
rl829,rg3429
rl830,rg3864
rl831,rg960
rl832,rg2747
rl833,rg2318
rl834,rg702
rl835,rg1414
rl836,rg364
rl837,rg1574
rl838,rg921
rl839,rg3903
rl840,rg2452
rl841,rg220
rl842,rg51
rl843,rg1545
rl844,rg1617
rl845,rg1617
rl846,rg1836
rl847,rg912
rl848,rg4028
rl849,rg1451
rl850,rg285
rl851,rg1873
rl852,rg496
rl853,rg3450
rl854,rg1990
rl855,rg3191
rl856,rg1257
rl857,rg3102
rl858,rg3110
rl859,rg1125
rl860,rg2931
rl861,rg3759
rl862,rg813
rl863,rg1536
rl864,rg2704
rl865,rg3867
rl866,rg2043
rl867,rg142
rl868,rg2826
rl869,rg1425
rl870,rg3119
rl871,rg3136
rl872,rg3198
rl873,rg1201
rl874,rg1174
rl875,rg3178
rl876,rg4030
rl877,rg1056
rl878,rg2537
rl879,rg1234
rl880,rg2942
rl881,rg1592
rl882,rg1710
rl883,rg1514
rl884,rg1106
rl885,rg1340
rl886,rg91
rl887,rg2725
rl888,rg506
rl889,rg979
rl890,rg570
rl891,rg3052
rl892,rg2538
rl893,rg4030
rl894,rg190
rl895,rg1075
rl896,rg1683
rl897,rg238
rl898,rg1280
rl899,rg503
rl900,rg3401
rl901,rg2625
rl902,rg821
rl903,rg342
rl904,rg2415
rl905,rg2077
rl906,rg472
rl907,rg545
rl908,rg2430
rl909,rg1848
rl910,rg1401
rl911,rg426
rl912,rg1753
rl913,rg1616
rl914,rg1245
rl915,rg3808
rl916,rg2793
rl917,rg2793
rl918,rg3799
rl919,rg1675
rl920,rg1653
rl921,rg3661
rl922,rg1376
rl923,rg1474
rl924,rg2963
rl925,rg1807
rl926,rg3158
rl927,rg4305
rl928,rg4305
rl929,rg3088
rl930,rg4035
rl931,rg3109
rl932,rg110
rl933,rg577
rl934,rg3919
rl935,rg3588
rl936,rg2257
rl937,rg36
rl938,rg3962
rl939,rg597
rl940,rg4385
rl941,rg2680
rl942,rg4202
rl943,rg166
rl944,rg793
rl945,rg868
rl946,rg3502
rl947,rg89
rl948,rg638
rl949,rg2910
rl950,rg1202
rl951,rg3733
rl952,rg1129
rl953,rg4403
rl954,rg2240
rl955,rg1641
rl956,rg2057
rl957,rg4234
rl958,rg446
rl959,rg558
rl960,rg3636
rl961,rg507
rl962,rg499
rl963,rg4003
rl964,rg821
rl965,rg4210
rl966,rg1913
rl967,rg1750
rl968,rg1926
rl969,rg3484
rl970,rg2108
rl971,rg1624
rl972,rg256
rl973,rg1048
rl974,rg623
rl975,rg3027
rl976,rg3545
rl977,rg2278
rl978,rg2649
rl979,rg1416
rl980,rg2274
rl981,rg2230
rl982,rg423
rl983,rg1080
rl984,rg4101
rl985,rg2686
rl986,rg3243
rl987,rg117
rl988,rg1678
rl989,rg4380
rl990,rg4124
rl991,rg1911
rl992,rg517
rl993,rg197
rl994,rg2873
rl995,rg4041
rl996,rg630
rl997,rg521
rl998,rg292
rl999,rg1902
rl1000,rg1905
rl1001,rg1659
rl1002,rg268
rl1003,rg1874
rl1004,rg190
rl1005,rg4431
rl1006,rg495
rl1007,rg2678
rl1008,rg4375
rl1009,rg1252
rl1010,rg1631
rl1011,rg2189
rl1012,rg606
rl1013,rg329
rl1014,rg1173
rl1015,rg3935
rl1016,rg484
rl1017,rg2918
rl1018,rg1938
rl1019,rg3666
rl1020,rg96
rl1021,rg2312
rl1022,rg389
rl1023,rg2310
rl1024,rg1075
rl1025,rg1062
rl1026,rg2132
rl1027,rg4311
rl1028,rg3056
rl1029,rg1649
rl1030,rg2661
rl1031,rg601
rl1032,rg2085
rl1033,rg513
rl1034,rg4453
rl1035,rg368
rl1036,rg1003
rl1037,rg1003
rl1038,rg1708
rl1039,rg2675
rl1040,rg1026
rl1041,rg2912
rl1042,rg937
rl1043,rg1325
rl1044,rg1418
rl1045,rg665
rl1046,rg864
rl1047,rg2924
rl1048,rg615
rl1049,rg801
rl1050,rg820
rl1051,rg3262
rl1052,rg3262
rl1053,rg2588
rl1054,rg4389
rl1055,rg1162
rl1056,rg3050
rl1057,rg604
rl1058,rg1334
rl1059,rg269
rl1060,rg3879
rl1061,rg3430
rl1062,rg4132
rl1063,rg3340
rl1064,rg1607
rl1065,rg739
rl1066,rg204
rl1067,rg1915
rl1068,rg3909
rl1069,rg1524
rl1070,rg3882
rl1071,rg2363
rl1072,rg280
rl1073,rg3442
rl1074,rg394
rl1075,rg3437
rl1076,rg4126
rl1077,rg2939
rl1078,rg3592
rl1079,rg1569
rl1080,rg3423
rl1081,rg1412
rl1082,rg679
rl1083,rg663
rl1084,rg2735
rl1085,rg70
rl1086,rg4184
rl1087,rg712
rl1088,rg2880
rl1089,rg593
rl1090,rg1087
rl1091,rg2337
rl1092,rg424
rl1093,rg4220
rl1094,rg1338
rl1095,rg3483
rl1096,rg1757
rl1097,rg1738
rl1098,rg2686
rl1099,rg1998
rl1100,rg2380
rl1101,rg3987
rl1102,rg1335
rl1103,rg2245
rl1104,rg213
rl1105,rg3740
rl1106,rg723
rl1107,rg3127
rl1108,rg3105
rl1109,rg1203
rl1110,rg3298
rl1111,rg2782
rl1112,rg1428
rl1113,rg3285
rl1114,rg3121
rl1115,rg4002
rl1116,rg4079
rl1117,rg647
rl1118,rg2562
rl1119,rg3524
rl1120,rg4259
rl1121,rg3806
rl1122,rg2178
rl1123,rg400
rl1124,rg1126
rl1125,rg3907
rl1126,rg391
rl1127,rg984
rl1128,rg3075
rl1129,rg3780
rl1130,rg852
rl1131,rg3126
rl1132,rg3936
rl1133,rg1016
rl1134,rg3109
rl1135,rg1387
rl1136,rg3587
rl1137,rg103
rl1138,rg2640
rl1139,rg2426
rl1140,rg3207
rl1141,rg2477
rl1142,rg1888
rl1143,rg592
rl1144,rg39
rl1145,rg39
rl1146,rg1669
rl1147,rg3715
rl1148,rg3096
rl1149,rg1644
rl1150,rg396
rl1151,rg2182
rl1152,rg1972
rl1153,rg3578
rl1154,rg618
rl1155,rg1548
rl1156,rg449
rl1157,rg4027
rl1158,rg719
rl1159,rg2951
rl1160,rg1852
rl1161,rg3777
rl1162,rg921
rl1163,rg921
rl1164,rg1978
rl1165,rg3851
rl1166,rg12
rl1167,rg127
rl1168,rg2414
rl1169,rg1514
rl1170,rg3097
rl1171,rg2369
rl1172,rg4050
rl1173,rg2675
rl1174,rg2749
rl1175,rg3512
rl1176,rg1447
rl1177,rg2384
rl1178,rg2095
rl1179,rg851
rl1180,rg3382
rl1181,rg2405
rl1182,rg4385
rl1183,rg2424
rl1184,rg830
rl1185,rg2403
rl1186,rg2403
rl1187,rg2046
rl1188,rg4348
rl1189,rg153
rl1190,rg2547
rl1191,rg2547
rl1192,rg1664
rl1193,rg1639
rl1194,rg1448
rl1195,rg4402
rl1196,rg343
rl1197,rg3406
rl1198,rg1242
rl1199,rg1968
rl1200,rg1860
rl1201,rg3255
rl1202,rg4245
rl1203,rg1284
rl1204,rg2134
rl1205,rg2048
rl1206,rg2976
rl1207,rg3833
rl1208,rg4203
rl1209,rg188
rl1210,rg4201
rl1211,rg4387
rl1212,rg4387
rl1213,rg2842
rl1214,rg2726
rl1215,rg187
rl1216,rg349
rl1217,rg3223
rl1218,rg2172
rl1219,rg3479
rl1220,rg730
rl1221,rg592
rl1222,rg911
rl1223,rg3949
rl1224,rg4344
rl1225,rg2957
rl1226,rg3937
rl1227,rg3605
rl1228,rg3055
rl1229,rg560
rl1230,rg3230
rl1231,rg4206
rl1232,rg2153
rl1233,rg122
rl1234,rg1445
rl1235,rg1906
rl1236,rg1768
rl1237,rg4141
rl1238,rg4141
rl1239,rg1243
rl1240,rg842
rl1241,rg4433
rl1242,rg955
rl1243,rg1596
rl1244,rg2640
rl1245,rg957
rl1246,rg2598
rl1247,rg3683
rl1248,rg2639
rl1249,rg2115
rl1250,rg3322
rl1251,rg544
rl1252,rg1282
rl1253,rg2737
rl1254,rg3876
rl1255,rg2663
rl1256,rg3865
rl1257,rg2298
rl1258,rg370
rl1259,rg2312
rl1260,rg1068
rl1261,rg3897
rl1262,rg432
rl1263,rg462
rl1264,rg4149
rl1265,rg3325
rl1266,rg1782
rl1267,rg1533
rl1268,rg1720
rl1269,rg4226
rl1270,rg1503
rl1271,rg3187
rl1272,rg3721
rl1273,rg3624
rl1274,rg1212
rl1275,rg3329
rl1276,rg1046
rl1277,rg3449
rl1278,rg3452
rl1279,rg1580
rl1280,rg1752
rl1281,rg2070
rl1282,rg3625
rl1283,rg1017
rl1284,rg3142
rl1285,rg9
rl1286,rg380
rl1287,rg694
rl1288,rg1315
rl1289,rg2955
rl1290,rg1148
rl1291,rg1687
rl1292,rg1642
rl1293,rg4225
rl1294,rg4225
rl1295,rg2738
rl1296,rg4145
rl1297,rg1297
rl1298,rg1567
rl1299,rg2920
rl1300,rg1457
rl1301,rg3473
rl1302,rg3345
rl1303,rg762
rl1304,rg4446
rl1305,rg3726
rl1306,rg4415
rl1307,rg2698
rl1308,rg1018
rl1309,rg2962
rl1310,rg3675
rl1311,rg903
rl1312,rg733
rl1313,rg4014
rl1314,rg1100
rl1315,rg1237
rl1316,rg3576
rl1317,rg539
rl1318,rg1291
rl1319,rg4215
rl1320,rg4215
rl1321,rg1758
rl1322,rg2637
rl1323,rg4311
rl1324,rg4342
rl1325,rg4039
rl1326,rg1627
rl1327,rg3805
rl1328,rg3403
rl1329,rg2624
rl1330,rg3268
rl1331,rg2065
rl1332,rg2176
rl1333,rg1267
rl1334,rg257
rl1335,rg3335
rl1336,rg2878
rl1337,rg3438
rl1338,rg3512
rl1339,rg4401
rl1340,rg2244
rl1341,rg1582
rl1342,rg1582
rl1343,rg778
rl1344,rg535
rl1345,rg2875
rl1346,rg485
rl1347,rg3656
rl1348,rg4130
rl1349,rg3153
rl1350,rg1983
rl1351,rg2092
rl1352,rg3660
rl1353,rg1517
rl1354,rg1643
rl1355,rg1232
rl1356,rg3716
rl1357,rg2471
rl1358,rg1157
rl1359,rg4109
rl1360,rg4174
rl1361,rg3575
rl1362,rg367
rl1363,rg666
rl1364,rg2498
rl1365,rg1737
rl1366,rg305
rl1367,rg2197
rl1368,rg3153
rl1369,rg1597
rl1370,rg2482
rl1371,rg4329
rl1372,rg1658
rl1373,rg956
rl1374,rg2716
rl1375,rg358
rl1376,rg753
rl1377,rg1104
rl1378,rg3432
rl1379,rg4443
rl1380,rg4431
rl1381,rg952
rl1382,rg4063
rl1383,rg2336
rl1384,rg2253
rl1385,rg2025
rl1386,rg2956
rl1387,rg2276
rl1388,rg2276
rl1389,rg4017
rl1390,rg951
rl1391,rg3805
rl1392,rg2969
rl1393,rg3313
rl1394,rg1698
rl1395,rg2356
rl1396,rg2342
rl1397,rg2630
rl1398,rg1651
rl1399,rg1516
rl1400,rg3069
rl1401,rg488
rl1402,rg112
rl1403,rg4037
rl1404,rg334
rl1405,rg1922
rl1406,rg981
rl1407,rg2939
rl1408,rg2125
rl1409,rg2125
rl1410,rg1081
rl1411,rg2894
rl1412,rg3112
rl1413,rg4119
rl1414,rg662
rl1415,rg1484
rl1416,rg4450
rl1417,rg86
rl1418,rg4296
rl1419,rg3641
rl1420,rg86
rl1421,rg360
rl1422,rg3113
rl1423,rg2784
rl1424,rg2857
rl1425,rg3711
rl1426,rg2261
rl1427,rg3553
rl1428,rg1417
rl1429,rg4117
rl1430,rg1883
rl1431,rg3513
rl1432,rg3380
rl1433,rg858
rl1434,rg4345
rl1435,rg4324
rl1436,rg102
rl1437,rg3346
rl1438,rg1549
rl1439,rg2170
rl1440,rg3544
rl1441,rg2815
rl1442,rg966
rl1443,rg3262
rl1444,rg1113
rl1445,rg138
rl1446,rg3261
rl1447,rg320
rl1448,rg434
rl1449,rg1086
rl1450,rg2691
rl1451,rg156
rl1452,rg3472
rl1453,rg486
rl1454,rg1644
rl1455,rg2133
rl1456,rg1462
rl1457,rg3875
rl1458,rg1909
rl1459,rg2350
rl1460,rg1247
rl1461,rg303
rl1462,rg1831
rl1463,rg195
rl1464,rg390
rl1465,rg4029
rl1466,rg4263
rl1467,rg831
rl1468,rg831
rl1469,rg3855
rl1470,rg2829
rl1471,rg2414
rl1472,rg514
rl1473,rg2544
rl1474,rg544
rl1475,rg1928
rl1476,rg2292
rl1477,rg109
rl1478,rg2619
rl1479,rg4027
rl1480,rg3011
rl1481,rg4127
rl1482,rg2491
rl1483,rg743
rl1484,rg2321
rl1485,rg2321
rl1486,rg3751
rl1487,rg2066
rl1488,rg3921
rl1489,rg2922
rl1490,rg3068
rl1491,rg4169
rl1492,rg2120
rl1493,rg3301
rl1494,rg685
rl1495,rg3918
rl1496,rg658
rl1497,rg4290
rl1498,rg2706
rl1499,rg1764
rl1500,rg1473
rl1501,rg3983
rl1502,rg161
rl1503,rg3200
rl1504,rg4112
rl1505,rg895
rl1506,rg1147
rl1507,rg1895
rl1508,rg899
rl1509,rg4199
rl1510,rg1651
rl1511,rg1795
rl1512,rg468
rl1513,rg3863
rl1514,rg3307
rl1515,rg4289
rl1516,rg2691
rl1517,rg3172
rl1518,rg2340
rl1519,rg855
rl1520,rg3241
rl1521,rg3384
rl1522,rg44
rl1523,rg3045
rl1524,rg3185
rl1525,rg2561
rl1526,rg4388
rl1527,rg1029
rl1528,rg7
rl1529,rg2668
rl1530,rg1765
rl1531,rg1765
rl1532,rg562
rl1533,rg2779
rl1534,rg2853
rl1535,rg2845
rl1536,rg1231
rl1537,rg1982
rl1538,rg4370
rl1539,rg1889
rl1540,rg945
rl1541,rg2334
rl1542,rg3896
rl1543,rg1803
rl1544,rg1251
rl1545,rg690
rl1546,rg2176
rl1547,rg192
rl1548,rg2497
rl1549,rg490
rl1550,rg242
rl1551,rg692
rl1552,rg2962
rl1553,rg2297
rl1554,rg1756
rl1555,rg996
rl1556,rg3784
rl1557,rg4292
rl1558,rg3767
rl1559,rg982
rl1560,rg3022
rl1561,rg1114
rl1562,rg2723
rl1563,rg232
rl1564,rg3372
rl1565,rg2009
rl1566,rg2443
rl1567,rg1988
rl1568,rg1333
rl1569,rg1422
rl1570,rg1228
rl1571,rg3455
rl1572,rg3411
rl1573,rg2916
rl1574,rg4073
rl1575,rg3132
rl1576,rg731
rl1577,rg110
rl1578,rg3693
rl1579,rg3022
rl1580,rg1173
rl1581,rg372
rl1582,rg656
rl1583,rg1988
rl1584,rg906
rl1585,rg897
rl1586,rg2437
rl1587,rg2988
rl1588,rg2583
rl1589,rg1040
rl1590,rg295
rl1591,rg644
rl1592,rg477
rl1593,rg1366
rl1594,rg1057
rl1595,rg575
rl1596,rg1221
rl1597,rg1399
rl1598,rg2804
rl1599,rg4228
rl1600,rg1593
rl1601,rg1749
rl1602,rg3098
rl1603,rg2671
rl1604,rg362
rl1605,rg3680
rl1606,rg2467
rl1607,rg387
rl1608,rg2040
rl1609,rg71
rl1610,rg1960
rl1611,rg1696
rl1612,rg1705
rl1613,rg1052
rl1614,rg1580
rl1615,rg4034
rl1616,rg3070
rl1617,rg4
rl1618,rg2163
rl1619,rg476
rl1620,rg1420
rl1621,rg1420
rl1622,rg2180
rl1623,rg1684
rl1624,rg3520
rl1625,rg60
rl1626,rg620
rl1627,rg1734
rl1628,rg4426
rl1629,rg1901
rl1630,rg3913
rl1631,rg873
rl1632,rg637
rl1633,rg603
rl1634,rg3886
rl1635,rg1460
rl1636,rg3039
rl1637,rg3098
rl1638,rg1994
rl1639,rg2876
rl1640,rg1145
rl1641,rg834
rl1642,rg834
rl1643,rg2913
rl1644,rg435
rl1645,rg314
rl1646,rg743
rl1647,rg2106
rl1648,rg2281
rl1649,rg3149
rl1650,rg1152
rl1651,rg867
rl1652,rg1340
rl1653,rg1889
rl1654,rg1899
rl1655,rg959
rl1656,rg4363
rl1657,rg4363
rl1658,rg2256
rl1659,rg4104
rl1660,rg2504
rl1661,rg599
rl1662,rg4204
rl1663,rg4098
rl1664,rg1096
rl1665,rg4253
rl1666,rg4171
rl1667,rg2759
rl1668,rg85
rl1669,rg2545
rl1670,rg743
rl1671,rg2513
rl1672,rg1045
rl1673,rg1289
rl1674,rg4363
rl1675,rg2616
rl1676,rg430
rl1677,rg1410
rl1678,rg1306
rl1679,rg3055
rl1680,rg769
rl1681,rg1932
rl1682,rg3310
rl1683,rg79
rl1684,rg1176
rl1685,rg1976
rl1686,rg1094
rl1687,rg2051
rl1688,rg1030
rl1689,rg3851
rl1690,rg523
rl1691,rg4217
rl1692,rg3509
rl1693,rg1754
rl1694,rg2060
rl1695,rg3374
rl1696,rg1213
rl1697,rg2861
rl1698,rg1480
rl1699,rg1755
rl1700,rg4399
rl1701,rg1852
rl1702,rg69
rl1703,rg2632
rl1704,rg2791
rl1705,rg2279
rl1706,rg1537
rl1707,rg4356
rl1708,rg1055
rl1709,rg1055
rl1710,rg3926
rl1711,rg4412
rl1712,rg568
rl1713,rg2737
rl1714,rg1387
rl1715,rg724
rl1716,rg4167
rl1717,rg271
rl1718,rg1645
rl1719,rg1863
rl1720,rg347
rl1721,rg3826
rl1722,rg463
rl1723,rg4107
rl1724,rg589
rl1725,rg2321
rl1726,rg2425
rl1727,rg1136
rl1728,rg4016
rl1729,rg2741
rl1730,rg1754
rl1731,rg85
rl1732,rg1356
rl1733,rg1540
rl1734,rg4175
rl1735,rg2142
rl1736,rg2447
rl1737,rg3314
rl1738,rg3015
rl1739,rg1949
rl1740,rg2998
rl1741,rg1042
rl1742,rg924
rl1743,rg924
rl1744,rg874
rl1745,rg1629
rl1746,rg3922
rl1747,rg2059
rl1748,rg1193
rl1749,rg3333
rl1750,rg841
rl1751,rg2224
rl1752,rg3640
rl1753,rg764
rl1754,rg1831
rl1755,rg2249
rl1756,rg2008
rl1757,rg3067
rl1758,rg1538
rl1759,rg787
rl1760,rg4370
rl1761,rg3282
rl1762,rg3561
rl1763,rg1779
rl1764,rg801
rl1765,rg409
rl1766,rg1333
rl1767,rg924
rl1768,rg150
rl1769,rg295
rl1770,rg3814
rl1771,rg667
rl1772,rg2967
rl1773,rg3832
rl1774,rg1561
rl1775,rg3945
rl1776,rg367
rl1777,rg3339
rl1778,rg540
rl1779,rg3534
rl1780,rg1814
rl1781,rg478
rl1782,rg3888
rl1783,rg3373
rl1784,rg2174
rl1785,rg2373
rl1786,rg574
rl1787,rg2186
rl1788,rg2186
rl1789,rg2731
rl1790,rg1321
rl1791,rg2553
rl1792,rg3445
rl1793,rg1751
rl1794,rg3247
rl1795,rg1473
rl1796,rg953
rl1797,rg789
rl1798,rg3749
rl1799,rg3517
rl1800,rg527
rl1801,rg4391
rl1802,rg1187
rl1803,rg831
rl1804,rg3669
rl1805,rg4354
rl1806,rg1099
rl1807,rg3061
rl1808,rg2029
rl1809,rg541
rl1810,rg1533
rl1811,rg3497
rl1812,rg1268
rl1813,rg884
rl1814,rg1602
rl1815,rg3973
rl1816,rg894
rl1817,rg3597
rl1818,rg3776
rl1819,rg821
rl1820,rg2398
rl1821,rg3795
rl1822,rg2536
rl1823,rg4286
rl1824,rg632
rl1825,rg580
rl1826,rg1004
rl1827,rg1002
rl1828,rg1076
rl1829,rg4050
rl1830,rg2728
rl1831,rg735
rl1832,rg1495
rl1833,rg2300
rl1834,rg57
rl1835,rg2603
rl1836,rg2596
rl1837,rg561
rl1838,rg3101
rl1839,rg744
rl1840,rg4354
rl1841,rg2109
rl1842,rg3445
rl1843,rg592
rl1844,rg3887
rl1845,rg273
rl1846,rg2205
rl1847,rg4282
rl1848,rg3646
rl1849,rg150
rl1850,rg3894
rl1851,rg728
rl1852,rg1031
rl1853,rg2496
rl1854,rg3296
rl1855,rg3791
rl1856,rg3894
rl1857,rg4281
rl1858,rg1187
rl1859,rg4439
rl1860,rg4439
rl1861,rg3312
rl1862,rg3911
rl1863,rg4141
rl1864,rg3538
rl1865,rg2781
rl1866,rg2986
rl1867,rg2382
rl1868,rg3099
rl1869,rg702
rl1870,rg1982
rl1871,rg2785
rl1872,rg1862
rl1873,rg2240
rl1874,rg2240
rl1875,rg1080
rl1876,rg2926
rl1877,rg3504
rl1878,rg3491
rl1879,rg2806
rl1880,rg2063
rl1881,rg3157
rl1882,rg2079
rl1883,rg1888
rl1884,rg110
rl1885,rg2404
rl1886,rg742
rl1887,rg2982
rl1888,rg4278
rl1889,rg2950
rl1890,rg3162
rl1891,rg3931
rl1892,rg1788
rl1893,rg2971
rl1894,rg2760
rl1895,rg706
rl1896,rg3462
rl1897,rg3974
rl1898,rg2793
rl1899,rg4364
rl1900,rg2199
rl1901,rg2417
rl1902,rg154
rl1903,rg4280
rl1904,rg2251
rl1905,rg2354
rl1906,rg71
rl1907,rg1269
rl1908,rg484
rl1909,rg3326
rl1910,rg941
rl1911,rg3439
rl1912,rg657
rl1913,rg4451
rl1914,rg4451
rl1915,rg3263
rl1916,rg3214
rl1917,rg3130
rl1918,rg556
rl1919,rg201
rl1920,rg1452
rl1921,rg824
rl1922,rg2780
rl1923,rg2016
rl1924,rg325
rl1925,rg2135
rl1926,rg2152
rl1927,rg2193
rl1928,rg985
rl1929,rg985
rl1930,rg2958
rl1931,rg2628
rl1932,rg1400
rl1933,rg434
rl1934,rg1266
rl1935,rg725
rl1936,rg1931
rl1937,rg2413
rl1938,rg2666
rl1939,rg4063
rl1940,rg3952
rl1941,rg1639
rl1942,rg71
rl1943,rg4416
rl1944,rg2160
rl1945,rg4185
rl1946,rg1284
rl1947,rg1903
rl1948,rg2565
rl1949,rg1461
rl1950,rg3998
rl1951,rg1638
rl1952,rg4254
rl1953,rg3074
rl1954,rg1218
rl1955,rg332
rl1956,rg1930
rl1957,rg2442
rl1958,rg1364
rl1959,rg1930
rl1960,rg4224
rl1961,rg2603
rl1962,rg1612
rl1963,rg281
rl1964,rg2518
rl1965,rg746
rl1966,rg1118
rl1967,rg140
rl1968,rg1131
rl1969,rg298
rl1970,rg4368
rl1971,rg2082
rl1972,rg120
rl1973,rg1977
rl1974,rg2304
rl1975,rg3303
rl1976,rg4160
rl1977,rg1953
rl1978,rg2904
rl1979,rg2430
rl1980,rg894
rl1981,rg1376
rl1982,rg2144
rl1983,rg0
rl1984,rg3889
rl1985,rg3390
rl1986,rg2466
rl1987,rg1250
rl1988,rg2841
rl1989,rg1426
rl1990,rg3292
rl1991,rg3339
rl1992,rg4271
rl1993,rg1951
rl1994,rg712
rl1995,rg2874
rl1996,rg3615
rl1997,rg4314
rl1998,rg2419
rl1999,rg1509
rl2000,rg1472
rl2001,rg315
rl2002,rg1191
rl2003,rg3184
rl2004,rg2061
rl2005,rg3963
rl2006,rg1686
rl2007,rg3863
rl2008,rg3024
rl2009,rg3582
rl2010,rg2181
rl2011,rg4052
rl2012,rg3694
rl2013,rg1681
rl2014,rg2427
rl2015,rg4252
rl2016,rg626
rl2017,rg314
rl2018,rg1344
rl2019,rg2071
rl2020,rg467
rl2021,rg346
rl2022,rg529
rl2023,rg707
rl2024,rg2968
rl2025,rg795
rl2026,rg1997
rl2027,rg1238
rl2028,rg1934
rl2029,rg1934
rl2030,rg782
rl2031,rg3455
rl2032,rg3787
rl2033,rg3492
rl2034,rg1783
rl2035,rg586
rl2036,rg2742
rl2037,rg1146
rl2038,rg359
rl2039,rg1095
rl2040,rg3025
rl2041,rg1438
rl2042,rg1875
rl2043,rg3186
rl2044,rg369
rl2045,rg550
rl2046,rg4211
rl2047,rg1765
rl2048,rg3123
rl2049,rg3123
rl2050,rg3081
rl2051,rg1496
rl2052,rg1155
rl2053,rg406
rl2054,rg1077
rl2055,rg4064
rl2056,rg3276
rl2057,rg3057
rl2058,rg1156
rl2059,rg2344
rl2060,rg87
rl2061,rg4261
rl2062,rg4411
rl2063,rg3838
rl2064,rg459
rl2065,rg641
rl2066,rg4049
rl2067,rg250
rl2068,rg2997
rl2069,rg3644
rl2070,rg166
rl2071,rg2677
rl2072,rg4300
rl2073,rg1941
rl2074,rg1852
rl2075,rg1564
rl2076,rg1564
rl2077,rg1867
rl2078,rg358
rl2079,rg1609
rl2080,rg1095
rl2081,rg3943
rl2082,rg3632
rl2083,rg1727
rl2084,rg1200
rl2085,rg2440
rl2086,rg290
rl2087,rg2124
rl2088,rg2900
rl2089,rg1360
rl2090,rg68
rl2091,rg2576
rl2092,rg2978
rl2093,rg3967
rl2094,rg4194
rl2095,rg4341
rl2096,rg1859
rl2097,rg2816
rl2098,rg2747
rl2099,rg3948
rl2100,rg3094
rl2101,rg4123
rl2102,rg2225
rl2103,rg205
rl2104,rg2820
rl2105,rg2837
rl2106,rg531
rl2107,rg552
rl2108,rg179
rl2109,rg3430
rl2110,rg2034
rl2111,rg2538
rl2112,rg2538
rl2113,rg143
rl2114,rg1071
rl2115,rg234
rl2116,rg1832
rl2117,rg4084
rl2118,rg210
rl2119,rg908
rl2120,rg2450
rl2121,rg1492
rl2122,rg1807
rl2123,rg1807
rl2124,rg2683
rl2125,rg1010
rl2126,rg1924
rl2127,rg4326
rl2128,rg1204
rl2129,rg3778
rl2130,rg1566
rl2131,rg3498
rl2132,rg583
rl2133,rg3528
rl2134,rg4291
rl2135,rg3292
rl2136,rg3574
rl2137,rg847
rl2138,rg3596
rl2139,rg215
rl2140,rg2049
rl2141,rg3166
rl2142,rg3144
rl2143,rg2466
rl2144,rg4402
rl2145,rg3277
rl2146,rg2560
rl2147,rg2040
rl2148,rg3982
rl2149,rg3928
rl2150,rg565
rl2151,rg2562
rl2152,rg3935
rl2153,rg3235
rl2154,rg1277
rl2155,rg1277
rl2156,rg2532
rl2157,rg1828
rl2158,rg994
rl2159,rg2660
rl2160,rg2036
rl2161,rg2612
rl2162,rg4273
rl2163,rg3256
rl2164,rg800
rl2165,rg2518
rl2166,rg2715
rl2167,rg915
rl2168,rg3340
rl2169,rg1154
rl2170,rg45
rl2171,rg3192
rl2172,rg4394
rl2173,rg1708
rl2174,rg873
rl2175,rg3458
rl2176,rg2026
rl2177,rg3351
rl2178,rg1133
rl2179,rg627
rl2180,rg1809
rl2181,rg1847
rl2182,rg3598
rl2183,rg2703
rl2184,rg1771
rl2185,rg3291
rl2186,rg1763
rl2187,rg1350
rl2188,rg2284
rl2189,rg3629
rl2190,rg363
rl2191,rg1330
rl2192,rg1330
rl2193,rg734
rl2194,rg279
rl2195,rg2957
rl2196,rg3190
rl2197,rg1657
rl2198,rg2432
rl2199,rg3922
rl2200,rg3824
rl2201,rg3271
rl2202,rg2088
rl2203,rg1867
rl2204,rg170
rl2205,rg3072
rl2206,rg4190
rl2207,rg2610
rl2208,rg1173
rl2209,rg1695
rl2210,rg2444
rl2211,rg4114
rl2212,rg1523
rl2213,rg2733
rl2214,rg3447
rl2215,rg3279
rl2216,rg692
rl2217,rg3372
rl2218,rg2540
rl2219,rg3440
rl2220,rg300
rl2221,rg300
rl2222,rg1467
rl2223,rg4039
rl2224,rg3344
rl2225,rg2727
rl2226,rg3850
rl2227,rg2183
rl2228,rg2618
rl2229,rg2962
rl2230,rg3295
rl2231,rg284
rl2232,rg2527
rl2233,rg2783
rl2234,rg4371
rl2235,rg2960
rl2236,rg221
rl2237,rg3788
rl2238,rg125
rl2239,rg125
rl2240,rg702
rl2241,rg1462
rl2242,rg1462
rl2243,rg1692
rl2244,rg2267
rl2245,rg222
rl2246,rg3630
rl2247,rg579
rl2248,rg4301
rl2249,rg62
rl2250,rg3089
rl2251,rg3583
rl2252,rg2942
rl2253,rg3323
rl2254,rg3388
rl2255,rg3117
rl2256,rg1532
rl2257,rg1312
rl2258,rg1314
rl2259,rg1528
rl2260,rg2083
rl2261,rg3958
rl2262,rg489
rl2263,rg2510
rl2264,rg93
rl2265,rg2930
rl2266,rg2740
rl2267,rg1218
rl2268,rg498
rl2269,rg1320
rl2270,rg2161
rl2271,rg650
rl2272,rg2509
rl2273,rg2001
rl2274,rg1395
rl2275,rg3957
rl2276,rg670
rl2277,rg3148
rl2278,rg4245
rl2279,rg4245
rl2280,rg2122
rl2281,rg4335
rl2282,rg3546
rl2283,rg576
rl2284,rg188
rl2285,rg2638
rl2286,rg3849
rl2287,rg3376
rl2288,rg2451
rl2289,rg3616
rl2290,rg616
rl2291,rg1790
rl2292,rg399
rl2293,rg2550
rl2294,rg598
rl2295,rg2961
rl2296,rg2947
rl2297,rg4155
rl2298,rg3110
rl2299,rg3718
rl2300,rg208
rl2301,rg3120
rl2302,rg2507
rl2303,rg3487
rl2304,rg1345
rl2305,rg3626
rl2306,rg4073
rl2307,rg3992
rl2308,rg465
rl2309,rg2663
rl2310,rg3443
rl2311,rg2091
rl2312,rg3368
rl2313,rg1449
rl2314,rg1041
rl2315,rg1469
rl2316,rg539
rl2317,rg456
rl2318,rg4424
rl2319,rg4242
rl2320,rg3645
rl2321,rg304
rl2322,rg1025
rl2323,rg299
rl2324,rg4019
rl2325,rg3954
rl2326,rg4440
rl2327,rg3587
rl2328,rg1739
rl2329,rg1799
rl2330,rg785
rl2331,rg3790
rl2332,rg4257
rl2333,rg2764
rl2334,rg3415
rl2335,rg1482
rl2336,rg3475
rl2337,rg2835
rl2338,rg3422
rl2339,rg3435
rl2340,rg4293
rl2341,rg1996
rl2342,rg2595
rl2343,rg2595
rl2344,rg334
rl2345,rg1127
rl2346,rg2523
rl2347,rg3929
rl2348,rg2519
rl2349,rg1178
rl2350,rg2921
rl2351,rg2921
rl2352,rg841
rl2353,rg2535
rl2354,rg2937
rl2355,rg4187
rl2356,rg1855
rl2357,rg2074
rl2358,rg2414
rl2359,rg3604
rl2360,rg2977
rl2361,rg1697
rl2362,rg1697
rl2363,rg639
rl2364,rg1694
rl2365,rg2667
rl2366,rg1526
rl2367,rg1087
rl2368,rg4080
rl2369,rg1433
rl2370,rg1407
rl2371,rg2563
rl2372,rg4222
rl2373,rg985
rl2374,rg4128
rl2375,rg2326
rl2376,rg1362
rl2377,rg359
rl2378,rg356
rl2379,rg3761
rl2380,rg904
rl2381,rg1491
rl2382,rg1368
rl2383,rg751
rl2384,rg1435
rl2385,rg1741
rl2386,rg939
rl2387,rg4404
rl2388,rg4262
rl2389,rg537
rl2390,rg1644
rl2391,rg1279
rl2392,rg1065
rl2393,rg569
rl2394,rg569
rl2395,rg2169
rl2396,rg1027
rl2397,rg2366
rl2398,rg1917
rl2399,rg1510
rl2400,rg2901
rl2401,rg1716
rl2402,rg2044
rl2403,rg2881
rl2404,rg4085
rl2405,rg922
rl2406,rg1705
rl2407,rg2392
rl2408,rg469
rl2409,rg4041
rl2410,rg425
rl2411,rg3103
rl2412,rg1208
rl2413,rg2045
rl2414,rg343
rl2415,rg3833
rl2416,rg920
rl2417,rg1964
rl2418,rg1261
rl2419,rg978
rl2420,rg392
rl2421,rg1786
rl2422,rg3617
rl2423,rg3871
rl2424,rg3653
rl2425,rg3548
rl2426,rg2494
rl2427,rg863
rl2428,rg141
rl2429,rg4044
rl2430,rg936
rl2431,rg578
rl2432,rg1950
rl2433,rg2383
rl2434,rg152
rl2435,rg152
rl2436,rg968
rl2437,rg968
rl2438,rg1488
rl2439,rg3971
rl2440,rg2805
rl2441,rg1781
rl2442,rg2428
rl2443,rg3472
rl2444,rg2699
rl2445,rg3228
rl2446,rg154
rl2447,rg1367
rl2448,rg891
rl2449,rg1489
rl2450,rg2368
rl2451,rg2665
rl2452,rg893
rl2453,rg3614
rl2454,rg2651
rl2455,rg1043
rl2456,rg728
rl2457,rg494
rl2458,rg1380
rl2459,rg4078
rl2460,rg1677
rl2461,rg721
rl2462,rg58
rl2463,rg4329
rl2464,rg2832
rl2465,rg3666
rl2466,rg3666
rl2467,rg2578
rl2468,rg2578
rl2469,rg2262
rl2470,rg3654
rl2471,rg1100
rl2472,rg1004
rl2473,rg1296
rl2474,rg3847
rl2475,rg3950
rl2476,rg3178
rl2477,rg3261
rl2478,rg3508
rl2479,rg2627
rl2480,rg3215
rl2481,rg3238
rl2482,rg4362
rl2483,rg1505
rl2484,rg3829
rl2485,rg3830
rl2486,rg2070
rl2487,rg3486
rl2488,rg3883
rl2489,rg2774
rl2490,rg344
rl2491,rg1786
rl2492,rg3431
rl2493,rg2300
rl2494,rg3717
rl2495,rg550
rl2496,rg439
rl2497,rg2941
rl2498,rg1301
rl2499,rg2836
rl2500,rg3662
rl2501,rg1420
rl2502,rg437
rl2503,rg1813
rl2504,rg1480
rl2505,rg3399
rl2506,rg100
rl2507,rg2886
rl2508,rg1277
rl2509,rg1018
rl2510,rg1175
rl2511,rg3109
rl2512,rg3007
rl2513,rg595
rl2514,rg595
rl2515,rg4096
rl2516,rg3657
rl2517,rg877
rl2518,rg3698
rl2519,rg3810
rl2520,rg1024
rl2521,rg1024
rl2522,rg2539
rl2523,rg2266
rl2524,rg2033
rl2525,rg1053
rl2526,rg3862
rl2527,rg2012
rl2528,rg2635
rl2529,rg744
rl2530,rg3859
rl2531,rg2552
rl2532,rg3891
rl2533,rg938
rl2534,rg144
rl2535,rg2179
rl2536,rg2783
rl2537,rg2218
rl2538,rg973
rl2539,rg909
rl2540,rg3330
rl2541,rg3493
rl2542,rg385
rl2543,rg2480
rl2544,rg1158
rl2545,rg769
rl2546,rg2958
rl2547,rg397
rl2548,rg3503
rl2549,rg1864
rl2550,rg3235
rl2551,rg794
rl2552,rg928
rl2553,rg2557
rl2554,rg3336
rl2555,rg3893
rl2556,rg4138
rl2557,rg3331
rl2558,rg2923
rl2559,rg1042
rl2560,rg2828
rl2561,rg4067
rl2562,rg1701
rl2563,rg1647
rl2564,rg3658
rl2565,rg2557
rl2566,rg1085
rl2567,rg3983
rl2568,rg2152
rl2569,rg958
rl2570,rg2700
rl2571,rg538
rl2572,rg2824
rl2573,rg1024
rl2574,rg4318
rl2575,rg733
rl2576,rg3333
rl2577,rg3886
rl2578,rg1470
rl2579,rg3183
rl2580,rg2724
rl2581,rg450
rl2582,rg3321
rl2583,rg3179
rl2584,rg2269
rl2585,rg4287
rl2586,rg91
rl2587,rg3485
rl2588,rg3242
rl2589,rg3821
rl2590,rg3839
rl2591,rg2418
rl2592,rg1414
rl2593,rg4327
rl2594,rg1679
rl2595,rg1019
rl2596,rg1623
rl2597,rg3207
rl2598,rg1403
rl2599,rg4390
rl2600,rg2656
rl2601,rg1785
rl2602,rg1314
rl2603,rg2837
rl2604,rg3287
rl2605,rg1328
rl2606,rg2418
rl2607,rg2068
rl2608,rg3722
rl2609,rg3687
rl2610,rg1384
rl2611,rg4379
rl2612,rg1687
rl2613,rg1816
rl2614,rg4258
rl2615,rg272
rl2616,rg472
rl2617,rg1928
rl2618,rg4065
rl2619,rg610
rl2620,rg3378
rl2621,rg2932
rl2622,rg610
rl2623,rg928
rl2624,rg4239
rl2625,rg988
rl2626,rg775
rl2627,rg3907
rl2628,rg2428
rl2629,rg2290
rl2630,rg2817
rl2631,rg2447
rl2632,rg4427
rl2633,rg788
rl2634,rg4021
rl2635,rg2819
rl2636,rg950
rl2637,rg3906
rl2638,rg534
rl2639,rg2146
rl2640,rg3714
rl2641,rg531
rl2642,rg4010
rl2643,rg4214
rl2644,rg4063
rl2645,rg10
rl2646,rg2191
rl2647,rg872
rl2648,rg3084
rl2649,rg508
rl2650,rg3093
rl2651,rg3994
rl2652,rg2221
rl2653,rg3422
rl2654,rg1006
rl2655,rg3813
rl2656,rg1303
rl2657,rg165
rl2658,rg4170
rl2659,rg4150
rl2660,rg3261
rl2661,rg717
rl2662,rg3012
rl2663,rg2126
rl2664,rg2606
rl2665,rg1959
rl2666,rg311
rl2667,rg475
rl2668,rg4054
rl2669,rg907
rl2670,rg1373
rl2671,rg2041
rl2672,rg3536
rl2673,rg2365
rl2674,rg3944
rl2675,rg2999
rl2676,rg2527
rl2677,rg2527
rl2678,rg4302
rl2679,rg2551
rl2680,rg3852
rl2681,rg2101
rl2682,rg3924
rl2683,rg4164
rl2684,rg4164
rl2685,rg4445
rl2686,rg2506
rl2687,rg3689
rl2688,rg771
rl2689,rg118
rl2690,rg4066
rl2691,rg1138
rl2692,rg2357
rl2693,rg2542
rl2694,rg1877
rl2695,rg2792
rl2696,rg1377
rl2697,rg2241
rl2698,rg3678
rl2699,rg3646
rl2700,rg3456
rl2701,rg3398
rl2702,rg862
rl2703,rg66
rl2704,rg2388
rl2705,rg493
rl2706,rg3357
rl2707,rg4144
rl2708,rg4144
rl2709,rg536
rl2710,rg2687
rl2711,rg1924
rl2712,rg1317
rl2713,rg1893
rl2714,rg323
rl2715,rg3542
rl2716,rg792
rl2717,rg827
rl2718,rg3173
rl2719,rg1823
rl2720,rg4256
rl2721,rg3997
rl2722,rg3394
rl2723,rg248
rl2724,rg2741
rl2725,rg2036
rl2726,rg3531
rl2727,rg3947
rl2728,rg4292
rl2729,rg4292
rl2730,rg4102
rl2731,rg1966
rl2732,rg1033
rl2733,rg1806
rl2734,rg3977
rl2735,rg2653
rl2736,rg541
rl2737,rg2931
rl2738,rg602
rl2739,rg2236
rl2740,rg2407
rl2741,rg1914
rl2742,rg254
rl2743,rg1527
rl2744,rg3718
rl2745,rg568
rl2746,rg3023
rl2747,rg2473
rl2748,rg1241
rl2749,rg2892
rl2750,rg1210
rl2751,rg2692
rl2752,rg920
rl2753,rg3090
rl2754,rg3680
rl2755,rg3680
rl2756,rg2364
rl2757,rg4433
rl2758,rg1784
rl2759,rg2298
rl2760,rg2298
rl2761,rg212
rl2762,rg500
rl2763,rg4031
rl2764,rg2493
rl2765,rg2508
rl2766,rg2620
rl2767,rg2605
rl2768,rg2637
rl2769,rg2484
rl2770,rg2546
rl2771,rg2573
rl2772,rg2681
rl2773,rg3503
rl2774,rg2544
rl2775,rg1587
rl2776,rg510
rl2777,rg3728
rl2778,rg4135
rl2779,rg1759
rl2780,rg362
rl2781,rg2928
rl2782,rg1524
rl2783,rg2449
rl2784,rg1879
rl2785,rg146
rl2786,rg4366
rl2787,rg3408
rl2788,rg54
rl2789,rg54
rl2790,rg2340
rl2791,rg2340
rl2792,rg166
rl2793,rg1342
rl2794,rg602
rl2795,rg64
rl2796,rg2430
rl2797,rg98
rl2798,rg3053
rl2799,rg2544
rl2800,rg734
rl2801,rg3146
rl2802,rg4036
rl2803,rg3062
rl2804,rg2985
rl2805,rg253
rl2806,rg1343
rl2807,rg1715
rl2808,rg1302
rl2809,rg3204
rl2810,rg26
rl2811,rg2776
rl2812,rg3840
rl2813,rg684
rl2814,rg691
rl2815,rg978
rl2816,rg2052
rl2817,rg18
rl2818,rg3240
rl2819,rg1804
rl2820,rg1067
rl2821,rg2956
rl2822,rg3192
rl2823,rg1092
rl2824,rg1192
rl2825,rg3208
rl2826,rg402
rl2827,rg4169
rl2828,rg1913
rl2829,rg2410
rl2830,rg526
rl2831,rg3227
rl2832,rg4209
rl2833,rg3627
rl2834,rg2566
rl2835,rg683
rl2836,rg3026
rl2837,rg3996
rl2838,rg1989
rl2839,rg1220
rl2840,rg482
rl2841,rg134
rl2842,rg1005
rl2843,rg4431
rl2844,rg1927
rl2845,rg4159
rl2846,rg1094
rl2847,rg155
rl2848,rg3715
rl2849,rg940
rl2850,rg42
rl2851,rg1430
rl2852,rg2809
rl2853,rg4201
rl2854,rg42
rl2855,rg4251
rl2856,rg80
rl2857,rg3016
rl2858,rg4255
rl2859,rg133
rl2860,rg857
rl2861,rg3102
rl2862,rg3529
rl2863,rg2317
rl2864,rg214
rl2865,rg4432
rl2866,rg348
rl2867,rg14
rl2868,rg2653
rl2869,rg1144
rl2870,rg3643
rl2871,rg3445
rl2872,rg4321
rl2873,rg944
rl2874,rg306
rl2875,rg3736
rl2876,rg2065
rl2877,rg845
rl2878,rg1336
rl2879,rg2548
rl2880,rg1747
rl2881,rg2936
rl2882,rg4305
rl2883,rg588
rl2884,rg115
rl2885,rg3449
rl2886,rg3713
rl2887,rg2184
rl2888,rg2184
rl2889,rg3319
rl2890,rg1047
rl2891,rg2064
rl2892,rg2512
rl2893,rg4275
rl2894,rg1004
rl2895,rg4147
rl2896,rg2834
rl2897,rg802
rl2898,rg1442
rl2899,rg3667
rl2900,rg194
rl2901,rg2522
rl2902,rg2442
rl2903,rg3785
rl2904,rg4055
rl2905,rg1591
rl2906,rg3104
rl2907,rg167
rl2908,rg3633
rl2909,rg1546
rl2910,rg709
rl2911,rg3356
rl2912,rg3258
rl2913,rg265
rl2914,rg738
rl2915,rg2575
rl2916,rg4004
rl2917,rg883
rl2918,rg1891
rl2919,rg4221
rl2920,rg1744
rl2921,rg3433
rl2922,rg4111
rl2923,rg2898
rl2924,rg1446
rl2925,rg1091
rl2926,rg885
rl2927,rg377
rl2928,rg407
rl2929,rg1952
rl2930,rg3150
rl2931,rg3343
rl2932,rg2865
rl2933,rg1058
rl2934,rg1543
rl2935,rg2086
rl2936,rg856
rl2937,rg2645
rl2938,rg419
rl2939,rg1559
rl2940,rg3167
rl2941,rg3489
rl2942,rg1797
rl2943,rg808
rl2944,rg3307
rl2945,rg2948
rl2946,rg3941
rl2947,rg3735
rl2948,rg3059
rl2949,rg2032
rl2950,rg634
rl2951,rg4246
rl2952,rg1421
rl2953,rg1792
rl2954,rg3338
rl2955,rg3774
rl2956,rg1479
rl2957,rg86
rl2958,rg3274
rl2959,rg932
rl2960,rg1168
rl2961,rg1479
rl2962,rg2145
rl2963,rg339
rl2964,rg1750
rl2965,rg651
rl2966,rg2014
rl2967,rg212
rl2968,rg1190
rl2969,rg865
rl2970,rg1815
rl2971,rg182
rl2972,rg3078
rl2973,rg1318
rl2974,rg2777
rl2975,rg720
rl2976,rg3999
rl2977,rg3427
rl2978,rg3145
rl2979,rg2390
rl2980,rg474
rl2981,rg3339
rl2982,rg2870
rl2983,rg3764
rl2984,rg1263
rl2985,rg2766
rl2986,rg2332
rl2987,rg2187
rl2988,rg2155
rl2989,rg2782
rl2990,rg3763
rl2991,rg2372
rl2992,rg3760
rl2993,rg2348
rl2994,rg2603
rl2995,rg2682
rl2996,rg1512
rl2997,rg3684
rl2998,rg3869
rl2999,rg2333
rl3000,rg38
rl3001,rg289
rl3002,rg1023
rl3003,rg119
rl3004,rg418
rl3005,rg2476
rl3006,rg3108
rl3007,rg1761
rl3008,rg2180
rl3009,rg4308
rl3010,rg448
rl3011,rg629
rl3012,rg2623
rl3013,rg3494
rl3014,rg2208
rl3015,rg1008
rl3016,rg3966
rl3017,rg1454
rl3018,rg310
rl3019,rg2364
rl3020,rg2713
rl3021,rg4351
rl3022,rg2647
rl3023,rg2237
rl3024,rg2469
rl3025,rg3901
rl3026,rg3951
rl3027,rg1890
rl3028,rg2283
rl3029,rg1066
rl3030,rg569
rl3031,rg231
rl3032,rg287
rl3033,rg1022
rl3034,rg2338
rl3035,rg2214
rl3036,rg3896
rl3037,rg1194
rl3038,rg3304
rl3039,rg3841
rl3040,rg460
rl3041,rg1847
rl3042,rg3693
rl3043,rg1618
rl3044,rg290
rl3045,rg512
rl3046,rg1050
rl3047,rg3658
rl3048,rg498
rl3049,rg2693
rl3050,rg1987
rl3051,rg2787
rl3052,rg3169
rl3053,rg3614
rl3054,rg3643
rl3055,rg722
rl3056,rg3821
rl3057,rg593
rl3058,rg1421
rl3059,rg3495
rl3060,rg1150
rl3061,rg2259
rl3062,rg1539
rl3063,rg4354
rl3064,rg232
rl3065,rg664
rl3066,rg1539
rl3067,rg1541
rl3068,rg3572
rl3069,rg608
rl3070,rg346
rl3071,rg1622
rl3072,rg554
rl3073,rg2866
rl3074,rg3206
rl3075,rg1013
rl3076,rg864
rl3077,rg864
rl3078,rg621
rl3079,rg327
rl3080,rg84
rl3081,rg1780
rl3082,rg2034
rl3083,rg239
rl3084,rg239
rl3085,rg322
rl3086,rg852
rl3087,rg175
rl3088,rg3205
rl3089,rg4038
rl3090,rg3673
rl3091,rg2607
rl3092,rg3908
rl3093,rg2940
rl3094,rg4374
rl3095,rg696
rl3096,rg404
rl3097,rg766
rl3098,rg2408
rl3099,rg95
rl3100,rg504
rl3101,rg1061
rl3102,rg1600
rl3103,rg3871
rl3104,rg4207
rl3105,rg1063
rl3106,rg612
rl3107,rg231
rl3108,rg231
rl3109,rg2744
rl3110,rg655
rl3111,rg655
rl3112,rg1867
rl3113,rg129
rl3114,rg3696
rl3115,rg104
rl3116,rg288
rl3117,rg2254
rl3118,rg2084
rl3119,rg3272
rl3120,rg3978
rl3121,rg1401
rl3122,rg3241
rl3123,rg1547
rl3124,rg135
rl3125,rg2093
rl3126,rg1577
rl3127,rg283
rl3128,rg2441
rl3129,rg3656
rl3130,rg728
rl3131,rg2069
rl3132,rg438
rl3133,rg1092
rl3134,rg798
rl3135,rg1573
rl3136,rg3350
rl3137,rg873
rl3138,rg117
rl3139,rg1229
rl3140,rg611
rl3141,rg3925
rl3142,rg3364
rl3143,rg2468
rl3144,rg2387
rl3145,rg2346
rl3146,rg287
rl3147,rg287
rl3148,rg2343
rl3149,rg2564
rl3150,rg4069
rl3151,rg4423
rl3152,rg1103
rl3153,rg1219
rl3154,rg3004
rl3155,rg2181
rl3156,rg4012
rl3157,rg3270
rl3158,rg3179
rl3159,rg2548
rl3160,rg1912
rl3161,rg1414
rl3162,rg3132
rl3163,rg2345
rl3164,rg2895
rl3165,rg4384
rl3166,rg1332
rl3167,rg3155
rl3168,rg967
rl3169,rg3691
rl3170,rg3359
rl3171,rg2571
rl3172,rg3955
rl3173,rg2516
rl3174,rg1432
rl3175,rg2009
rl3176,rg4378
rl3177,rg2833
rl3178,rg2765
rl3179,rg2359
rl3180,rg1227
rl3181,rg1059
rl3182,rg4315
rl3183,rg1409
rl3184,rg551
rl3185,rg4312
rl3186,rg260
rl3187,rg926
rl3188,rg55
rl3189,rg2891
rl3190,rg2569
rl3191,rg950
rl3192,rg1843
rl3193,rg861
rl3194,rg2913
rl3195,rg2913
rl3196,rg3147
rl3197,rg3147
rl3198,rg994
rl3199,rg514
rl3200,rg37
rl3201,rg3105
rl3202,rg395
rl3203,rg2948
rl3204,rg1396
rl3205,rg3385
rl3206,rg1397
rl3207,rg928
rl3208,rg3315
rl3209,rg1960
rl3210,rg667
rl3211,rg2002
rl3212,rg3386
rl3213,rg1592
rl3214,rg671
rl3215,rg2354
rl3216,rg3035
rl3217,rg1262
rl3218,rg3414
rl3219,rg2328
rl3220,rg1046
rl3221,rg1046
rl3222,rg2657
rl3223,rg2067
rl3224,rg277
rl3225,rg776
rl3226,rg3177
rl3227,rg3811
rl3228,rg4232
rl3229,rg1573
rl3230,rg2909
rl3231,rg2319
rl3232,rg2965
rl3233,rg2846
rl3234,rg2907
rl3235,rg4343
rl3236,rg1196
rl3237,rg2978
rl3238,rg78
rl3239,rg2640
rl3240,rg4382
rl3241,rg1577
rl3242,rg1905
rl3243,rg3816
rl3244,rg2925
rl3245,rg219
rl3246,rg2346
rl3247,rg367
rl3248,rg137
rl3249,rg3481
rl3250,rg2928
rl3251,rg2095
rl3252,rg890
rl3253,rg1832
rl3254,rg1832
rl3255,rg211
rl3256,rg1294
rl3257,rg1760
rl3258,rg3131
rl3259,rg1960
rl3260,rg3300
rl3261,rg564
rl3262,rg2007
rl3263,rg2502
rl3264,rg2641
rl3265,rg2972
rl3266,rg4020
rl3267,rg4213
rl3268,rg3312
rl3269,rg3655
rl3270,rg943
rl3271,rg717
rl3272,rg774
rl3273,rg774
rl3274,rg2961
rl3275,rg2404
rl3276,rg3560
rl3277,rg3147
rl3278,rg2887
rl3279,rg792
rl3280,rg533
rl3281,rg1840
rl3282,rg2207
rl3283,rg3212
rl3284,rg3212
rl3285,rg3488
rl3286,rg4339
rl3287,rg4339
rl3288,rg43
rl3289,rg972
rl3290,rg1105
rl3291,rg1105
rl3292,rg2612
rl3293,rg2612
rl3294,rg3253
rl3295,rg2619
rl3296,rg1375
rl3297,rg4334
rl3298,rg1954
rl3299,rg76
rl3300,rg2521
rl3301,rg740
rl3302,rg2715
rl3303,rg2082
rl3304,rg4407
rl3305,rg4207
rl3306,rg2843
rl3307,rg2790
rl3308,rg4072
rl3309,rg562
rl3310,rg4154
rl3311,rg3844
rl3312,rg520
rl3313,rg716
rl3314,rg3593
rl3315,rg3019
rl3316,rg3594
rl3317,rg2362
rl3318,rg1029
rl3319,rg3566
rl3320,rg2546
rl3321,rg935
rl3322,rg1316
rl3323,rg996
rl3324,rg3184
rl3325,rg949
rl3326,rg1778
rl3327,rg35
rl3328,rg853
rl3329,rg128
rl3330,rg2022
rl3331,rg1290
rl3332,rg715
rl3333,rg4106
rl3334,rg361
rl3335,rg3398
rl3336,rg159
rl3337,rg4276
rl3338,rg1879
rl3339,rg2282
rl3340,rg744
rl3341,rg4091
rl3342,rg3463
rl3343,rg1306
rl3344,rg4306
rl3345,rg3802
rl3346,rg3650
rl3347,rg1102
rl3348,rg1733
rl3349,rg1502
rl3350,rg820
rl3351,rg2568
rl3352,rg1899
rl3353,rg2503
rl3354,rg186
rl3355,rg1464
rl3356,rg2395
rl3357,rg4057
rl3358,rg880
rl3359,rg1035
rl3360,rg4303
rl3361,rg2622
rl3362,rg2006
rl3363,rg2814
rl3364,rg2203
rl3365,rg1126
rl3366,rg1126
rl3367,rg2386
rl3368,rg1144
rl3369,rg3387
rl3370,rg2618
rl3371,rg1875
rl3372,rg4223
rl3373,rg3096
rl3374,rg829
rl3375,rg2485
rl3376,rg2813
rl3377,rg3793
rl3378,rg2945
rl3379,rg998
rl3380,rg1411
rl3381,rg962
rl3382,rg3029
rl3383,rg382
rl3384,rg3518
rl3385,rg1437
rl3386,rg1450
rl3387,rg473
rl3388,rg4249
rl3389,rg2701
rl3390,rg2103
rl3391,rg3651
rl3392,rg1326
rl3393,rg3662
rl3394,rg2116
rl3395,rg4285
rl3396,rg3010
rl3397,rg3536
rl3398,rg2626
rl3399,rg2105
rl3400,rg1158
rl3401,rg3173
rl3402,rg2296
rl3403,rg1318
rl3404,rg1186
rl3405,rg296
rl3406,rg3173
rl3407,rg1280
rl3408,rg2239
rl3409,rg1171
rl3410,rg796
rl3411,rg1773
rl3412,rg2378
rl3413,rg2973
rl3414,rg2849
rl3415,rg4009
rl3416,rg1904
rl3417,rg542
rl3418,rg2139
rl3419,rg3805
rl3420,rg614
rl3421,rg3895
rl3422,rg1876
rl3423,rg834
rl3424,rg2643
rl3425,rg2935
rl3426,rg4139
rl3427,rg3478
rl3428,rg1922
rl3429,rg1781
rl3430,rg662
rl3431,rg3880
rl3432,rg1097
rl3433,rg460
rl3434,rg3378
rl3435,rg1444
rl3436,rg2946
rl3437,rg2098
rl3438,rg2082
rl3439,rg1357
rl3440,rg3746
rl3441,rg914
rl3442,rg2266
rl3443,rg2614
rl3444,rg3765
rl3445,rg3331
rl3446,rg3660
rl3447,rg4056
rl3448,rg1124
rl3449,rg1124
rl3450,rg3918
rl3451,rg2286
rl3452,rg1900
rl3453,rg1135
rl3454,rg2239
rl3455,rg1811
rl3456,rg1357
rl3457,rg1267
rl3458,rg4285
rl3459,rg1110
rl3460,rg1794
rl3461,rg3898
rl3462,rg170
rl3463,rg3367
rl3464,rg738
rl3465,rg1028
rl3466,rg1762
rl3467,rg2576
rl3468,rg429
rl3469,rg652
rl3470,rg876
rl3471,rg2920
rl3472,rg3371
rl3473,rg4319
rl3474,rg2436
rl3475,rg1397
rl3476,rg3833
rl3477,rg4361
rl3478,rg3592
rl3479,rg1972
rl3480,rg97
rl3481,rg2654
rl3482,rg1572
rl3483,rg3652
rl3484,rg1782
rl3485,rg41
rl3486,rg1055
rl3487,rg2313
rl3488,rg3054
rl3489,rg3054
rl3490,rg3044
rl3491,rg974
rl3492,rg1416
rl3493,rg1324
rl3494,rg179
rl3495,rg3512
rl3496,rg2090
rl3497,rg732
rl3498,rg4154
rl3499,rg14
rl3500,rg2244
rl3501,rg1599
rl3502,rg317
rl3503,rg3723
rl3504,rg3146
rl3505,rg324
rl3506,rg1394
rl3507,rg2674
rl3508,rg4085
rl3509,rg1206
rl3510,rg2720
rl3511,rg1020
rl3512,rg3003
rl3513,rg3586
rl3514,rg2303
rl3515,rg1665
rl3516,rg2291
rl3517,rg1413
rl3518,rg371
rl3519,rg2087
rl3520,rg1494
rl3521,rg229
rl3522,rg549
rl3523,rg278
rl3524,rg3828
rl3525,rg1353
rl3526,rg2433
rl3527,rg2507
rl3528,rg2507
rl3529,rg353
rl3530,rg511
rl3531,rg3006
rl3532,rg4373
rl3533,rg912
rl3534,rg860
rl3535,rg1988
rl3536,rg923
rl3537,rg160
rl3538,rg581
rl3539,rg581
rl3540,rg1525
rl3541,rg2
rl3542,rg1009
rl3543,rg2812
rl3544,rg2954
rl3545,rg2085
rl3546,rg2085
rl3547,rg2543
rl3548,rg2784
rl3549,rg4067
rl3550,rg1564
rl3551,rg4008
rl3552,rg1798
rl3553,rg1901
rl3554,rg3591
rl3555,rg555
rl3556,rg2289
rl3557,rg3324
rl3558,rg2481
rl3559,rg2181
rl3560,rg1749
rl3561,rg1671
rl3562,rg2173
rl3563,rg2788
rl3564,rg2961
rl3565,rg67
rl3566,rg927
rl3567,rg3254
rl3568,rg228
rl3569,rg228
rl3570,rg3229
rl3571,rg1090
rl3572,rg3975
rl3573,rg1254
rl3574,rg643
rl3575,rg2511
rl3576,rg3239
rl3577,rg1788
rl3578,rg4179
rl3579,rg2323
rl3580,rg3682
rl3581,rg3191
rl3582,rg3904
rl3583,rg681
rl3584,rg1258
rl3585,rg4166
rl3586,rg2863
rl3587,rg2233
rl3588,rg3196
rl3589,rg760
rl3590,rg3457
rl3591,rg1404
rl3592,rg3771
rl3593,rg3349
rl3594,rg2207
rl3595,rg1424
rl3596,rg725
rl3597,rg1014
rl3598,rg1141
rl3599,rg3739
rl3600,rg3107
rl3601,rg2056
rl3602,rg447
rl3603,rg910
rl3604,rg4159
rl3605,rg1801
rl3606,rg3305
rl3607,rg2668
rl3608,rg2685
rl3609,rg2642
rl3610,rg2849
rl3611,rg1199
rl3612,rg1754
rl3613,rg2188
rl3614,rg3930
rl3615,rg1035
rl3616,rg1698
rl3617,rg1069
rl3618,rg2882
rl3619,rg383
rl3620,rg3730
rl3621,rg3093
rl3622,rg4248
rl3623,rg4380
rl3624,rg2801
rl3625,rg4277
rl3626,rg2582
rl3627,rg1264
rl3628,rg1827
rl3629,rg1487
rl3630,rg2728
rl3631,rg625
rl3632,rg3389
rl3633,rg2305
rl3634,rg1480
rl3635,rg4428
rl3636,rg1872
rl3637,rg1550
rl3638,rg3953
rl3639,rg4448
rl3640,rg207
rl3641,rg3573
rl3642,rg237
rl3643,rg3251
rl3644,rg3964
rl3645,rg3965
rl3646,rg3775
rl3647,rg1635
rl3648,rg1568
rl3649,rg180
rl3650,rg4040
rl3651,rg4393
rl3652,rg4120
rl3653,rg1139
rl3654,rg3412
rl3655,rg1670
rl3656,rg2558
rl3657,rg2431
rl3658,rg2637
rl3659,rg3552
rl3660,rg2633
rl3661,rg1504
rl3662,rg2058
rl3663,rg3058
rl3664,rg536
rl3665,rg729
rl3666,rg3511
rl3667,rg3996
rl3668,rg3467
rl3669,rg3243
rl3670,rg512
rl3671,rg4031
rl3672,rg547
rl3673,rg1547
rl3674,rg1957
rl3675,rg2439
rl3676,rg2042
rl3677,rg1557
rl3678,rg4405
rl3679,rg2756
rl3680,rg1211
rl3681,rg22
rl3682,rg1247
rl3683,rg2164
rl3684,rg859
rl3685,rg1223
rl3686,rg3267
rl3687,rg3394
rl3688,rg3454
rl3689,rg2679
rl3690,rg886
rl3691,rg3252
rl3692,rg376
rl3693,rg376
rl3694,rg700
rl3695,rg2616
rl3696,rg4307
rl3697,rg1390
rl3698,rg1463
rl3699,rg1802
rl3700,rg2461
rl3701,rg4022
rl3702,rg3516
rl3703,rg2926
rl3704,rg2578
rl3705,rg1401
rl3706,rg1971
rl3707,rg4060
rl3708,rg2140
rl3709,rg1468
rl3710,rg1468
rl3711,rg150
rl3712,rg2469
rl3713,rg2729
rl3714,rg2195
rl3715,rg676
rl3716,rg3473
rl3717,rg2486
rl3718,rg3418
rl3719,rg3028
rl3720,rg1397
rl3721,rg1101
rl3722,rg1625
rl3723,rg1474
rl3724,rg768
rl3725,rg768
rl3726,rg4212
rl3727,rg4086
rl3728,rg1402
rl3729,rg711
rl3730,rg1931
rl3731,rg522
rl3732,rg2762
rl3733,rg2991
rl3734,rg120
rl3735,rg4131
rl3736,rg3687
rl3737,rg2987
rl3738,rg4158
rl3739,rg246
rl3740,rg1701
rl3741,rg2933
rl3742,rg1860
rl3743,rg1860
rl3744,rg4372
rl3745,rg1458
rl3746,rg2170
rl3747,rg3716
rl3748,rg2461
rl3749,rg151
rl3750,rg151
rl3751,rg3769
rl3752,rg1706
rl3753,rg969
rl3754,rg778
rl3755,rg2468
rl3756,rg2510
rl3757,rg906
rl3758,rg365
rl3759,rg1530
rl3760,rg1333
rl3761,rg3958
rl3762,rg3576
rl3763,rg3576
rl3764,rg336
rl3765,rg2299
rl3766,rg1385
rl3767,rg1385
rl3768,rg2115
rl3769,rg2452
rl3770,rg2722
rl3771,rg3877
rl3772,rg936
rl3773,rg1108
rl3774,rg1108
rl3775,rg2920
rl3776,rg4023
rl3777,rg2965
rl3778,rg2965
rl3779,rg3676
rl3780,rg3768
rl3781,rg779
rl3782,rg607
rl3783,rg3038
rl3784,rg11
rl3785,rg1864
rl3786,rg2872
rl3787,rg1497
rl3788,rg1183
rl3789,rg959
rl3790,rg3118
rl3791,rg2158
rl3792,rg4080
rl3793,rg1224
rl3794,rg3165
rl3795,rg2191
rl3796,rg4227
rl3797,rg2585
rl3798,rg4009
rl3799,rg2272
rl3800,rg2929
rl3801,rg183
rl3802,rg2922
rl3803,rg2192
rl3804,rg1926
rl3805,rg2800
rl3806,rg2762
rl3807,rg1866
rl3808,rg4143
rl3809,rg3330
rl3810,rg1054
rl3811,rg1088
rl3812,rg913
rl3813,rg2491
rl3814,rg4205
rl3815,rg94
rl3816,rg991
rl3817,rg2487
rl3818,rg556
rl3819,rg359
rl3820,rg492
rl3821,rg2921
rl3822,rg3831
rl3823,rg1979
rl3824,rg114
rl3825,rg1165
rl3826,rg146
rl3827,rg3681
rl3828,rg3017
rl3829,rg2517
rl3830,rg3819
rl3831,rg3124
rl3832,rg191
rl3833,rg3143
rl3834,rg125
rl3835,rg1132
rl3836,rg2906
rl3837,rg3745
rl3838,rg3407
rl3839,rg2393
rl3840,rg720
rl3841,rg3256
rl3842,rg240
rl3843,rg2964
rl3844,rg3069
rl3845,rg264
rl3846,rg763
rl3847,rg3149
rl3848,rg116
rl3849,rg4079
rl3850,rg3393
rl3851,rg2871
rl3852,rg2554
rl3853,rg4140
rl3854,rg2539
rl3855,rg1606
rl3856,rg2722
rl3857,rg4414
rl3858,rg710
rl3859,rg21
rl3860,rg1501
rl3861,rg1466
rl3862,rg1229
rl3863,rg3599
rl3864,rg1871
rl3865,rg200
rl3866,rg1518
rl3867,rg2598
rl3868,rg4038
rl3869,rg2206
rl3870,rg398
rl3871,rg1947
rl3872,rg2996
rl3873,rg2615
rl3874,rg868
rl3875,rg3752
rl3876,rg2984
rl3877,rg2424
rl3878,rg3047
rl3879,rg2418
rl3880,rg1098
rl3881,rg630
rl3882,rg1718
rl3883,rg2130
rl3884,rg215
rl3885,rg3796
rl3886,rg1356
rl3887,rg1356
rl3888,rg4355
rl3889,rg3526
rl3890,rg2351
rl3891,rg1630
rl3892,rg2157
rl3893,rg3878
rl3894,rg159
rl3895,rg3425
rl3896,rg984
rl3897,rg1042
rl3898,rg898
rl3899,rg2949
rl3900,rg3154
rl3901,rg1743
rl3902,rg2758
rl3903,rg791
rl3904,rg776
rl3905,rg793
rl3906,rg1726
rl3907,rg1329
rl3908,rg216
rl3909,rg4295
rl3910,rg3000
rl3911,rg2775
rl3912,rg751
rl3913,rg2739
rl3914,rg1365
rl3915,rg3260
rl3916,rg3397
rl3917,rg3129
rl3918,rg2719
rl3919,rg4308
rl3920,rg2235
rl3921,rg2716
rl3922,rg81
rl3923,rg2306
rl3924,rg822
rl3925,rg2449
rl3926,rg1981
rl3927,rg1693
rl3928,rg2175
rl3929,rg1465
rl3930,rg976
rl3931,rg1536
rl3932,rg1398
rl3933,rg654
rl3934,rg3574
rl3935,rg3915
rl3936,rg3288
rl3937,rg3379
rl3938,rg2329
rl3939,rg3795
rl3940,rg1051
rl3941,rg2810
rl3942,rg2787
rl3943,rg3129
rl3944,rg3180
rl3945,rg4230
rl3946,rg2622
rl3947,rg3153
rl3948,rg1643
rl3949,rg3128
rl3950,rg3490
rl3951,rg4323
rl3952,rg4374
rl3953,rg688
rl3954,rg405
rl3955,rg3193
rl3956,rg1721
rl3957,rg158
rl3958,rg3804
rl3959,rg4009
rl3960,rg206
rl3961,rg3551
rl3962,rg1574
rl3963,rg2149
rl3964,rg2314
rl3965,rg206
rl3966,rg491
rl3967,rg673
rl3968,rg3125
rl3969,rg3725
rl3970,rg1631
rl3971,rg965
rl3972,rg699
rl3973,rg3334
rl3974,rg3152
rl3975,rg3401
rl3976,rg4000
rl3977,rg1714
rl3978,rg152
rl3979,rg1273
rl3980,rg3771
rl3981,rg3771
rl3982,rg1732
rl3983,rg74
rl3984,rg3043
rl3985,rg554
rl3986,rg2903
rl3987,rg3757
rl3988,rg2843
rl3989,rg3671
rl3990,rg2743
rl3991,rg3867
rl3992,rg4330
rl3993,rg145
rl3994,rg4110
rl3995,rg1393
rl3996,rg2672
rl3997,rg1130
rl3998,rg2127
rl3999,rg3992
rl4000,rg2383
rl4001,rg2383
rl4002,rg3244
rl4003,rg1646
rl4004,rg4283
rl4005,rg878
rl4006,rg1240
rl4007,rg609
rl4008,rg1011
rl4009,rg1427
rl4010,rg421
rl4011,rg366
rl4012,rg366
rl4013,rg2050
rl4014,rg3014
rl4015,rg3091
rl4016,rg2983
rl4017,rg705
rl4018,rg4250
rl4019,rg3703
rl4020,rg1955
rl4021,rg703
rl4022,rg2036
rl4023,rg999
rl4024,rg1973
rl4025,rg2855
rl4026,rg879
rl4027,rg3922
rl4028,rg2694
rl4029,rg4333
rl4030,rg1532
rl4031,rg1433
rl4032,rg3169
rl4033,rg3169
rl4034,rg4120
rl4035,rg2963
rl4036,rg1196
rl4037,rg605
rl4038,rg605
rl4039,rg2910
rl4040,rg1986
rl4041,rg705
rl4042,rg375
rl4043,rg2854
rl4044,rg1880
rl4045,rg2097
rl4046,rg1029
rl4047,rg3482
rl4048,rg218
rl4049,rg3580
rl4050,rg3098
rl4051,rg823
rl4052,rg4437
rl4053,rg1652
rl4054,rg3111
rl4055,rg2259
rl4056,rg3464
rl4057,rg2528
rl4058,rg2597
rl4059,rg2680
rl4060,rg2265
rl4061,rg1435
rl4062,rg1699
rl4063,rg3826
rl4064,rg3383
rl4065,rg1483
rl4066,rg1476
rl4067,rg1810
rl4068,rg4152
rl4069,rg3465
rl4070,rg4449
rl4071,rg2379
rl4072,rg3786
rl4073,rg197
rl4074,rg1151
rl4075,rg3706
rl4076,rg699
rl4077,rg964
rl4078,rg997
rl4079,rg3337
rl4080,rg1061
rl4081,rg1061
rl4082,rg47
rl4083,rg3136
rl4084,rg3182
rl4085,rg7
rl4086,rg7
rl4087,rg1342
rl4088,rg548
rl4089,rg2125
rl4090,rg1375
rl4091,rg3528
rl4092,rg3471
rl4093,rg1285
rl4094,rg3387
rl4095,rg1167
rl4096,rg1791
rl4097,rg559
rl4098,rg2543
rl4099,rg154
rl4100,rg4113
rl4101,rg858
rl4102,rg1342
rl4103,rg3670
rl4104,rg2712
rl4105,rg2113
rl4106,rg2705
rl4107,rg3375
rl4108,rg3404
rl4109,rg741
rl4110,rg3957
rl4111,rg2904
rl4112,rg3189
rl4113,rg3753
rl4114,rg2352
rl4115,rg2255
rl4116,rg701
rl4117,rg2584
rl4118,rg15
rl4119,rg2166
rl4120,rg1287
rl4121,rg1646
rl4122,rg3761
rl4123,rg1712
rl4124,rg4299
rl4125,rg3910
rl4126,rg2475
rl4127,rg628
rl4128,rg2104
rl4129,rg3485
rl4130,rg1286
rl4131,rg252
rl4132,rg3870
rl4133,rg3496
rl4134,rg3745
rl4135,rg2220
rl4136,rg4409
rl4137,rg1624
rl4138,rg889
rl4139,rg194
rl4140,rg2932
rl4141,rg1070
rl4142,rg726
rl4143,rg687
rl4144,rg1363
rl4145,rg1169
rl4146,rg982
rl4147,rg1049
rl4148,rg3869
rl4149,rg5
rl4150,rg1256
rl4151,rg4168
rl4152,rg4386
rl4153,rg1379
rl4154,rg1605
rl4155,rg980
rl4156,rg3459
rl4157,rg723
rl4158,rg3590
rl4159,rg547
rl4160,rg557
rl4161,rg59
rl4162,rg761
rl4163,rg2053
rl4164,rg436
rl4165,rg2629
rl4166,rg3209
rl4167,rg2753
rl4168,rg3852
rl4169,rg225
rl4170,rg19
rl4171,rg654
rl4172,rg2722
rl4173,rg2711
rl4174,rg946
rl4175,rg2531
rl4176,rg1573
rl4177,rg3088
rl4178,rg4324
rl4179,rg3631
rl4180,rg2781
rl4181,rg2324
rl4182,rg2080
rl4183,rg594
rl4184,rg4032
rl4185,rg1861
rl4186,rg4095
rl4187,rg3225
rl4188,rg3466
rl4189,rg2021
rl4190,rg2822
rl4191,rg3920
rl4192,rg1522
rl4193,rg2008
rl4194,rg2028
rl4195,rg2850
rl4196,rg3323
rl4197,rg2556
rl4198,rg4218
rl4199,rg1696
rl4200,rg599
rl4201,rg748
rl4202,rg241
rl4203,rg1309
rl4204,rg1309
rl4205,rg2570
rl4206,rg686
rl4207,rg3650
rl4208,rg3122
rl4209,rg1364
rl4210,rg1364
rl4211,rg3448
rl4212,rg4181
rl4213,rg1769
rl4214,rg1842
rl4215,rg1673
rl4216,rg2145
rl4217,rg2114
rl4218,rg1343
rl4219,rg2118
rl4220,rg2238
rl4221,rg718
rl4222,rg2465
rl4223,rg4191
rl4224,rg705
rl4225,rg2295
rl4226,rg3956
rl4227,rg310
rl4228,rg2640
rl4229,rg2420
rl4230,rg3365
rl4231,rg1670
rl4232,rg723
rl4233,rg2799
rl4234,rg2339
rl4235,rg3895
rl4236,rg1934
rl4237,rg4237
rl4238,rg2701
rl4239,rg2640
rl4240,rg619
rl4241,rg1535
rl4242,rg3314
rl4243,rg3314
rl4244,rg3116
rl4245,rg2232
rl4246,rg3551
rl4247,rg1689
rl4248,rg1009
rl4249,rg770
rl4250,rg3894
rl4251,rg1586
rl4252,rg3663
rl4253,rg3377
rl4254,rg3902
rl4255,rg3302
rl4256,rg30
rl4257,rg1542
rl4258,rg306
rl4259,rg2190
rl4260,rg355
rl4261,rg521
rl4262,rg776
rl4263,rg931
rl4264,rg1351
rl4265,rg169
rl4266,rg2721
rl4267,rg3776
rl4268,rg1039
rl4269,rg2423
rl4270,rg1244
rl4271,rg255
rl4272,rg1084
rl4273,rg2207
rl4274,rg1145
rl4275,rg3562
rl4276,rg2615
rl4277,rg2309
rl4278,rg2309
rl4279,rg4272
rl4280,rg2728
rl4281,rg4244
rl4282,rg4353
rl4283,rg3166
rl4284,rg2915
rl4285,rg2222
rl4286,rg2749
rl4287,rg4108
rl4288,rg4105
rl4289,rg1649
rl4290,rg88
rl4291,rg714
rl4292,rg3283
rl4293,rg2058
rl4294,rg362
rl4295,rg1928
rl4296,rg2989
rl4297,rg2558
rl4298,rg912
rl4299,rg2234
rl4300,rg1337
rl4301,rg3543
rl4302,rg2771
rl4303,rg4419
rl4304,rg3060
rl4305,rg1233
rl4306,rg1821
rl4307,rg3204
rl4308,rg1485
rl4309,rg553
rl4310,rg2200
rl4311,rg3430
rl4312,rg3597
rl4313,rg1695
rl4314,rg1078
rl4315,rg3015
rl4316,rg2162
rl4317,rg2162
rl4318,rg4331
rl4319,rg2162
rl4320,rg1766
rl4321,rg407
rl4322,rg4216
rl4323,rg1529
rl4324,rg1980
rl4325,rg1230
rl4326,rg2224
rl4327,rg3377
rl4328,rg1899
rl4329,rg2165
rl4330,rg745
rl4331,rg4084
rl4332,rg4208
rl4333,rg756
rl4334,rg4146
rl4335,rg4146
rl4336,rg2316
rl4337,rg2684
rl4338,rg1661
rl4339,rg1515
rl4340,rg2770
rl4341,rg3602
rl4342,rg1735
rl4343,rg66
rl4344,rg173
rl4345,rg1307
rl4346,rg3687
rl4347,rg3368
rl4348,rg1695
rl4349,rg3697
rl4350,rg3809
rl4351,rg1383
rl4352,rg2852
rl4353,rg4137
rl4354,rg3164
rl4355,rg3700
rl4356,rg4092
rl4357,rg669
rl4358,rg3434
rl4359,rg2147
rl4360,rg3858
rl4361,rg3361
rl4362,rg934
rl4363,rg817
rl4364,rg310
rl4365,rg2944
rl4366,rg3526
rl4367,rg2885
rl4368,rg2731
rl4369,rg3940
rl4370,rg1478
rl4371,rg3947
rl4372,rg973
rl4373,rg1415
rl4374,rg1709
rl4375,rg1717
rl4376,rg986
rl4377,rg3581
rl4378,rg996
rl4379,rg1916
rl4380,rg92
rl4381,rg734
rl4382,rg270
rl4383,rg812
rl4384,rg528
rl4385,rg3347
rl4386,rg2287
rl4387,rg1143
rl4388,rg4115
rl4389,rg3356
rl4390,rg2007
rl4391,rg590
rl4392,rg176
rl4393,rg1266
rl4394,rg1244
rl4395,rg3320
rl4396,rg1127
rl4397,rg2818
rl4398,rg1298
rl4399,rg1408
rl4400,rg1730
rl4401,rg975
rl4402,rg1119
rl4403,rg3375
rl4404,rg1539
rl4405,rg2009
rl4406,rg1370
rl4407,rg2632
rl4408,rg2547
rl4409,rg2618
rl4410,rg2870
rl4411,rg2133
rl4412,rg749
rl4413,rg3507
rl4414,rg1954
rl4415,rg178
rl4416,rg2688
rl4417,rg373
rl4418,rg2446
rl4419,rg594
rl4420,rg738
rl4421,rg3473
rl4422,rg328
rl4423,rg1072
rl4424,rg3773
rl4425,rg648
rl4426,rg1868
rl4427,rg587
rl4428,rg1436
rl4429,rg4348
rl4430,rg1448
rl4431,rg297
rl4432,rg1821
rl4433,rg1578
rl4434,rg206
rl4435,rg3181
rl4436,rg2052
rl4437,rg1424
rl4438,rg233
rl4439,rg3928
rl4440,rg2659
rl4441,rg2648
rl4442,rg2869
rl4443,rg2926
rl4444,rg4166
rl4445,rg1921
rl4446,rg799
rl4447,rg799
rl4448,rg825
rl4449,rg4051
rl4450,rg478
rl4451,rg2594
rl4452,rg1614
rl4453,rg4023
rl4454,rg944
rl4455,rg1013
rl4456,rg4387
rl4457,rg1872
rl4458,rg1531
rl4459,rg3856
rl4460,rg1872
rl4461,rg2655
rl4462,rg1841
rl4463,rg3299
rl4464,rg1601
rl4465,rg1729
rl4466,rg799
rl4467,rg435
rl4468,rg77
rl4469,rg3405
rl4470,rg2454
rl4471,rg2454
rl4472,rg3069
