track,recording
t_7351c65c,r_5e492a57
t_25bc6565,r_b5d6af0e
t_d13ce47d,r_0cffc315
t_79decf4f,r_9cc4f6ec
t_b1daf753,r_aad8fa24
t_cef91dec,r_b5d6af0e
t_ada376fc,r_e30800fb
t_056ec702,r_3b59a0b5
t_0bc42d77,r_43da3ef5
t_e61eca30,r_00760b72
t_96bbe9b8,r_1ce1ba7d
t_bf046f3c,r_7f94d3c5
t_b053347b,r_6e1c5067
t_a666caef,r_50e337e0
t_ba6c06b9,r_051e22f7
t_3604daa5,r_cf8efb87
t_b67fae1b,r_a240d0fc
t_867c9134,r_67c79230
t_2261d58f,r_df058000
t_398a4d2b,r_f671543e
t_80edd624,r_4d35b55a
t_1ab80f4c,r_18d7f4db
t_67f17c4b,r_45de42df
t_f7d50ef1,r_f82734da
t_385f6875,r_7f8cf382
t_c03c9bde,r_7a977d0b
t_12374af8,r_7a977d0b
t_aa18f4b5,r_a11cb668
t_639fe84f,r_dcf3b03a
t_b1ea4378,r_3eb9ecad
t_51e724fd,r_3ef045f4
t_49aebc83,r_cd852e74
t_31bb6d2e,r_6ff88379
t_7e4c4bbc,r_6ff88379
t_bf04b958,r_08b70749
t_d1124624,r_7750b76a
t_7f3ca7d8,r_40cc6a50
t_43a5c970,r_31e99ed2
t_0f350e3c,r_4b0ced5c
t_7416f92f,r_52e00631
t_5b7ec3db,r_701952de
t_e0d846b0,r_e87b0020
t_aee6117b,r_c0c241f9
t_331f86f3,r_4ade99d9
t_0c8b29b5,r_f7cb767a
t_933717bd,r_5d6eab95
t_6af9572f,r_dbb40c62
t_6d402bdb,r_f13ab858
t_82bc585e,r_5489dc9b
t_afe4ca4d,r_7e0f8250
t_e2234a83,r_ffd061c1
t_5c7951a6,r_35431005
t_9141ea25,r_c4eca86f
t_f555efbc,r_37345fbe
t_ce9342d1,r_f6dc2e6b
t_845cd773,r_1c816478
t_94a42c9f,r_6cc3c77e
t_6e9969d5,r_6e9911e0
t_6adb4cce,r_0de7c159
t_bc51d2c1,r_3c546b4a
t_ab76c138,r_4572cbca
t_02b5a1d3,r_f8e685f0
t_902b3c70,r_6707895b
t_82002aff,r_f74f82a9
t_74d1c9c9,r_7c3e18c9
t_57f81e52,r_67089fe0
t_01b544a7,r_32ff113f
t_5c037b75,r_c3e1eda3
t_ba0f6787,r_8f866102
t_6498af0e,r_85d75437
t_c6484de9,r_d4b24226
t_0b3e2eee,r_f55ed8bf
t_115ede5d,r_3624ace2
t_ad484ce4,r_af7544d4
t_2e34bc16,r_c33ed0df
t_77a10007,r_c3be1b38
t_b5dc8fa3,r_bec1b8b1
t_3baa2774,r_dc17c5d0
t_312f0e9d,r_3c224158
t_d31cf8c1,r_fcf0b475
t_2fa65ba4,r_f4c39555
t_6dab928d,r_029b63bf
t_178106f4,r_5984ac20
t_81ebe278,r_fe60649b
t_1b3c3932,r_322525f2
t_bcd8ed5e,r_cc4d00f5
t_b6271be2,r_1205919a
t_a4a2e53f,r_bbf22bc7
t_98dfbde9,r_866d1881
t_b253c8f2,r_9b77ab9e
t_b01c7d2c,r_5b8853b4
t_737eed3e,r_52a42e05
t_3c949b6a,r_de9af06c
t_3892d8e6,r_8dabf74f
t_6e9288ca,r_825574f9
t_b51c6828,r_02b6dee0
t_f78033d3,r_853094da
t_5e512597,r_96837693
t_8616589f,r_853094da
t_e0fd28fd,r_133de06f
t_5ee80a5e,r_133de06f
t_a9082263,r_96477a54
t_7ce566d6,r_56903ab5
t_453af3f4,r_45391260
t_ac64106e,r_2f6eb0e4
t_ed30f9c6,r_cffe0c19
t_113500c4,r_93f06cae
t_4dafbaea,r_203b6710
t_0b5c7f04,r_56e98c9e
t_51ae1348,r_7127053d
t_5d7d5f9e,r_7a863c22
t_de328d56,r_4521b019
t_5d9e7205,r_18d7f4db
t_878009df,r_c36805de
t_630caa4b,r_f98caabf
t_8c725b26,r_e3c289a8
t_c98d6462,r_a37e2a69
t_d6ca67a7,r_77caca06
t_d434afda,r_96013ccd
t_49e43a1b,r_347ecfd9
t_8142da09,r_6224901a
t_6523f8d1,r_ab0c69c0
t_578c7960,r_8351197d
t_a3e1ac30,r_e3efbae7
t_4f37099b,r_234a03ee
t_17b1224e,r_ec484bfb
t_f8382547,r_4cf94ccd
t_d5993c6d,r_a9b5728e
t_5bdf0fa6,r_51ffbd28
t_b0f5c800,r_8e5fea26
t_8c406ee3,r_18f32f6e
t_e083f097,r_bf9d9dfc
t_318b6a12,r_3ec06af0
t_5c29fc59,r_15cd1ee8
t_4206884a,r_9f3c3501
t_d10fad2a,r_9f3c3501
t_c2c8329a,r_b813247e
t_2a558b1d,r_5aaf09e8
t_2adf5105,r_de115df1
t_af1eeeab,r_0039acc2
t_452542ab,r_de115df1
t_0b5e2943,r_30a44ebf
t_2036ed4b,r_3a5fdcaf
t_3c78ac46,r_7994b0d0
t_09abf3b4,r_0ee2ed94
t_4c984bb3,r_0ee2ed94
t_5a601a31,r_080f582d
t_3cc76dac,r_5fb977c9
t_a14e8934,r_e31b0993
t_77c957ba,r_82562c81
t_d0a3ffc3,r_eeeee384
t_c47a1150,r_f4951088
t_3ae041ea,r_575c15c9
t_9069970d,r_ba7c9c04
t_20ad2873,r_5b356a02
t_1d2597cb,r_1bfad544
t_7610c36a,r_c82e18a0
t_30914594,r_b919486c
t_77453d11,r_4c1e6ca3
t_292a4211,r_d0cd854f
t_435ca6b2,r_5dd6a3b1
t_b38bd2c8,r_1fbcbff3
t_1fe7ec23,r_c9b2ae82
t_941a595c,r_c3be1b38
t_8933c439,r_6f439f59
t_d86cd910,r_5f3496a0
t_492aac14,r_d1198cfb
t_5403117a,r_d1198cfb
t_11497a00,r_311f1374
t_969c141e,r_c3e3cab3
t_598dc558,r_d6c4ee98
t_d0379ee9,r_0a819340
t_305c6f76,r_e4f99c63
t_b0b971b8,r_022ff541
t_992ba3ab,r_4933f377
t_c5a122b6,r_fb0d12df
t_c9e95ab5,r_a312fb7c
t_0dfa88fe,r_c14d10b1
t_8d3c539a,r_3692fff7
t_ac75e6c5,r_877f8d37
t_22906739,r_63f1c3a2
t_e8859fa8,r_69c1989a
t_28520e3a,r_49b16686
t_67869ae1,r_46bafe28
t_0115613a,r_62551836
t_4f8a064b,r_7e83a568
t_e292eb19,r_14be3052
t_c84667e2,r_ae86dafd
t_9f709227,r_eb99caa4
t_942d4c43,r_eb99caa4
t_71db9c1c,r_eb99caa4
t_3400ae6a,r_3a41eef5
t_e40f65e3,r_b91c7bed
t_7f6d9ddf,r_1e23e832
t_be4ec73c,r_424a41c1
t_80734fcc,r_cd4c4a7b
t_65125f46,r_ed8e8fdb
t_efa45d80,r_5167a9e2
t_6ade215d,r_5cacca9f
t_749573ab,r_5bad3170
t_49905803,r_fcf0b475
t_acd05310,r_370b62c3
t_6dbe11a8,r_17ce9edb
t_6690eb2f,r_ad945b48
t_2cf00d68,r_0e6bcb46
t_7ce608d3,r_6aca7e0e
t_1007cd4b,r_f867008d
t_e4e53fe4,r_8e47fe5d
t_e5a0b72d,r_43001cff
t_2f3b60d8,r_2c2bea9b
t_9c807329,r_d05ea19c
t_12206d7a,r_9614b3d5
t_d5f5246f,r_0b2ba49b
t_d7ecb65d,r_aa60add3
t_6be3082a,r_ff8ce50e
t_35048243,r_baa42482
t_f91d09c6,r_f9812969
t_9eb7b344,r_611ddceb
t_4d39e231,r_c6647046
t_1588fc34,r_a7d5d5df
t_14f8f8d4,r_06ecbe50
t_459a928d,r_881c9f83
t_9a0adae2,r_ff846c5e
t_fc20500a,r_6df2cedb
t_a3e0eabd,r_baa42482
t_7a2c1121,r_db2d6fbb
t_02ca2a20,r_edf99b4f
t_51f75835,r_b65fbd44
t_73a58974,r_40ac48ab
t_03bc302e,r_c6072013
t_015fe6d6,r_ff291e1d
t_3a72bc14,r_bbadc03f
t_dfd3ee18,r_68993ee1
t_823ff8a1,r_1703b899
t_91f2da16,r_1703b899
t_c466afbd,r_d3102f83
t_f07714de,r_97f64b52
t_0727dce2,r_05b37285
t_d9ca5b5c,r_eb44331a
t_f516f781,r_f7fe01c9
t_03733411,r_a98f6e3c
t_4100894d,r_499d2d6a
t_1f23a54c,r_a81f79e5
t_6c46b4e0,r_499d2d6a
t_90c2ebe7,r_7e951e69
t_d40bccfe,r_f00db08c
t_bec4ad9b,r_79905c6a
t_134d7559,r_1bdf19ef
t_3e9db186,r_ebafd73e
t_a19e5615,r_4dce4eed
t_17f67580,r_9cea5793
t_c2330cf7,r_a2aecd66
t_5683402f,r_aa7c7b9d
t_f6d457a8,r_22752adc
t_0e7394d7,r_6571c846
t_c73f1ea0,r_f47b8ec6
t_6ffa8bec,r_12fe4d23
t_077b7636,r_25293857
t_dcf7c107,r_bb24c552
t_1a92dd3d,r_ec06448d
t_8a39c307,r_1ea0fc09
t_52c49461,r_561e31a2
t_9aea9d22,r_0fc9dbea
t_236f83f3,r_15da498a
t_8a5ebb89,r_48d1930b
t_9ad4a99f,r_1b876379
t_fd9a57c3,r_b945137c
t_025985e5,r_1703b899
t_282ab58b,r_f15881fc
t_b5a2c914,r_dee9094b
t_e980d9e7,r_8f7592a7
t_fd311bfd,r_3a6afa2c
t_9e6f3ea7,r_247390ad
t_7841cdf5,r_22c5cacf
t_4845422c,r_64fb1974
t_d60ab3a9,r_a1938bf2
t_4cda9e9f,r_4df3e14f
t_ce3b27a2,r_bb4dd5a0
t_5c7199c8,r_9018c3e1
t_e177114f,r_c662ad89
t_649baaa8,r_568d02a8
t_8c3e4e4c,r_19aef235
t_b46222ff,r_0b856bae
t_24f58c17,r_94e1c30a
t_98fe17be,r_aefa386a
t_696c1721,r_19b12ab7
t_23d3edfa,r_569edbf5
t_cfbbcf7a,r_eab5b222
t_45b4d234,r_f41d7fa4
t_f4fa2f6a,r_574f8adc
t_7b994891,r_cfb8aa6f
t_53317a8b,r_ad32b97f
t_3d0415cf,r_8b2abb74
t_34eb174f,r_c82e18a0
t_ad28b63b,r_a354054e
t_ce276dca,r_58cba72f
t_648468bd,r_da5fee21
t_549cc4d6,r_25dbe239
t_5d54247b,r_37f9f734
t_ee1033a0,r_6ca6c12d
t_12dd140d,r_6a7092de
t_27da6393,r_09013966
t_c71d3277,r_6fa554f0
t_3187fe2c,r_64c8f737
t_2b3b5482,r_c540e829
t_a4f9f200,r_91b18530
t_0139520d,r_0a98fd27
t_520688f1,r_230670db
t_db78466b,r_77390e4b
t_6e47db30,r_55cbff8d
t_c0eeeeb4,r_c1c0560f
t_929ef64c,r_ab897337
t_ab19afb0,r_79f5c7a4
t_2dc56c9a,r_0341a73f
t_2dbc1118,r_0341a73f
t_0e8aaaf7,r_1f584ece
t_45fbf0b3,r_53b136c7
t_25b8716b,r_1f584ece
t_eb48c97d,r_5575fa02
t_be31a7b3,r_41a4e3c8
t_354fada7,r_02934f37
t_7339a605,r_c3a518dc
t_bad72922,r_23f03c3a
t_16909513,r_0b96bd09
t_51752779,r_331c6b38
t_6c68ef1c,r_dc96384d
t_c263e32c,r_3946fa3d
t_cf04e4b7,r_f263dcb4
t_f29210dc,r_3559d2f3
t_59de7d0b,r_6f7ccc23
t_e17ce59d,r_53385edb
t_26a6a134,r_48e15302
t_8cd94287,r_5374a9c2
t_3c3c5952,r_a7ce2932
t_75472d08,r_1983c1dc
t_31ed7419,r_61584019
t_5a1b6c42,r_3051e44b
t_55529f5d,r_ec586e87
t_80d08c05,r_abc824bf
t_315a7344,r_c0500895
t_2a044867,r_3711d5b3
t_1318330c,r_087a5b00
t_0d6ecb9e,r_28b1cfaa
t_7c78ee8b,r_49667c67
t_5d07268a,r_3aa06cf7
t_cbfa6e5f,r_4ccad063
t_1860ce4a,r_a001f6b5
t_61e1f0fb,r_a3497b9d
t_c52307c0,r_7473c168
t_e9c37d79,r_4f95bf34
t_99676bb6,r_c940a1b4
t_66451281,r_0e1a4e7e
t_aec3af66,r_1b866ad0
t_afbda1ce,r_0d9072d5
t_fc4cce3f,r_0324083a
t_0e2640a3,r_810002c4
t_48c95e0c,r_21bbd097
t_f5a981e1,r_0324083a
t_0195434c,r_54e24f60
t_86450597,r_0537b56f
t_a7f326de,r_bd2aec86
t_905efd9b,r_0f9274cf
t_e65ec336,r_0f9274cf
t_655c95b6,r_142851d2
t_096d7eac,r_56a729d0
t_bffcbecd,r_ea23acef
t_2addd144,r_443e8016
t_2cd6f255,r_97f64b52
t_a31c937f,r_7620c839
t_08505cff,r_0cc61990
t_bf4b4410,r_82e7e52f
t_4a81dd71,r_86243008
t_98334629,r_67527def
t_dd8f30a0,r_adb2bb55
t_ebc3ab46,r_9cba1583
t_52afa311,r_4ece2c1c
t_bb9e7b32,r_067c29ee
t_91bf515e,r_7d83dbf3
t_3a5d95c3,r_98624347
t_b8c834ae,r_361f8a72
t_2072f965,r_22752adc
t_ed980127,r_96d087b4
t_fab4514b,r_98624347
t_72dd3885,r_f3276598
t_cc1f15a9,r_e8869d93
t_91cc927b,r_ef7df048
t_f88bb8a3,r_336dc622
t_7a7abb63,r_b0ad7f52
t_5fdf3044,r_a7f68a71
t_b651bf31,r_a500757c
t_78684c51,r_60338aeb
t_1bd77b60,r_0de7c159
t_d2dcb654,r_eb6f720d
t_74ac4591,r_acc1f570
t_f6ef1e2e,r_4b99693f
t_94c80d99,r_d13e1d67
t_23ed4cc7,r_ea953844
t_d96e3f0c,r_8e4cfb58
t_f41aaecd,r_a5340a59
t_45e65293,r_5344d686
t_4a2d37f8,r_b3284122
t_787bc15a,r_ff9bfa5b
t_21c2f4da,r_85e5543b
t_2f6e570b,r_b7fdc078
t_0bc9fdfd,r_efc3b239
t_cc7bfd46,r_c20bf60a
t_ff26e2a5,r_65419b58
t_f1fe69a9,r_525171c1
t_24593324,r_24944bc4
t_7ed0e0f8,r_7daebf5a
t_48e8cb76,r_997de4cb
t_3e5d8768,r_70b9a461
t_df234c27,r_a0ca18ff
t_65a55fb6,r_9beedc1f
t_7e4c4eeb,r_9beedc1f
t_71afb480,r_9beedc1f
t_43db42be,r_7c3e18c9
t_985b35d1,r_df4e4a9a
t_846c1220,r_458a23b2
t_77645d63,r_da752df8
t_74d275dc,r_8a8cf7c7
t_50f0cf7f,r_5fbd7f86
t_7ab3ea55,r_4ca0f31d
t_643ca4e2,r_c1f9b283
t_5cbd96b4,r_aeb8e032
t_fa3853db,r_0d688b63
t_2b10092f,r_a8f4088c
t_9852011c,r_4edacc7c
t_8a240ea6,r_0d1ed5c4
t_ca7ba3cb,r_cddd4261
t_2a69f8c3,r_0e75b14a
t_b325c3d2,r_ddf1b6b4
t_578077f8,r_45f5e1a7
t_9024e4c8,r_7152ef6d
t_865a29ac,r_24b62bf4
t_acffbfcb,r_71399321
t_4ecea643,r_fb19e23a
t_0c9cd722,r_a76784f9
t_7c1b2552,r_8a647816
t_3d2e4a36,r_0589e3cc
t_2d5a6ef5,r_6d7baa88
t_bb02a558,r_3567e278
t_33fe79cf,r_53af1bfd
t_9665b107,r_ebd09aeb
t_7337ea95,r_ee48ced6
t_79351309,r_32a08b0d
t_2c88ee6b,r_527f5ff4
t_6d3f34c5,r_8ac4b067
t_f6266778,r_93f0a2d4
t_a1bb2517,r_d1f2d773
t_4d818565,r_3173bd45
t_63af3591,r_9cba1583
t_f05d9f37,r_40bfdebc
t_b93f8754,r_c4cb7c95
t_9469c5be,r_f944ec85
t_ea3b21b3,r_35bfb097
t_b96f7449,r_b7a7b0ec
t_e443d5fd,r_fd46b9be
t_f967002a,r_229a67d2
t_7133b9e1,r_5c39069c
t_e2a4c708,r_df4e4a9a
t_88d83fec,r_df4e4a9a
t_7a660a19,r_ff1b3697
t_89fd3f20,r_42d27573
t_8dd85868,r_9501c8d1
t_424dcb3c,r_1a40cb78
t_8ec7ec30,r_f8974128
t_f22e8edc,r_ecf76820
t_6bf4e80a,r_aa949f89
t_53e07593,r_91f52e31
t_355c71f8,r_b7506727
t_4e47df9e,r_f777490c
t_833104bd,r_15ce4d83
t_a54d1e4b,r_bc804384
t_008593b5,r_15ce4d83
t_a1ea9b5e,r_182fe80b
t_51670888,r_c2c3d54d
t_088098aa,r_b27ec160
t_77694084,r_e53ab23e
t_d0a4d4b1,r_d58c2175
t_6d637369,r_7d585cfc
t_0415bd32,r_1980fb84
t_ede73e13,r_4fb353c0
t_cd499b4e,r_ae86dafd
t_9222bbdf,r_10ac0bd1
t_e2d640b6,r_7157c945
t_dc5d67f6,r_6057dd5e
t_17030ff0,r_cc5f4e54
t_2bff1c20,r_7cb12e9b
t_c9c8eaf9,r_0c18c6db
t_4db39893,r_41ec3036
t_32b8cf7f,r_b825bea2
t_2c17841f,r_8158c469
t_8e5346fc,r_2a873b70
t_e7c10c74,r_9cc4f6ec
t_b821ea8f,r_3fbe9038
t_57e94c3a,r_a0ca18ff
t_62a4bca7,r_7d585cfc
t_dfb2ae00,r_1f43349a
t_2440b25f,r_73a5d243
t_160b57f6,r_fac55935
t_694ec476,r_6ae69223
t_d5b7a0e4,r_7f4cfd1c
t_45be79bd,r_6498004c
t_25e4eeaf,r_544c5fea
t_996878ba,r_3602e275
t_db289c89,r_f582eff1
t_eb76f791,r_62037609
t_991b60d1,r_70c351e6
t_4c670ac5,r_1107a4b0
t_d67ca8af,r_469a55a8
t_9ce1f925,r_cf8efb87
t_670fe603,r_dd662ef3
t_3070c38f,r_dd662ef3
t_5d4bbcf0,r_6b60c4db
t_190cfe8c,r_4f95bf34
t_abde9dbe,r_6f8706f4
t_fbaf01c3,r_0d91ecaf
t_6c876589,r_e1c2bc65
t_f47917d3,r_4c1e6ca3
t_7014c2e7,r_3e3c05e8
t_acd0aa2f,r_1427d503
t_4b28417f,r_e98d58dc
t_caf1325c,r_5563b46e
t_fad998fe,r_37ad35a5
t_f5ac73ce,r_deb7e0c4
t_1ffabbba,r_b1c0a595
t_131c3bde,r_7b9e996d
t_b80f5f9f,r_718bf9f1
t_37ead436,r_329c534b
t_2f9c8098,r_ee752333
t_dd4fc087,r_75aa8f9a
t_b7376c5f,r_46d1be4e
t_cf424b55,r_b4f23796
t_61c4ddbc,r_f9f69273
t_20e107a6,r_3e50a144
t_197be202,r_fa9d6b37
t_5ea6bd33,r_b3e1a743
t_84d75196,r_09cb9f32
t_068e1fc6,r_4edacc7c
t_2997b9b9,r_cc7917c6
t_6d8cc616,r_0fb09deb
t_ec8c0b51,r_e4972342
t_88a64af3,r_548d57e3
t_a524ca38,r_ca78d84a
t_954e4249,r_e672728a
t_25c46074,r_cf9a5473
t_6c9cfb19,r_60920292
t_fcd117d2,r_ea0bc1da
t_d3417771,r_c0dd083f
t_8df5c9e2,r_67de882c
t_9833339c,r_c9e6ee01
t_3c0bec05,r_953ea1cc
t_a51fb76c,r_c744ffbd
t_8e07e98b,r_923d2abc
t_e4e31890,r_b49ddeb6
t_ee584e5a,r_10476635
t_6be28a8e,r_bc1c06ba
t_1a14fba4,r_5bf9b598
t_30776025,r_8c0eafed
t_b84a69b8,r_ee346e52
t_7ff79340,r_e21f9add
t_57570377,r_8524fd1e
t_3c4e4327,r_58668331
t_7b153d28,r_c33ed0df
t_9b737baa,r_9f9b3c92
t_756b2cc6,r_9665f31a
t_064187d9,r_069e0158
t_9b6a7df3,r_e49eebc1
t_cfd30bec,r_ebf530f8
t_571c856f,r_12783add
t_3283689f,r_f5b2bc92
t_c1ef2620,r_343a5df1
t_f1c05b56,r_4859253e
t_90018e02,r_4859253e
t_fcc279f8,r_ff1b3697
t_869b68fd,r_26de373e
t_bc98732f,r_2649e3dd
t_16461138,r_a99dc1e7
t_02d0f608,r_35bc3bef
t_b8a79dde,r_d9f99f02
t_ab1d7f5a,r_45711cb0
t_caed697c,r_5ae4bae6
t_412d6441,r_0ee2ed94
t_f98bb1dd,r_32c21d6b
t_1cdcfcc4,r_141b8975
t_3ef54391,r_3b23309e
t_c29c563d,r_b388eb0f
t_11b57e68,r_fd46fdc5
t_a871d677,r_499d2d6a
t_b521bff2,r_977edca8
t_e539c6d6,r_c9b2ae82
t_85b75b4c,r_f49fa76b
t_68e7e1f8,r_f49fa76b
t_61cb3390,r_3a4f05d6
t_c1bc54be,r_a64c16da
t_851da90c,r_3cdd1970
t_bce32c44,r_3aeccb70
t_c1705116,r_c5e12ad7
t_5b8c6b2c,r_1c5ea2f4
t_61f816b7,r_a4292960
t_810d4469,r_d115878f
t_21ec4d03,r_f293c74e
t_b18e39cd,r_f8eb0fcd
t_86124d09,r_ee2b9e8f
t_7abc39c8,r_14dfdf85
t_0234d9b3,r_561e709c
t_1aae3c7b,r_a404a98e
t_7b88bf38,r_ed05f1b4
t_617baa71,r_bd48aa8d
t_42481991,r_b14bfbd0
t_c19e20bd,r_1983c1dc
t_cbd71499,r_08a6d481
t_c067eb5f,r_54c9acbc
t_bf63d1f4,r_da53cb37
t_58d652f0,r_45e0c1db
t_2e50228e,r_2adf5d0b
t_0bd74117,r_2adf5d0b
t_c26dd6d1,r_2adf5d0b
t_8511cba8,r_61135205
t_e69d2927,r_110d8900
t_a5d19c0a,r_1fa6d126
t_293bc1f6,r_a37398b9
t_423d9f73,r_98010ed9
t_7f604f8f,r_9c5f2b7e
t_79eb205c,r_1c24aaed
t_6ba58d80,r_e865d702
t_25774a92,r_19a87058
t_79a799c7,r_8f044ab9
t_c0a792d4,r_99a3b9bf
t_826bb3f8,r_853094da
t_ce8fb542,r_70807c91
t_b3137055,r_56ec16fb
t_b77db4d5,r_3bb2bc28
t_64d00c2e,r_9daad1df
t_f0dc9b4e,r_df3f37f7
t_342cdff5,r_37182e2e
t_8f497845,r_b7627446
t_dd13ef34,r_d779efb4
t_9f3b899a,r_6838683e
t_cc291036,r_bba8b9a0
t_31d3bf06,r_6b557ed3
t_5c815295,r_47a653e8
t_f3471777,r_dacb1501
t_4313c91a,r_116f5394
t_ab60d6f3,r_b7417824
t_3eb20611,r_79fb1829
t_359e3055,r_422c1806
t_4890ccba,r_422c1806
t_60aa907d,r_422c1806
t_e072a180,r_116f5394
t_91469931,r_d6d44706
t_5aa3a0a2,r_af7544d4
t_f18e8534,r_9ef1478f
t_6134ed7a,r_e8030c6c
t_74cd737b,r_539ba3b0
t_de27b7d6,r_2ab4ac0e
t_f86c2871,r_f671543e
t_ace8e36e,r_65176ede
t_ba3336b6,r_31d0734a
t_e4284f98,r_c9e4c1b2
t_f8f9043a,r_922d6d0e
t_df5b9cdf,r_23f5d3b8
t_6f939743,r_b7506727
t_fcd2aa35,r_78fa9935
t_7bd7b135,r_7616b4d3
t_b0455b9a,r_bf9bd582
t_d6eaf0f6,r_e35c4240
t_1c53355b,r_d56cae1b
t_1fb259e3,r_2ed70b7c
t_56d2604a,r_05a281e5
t_53bf62cc,r_2baaaa34
t_1ff5e248,r_8210acf2
t_fc7c8547,r_d2fba22c
t_c7483583,r_8210acf2
t_80e0f2b1,r_4e36c0e7
t_b2166d6e,r_296058ad
t_f7279a72,r_ca78d84a
t_2c64388d,r_1f43349a
t_01e367e8,r_797466aa
t_38b954f5,r_d2fba22c
t_65809454,r_31143544
t_ac862fa1,r_34432a63
t_593ef7e7,r_8795662a
t_1514aa52,r_fd35d0d7
t_b0927cf9,r_7f01a058
t_1d55e06d,r_5511a67c
t_8f3c2c6a,r_86ce4d5e
t_2f2f57cd,r_eb6f8646
t_85e9bf6c,r_e9260e8d
t_404fbadd,r_d83288dd
t_85d28370,r_2ba87c55
t_2acd0d24,r_1ab35d83
t_6318b768,r_da54a8aa
t_e79dad32,r_22829c7c
t_e1c2a2a9,r_1b9147e8
t_160b460d,r_76800488
t_e3853c66,r_8d5a2fda
t_22131323,r_4bac9d95
t_79f953f9,r_9d13e231
t_b7160396,r_15cd1ee8
t_46adc538,r_d19d6932
t_b61973f1,r_8584842b
t_44e0aaa0,r_64528a03
t_5e03e469,r_e4b62444
t_078104fc,r_b4f23796
t_3c94ce2f,r_dc6d9944
t_ad3b5f40,r_8a22f3a4
t_f5fabcf0,r_44cc72f2
t_750dede2,r_02fc287a
t_bf73323a,r_b2348d21
t_abd22543,r_bdb574e7
t_8f35e738,r_080f582d
t_fdc510b7,r_7278c6b3
t_2d3c44fc,r_89300e22
t_23b51340,r_b0897e5a
t_a3e53437,r_cfc123b3
t_ae954ec3,r_f546c4f9
t_77d6649c,r_039db39d
t_aa0675ad,r_d97634fe
t_6e0d57ff,r_b5d6af0e
t_a06fa20e,r_e0f3b276
t_392b1bef,r_657ddbc6
t_f717d33c,r_89af15fa
t_211565cf,r_3c02685a
t_c52c35fa,r_f15881fc
t_07a5fe56,r_a7d2520c
t_c659fec4,r_6da7e60a
t_e93f7d4e,r_65238218
t_ab1ed5d0,r_49f2ea1e
t_e0e3350c,r_11f20156
t_0323e0da,r_a56640e6
t_d6f0f7b6,r_0b853a54
t_1c105e00,r_0b853a54
t_d11bc177,r_731e12f0
t_1cc475bc,r_3fa81879
t_7b35c5aa,r_731e12f0
t_beb1ac1b,r_98131168
t_c6a930ac,r_c4d1f18f
t_fc53c965,r_cf099445
t_f6124563,r_2ff2e6ed
t_0736da62,r_39ccafea
t_44874323,r_9e8548e1
t_9e20b4ab,r_7823bb85
t_11b291a8,r_6168be8d
t_00f4ab0f,r_e0f3b276
t_8a369182,r_4c13f44d
t_00a83511,r_ce78fec4
t_ae9d4200,r_8b923d2f
t_44263de6,r_6e5ad66b
t_ed4e3914,r_dcdf240b
t_e9f7130a,r_ce78fec4
t_680a2f83,r_028f77a9
t_37711a2d,r_e0ed1d6f
t_4e3a0224,r_48e12c8e
t_e7c57d19,r_ec06448d
t_da11c85f,r_8a9b8ed1
t_fcb03ce1,r_d8b09da0
t_b804c0e2,r_242db77a
t_2c758e76,r_c377d705
t_70cb8aa1,r_66d54154
t_ffe32d41,r_965a6138
t_3015f2c5,r_00655745
t_be7eb699,r_4da16c00
t_90b4493d,r_5d196cc0
t_825067b5,r_7b0a0653
t_0b5cfb9f,r_cddd4261
t_00abb7b4,r_5121781b
t_96405539,r_e3d4a92d
t_20e196c4,r_eac2673f
t_c3e1d21e,r_3766e2e5
t_66755610,r_7e83a568
t_221d63e8,r_552edb65
t_52e4e2bf,r_10976422
t_161a063f,r_cfb0004d
t_3d5beb4b,r_84b447f8
t_1d9555c3,r_3619c9e4
t_1cbc1abf,r_8b58e574
t_b2262350,r_492de721
t_8805933d,r_40d96acd
t_f9016a76,r_37ee7afa
t_5fa8d1d9,r_55497762
t_b0e8188e,r_bf7b82b8
t_541b6a06,r_5ce188b3
t_c75e075a,r_f43cb4de
t_265ac245,r_8a3f9efc
t_5a99ef68,r_2325727a
t_baf5050d,r_5ec1502a
t_5bc09f8f,r_c539f1f0
t_8acd1d36,r_17c5d775
t_e96b25ca,r_a9b5728e
t_8c6c9ac0,r_59db4bad
t_ec16232b,r_5cd4526a
t_2e31daa6,r_34636f1b
t_5a06d8cb,r_8e47fe5d
t_1d6c3738,r_0822c1ce
t_e6fa7aa1,r_78e13791
t_25c57a55,r_c82e18a0
t_bcab262d,r_c82e18a0
t_a712a9aa,r_f10fa439
t_5d2d79ea,r_e31164d6
t_1fe74d24,r_26a8d71e
t_feaea02a,r_7407b902
t_eb9023a1,r_05936f69
t_771a2e90,r_fb19e23a
t_70181b6e,r_fb19e23a
t_b28c3b69,r_91f52e31
t_7710cd1f,r_6af8be08
t_d3d1c9f6,r_6af8be08
t_7ba2ac08,r_5572d389
t_1eca4525,r_5b231dd7
t_437906b6,r_b49ddeb6
t_b45914bc,r_51fec719
t_37d81792,r_73bd9abe
t_c611898e,r_72bf9e74
t_cc6db26c,r_d97634fe
t_36b3a8a1,r_fac55935
t_6a6e9175,r_cb4b01d7
t_aa243c97,r_b945137c
t_115a70cc,r_b945137c
t_a6ec70da,r_3966eca7
t_0a469570,r_a1938bf2
t_052b7858,r_a1938bf2
t_9e7d38f7,r_e9791239
t_697f2970,r_a1938bf2
t_0a09c885,r_fa7b2b53
t_a422a50a,r_03ab2eda
t_d2943125,r_0b96bd09
t_8946f765,r_5e0a3dd3
t_fdb6153f,r_9cea5793
t_a5e2cc79,r_26595b16
t_d69cad2a,r_ed69053f
t_b6bf0ffd,r_4098d6dc
t_07cf4460,r_3b3dfeed
t_d74a1484,r_5d1ffe10
t_65e30e86,r_5783f511
t_f8fa6a4e,r_e881cab2
t_64c5992f,r_27cc5d23
t_4abad7a2,r_edec6bc5
t_1b2b0cad,r_2f2735e4
t_8e12e804,r_55307174
t_4527944f,r_efa49d84
t_510b43f1,r_1f92ddc4
t_84da7436,r_2ce3d01b
t_206952ef,r_dde529b8
t_0c8c172e,r_45f5e1a7
t_48948a79,r_a9398bce
t_3b37832c,r_ad0d05ef
t_3b1994d1,r_45f5e1a7
t_aefa13d4,r_9a56c459
t_5cf4bb9d,r_8ee5ccb4
t_f9e7293f,r_fb9fe122
t_69c8e3f6,r_42a7023b
t_63e46575,r_8f03d144
t_0f0a5798,r_bcdb20a0
t_8ee612a1,r_e1dfa96a
t_54f1a5c3,r_ae86dafd
t_3ae04e00,r_4428d2cf
t_c87932b3,r_08ec4dae
t_b2b7dd99,r_33bf1da0
t_0a890114,r_da9ca2ff
t_83c3644a,r_8acb1b5c
t_2fe19efb,r_15a99d82
t_f631ad53,r_2592b4e5
t_1b85d56e,r_782ce993
t_6d6ab14b,r_881be660
t_69dfc1fd,r_9662eef4
t_249e8860,r_76322888
t_90d0c533,r_76322888
t_b2ef0adb,r_eda79b42
t_85bbfd2d,r_328f7853
t_c3fed28e,r_771939c5
t_260c2a6f,r_7f8a013a
t_ece02c86,r_954680fb
t_37190c30,r_0cae8396
t_f90ac555,r_d2cd0234
t_a251f1f9,r_21964e87
t_8b2658a5,r_9cdb0554
t_1dec194d,r_e2d0c567
t_d1d34ffd,r_6a875fba
t_6c0308a3,r_7e37e5d5
t_5511df43,r_1663f435
t_05e5350d,r_36843c46
t_d13f8983,r_ab5f0094
t_f10525f5,r_20fe1f27
t_30748722,r_afa07788
t_19e12467,r_aeb47257
t_5f6b3be6,r_106302e7
t_6d8656c3,r_3661823e
t_bff784b9,r_522f69b7
t_e7dba6a8,r_eab73630
t_30172aa7,r_2ff2e6ed
t_caf6be12,r_2ff2e6ed
t_2f30d16a,r_0cec90ab
t_3e81d68d,r_5534c191
t_1e981f7e,r_d4bf2fa1
t_807b37af,r_6cceb361
t_5152dda7,r_1d605a18
t_2e54a9e9,r_e5321968
t_8c0c5fce,r_0ee2ed94
t_ff9032ee,r_9fe1ac80
t_aaee9afc,r_c9ca38a3
t_6cf079c9,r_247383f4
t_588009b4,r_25244d80
t_7c244314,r_f4951088
t_e70a21bf,r_78482be7
t_3cf30136,r_6a7092de
t_77e20d6a,r_09d2b1bf
t_11cd74d1,r_1db980de
t_d367bd60,r_3471a96e
t_cd0c1d18,r_8aa29322
t_bfdad41c,r_1e2cb1f4
t_acc83b33,r_41ec3036
t_e850dba3,r_9b14fbf5
t_b8554e48,r_438c6b10
t_4e90022e,r_72ae23b3
t_2443386b,r_2ac74e6e
t_7b7f3c87,r_90f629b2
t_e1210c43,r_afe484b5
t_6ef77dc4,r_72ae23b3
t_9cd5e93a,r_df4e4a9a
t_e25bb5cd,r_36cff28f
t_ed19c6c0,r_3567e278
t_33bb152b,r_4f2fcb27
t_127f3848,r_321831ea
t_c90c4eae,r_705c4e80
t_98e505bf,r_1703b899
t_c2baebea,r_59bafa2a
t_9c663f2b,r_aab68e30
t_c90dd1d5,r_3182469c
t_42dd0fa1,r_bc4c094b
t_ddb80be6,r_df3b2e06
t_f56d2170,r_b4e69501
t_141ca481,r_7b686202
t_2e23b0b1,r_e1ee7508
t_f0e0d5fd,r_574f8adc
t_4e8649a4,r_0ba9ca7d
t_c0ed0890,r_2ef3b6e0
t_3af6a03d,r_8e47fe5d
t_6c6bdcd1,r_daf52233
t_9350b79f,r_3bdc15d7
t_f8b7ccff,r_b384b762
t_360cec1b,r_35977f3c
t_383817af,r_fce80abf
t_1aec1e90,r_15f04aef
t_586d6fe3,r_0092eed6
t_b22a6e13,r_5a5594f0
t_9ba19210,r_c8a90d7c
t_9e9ce1c1,r_d0cd854f
t_74e61ca8,r_f9805901
t_e9caacaa,r_49b278a2
t_eb3ad0c3,r_76800488
t_8cf4812f,r_49b278a2
t_b2cd6dd7,r_e8e2ee89
t_1b5b1384,r_d8a5fd6c
t_b87f7eb1,r_5aaf09e8
t_638fdbd7,r_0acebcf0
t_3a7719a7,r_57a47ad2
t_0a0c3db5,r_88eefd32
t_73fbf8a9,r_9c73c114
t_358aaaf3,r_ef9676f9
t_a9f70053,r_b2a0d0d7
t_3614e443,r_564ee81e
t_3be37da5,r_5a85a75d
t_e14273be,r_56e9ef5d
t_ac64c6c9,r_628a014b
t_145666b0,r_8e339fc6
t_174ffe82,r_1fa7b3e0
t_eba98f9c,r_982626ee
t_8e9321c8,r_5c05b814
t_53d82a93,r_ddf1b6b4
t_f65994e0,r_b0d92fe6
t_b51a6c9e,r_1fbcbff3
t_b61e6645,r_a4d04fc2
t_1ca00f1b,r_5f1f127e
t_b70f4eb3,r_c538e38e
t_59abb0c5,r_3438c20c
t_cc42b5b1,r_214f25d4
t_0ecdc524,r_29f41b2a
t_bee5583c,r_1ac8424d
t_47ff1e54,r_7602d0a6
t_ecc24b4d,r_d10da896
t_98c33720,r_d10da896
t_93ce7fce,r_1fbcbff3
t_91658af6,r_34a4972b
t_b69fcd9e,r_e1c26b68
t_b4101ac7,r_17e3b118
t_f5cb0408,r_6eeea639
t_56137332,r_56c226e1
t_733fe5b1,r_951ca869
t_d7f2b4f3,r_6fa554f0
t_56867535,r_869f2f84
t_548dde88,r_46ed254e
t_9c651cb5,r_51dec16b
t_9133402f,r_9e815900
t_2d433d4c,r_ac3a0894
t_ecd9da08,r_574f8adc
t_57a076ac,r_6687f0d0
t_21c26d9a,r_42d27573
t_e572afc7,r_ce62ea15
t_be8d8793,r_821d9170
t_a16c1003,r_ece10f8d
t_1276ce59,r_ece10f8d
t_aef58994,r_b1744db7
t_05faaa1b,r_b1744db7
t_48b64914,r_604d5589
t_5ee76bce,r_f666cdda
t_a6277a9e,r_5bb6c50e
t_f25f6060,r_17247700
t_29a53165,r_0f2838dc
t_bde7c363,r_3d612fc0
t_6f33c509,r_b89fa2ab
t_1ed2c884,r_6a2665b5
t_18148e9f,r_56c9c7c2
t_322f3f4b,r_06fcd4b9
t_a1b9c01b,r_32a08b0d
t_960c3c15,r_7b0a0653
t_8b6289ee,r_507b7ac5
t_ed77834d,r_1e8683df
t_51c9fd9d,r_7353855f
t_f191655c,r_0edd8907
t_ee6ad688,r_a9e649da
t_129b0075,r_b6416b68
t_5744f32a,r_03be8d9f
t_99f96b1e,r_d95f849c
t_19a93bcd,r_6cc31f47
t_0b64a7f8,r_85c169a6
t_ab7c3c06,r_1591b57b
t_404f1259,r_568e362f
t_10f32dee,r_285c4162
t_7101ead4,r_1ea0fc09
t_f04229a2,r_7a826966
t_e5855d49,r_24b70dac
t_c14ef61b,r_7dc13278
t_f5fbdaa7,r_4dafb57a
t_de9ffd49,r_d37a6068
t_eedf9a19,r_2d9d4023
t_947d33ea,r_499d2d6a
t_1b79e3ff,r_01cb06e0
t_ef36413d,r_9d5bdec6
t_f0676eb6,r_94c69fe0
t_f0c138d5,r_70a0d9f4
t_2670b892,r_2ab77318
t_7d994613,r_c3446e21
t_f67b699a,r_379b5abe
t_49580b5e,r_f62ddf3d
t_c4c3ee3b,r_094579c2
t_2ecc4eaf,r_c8ed0ec4
t_70a02111,r_63b2cdd9
t_6b67ffb5,r_32da8385
t_a56f23bc,r_c14d10b1
t_0f7e54e9,r_c3755cb2
t_b2e1e86e,r_fe4e5c52
t_4a7ddd62,r_4577e464
t_01ff7393,r_ff6d8d1c
t_51b0b34a,r_0f48bb12
t_2dd2ac87,r_bb4dd5a0
t_3531f8fe,r_95f35d41
t_927daff6,r_9088ef49
t_7a7404cb,r_2da66ac6
t_d0770be0,r_0f2543bf
t_85f61788,r_d468fcdd
t_90714167,r_7638fcf8
t_6553868c,r_022fff78
t_53c19dc2,r_710ed9f9
t_64404b7a,r_5041cd7a
t_36970849,r_7706f072
t_a22e9a6a,r_6066110b
t_a03b7dbe,r_9f7ae8ce
t_5297ecd3,r_10d05495
t_ade859e4,r_e48af273
t_ab6dce4d,r_b372f7fd
t_852224e0,r_f47ca224
t_c04f1669,r_b157cbc2
t_df77c350,r_90be006b
t_87811d46,r_e77a30f4
t_cc36c146,r_296c78e7
t_fd27678b,r_bb71969e
t_f676858a,r_57a5b2fe
t_8d7c8154,r_d29ce838
t_3468b8c9,r_ff2537d2
t_7b9a4d64,r_3707bfec
t_f77cdd3d,r_01b85381
t_5eeb27d4,r_cb28baae
t_ac8a2a94,r_a562de74
t_6789026b,r_d58c2175
t_2c1f9026,r_3387b60e
t_c427e7b4,r_51c2ac70
t_e9258ebb,r_fe6c0c48
t_5fd57403,r_11619559
t_9b049fdc,r_3f2420c7
t_c7daca62,r_89f57707
t_c00528e9,r_72335831
t_613eda7a,r_4c0eda71
t_6f92af59,r_d0873f19
t_12add3cb,r_d8a5fd6c
t_6f2abc86,r_5cce870f
t_5089914d,r_fe61632f
t_b4591c12,r_9cc4f6ec
t_d77aa4f2,r_bbaf4a0c
t_b5ef5759,r_3b6aa419
t_ec4bcae5,r_7db5156e
t_6dfb23db,r_fd849f89
t_410170f4,r_924a67b8
t_36014d19,r_9daad1df
t_7ee6f17c,r_99e784e5
t_1c698bd4,r_f339fccf
t_b5ac86ec,r_009d709e
t_3b26d37a,r_8b6d8f7b
t_f462bf0b,r_a904bd54
t_bd6379d5,r_992ca887
t_f2f328fc,r_e822122c
t_3f16ef97,r_9946c1de
t_807e6f12,r_ae9fd32a
t_16622f71,r_c1ef08be
t_9a1ceb3e,r_52644a3b
t_48a2dd8d,r_bcdb20a0
t_e3bf403a,r_0c835c43
t_38de9368,r_b3284122
t_6e512a80,r_2dd9d9bb
t_312454f9,r_70ca1717
t_58b683e9,r_86b91bbd
t_185f4fe8,r_edfe3914
t_bdd79694,r_3fb7c366
t_4fdb70e3,r_7167c4d0
t_62c79e47,r_0e1563a6
t_17c7f913,r_e5eb1c5c
t_fbecc05c,r_e5eb1c5c
t_ca0de62e,r_4053de42
t_219eec3e,r_d444ff0c
t_e681f090,r_593b8e1b
t_84087e1e,r_f6cfc8a1
t_1197fa54,r_a562de74
t_7d9c616a,r_0177b6e1
t_2e1ec311,r_aa949f89
t_96a86ee4,r_6e8ce6cf
t_4e96b443,r_fbe0548d
t_adb81681,r_bfdd3717
t_2553ce64,r_fbe0548d
t_d47334c3,r_cb53b3f2
t_d5dca30c,r_55d3ac7f
t_a8b4bcf0,r_eeab055d
t_c45a6328,r_0a54df25
t_5075b6e6,r_2118ae33
t_5e2624f1,r_ac01600a
t_d60d0f3d,r_cdf86af9
t_d01ec48c,r_2f2d02cb
t_7c5220d3,r_7af5d053
t_7be228a1,r_a3497b9d
t_d06b26fe,r_d8286240
t_1d9f7e15,r_87f73389
t_cdf8e130,r_68f9ac04
t_e020adc4,r_dd9b22da
t_867cc1ce,r_87f73389
t_6f980d3e,r_d7c31fcf
t_3088c9c8,r_fbb93671
t_ce886ba9,r_ba7d58f7
t_80939d25,r_b57a484d
t_fc2b3146,r_ba7d58f7
t_0d8eb24f,r_0b856bae
t_9119b2aa,r_b4e84d16
t_3511bfc3,r_d96fde75
t_fee49536,r_db0646e7
t_810d460f,r_df1b1b4a
t_424d6a56,r_da346762
t_14120f0c,r_b3284122
t_2bafcad8,r_4a1b754c
t_bc322ec4,r_dea76705
t_b9798d65,r_e2b0240e
t_fc862d18,r_8a1a65af
t_b4c7102b,r_389ac651
t_5812a544,r_2858ce90
t_e4f1b1ea,r_215a06b8
t_86bbda2d,r_5c64f490
t_38aaa1b6,r_8d614aa0
t_6604b90a,r_2ea89322
t_27a83e7d,r_9173d6e8
t_83792010,r_9229be72
t_8899ddeb,r_c3ffd537
t_32b8c3be,r_8f079b3b
t_88f36927,r_d2f7bcd1
t_26ebaae1,r_1c4ca1f2
t_ebf6a50b,r_00b21598
t_892ff6e8,r_2264812a
t_c6ec45b3,r_d13ea312
t_9465f9fb,r_3c531989
t_881010c3,r_798f4b1e
t_10bb11f0,r_103e4e4c
t_d9afad13,r_555faf6e
t_05e0545f,r_93ff2090
t_deb74d68,r_1fa6d126
t_185ec680,r_1fa6d126
t_0e681a53,r_0b7e17b4
t_97c1637d,r_79190cce
t_0f531614,r_d43c70f4
t_aa241b97,r_57c7e5fd
t_eb26bf5b,r_33fca625
t_01122919,r_fe52c0fc
t_9e2f799c,r_1d97da79
t_53e8e696,r_60a6c843
t_c3c81661,r_9d5a5bab
t_c964739f,r_dea25319
t_d018357f,r_647f5364
t_77f5c536,r_ddf1b6b4
t_5dd49cc4,r_addd0e21
t_30f843d1,r_3fb0fb43
t_50c68b85,r_11e6f7bb
t_67967799,r_4ca4dbc4
t_83f43b04,r_ffd8f1e9
t_805642d0,r_36cff28f
t_00851d68,r_36cff28f
t_c7ab9ccf,r_32c21d6b
t_9d784370,r_d32752f4
t_3ed8894f,r_f3276598
t_a07f903a,r_c6b50d55
t_d38fbca4,r_79981e34
t_963d10e1,r_2f54f447
t_5a1509d2,r_04e850d2
t_3471977b,r_cbe98c0e
t_63624e21,r_197b9fd4
t_9682fbc5,r_203c48ef
t_000102bd,r_36677fca
t_2136ab39,r_8413b2c4
t_37b9038b,r_55b4d89a
t_abee3442,r_bf24642f
t_fa04c32c,r_c5bb53b6
t_216d25f0,r_a543839b
t_298e3bb2,r_237e013f
t_09f433b2,r_85af8625
t_5f206c6c,r_ce97d46e
t_b05395af,r_a2aecd66
t_e3d7609c,r_66bfa853
t_7f8abd54,r_626f0b98
t_ab331ab1,r_994625fc
t_1c746fd2,r_6abedc40
t_829c2678,r_0aea5fe7
t_ed6cb7d8,r_f878bbf2
t_42b47874,r_62037609
t_dd5ee09a,r_31e5e6b2
t_56616ed0,r_0b4bc088
t_4cfd3a99,r_dea76705
t_afced6b7,r_da292cf1
t_d67562e8,r_d7fe57d2
t_76c5794d,r_73924983
t_70e9cda8,r_280ba131
t_3d0a6e41,r_b52992f5
t_e7383504,r_98624347
t_d61f8735,r_c9fa2a41
t_3d4f3fd0,r_2cf1b883
t_1f97592d,r_21bc1f10
t_79cc6f51,r_e3309e51
t_b925de7c,r_12a7d7f3
t_61e6d393,r_602b3db7
t_e7a00544,r_cf8efb87
t_416970ab,r_3d14b6ff
t_ab2d1bc3,r_26a8d71e
t_64118bb0,r_c33ed0df
t_3782144a,r_39c654f5
t_eb986a1d,r_ac23c45e
t_2be5def0,r_03b9425f
t_4bd56f00,r_ef0315b3
t_f560764e,r_dbcd676b
t_d5c9cca5,r_9b9955dd
t_157635f9,r_8c1c4ba0
t_3276ac2c,r_2f623ddf
t_b10b816d,r_527f5ff4
t_d48afcc5,r_3269d570
t_ae9b3a38,r_f989bada
t_9f6ae87e,r_119392af
t_62d682bc,r_f624989a
t_ab7bd074,r_66c0fcf2
t_9c4f8bea,r_441421fc
t_dceb192c,r_a4b66ccf
t_9d62930d,r_fffcc9ca
t_37d46593,r_e8210ea8
t_74d7b32d,r_2e4baaf2
t_2005cb8e,r_e6d07cbf
t_ad39edc9,r_9789e742
t_1f569b2d,r_cedb7544
t_36c677e9,r_a6210706
t_4d6bdd90,r_3b6aa419
t_0dc8a724,r_8b1bf234
t_50a4b5c2,r_76322888
t_318ba28c,r_4933f377
t_d5507d7b,r_86b91bbd
t_46263d76,r_182f57ea
t_af21856f,r_15ce4d83
t_44bafa59,r_cd42b1bb
t_ed95882e,r_0b853a54
t_35654808,r_78e10a0b
t_aa94f4ae,r_1ea878a8
t_a7fb2308,r_3a5de095
t_7737aef4,r_15b253de
t_8e783874,r_7127053d
t_0d0a9423,r_bc2f5ed1
t_8a6859ca,r_3d7160bd
t_0a4e7642,r_ef4b104b
t_479770ab,r_049db162
t_1e0fddfb,r_34d81fcf
t_95be67d7,r_075b3d6f
t_4750a6ab,r_10074b2d
t_5e01c90d,r_d5739b50
t_1e7f1733,r_943ba045
t_a870a309,r_869ddb83
t_248d670e,r_374bb806
t_0ec6e17b,r_56940516
t_dc7ccaf8,r_f44f30eb
t_52a967d6,r_f44f30eb
t_e306e617,r_34ec2320
t_f91238ce,r_e7817fb4
t_b6c787d9,r_0177b6e1
t_2cf31062,r_3771a66c
t_51c76c92,r_0d7673d1
t_2e86e782,r_fcc8e913
t_528969bf,r_c273ae07
t_53ea79cc,r_dd5b4bca
t_21cf94a2,r_14ad1088
t_7fb28da7,r_84dd428e
t_0ac2f609,r_c1c3b572
t_a872571b,r_e599829f
t_c0b5c2bb,r_0a145857
t_b9ba0021,r_56c9c7c2
t_7fc3da26,r_881cbccc
t_6db4a384,r_881cbccc
t_80af2796,r_23f5d3b8
t_cbea0c56,r_a151bc62
t_99fd39be,r_6f48f92c
t_4d5ec303,r_5e1b1c40
t_085ca946,r_a076c800
t_eb3ef371,r_c3be1b38
t_c9cacc9d,r_45e0c1db
t_268e46e8,r_cd67a412
t_844b0d17,r_8bf48b5c
t_cc449d8f,r_52742cdb
t_b93bd046,r_05f5a8cc
t_33ccf267,r_fd2af0a0
t_8326af72,r_90bb0b22
t_1d99e308,r_dd89dddd
t_01addb0a,r_f511cda0
t_aaac8aa6,r_75e6326b
t_6efd2a7c,r_a543839b
t_4a9b3458,r_7af14f01
t_287864a4,r_8d21f70c
t_b52a49a6,r_60ae176e
t_14574921,r_b6286e7e
t_722cffb3,r_6171e9b2
t_1be02e41,r_b60ef924
t_82b30543,r_ece10f8d
t_cb25a263,r_f2aa213f
t_0dff451c,r_97b22231
t_69787bbe,r_7717c757
t_87ff7ca7,r_c39d5bb7
t_2717ffda,r_28f005e0
t_9457e69d,r_c00cb3ca
t_e0f6bd3d,r_61f596d7
t_8008f495,r_61f596d7
t_58f97f62,r_67a834f3
t_7396e9d6,r_b079464a
t_f4f6b1b7,r_b079464a
t_c1e6f8a9,r_1c5f0884
t_35ff6d36,r_61da0c15
t_7f0b3d17,r_49d8c272
t_32245906,r_49d8c272
t_21418b2d,r_49d8c272
t_8fb0206d,r_09369934
t_4e23c007,r_08f6409e
t_7555113a,r_5104671e
t_c1ec708d,r_84af331f
t_0cb1a8a9,r_7c97c147
t_85b3ffa5,r_68ac559f
t_d1196d01,r_ee9e9f69
t_ce13e1a9,r_2c384c1d
t_ad3fe6a8,r_5fcd2cec
t_831af977,r_b0897e5a
t_1935cbc9,r_f7a60148
t_d6ac8ebd,r_7233a51d
t_6ae3e668,r_e0b9cf2a
t_60c620ab,r_97f64b52
t_cd0710b8,r_93c59864
t_1b34b08d,r_618cdf58
t_fa630cfb,r_fea6b0e5
t_9ddcf6a3,r_10621a49
t_35694a72,r_8beb4781
t_6119ae89,r_50009ade
t_badb552d,r_a8d5c29e
t_21b14c40,r_2e094853
t_1f0241d5,r_4c9628a9
t_693e9dd5,r_7c778821
t_39748510,r_f2473036
t_1f8b45ec,r_66402a3e
t_4dcf8ccf,r_23ffd4d4
t_c3a7887a,r_ecf76820
t_7e38874e,r_3e844338
t_ca8e047f,r_ecf76820
t_88254791,r_c563b1b7
t_30b68098,r_e4655c20
t_99f4dd25,r_ac92dc46
t_e9468ac4,r_eb72e226
t_cb58a7dd,r_94fd87d0
t_421a8398,r_12bb592d
t_4d43dd52,r_bfd286b4
t_4cd9a05a,r_1a831db9
t_a72d02e0,r_93d42702
t_0dbbfaf0,r_2bf689ed
t_b26b5fff,r_e77a30f4
t_d9c6be94,r_092c2d49
t_900c0053,r_092c2d49
t_1333bba1,r_5c8d2b1e
t_205ef2f1,r_8ee5ccb4
t_536a031f,r_a49e353b
t_268541af,r_98f5f6e4
t_f8a230f8,r_aa3a0278
t_816a0f6d,r_65176ede
t_bc7a746d,r_65176ede
t_5fc27370,r_47240d23
t_e86d49bb,r_469a55a8
t_122ef88d,r_d65d655d
t_a9fa152c,r_404a4c7a
t_33d9101f,r_0ab7da0d
t_c78e6697,r_f92bed04
t_068e0048,r_a08a9161
t_4c605946,r_042bd298
t_ff66e166,r_dce354ff
t_d91f5f01,r_e8030c6c
t_43633e7b,r_dce90712
t_c06bae7a,r_29fc8f16
t_d5cf0189,r_ab44b623
t_997b3bdf,r_bf14a82b
t_ad0165f9,r_a72d0410
t_52ee1a59,r_e8521d79
t_41a318ed,r_e8521d79
t_c2265313,r_443e8016
t_50c9848c,r_acb33df5
t_e3c01975,r_6dc52a7d
t_0ca797f8,r_2a5def48
t_f738d7af,r_3e3f6328
t_f619af21,r_74c7041b
t_5089e0ba,r_7d309a68
t_de3c906d,r_087a5b00
t_fdac83d5,r_fa687190
t_e8fe116c,r_eb6f720d
t_4cbd748e,r_18f32f6e
t_9394cac0,r_7407b902
t_ef6459a4,r_843fe408
t_b25588cb,r_2161beba
t_013b2afe,r_65bcc12d
t_9592fb5d,r_225cc3ce
t_6948d0e8,r_87f5939c
t_a182b6c2,r_21743c87
t_001b5763,r_110d8900
t_23e950c6,r_422b1b05
t_4ad1ce92,r_fbe8cc96
t_6fa1f3b7,r_067c29ee
t_d650e75c,r_067c29ee
t_264a8538,r_067c29ee
t_e15c962f,r_56aeb315
t_d8702bfb,r_06fcd4b9
t_d96bf0a0,r_5c373ebd
t_55776bea,r_5a986542
t_563df7ef,r_611fd67e
t_864decb9,r_1ae3162e
t_6982e804,r_e3c289a8
t_60e66fd4,r_27cc5d23
t_feef3366,r_875a04ed
t_31f7cacd,r_86952499
t_6d4674e9,r_c7d710b0
t_000d22a7,r_951ca869
t_2c6b14e4,r_0227eb9f
t_ae19b3b6,r_e940bbf9
t_ab12a894,r_c93902e6
t_62fc1830,r_b9f10b6c
t_2f834d20,r_2e688f32
t_ea8e654a,r_e66d280f
t_457e29a0,r_f339fccf
t_01f9f209,r_42d27573
t_daed69b3,r_da959c8f
t_eb28b825,r_36b520b9
t_a64cff2b,r_78482be7
t_010fbbf3,r_c2539d7d
t_b4debb2f,r_2c5178b7
t_49682819,r_a0909087
t_018ff49d,r_5675f1a9
t_5fb4cc61,r_6a273b61
t_f92e8905,r_386bbf59
t_d29d64cf,r_29a31817
t_a5eb75ca,r_37ee7afa
t_1622c43e,r_e2c74a49
t_435228f9,r_bf9bd582
t_b46bd786,r_3c4c61b4
t_58e9118a,r_cf5ca1a1
t_d2208ea3,r_d06227c3
t_6799bc99,r_762eaf30
t_36e3409a,r_0132a13b
t_788e5585,r_dbc699ef
t_802f65a0,r_1e5736de
t_5da4cebe,r_e41d1eb5
t_d6686484,r_595595e2
t_66c4900a,r_7a914e31
t_2329aa6c,r_3b59a0b5
t_062afaa9,r_88916186
t_7de66c97,r_67297ee7
t_1a87bd41,r_91115e58
t_ba19c00c,r_b03a4cdc
t_2fd8c35a,r_db0646e7
t_ad1c006d,r_f41da015
t_12e0890f,r_3293f6c9
t_3b1853fc,r_cafeee56
t_6dda58d2,r_0a31e3e0
t_a7c7a485,r_1f6a4f50
t_c275dd9f,r_c208d424
t_d97b2746,r_6febb2e2
t_f5cd4678,r_e34a2662
t_fc3b9a3b,r_19afec0c
t_c00c03cc,r_61a5700e
t_6273a505,r_db0646e7
t_4e70f69b,r_baddd380
t_5e8cee64,r_56903ab5
t_68c2c5fa,r_a7198740
t_bd2a685d,r_75e1eb02
t_339c49b6,r_8f75516b
t_2aaa6b8e,r_5ecf7418
t_5a0ed8ce,r_dee9094b
t_fe85fe38,r_bddee74f
t_c970b7dc,r_4f1ce5cc
t_8e886116,r_5a986542
t_06fd5e20,r_769a83f4
t_5a7f973a,r_0b96bd09
t_746003ca,r_bf25446f
t_9ad5e135,r_a192d550
t_05301e4b,r_999fc3a6
t_ec22eee7,r_01fc0fb6
t_9a565251,r_24d3313c
t_d0e1f4b8,r_1dffa73f
t_1b62f05e,r_0c65a427
t_93b918d8,r_0c65a427
t_04efeef1,r_d838c83d
t_fb49e160,r_dbf5cb09
t_b68d22c4,r_1cfb0ff6
t_9fe2e01d,r_b688a540
t_31f1d5f1,r_b0fa6499
t_f84e2d36,r_5386c8f3
t_e072d951,r_fe88282f
t_441d7b0d,r_a07f8079
t_9fa4bef7,r_763971e7
t_556e28ce,r_82562c81
t_59eb634c,r_21a48f94
t_4226c3b6,r_247390ad
t_e3df571d,r_0786df4d
t_54e57c11,r_6fa554f0
t_762bc8a5,r_44de4fc8
t_80f942ba,r_182edaa8
t_35603101,r_e09d0d9e
t_7ed18d04,r_9fd89a57
t_ec4e0707,r_5bf5ae5e
t_06f02f80,r_74ec5441
t_65b8aa2f,r_8267b9ac
t_dbf9aec9,r_094534bb
t_17cc4154,r_8e32a514
t_c758f440,r_00b7e1d9
t_ae0174b3,r_6e96b507
t_dbd3de58,r_331be3d2
t_cda777ec,r_e672728a
t_fbaa8653,r_85efcf51
t_ef9954cc,r_ba391891
t_51462f2a,r_e923bc6c
t_bc6f438b,r_3e9fd24d
t_7cd4c0bc,r_e6fb7d9d
t_660400c6,r_ed434bda
t_b255f71b,r_37182e2e
t_11694d85,r_0c364459
t_5b9fd3ba,r_524a5414
t_11b6d403,r_021290b9
t_5c850d3b,r_53e5ea43
t_07018747,r_8e32a514
t_e08407c8,r_02d421cf
t_73c1f5c7,r_a04d2714
t_bda2f56e,r_bfc4024b
t_744db339,r_843f9ffa
t_8efb690e,r_6bc55697
t_6a9efa39,r_1ca1f6c8
t_81634fcc,r_b844f602
t_aa774ce6,r_e3ab4451
t_5b1558e0,r_6b831913
t_ebf86823,r_ba7c0153
t_7981e388,r_ae56e541
t_38872be2,r_a4782902
t_25b7b8c2,r_45746860
t_4dcbe354,r_a4782902
t_e3ef68bf,r_9e033e61
t_e7e88e7a,r_306964d0
t_9b879ab5,r_bfabd9a9
t_3d789a31,r_a65c2360
t_1bf50d3f,r_661301a3
t_184d307b,r_ef486bf1
t_26100aa3,r_6082cd81
t_da4d7703,r_8bc3c9dd
t_b8c75c76,r_ef486bf1
t_e999625e,r_04ef6b9f
t_880696a4,r_ba584d4b
t_31efc159,r_e672728a
t_fc8f6096,r_9040011a
t_639d9333,r_c3e1eda3
t_b45cbe5d,r_6c0fedb9
t_8b8de666,r_434ca5d4
t_c52081fc,r_4ce804ac
t_ab825d10,r_97b78486
t_b35b99fd,r_b9fc4ed5
t_dac3a762,r_4ca6f9dc
t_9e64ef5b,r_93914f6e
t_666670b6,r_30536fbc
t_87092d8a,r_5b246faa
t_23541ccd,r_953ea1cc
t_8a580c7a,r_347eb399
t_17592d61,r_347eb399
t_9d2ae14c,r_126e5042
t_2b1dc4f6,r_4df3e14f
t_4800ca78,r_f5438f9e
t_ba7bf73c,r_254f0389
t_d2d22760,r_3eb13d6b
t_be441bf4,r_a01a4808
t_07738b0b,r_e1dd3efe
t_02bc24a8,r_4df3e14f
t_92379072,r_67194de1
t_aac48dac,r_b9fc4ed5
t_6988b3f8,r_080f582d
t_d6dfe646,r_a11d13ce
t_08709514,r_9ce43933
t_febb6165,r_7407b902
t_44b20f5a,r_ea15a958
t_b1896e7f,r_0be7aad2
t_bcb6c810,r_ec98dde6
t_f12ddee7,r_aab346a1
t_100c55ac,r_0307ba11
t_24560a9c,r_558c940d
t_5dba78b0,r_f18dd69d
t_b942e667,r_efbb2a6f
t_6416b347,r_1622fd4f
t_41c7aeaf,r_f67efd01
t_caffca04,r_f65f5547
t_90bcd3a4,r_f3f42119
t_5193d34b,r_32c21d6b
t_42e0eab1,r_3a1b632f
t_4f076832,r_4d35b55a
t_bb0c4503,r_7819a3d7
t_95b6ecf3,r_d013b668
t_bf6ac5e8,r_8c1ce103
t_5e0678a3,r_1663f435
t_788f1d8c,r_1663f435
t_2cc74874,r_585ce3ee
t_9241790d,r_8d2ee9ed
t_1cc5fc7c,r_fd3584d9
t_09505c03,r_5110320a
t_56400f0f,r_82e7e52f
t_611ea4ec,r_8210acf2
t_dab91bfd,r_ba6da5e9
t_cfc792c8,r_ec0bfef4
t_71de5d3d,r_0675169e
t_026ba539,r_a8fa39cc
t_673e3142,r_b53d9e77
t_6b3e540b,r_ed86b7f1
t_ff63fa82,r_ed86b7f1
t_1fb2d7c2,r_5e91ce80
t_c6b9a08d,r_3b6aa419
t_5e8b3e52,r_d51129c4
t_2600308f,r_8413b2c4
t_0851d86c,r_87e7fa9f
t_6eee58af,r_2b091c78
t_e63f2414,r_2b091c78
t_239ec1b6,r_a4782902
t_b3cf12cc,r_2caaff89
t_72f0011f,r_08adfb34
t_710d743e,r_aefa386a
t_95de0d53,r_59c85021
t_e261cea4,r_b89fa2ab
t_94f4b7dc,r_b89fa2ab
t_3a15e31c,r_8d09872b
t_d342a2f6,r_0ad4295a
t_60ef2446,r_496d3305
t_7e066387,r_5aca1987
t_64bc1034,r_3c1e089b
t_5723c85f,r_d1c6de0f
t_3bd15a0d,r_22740f7f
t_21c54be0,r_ff8e5ef3
t_b3d50bd2,r_fdb9299d
t_2b342b9f,r_4e36c0e7
t_e708cd8f,r_7d4a5b11
t_8320572d,r_5041cd7a
t_e95de9a6,r_b6e489e9
t_55e69168,r_8e7627e7
t_8d2c2fca,r_8e7627e7
t_8b68f47e,r_a4b81b46
t_66905c28,r_db82a4d4
t_339a5ba2,r_95558ec1
t_13fd0256,r_bffbb89d
t_fdf2c3c4,r_d362bf51
t_10703430,r_95558ec1
t_613fb9a6,r_e9872d1d
t_dfbd2fc0,r_e9872d1d
t_fea34423,r_b33009de
t_daea2e58,r_593b8e1b
t_9813daaf,r_593b8e1b
t_d5e2fad4,r_3d0b1bef
t_b454a168,r_1ed64112
t_29099306,r_3da72d9b
t_22e8ebd9,r_b6e489e9
t_e14361f8,r_47a6aada
t_6bf32ce1,r_581afac1
t_43cf3368,r_8412845c
t_d9ad9295,r_8412845c
t_a906ab73,r_b87f9dc7
t_4fe83ecb,r_b87f9dc7
t_1ee2dbf6,r_80640370
t_45e55e24,r_ac056f22
t_410659a4,r_1dce94d4
t_38638abc,r_21337c02
t_abcaf642,r_586793f9
t_ac560968,r_41a4e3c8
t_698df4f3,r_93f287fa
t_f73e57a7,r_db099644
t_a811c73f,r_bd05ed12
t_ea3ffa8d,r_49df0850
t_12cffc31,r_be5f9d0e
t_222f3eac,r_891abccc
t_53dea402,r_d2b9dbf7
t_6b5d97be,r_6f812801
t_edb3ad26,r_18f41864
t_b0a1b99e,r_9662eef4
t_c86417ed,r_a0470793
t_a6ee1214,r_865012a2
t_24f9155b,r_2ac2a7a7
t_e951be2e,r_631d17d6
t_3b71f3cb,r_8a9cac87
t_887f5f25,r_5846cddf
t_6614f0f2,r_812625c6
t_f8a0a9c7,r_ff8ce50e
t_295928b6,r_2a95d8c4
t_bf95841a,r_65b0ea5c
t_c3a249a0,r_fafa21e0
t_890033de,r_9ddbdabb
t_509a425e,r_869747da
t_867c7b4a,r_1980fb84
t_9ad7ac28,r_5b7d0c19
t_149b9ab7,r_3177b2d5
t_bda49a53,r_37ee7afa
t_0033ab41,r_cd2b5cb9
t_d6531cca,r_ed630bd6
t_0fe62087,r_c496fb65
t_07f7af06,r_5041cd7a
t_6173ee0b,r_dd662ef3
t_251b8fee,r_1096e4a4
t_b4625b5a,r_3c1f1a2e
t_6f7c8bed,r_cb2cae45
t_b9e7c5eb,r_1d9a1016
t_a8042902,r_eaddd8f0
t_b80214bf,r_4b82ff2e
t_e5d3e05f,r_43d85e38
t_2f2a77f6,r_d468fcdd
t_44012d11,r_219444bf
t_6d8d30d0,r_e50f6657
t_e9480ae6,r_ecf76820
t_01e78256,r_f878bbf2
t_e37c7fad,r_9ff775e1
t_da96b7bf,r_67774c9e
t_2067aa89,r_d712da7d
t_fe95ab7b,r_f7ee106e
t_8a000e3a,r_e5f5a911
t_a4b3b277,r_a1d8e542
t_fa7582a5,r_273ebc83
t_aa97db47,r_f52c4ebe
t_0512055e,r_d06227c3
t_fcfff2b4,r_55ad9bc9
t_8449d3e5,r_d06227c3
t_f456ec61,r_fc27d60a
t_78412416,r_f2223480
t_eadde784,r_f8e685f0
t_615b4ca5,r_5a986542
t_437e446a,r_3c4c61b4
t_d8567554,r_cf9a5473
t_dc6a1e72,r_04f9925c
t_9b34ed35,r_82562c81
t_d08118af,r_b43de3ce
t_1c9e00e5,r_999d1963
t_baa4ab58,r_1743c570
t_0e616882,r_43b98f5d
t_4fe0499b,r_8b213772
t_7afb055b,r_7412309f
t_20c210ce,r_cadcdf24
t_0c7e2052,r_b1e4c1f0
t_f65b81e6,r_8413b2c4
t_e9e2d952,r_bf8edde8
t_2c398cd8,r_ce904878
t_85f272ff,r_cc45c94a
t_0515aeee,r_1c218456
t_e4fff0f3,r_4cdd4313
t_766fea87,r_3cc6993d
t_3b42cc08,r_93f0a2d4
t_a4e326ac,r_6c231746
t_f8127cd9,r_48c3824b
t_3c010f30,r_516ecac9
t_1b377d8b,r_4a8a0d31
t_43804a4c,r_52a42e05
t_59df9725,r_9ca627fd
t_c80f0c18,r_037684d3
t_58e9a5f0,r_bf9d82b1
t_c55fae04,r_3f86f840
t_f94420a3,r_3c1f1a2e
t_783bdb61,r_9b41c1a3
t_e0ff9c6b,r_b7deca72
t_92d348fb,r_b389d270
t_965fee38,r_b389d270
t_eeca7126,r_05c45fa2
t_c7c56d46,r_721503e2
t_d1b8e466,r_3075fcf8
t_ad7336b6,r_0af0b296
t_e3536727,r_24b70dac
t_b4fda79f,r_7e2df726
t_57d7e25f,r_ba391891
t_7e0168ef,r_f10fa439
t_b9d2642f,r_24332e00
t_d4ee509f,r_08f6409e
t_36af9d4f,r_49e3400b
t_8ecaffba,r_c5bb53b6
t_47636657,r_c9e4c1b2
t_ae63df9b,r_45f779f9
t_de619c86,r_797466aa
t_96d6cb24,r_69f1969b
t_ee3629c7,r_70e7f77e
t_2d8be953,r_2c442bf9
t_afb4f090,r_39b5fbee
t_98f46958,r_55684bcf
t_4b1280e5,r_76f51120
t_f241b26f,r_4d4bdb5c
t_d3acb5c1,r_11b81ffa
t_12bdbcdd,r_c11ea240
t_0a7fe152,r_31a53f9b
t_659324aa,r_2cf879d2
t_3e29d148,r_d694e804
t_75dc1ae8,r_dbc699ef
t_66cd0601,r_a340371b
t_c01427a1,r_4bd04e87
t_cdfcc81d,r_9d42ae9a
t_1d92dd90,r_2503f0cb
t_dd08af71,r_3c1f1a2e
t_80e217da,r_1f584ece
t_236124b3,r_7c20b0c1
t_298b2b90,r_d65f6f13
t_cdecd358,r_7616b4d3
t_1031ed6a,r_66bcbd1d
t_df13223b,r_72f6022d
t_92e9e207,r_b789f427
t_f9bbb32e,r_4b137803
t_d68fc1ea,r_e31aaf3f
t_82043626,r_4eb5180d
t_2928be3c,r_cd37bcda
t_643ada1e,r_ffba1233
t_09f84377,r_9156ec53
t_502b723b,r_222657d1
t_c72ffdc3,r_0a5f6d96
t_470f1a6b,r_7c34b02e
t_98079127,r_1c2fb790
t_8c820b94,r_f3b4000b
t_80679b3c,r_0b856bae
t_96973f15,r_53db871c
t_65522e1a,r_ed26d013
t_0f9f3436,r_992ca887
t_f268f10d,r_087a5b00
t_a0a51bc2,r_9d5a7870
t_51a54e1f,r_9892647a
t_3d4b5d9e,r_42d4ccfb
t_2c1027aa,r_109846c6
t_92b33c77,r_3b586f3e
t_0f82adf0,r_aa9ed1c8
t_5318bd83,r_37a5f514
t_d3a1c493,r_277f402d
t_729a6039,r_571844ff
t_23af2606,r_1c2fb790
t_e122922f,r_6e9b83b8
t_d8300dc9,r_cd10bde2
t_347e8e12,r_4245c5c9
t_6da2a479,r_13f432d2
t_5ed32ce5,r_66b35bae
t_0a664929,r_5344d686
t_387b62a7,r_97f59328
t_36aa3ad5,r_da54a8aa
t_6ed2176c,r_fed2bd1b
t_a9554c5a,r_a69da37a
t_db3144ee,r_fe89bc2e
t_16216d51,r_bbadc03f
t_358127b2,r_3507c292
t_6ffe119a,r_8bea3f07
t_a5eddac5,r_b1574569
t_0abffee6,r_afd903c2
t_0bf642fd,r_48947579
t_b35fc04a,r_a4f060c8
t_30d970c9,r_da98611a
t_3e169649,r_2ff2e6ed
t_ad762b98,r_4969bba1
t_170870c1,r_0d0d8184
t_26b45d9e,r_3622838e
t_d6e09e16,r_b2cdf5c3
t_479c45cc,r_2d18b25c
t_df0075bb,r_3a8ba26a
t_707e6fe8,r_10bdd241
t_bc80a967,r_c1d8268e
t_268e097b,r_bbc615c7
t_8ea1af12,r_e6912373
t_843581a7,r_1c6ae0c5
t_0b6fd4c8,r_2dad380f
t_46884156,r_3e1587fb
t_e71eb2e9,r_b3e1a743
t_c03d9dde,r_4f95bf34
t_1a67676e,r_c6b6d953
t_e11cdbfe,r_c6b6d953
t_8ffeb6e2,r_9031ab85
t_6058eece,r_dc7e8070
t_adbfa5c4,r_90b7ccd5
t_cdabad17,r_348ffdbc
t_3d019b9c,r_e1ef558b
t_587a083a,r_93ae8365
t_8f60403b,r_23ffd4d4
t_a36809a5,r_c1ef08be
t_31b0b8b4,r_b50084c4
t_b2963e99,r_b13f96a9
t_1fda6b80,r_187e0512
t_8b4c557f,r_306748ac
t_9cb66d00,r_94fc2f89
t_8065b5d6,r_647f0dae
t_bf9952c4,r_e4633d49
t_7e4af912,r_6cf01de9
t_35289f42,r_1913defc
t_da8b5808,r_6a9412f6
t_4f312849,r_2c849e17
t_90c751e7,r_9e0aafd5
t_dcfd39f5,r_826713ce
t_a5fba0c8,r_ba37904b
t_64da81ff,r_0c18c6db
t_1ddaabfd,r_c5ca847c
t_dd7fdcf8,r_7a99e9a2
t_c3d298a2,r_4af1f8ca
t_a3cc7d68,r_462e167e
t_8a692032,r_8fd948d8
t_ba1bed81,r_4cf94ccd
t_a43f189f,r_918dd012
t_6de09ab1,r_9d756447
t_f8715044,r_e52d148e
t_2be8fd29,r_93174558
t_cbe481b2,r_4c0eda71
t_7999e24f,r_1a8c29e4
t_b1bd1ce0,r_6e553ddf
t_b9d659f9,r_0d386f67
t_5c033b47,r_147e4917
t_2ade7ed0,r_55cc2852
t_f7513382,r_23ffd4d4
t_5549eb73,r_0a31e3e0
t_43d0641e,r_8a4d5a31
t_7c868c25,r_68ac559f
t_5e9ca530,r_7f951ec1
t_9dd0441d,r_26ea3d27
t_6e9a222f,r_9a56c459
t_b5554595,r_bd2534d4
t_4863d7d7,r_c8803ac7
t_26f9f4f5,r_c8803ac7
t_480d0df1,r_70ba1e31
t_f5592f39,r_c8c4ae29
t_903c6d30,r_6cf01de9
t_9f42d661,r_fe61632f
t_e39f569b,r_065b2508
t_87ec6a33,r_f40d052b
t_b18c1bf9,r_451b0631
t_17314bb0,r_00c382a6
t_8014355e,r_fe61632f
t_9d275904,r_8edba071
t_99a25f16,r_2d5df763
t_9dfc0f49,r_2b091c78
t_8afd2858,r_a781f2ae
t_fd5a0704,r_1a9548a1
t_ae3536ea,r_67297ee7
t_e44fe85e,r_31d78482
t_ec023006,r_9e6c37f1
t_6739d08b,r_680fe217
t_e3d49858,r_7645a3af
t_10650c33,r_6442bc7a
t_38c9afb3,r_fea0b642
t_5f764ed5,r_d95f849c
t_c732dbf0,r_116f5394
t_5afda520,r_5b4de3ea
t_b93087a7,r_ff33ac9d
t_b18c97d0,r_0d941d9f
t_9ff45990,r_8e126c6c
t_d130567a,r_d0f7a9ff
t_06428473,r_00a604a0
t_8e64803a,r_e6859408
t_ce5e0d7e,r_f4e47dfb
t_99036b36,r_4da993aa
t_2992b81c,r_4da993aa
t_7acbf672,r_ed90cb1f
t_2a915a7c,r_ed90cb1f
t_2f620749,r_ecfaf3d7
t_9afc1105,r_1591b57b
t_7dfd04f7,r_bb24c552
t_c21c8059,r_bb24c552
t_46e068dc,r_bb24c552
t_c314b3af,r_b6e7e20f
t_f26c414d,r_714583fb
t_506885c3,r_da752df8
t_49a5203e,r_da752df8
t_fc3df7bb,r_aa52cd0c
t_54983e20,r_a30ab52c
t_0f7a4c9d,r_1813b664
t_c98120ab,r_7473c168
t_3b9059eb,r_d4784421
t_128451d4,r_b139c7fc
t_191904be,r_3d9f23c9
t_221e0777,r_c4bbf1b8
t_5219b5bc,r_9789e742
t_ee32ad1f,r_b139c7fc
t_4848d77b,r_af582bd1
t_41c06b21,r_dabec854
t_dd7fb28f,r_7a9f4e66
t_7aba6789,r_80f06bec
t_15e738e2,r_84ceb794
t_c8b944d4,r_3955f35c
t_92c02e8f,r_8d8af803
t_f2f12f4e,r_c93902e6
t_24af735d,r_7e17d955
t_5e0254d0,r_cf9fcc2a
t_9564d639,r_b9fc4ed5
t_7ea5d825,r_094579c2
t_ca192f70,r_e338d7d9
t_12ed0520,r_3707bfec
t_04d567b4,r_74f465d1
t_0bd12ed1,r_bf9bd582
t_391f2e62,r_a130be46
t_ec38b122,r_7491b94b
t_737fe9c3,r_8e0ce53e
t_0a733558,r_ea0bc1da
t_e6822001,r_2ba123e2
t_d206b528,r_69f30059
t_a331bb37,r_9210091b
t_15c51b8e,r_714bf7b4
t_b70239c7,r_cf5e4059
t_039dc41d,r_da1ad56d
t_09f5d0f8,r_9e1961a7
t_7cc8b279,r_fcf0b475
t_6dbf9b6b,r_9ddbdabb
t_4aecce38,r_c360723b
t_123f95f5,r_d82cc1aa
t_7b3e814a,r_7fc4deab
t_a26bbdbd,r_3893c602
t_b206cbb4,r_26485488
t_f74aa895,r_2634e90c
t_a46f35e2,r_ad9b6159
t_1a186be3,r_23e02e98
t_928214ac,r_954680fb
t_b7df0223,r_5d85e68c
t_e8984e53,r_eb4352c5
t_e5519702,r_7c57d592
t_ce896f56,r_139012c8
t_0998ded2,r_e992b174
t_d1061a99,r_35e0d5bd
t_a4a316f3,r_0fc17fdf
t_1b911e8c,r_65d0dc7b
t_a0355e69,r_4a078395
t_f72066f3,r_1e39f1f3
t_68894690,r_9ebb24fa
t_63371d1a,r_a480cb01
t_97c8def8,r_d7813f0f
t_e59b9e0f,r_3e8e739d
t_4f86d49e,r_8b8a5e85
t_f9a75136,r_f8e685f0
t_c0f4ca35,r_3eb56c6d
t_9b84834f,r_59dd6d4a
t_a1f35dff,r_3bf37fc3
t_a02d7966,r_0bfa2f1c
t_48a70208,r_7fc28638
t_751e111a,r_b5fe0c26
t_06651c29,r_63089172
t_768299b5,r_b5fe0c26
t_e45241e4,r_3ff12187
t_58ab5cfa,r_a43ed470
t_3ce9d9a2,r_b4cc2b88
t_020ca2ef,r_533e3bda
t_21b3a26b,r_533e3bda
t_0658f1bb,r_66b45693
t_2c1fa573,r_1df5f051
t_de904c01,r_1df5f051
t_6d2f33c6,r_c409812c
t_6a2abe8e,r_4542890a
t_f2fe47d7,r_4542890a
t_0b56dbd9,r_74910d58
t_5a8e8911,r_66c0fcf2
t_294f15b3,r_f48435c1
t_d1e697b3,r_cbc94781
t_430507cb,r_63f1c3a2
t_447980f2,r_63f1c3a2
t_aeca6f9c,r_0055f836
t_5bd80be9,r_2503e047
t_4661d42f,r_0e81e3f9
t_9ff3519c,r_7b654279
t_c778848b,r_a35b07c6
t_4d089343,r_a15d5585
t_303003bb,r_85bfbbb5
t_8268e1f8,r_1f3448c7
t_722c4d48,r_8f866102
t_1b405b49,r_fbe8cc96
t_99c9f41b,r_4cea9323
t_3b1f3a4f,r_94e1ee10
t_fbf276ce,r_496d3305
t_ca189ab8,r_9bade7d9
t_9ed86f60,r_951f91c2
t_4c81725d,r_ec0fa090
t_7a32fca3,r_c01c4881
t_e5b82d7b,r_30166ade
t_80978ae1,r_c360723b
t_0d8c3e7e,r_40e243fa
t_28824977,r_db4cd546
t_2f20501b,r_890d92a6
t_b2449961,r_7caff8ea
t_39398f2c,r_8a55928f
t_3f56eefb,r_1ed4c895
t_a43c5e69,r_fac05e8e
t_68d8573a,r_72d6b1d7
t_0f44fc92,r_815b17ec
t_e3882b07,r_866d1881
t_c207e9bd,r_f7007e48
t_26ab448e,r_866d1881
t_af11dcb0,r_48b7c883
t_49c04bfc,r_42c13d5b
t_fb9ea56a,r_4563674b
t_23300741,r_219444bf
t_e2b576ea,r_a509437d
t_e1d2ce2f,r_a509437d
t_7892c467,r_4c66efdc
t_b34fa44d,r_56c226e1
t_75df4a3b,r_314a4c0a
t_43d1bb14,r_ed86b7f1
t_c284dfa7,r_7af5d053
t_93f9e118,r_4920488f
t_0c9847de,r_fa6b9ac9
t_345cb9d6,r_41a4e3c8
t_612da33a,r_0d502504
t_55096ef8,r_2e2fb2c4
t_72cdf3c7,r_578e2828
t_420fd723,r_578e2828
t_0e73b55d,r_7eb4fea6
t_060afde3,r_5e277479
t_103235bc,r_4653c426
t_8ccaf028,r_d0f7a9ff
t_157f4d7d,r_3082c757
t_928442fc,r_e7fa5d1e
t_d0257043,r_c6551cb3
t_e44e2d27,r_50b20f9f
t_58fb853e,r_839183c7
t_c0626e89,r_100b9a05
t_e471fab0,r_b1012aba
t_2e96b50c,r_ce034770
t_cc415cce,r_ebba4477
t_078ce01d,r_080f582d
t_282c2a08,r_231ae3d0
t_23235cfe,r_2083cc54
t_3caafb4b,r_94153a82
t_bc6ab0a5,r_3bca0d69
t_23b3e993,r_51383520
t_f7f310af,r_c3a518dc
t_b7cd00db,r_ceba9d5c
t_f0a042b3,r_ba255d2c
t_f624ff16,r_de76814d
t_b2a90661,r_c593490d
t_d41e0ae0,r_6fa554f0
t_8e00e5d6,r_0fb09deb
t_2685298b,r_c9470178
t_b9953264,r_3c000d5d
t_51f18975,r_e76af410
t_62cddf6f,r_e3efa0af
t_ea9ce07e,r_d2d078e9
t_cc3e1e14,r_fe7753db
t_a2a6d102,r_e059a34a
t_4907169c,r_4e22eb73
t_8249f4ee,r_42a92e0f
t_ade9384d,r_4aa57444
t_f50097ef,r_5234b38c
t_19e7d484,r_74f465d1
t_b96ec251,r_e0f3b276
t_d6391db0,r_10e8c3e3
t_6c143365,r_434ca5d4
t_434a2e95,r_5ca30838
t_6ff4810d,r_1b0c530b
t_d1314621,r_814a39e9
t_b9a27bc9,r_65283ae4
t_cf563d13,r_f775ec76
t_75dd4c26,r_11f20156
t_ebd9459e,r_f75dd310
t_dbe1298d,r_0341a73f
t_75d2aa88,r_35370cc9
t_5180703f,r_f0e5b79f
t_49708cbd,r_550c0d80
t_4378e82d,r_8922e7dc
t_7d623acb,r_a0c21cde
t_42a117ad,r_94e1281c
t_5c859520,r_ed3fd2c4
t_270fe680,r_296058ad
t_2a9f352d,r_068305b0
t_f267eb33,r_148022aa
t_8c41eabb,r_6b1a05af
t_c62bd54e,r_523d3757
t_06c41862,r_c11f9239
t_e02ba18f,r_f052339d
t_64c3c227,r_37331667
t_af771abe,r_37ee7afa
t_d0a14f36,r_dc6d9944
t_a798e191,r_4da993aa
t_46d2ef26,r_558c940d
t_1c7133bb,r_72bf7f42
t_49033b92,r_21c1ec86
t_5bb5b076,r_8d5dc5e3
t_76a7fbf1,r_e8e2ee89
t_ec1799b2,r_02693139
t_06a196c6,r_55cc2852
t_90725c49,r_b2ce19a9
t_37c912d5,r_51c1cf5c
t_71bf3a57,r_37182e2e
t_1b04f2b3,r_9e90a106
t_ff489a08,r_964d7db1
t_3de165e8,r_b9721ab0
t_bab4496b,r_2d5df763
t_b6af72a5,r_1642a49f
t_098d31c3,r_cddd4261
t_4d6be60b,r_11a62f77
t_5227666c,r_81fa50b6
t_699e3a9e,r_0bfa2f1c
t_222e81b2,r_5d9b38f1
t_0b28993b,r_69c74445
t_eb161a6d,r_ed49f759
t_5b91d1ce,r_464eefa3
t_03252b53,r_4b82ff2e
t_25ac4d80,r_4b82ff2e
t_74e03db0,r_4af32144
t_a9b2266b,r_0b9438a4
t_61dae199,r_a781f2ae
t_badcc663,r_a781f2ae
t_8580038c,r_e4a099b4
t_329c4662,r_7a863c22
t_aa830b1a,r_b022640d
t_2faf3d60,r_32f3db6f
t_2d46a8d7,r_b022640d
t_63730e98,r_f35fabf9
t_d036428e,r_a05abdf6
t_d0a099ac,r_68ac4f11
t_37c6d1a0,r_e50f6657
t_5f316a2d,r_5e1b1c40
t_fb85f120,r_fbe0548d
t_29fc845a,r_4a9e5e49
t_bad3ae0f,r_7d6eda89
t_7311f66f,r_fd072962
t_2e682c39,r_58362ad6
t_967b644b,r_73fddafe
t_92407e27,r_4d35b55a
t_9087ba66,r_7b5fe1f3
t_7143de2d,r_f9d49a09
t_ccaaa124,r_4d35b55a
t_1f35abcb,r_ac8664d6
t_e6daaa66,r_f1772aa4
t_3d661529,r_0e81e3f9
t_5fb0ac3b,r_0604b294
t_edf0bfe0,r_5fbd5149
t_d6d231d0,r_c19bfdd2
t_1b8221df,r_933307cc
t_e0037b6b,r_933307cc
t_59124f30,r_933307cc
t_126fd0e3,r_8cbe3271
t_49d2f625,r_ac01600a
t_358c2da4,r_31acb710
t_000d3366,r_cd08062d
t_ab1b2845,r_14aa11a2
t_cf47cff4,r_e89f9ad1
t_132722f2,r_c31e8b9a
t_265d9f1a,r_017a701c
t_4165f0b0,r_69e98daf
t_05f9267e,r_efe156f7
t_e67df56a,r_97f59328
t_87928834,r_97f59328
t_b7364800,r_ac01600a
t_56510008,r_95afd08f
t_5f7d0812,r_f92ae1e3
t_e886b09c,r_cd10bde2
t_9d150dee,r_0d92f1cd
t_305018a7,r_73cbef81
t_0db1089e,r_acd35050
t_bc6f43f5,r_571dac0e
t_ab289da5,r_606c0bdf
t_752bf8a4,r_62779de9
t_2cbbceba,r_286f0a8a
t_eb62aed9,r_423ed320
t_61c84caa,r_9f0ee62e
t_b49fb62e,r_a587d391
t_54232175,r_36f2d991
t_73cd78d5,r_5a028534
t_f506a99c,r_2f89c6b2
t_86bdf34c,r_8f00c81d
t_050df370,r_8e9cdef6
t_654d49dc,r_2c849e17
t_ba459ed7,r_c44190c0
t_ed9d5a6d,r_c1c0560f
t_43bd7cad,r_2b4d3999
t_44d7bc27,r_eda62de4
t_1cd299e9,r_00b21598
t_b84950a9,r_cb77b925
t_751d2690,r_8dd5d56e
t_c7b8818e,r_fc4745db
t_a0041b28,r_4551a4d2
t_b61959fb,r_bf24642f
t_1ea18f7a,r_93a89542
t_ee01e9af,r_d05ce13b
t_ec52bcc1,r_93a0dfcd
t_7eb10cb3,r_109846c6
t_d1bf2436,r_addd0e21
t_43b57147,r_addd0e21
t_a5339be4,r_ac8664d6
t_98b2bb0c,r_4c992c6a
t_b5128a5d,r_01fc0fb6
t_f449add4,r_109846c6
t_dc2164a4,r_1fa7b3e0
t_6dec8bff,r_5ceb8126
t_a1cbc456,r_ff799ab1
t_c36503bb,r_53385edb
t_26b360a7,r_41c569c9
t_40884344,r_dae7abfe
t_615d15ab,r_f82ea40a
t_fab377c0,r_e7d49703
t_1c7d0c30,r_242db77a
t_912a4330,r_ebead34e
t_c4bcb4ca,r_8974cb65
t_10324b04,r_0555ca96
t_f7f77d04,r_4956a15a
t_21e4e1e9,r_00b21598
t_0c365453,r_5ea3d052
t_ec8156b2,r_f0d05605
t_efd80e0f,r_7a977d0b
t_45f6bceb,r_c12afd6d
t_065312d7,r_f66973b9
t_75ae1ffe,r_610c1a90
t_18ba1d1b,r_d71d0813
t_048db69b,r_f8f50c7e
t_803088ba,r_46bafe28
t_2e4bdcf1,r_639056eb
t_eaccc26a,r_95f35d41
t_f510e8fb,r_0546535d
t_84b33abd,r_ef486bf1
t_087af67b,r_41a4e3c8
t_088ada42,r_2b0756fb
t_1a7caf48,r_2b0756fb
t_5ecbaded,r_bb3fb9b5
t_ee247382,r_66bcbd1d
t_adc1f04e,r_81fa50b6
t_f7b397d9,r_4d7df0fe
t_74e4782d,r_a69da37a
t_8b0b7679,r_7a84f224
t_d8986f97,r_b0a324e1
t_8e917469,r_b111b440
t_149ab4b8,r_63423ed0
t_c01a8bff,r_12f77cfb
t_3b5570cc,r_df155633
t_14891b1b,r_0e4a37ec
t_61ce0b55,r_59083e1e
t_6f64e3be,r_6b3af2f2
t_e4a8a41f,r_a500757c
t_eee21653,r_e3c289a8
t_8226df6d,r_7e951e69
t_56c05528,r_b57e6ba6
t_0b95221c,r_e1fcb429
t_b0640e26,r_190c36e7
t_f8b43a15,r_41b90ced
t_78fcfe14,r_12a7d7f3
t_d1b30574,r_1622fd4f
t_e9158e5b,r_ec586e87
t_7fcba1d6,r_eedcb362
t_1a3de440,r_ce97d46e
t_9ec20ed9,r_1622fd4f
t_27007b18,r_2a42584e
t_f622787b,r_bf25446f
t_8e4f6791,r_ea75b4f5
t_d828d6a4,r_1d50de5b
t_da0a9528,r_ae50bed7
t_5ee66e73,r_b8637684
t_436b2210,r_b8637684
t_967931cf,r_8726bd3d
t_ac69f2d1,r_b3284122
t_1c388b9f,r_6f66ff2e
t_dc812c62,r_d9f99f02
t_41395df5,r_001146cc
t_5067f962,r_20406497
t_14a34f99,r_39c53045
t_528db147,r_aa9ad7db
t_347a4b6a,r_65419b58
t_17f6118a,r_6154f218
t_c011293f,r_59db58da
t_9b7806ac,r_a01a4808
t_5212f1b9,r_a0ca18ff
t_ac1b8a76,r_50ee7ec8
t_0c390a88,r_67934ce6
t_cb37b7f7,r_4c1e6ca3
t_2cf0a808,r_67934ce6
t_2e41c285,r_d3afc5dc
t_71dbd6ac,r_d3afc5dc
t_9d97f531,r_7ebdd3cf
t_b6a34d70,r_2fa94e50
t_92d7aabe,r_da9ca2ff
t_9934e7f6,r_9d939038
t_31bc6a4a,r_ed1e8a4e
t_317114b4,r_67a84e23
t_849abc8c,r_74f2de5a
t_16bd2b93,r_ee640bae
t_3cb0e5af,r_606c0bdf
t_41a6ed17,r_85835358
t_d47b8b65,r_49b278a2
t_e9485b3e,r_b7417824
t_824df459,r_b7417824
t_685d1df3,r_d5792e25
t_9308dd7c,r_e16735b1
t_4ce705c2,r_087a5b00
t_73cf70ed,r_29121f83
t_329c065c,r_9ca328cb
t_3a96ee90,r_a5465836
t_3b5ae2e5,r_b743fde5
t_aea39a9d,r_02d03701
t_533fda57,r_c44c644f
t_7a41b40b,r_85c169a6
t_ffb0212e,r_f79bd5a1
t_055622ec,r_982c71a2
t_ecb47f11,r_acc1f570
t_bd483158,r_d491bee7
t_9f203120,r_af575c1e
t_b5718063,r_ff2537d2
t_5bd3669e,r_ee6cbe92
t_65a1f69b,r_4004e174
t_a2d0d7b6,r_b9d28543
t_f0ebea4e,r_c13877dd
t_2d3dbee4,r_e8186626
t_f8ef98ca,r_f83eaf25
t_7f380c63,r_77840cf2
t_7640dabe,r_a1663d5b
t_e969e4f5,r_aa9ed1c8
t_afb834c9,r_7af4d3a2
t_500533e1,r_f39efcec
t_4d35b9f1,r_f798ce47
t_90fdf01e,r_2eebce7e
t_66376da5,r_9e815900
t_a4d96277,r_a5d25d49
t_76ce7ecd,r_35d43ef5
t_cab1f4bf,r_557972ec
t_9ab5575c,r_e5d0fcc4
t_a0b0efe8,r_73ef293c
t_f0f23aec,r_9e815900
t_ff04593c,r_d9708f18
t_ec640169,r_d9708f18
t_60896d4e,r_79f254b8
t_6708fd39,r_ee38e213
t_4d7108aa,r_71a8831e
t_68cbf0ad,r_7402c8bc
t_b3d8ff6d,r_1627a438
t_801c926f,r_10621a49
t_f0c29223,r_0c18c6db
t_6efedd3e,r_951ca869
t_a56ff9f5,r_2933f15d
t_f9f33fbd,r_44de4fc8
t_8ae671a5,r_6a14a5e4
t_34685613,r_824d6c51
t_8e1fe14c,r_a4292960
t_bcf29c0d,r_5684d583
t_38bf920e,r_6fb24719
t_e4f67b77,r_6db21125
t_aebced81,r_9984e290
t_0e40bed9,r_2e9e9c4a
t_4a71b6a7,r_187e0512
t_f9fb951f,r_058b0141
t_5f0102cf,r_06fcd4b9
t_ec2b3a1a,r_fa399f85
t_1ebcc56f,r_f80c6057
t_47a2d706,r_8292e22c
t_87775c70,r_f95a3d57
t_66ee4d27,r_38f3f286
t_ed66a129,r_f0ba5bcb
t_ff8352c6,r_12506db8
t_e3733aec,r_5140247f
t_27d3a146,r_d4c15877
t_4cfc3f19,r_d3b99e8d
t_c75ececf,r_f8376e62
t_1dae10c7,r_ce2c62b0
t_ac45f388,r_1642a49f
t_81f677c4,r_e98d530f
t_fcc9cd36,r_843fe408
t_c5a9992e,r_9d5bdec6
t_aa536d1d,r_afa07788
t_59c62bd8,r_eb6f8646
t_5d7df602,r_9386e3f4
t_17ebe3f8,r_15a6187a
t_02267569,r_0055f836
t_b3b3cfa6,r_c1d8268e
t_fa56ea71,r_71784184
t_d82a8dbb,r_b5715bc0
t_ed700b11,r_0a819340
t_567d35a2,r_6e9911e0
t_2a0ba4a6,r_6e9911e0
t_d60c2c40,r_25244d80
t_8def40ef,r_25244d80
t_1ffddf33,r_25244d80
t_5efcf50f,r_0d8a3fe1
t_6bbcb8ff,r_b228ade3
t_476549dc,r_63938388
t_9f06155e,r_1342ca11
t_c5c1109b,r_56c226e1
t_27fb3699,r_56c226e1
t_ff40dfc3,r_4c75c44b
t_b6b03b6d,r_02efe1ae
t_e886f372,r_9b001c83
t_bbe7b5dd,r_812612ec
t_c23fd5f7,r_cd37bcda
t_f2cd855c,r_3dbf9e1d
t_2884bea6,r_c8a0e91b
t_585bc281,r_8df78534
t_5daf6349,r_a44d5c05
t_9b91cf3d,r_d8f79039
t_cf137b18,r_ecdf6319
t_04c22382,r_ce78fec4
t_2de09f1d,r_2dda14e6
t_d3ae85be,r_9e62f95a
t_334fc066,r_3387b60e
t_1fccbba2,r_d86eeef8
t_9a5c56fc,r_492de721
t_e0f4fd7b,r_a06430ce
t_5013405f,r_5aca1987
t_eec7faca,r_814a39e9
t_17acc05d,r_8403aefc
t_05f3077c,r_347eb399
t_9c089707,r_b0fa6499
t_eaf88443,r_3052a708
t_a9439ff6,r_31e99ed2
t_d4abca88,r_74da2cbe
t_241372a2,r_8fe7edbb
t_f1e2b348,r_2c2976c5
t_36c37f18,r_a35b07c6
t_920807b0,r_8675c92b
t_3a570ca8,r_e64bf513
t_fbfa70b4,r_5570eb95
t_63c7c58e,r_0a9575fc
t_7de505fb,r_f10fa439
t_ddc74b55,r_f10fa439
t_7688f972,r_81429dd7
t_01c899f1,r_a0d11147
t_40857208,r_3c61d631
t_0338496c,r_ac7c4b8d
t_6326a09a,r_080d067e
t_1ecbbf38,r_94911df7
t_58dfedb3,r_37a5f514
t_23ec0c3c,r_0b3432a7
t_d3a93adb,r_00fdd43e
t_a60dbef2,r_83eb1f31
t_1d835d31,r_730b5ed3
t_bdc3f9e5,r_3e83a263
t_7266e55d,r_951f91c2
t_f5d176b7,r_c35e5bdd
t_cddb59ac,r_29c25f5b
t_c711d59e,r_884d66ef
t_fb88361f,r_46df3c97
t_2fd735b8,r_55d138d8
t_b4b6349b,r_3b3dfeed
t_31bce5e6,r_0598d326
t_1a565c87,r_c56d30c1
t_8b5c2483,r_fc49bd67
t_fb9866c9,r_bc9e5d7c
t_8d64bbe8,r_7037e67c
t_8aff3efa,r_40e74fa7
t_cf9905a1,r_00a604a0
t_b5995b26,r_e664cddf
t_cc6b0d41,r_b06f7f62
t_182a03aa,r_51c1cf5c
t_223dce5e,r_f0478774
t_87a14da9,r_49c52064
t_332438ee,r_0c2139a8
t_47357a27,r_184082df
t_c0a6cc12,r_93174558
t_e0d657cb,r_0177b6e1
t_a8b6a8dd,r_c2d3ff6d
t_31e52c10,r_0341a73f
t_f29c831f,r_ad32b97f
t_87e92349,r_3a8ba26a
t_c8d5a555,r_eedcb362
t_f4fb1675,r_58362ad6
t_e58bae06,r_8e32a514
t_20a16090,r_3eb13d6b
t_c6158248,r_1c2fb790
t_bde2a99d,r_ebed293a
t_b4c5db9d,r_6d57cfff
t_df447716,r_d65a01dd
t_f9ff95ef,r_e5aed195
t_46fb3bff,r_0d91ecaf
t_da1322a0,r_9ddbdabb
t_54aed4a1,r_2e2b1032
t_bb9b8077,r_2e2b1032
t_a1890438,r_cf4e7982
t_59a52ba8,r_a2973585
t_3cd26bca,r_311f1374
t_bfa92e79,r_eb72e226
t_2b194619,r_ce293245
t_e1a2ef67,r_f22b2385
t_5eed0cb0,r_6154f218
t_a08f0117,r_50e25e27
t_cdc47c8f,r_2b539f3d
t_fea2878a,r_e8e2ee89
t_e92f00a8,r_361a8ee0
t_62be7b34,r_36cff28f
t_5d5fc155,r_da1ad56d
t_2c7a93e5,r_8e9912b2
t_80d875ff,r_f93aee95
t_88538e4f,r_b5d876f2
t_a511f98b,r_1ab35d83
t_c15ecb35,r_035cd3b8
t_904d6d0e,r_f3276598
t_1118488a,r_105a453b
t_ecf892e1,r_bb6a08e5
t_468fd3d5,r_0c65a427
t_7762d65a,r_678f0910
t_d2cde914,r_1b85487c
t_5b412cb2,r_9e7a8b5f
t_41eca692,r_44435b58
t_f78ea5fa,r_0cf300ce
t_34da641f,r_8a9cac87
t_0f6f4cf1,r_04bb1af4
t_50ee3774,r_d53373d6
t_d6698d76,r_532e30cc
t_4a9b19a3,r_022fff78
t_8094315b,r_a4b66ccf
t_d314a112,r_e8030c6c
t_ec3b2199,r_19061a6a
t_96e1ee1f,r_6bb2f749
t_e5cdd383,r_ba9e804b
t_ad06cd1e,r_0000879e
t_4c69771d,r_5691c6ed
t_40b36e3f,r_cd0be439
t_6c444b12,r_67934ce6
t_8d4fc0de,r_1e23e832
t_e404a94c,r_36677fca
t_66684564,r_e6c6c28f
t_d5819e22,r_efdd8bd8
t_b216944b,r_fa30ba47
t_887d1ef9,r_226ee92a
t_3c6123de,r_4ebc6937
t_aa65241f,r_37c0efdf
t_396f4603,r_71d72998
t_0df12588,r_cf9a5473
t_93d8eabe,r_528afa35
t_76762422,r_017e0d54
t_5d3968a6,r_4d372daa
t_e43205eb,r_920aa21e
t_dbe409f1,r_5471a78d
t_8488a2b7,r_be7ad0f4
t_836ac487,r_05710408
t_69b445bf,r_730b5ed3
t_58268838,r_9a0b0e77
t_2cebf160,r_6e5cdb4d
t_63378a36,r_0de7c159
t_d62038ea,r_ce2d5731
t_7c7d5d4b,r_96d087b4
t_f8ecc865,r_784fadf1
t_0321d475,r_56b0f1af
t_588cb14c,r_8f75516b
t_32a81aa8,r_e138e647
t_ac2f5336,r_8f75516b
t_7f9b9783,r_092c2d49
t_a0932e3c,r_bf1ab679
t_1b111d33,r_b56a5b3e
t_5102db54,r_39c06325
t_7b75acfc,r_d29ce838
t_ade88927,r_d29ce838
t_00d72858,r_965a6138
t_4702ab95,r_21c7bbfb
t_3658306c,r_9f248479
t_1ebd1105,r_2d58989b
t_9431fcfd,r_53385edb
t_e9de3267,r_8fd52baa
t_6279e0a3,r_fa6b9ac9
t_b0e16cba,r_09734ad2
t_8b056628,r_965a6138
t_1cda8d3e,r_2c5d0cb3
t_05671f36,r_91b18530
t_f79ccca9,r_d51b7636
t_b46177c3,r_c8ed0ec4
t_844bd1da,r_4aa17ace
t_1a8a33a0,r_2852ca66
t_6d9e7e09,r_bff64f7e
t_925b3aca,r_4ab92a93
t_f5fb7a13,r_306a3ab8
t_5ddcc579,r_0b425436
t_38f0598c,r_1dce94d4
t_68cc4b88,r_411d178e
t_4965ec26,r_32d1a81a
t_03b694c8,r_a5e8262d
t_a6708518,r_a543839b
t_c633ad92,r_f1b0df47
t_91bca6de,r_c1d50f26
t_d2df8e67,r_c1d50f26
t_836b503e,r_e68d9db0
t_ad34eb67,r_84084d9c
t_735156ee,r_808cd47b
t_8a2fb39a,r_dd196e44
t_22e2a93d,r_84bf2d71
t_7ffa56d1,r_f66973b9
t_9b2a0881,r_42d27573
t_90d85134,r_b079464a
t_a097401b,r_7bcbc638
t_7c9c3996,r_f82d23af
t_0e3d9a70,r_34136c4f
t_0f936821,r_34136c4f
t_e941023c,r_05e0f2db
t_79f09b54,r_4e36c0e7
t_4d13398f,r_04bcf22b
t_db5ed65c,r_b89fa2ab
t_384fa4f5,r_45e0c1db
t_fbc167fc,r_0f9274cf
t_1740c5d4,r_f95a3d57
t_5f436ae8,r_527f5ff4
t_569a6198,r_b56a5b3e
t_5f8f3672,r_0e0ebb4c
t_a61309e2,r_56903ab5
t_72009edf,r_cf2bf463
t_94487c3a,r_a712f41e
t_784c92cb,r_99e784e5
t_80909a34,r_3e8c181b
t_5630d1d2,r_71aff85d
t_1b2f5c77,r_1daf3629
t_a800b174,r_fc92e540
t_d8c67f5e,r_4e73e941
t_29919565,r_0ce20a3b
t_f9732246,r_ab6553d0
t_00ba7fac,r_8f302b24
t_c9d7444d,r_66990550
t_6248766f,r_d4fb0824
t_538286c0,r_67297ee7
t_5455e5b6,r_b738fe79
t_6d494b48,r_d0aa2a39
t_baf78daf,r_4ca0f31d
t_920b78ca,r_6aa6eeff
t_99ea0d46,r_164e45d1
t_377b5dba,r_0bfa2f1c
t_446cce72,r_66d54154
t_2f0f7b71,r_4db7c5fa
t_08439ff9,r_12b8b5a2
t_feadd777,r_aeb8e032
t_56a2fbae,r_aeb8e032
t_ebb06aee,r_587ec9d2
t_bd13c325,r_f87d6106
t_f4d02bda,r_2da07917
t_19fb775d,r_6af8be08
t_8f1edb33,r_6cc31f47
t_b1454f06,r_2114f5e4
t_f0b79658,r_2114f5e4
t_8e67d9b6,r_37b4ad63
t_8e77507b,r_2114f5e4
t_eb3b0c1f,r_bce287e7
t_9c2f8d9b,r_edb6889c
t_5482a0ae,r_ff7969ef
t_5a3152b0,r_a0aac1ac
t_b87fc38e,r_e1c26b68
t_fbb80364,r_a354054e
t_53753ecd,r_1c5ea2f4
t_05585daa,r_fdefd128
t_0e5858bd,r_67e0c305
t_abbfd14b,r_008126cd
t_1890ec0e,r_8b923d2f
t_ac670270,r_f12ad17f
t_9f97805b,r_970cff2e
t_5cb5eaa6,r_3bc7fd80
t_7362ea50,r_ccdefcbd
t_0d0e661e,r_b032edfd
t_c038840b,r_d0926e2d
t_77318e3e,r_cd9d7b1a
t_7d3d5744,r_3661823e
t_4d476d7c,r_4859253e
t_bc04c154,r_78a698ae
t_be0f3200,r_6008dd15
t_b593eebe,r_7c97c147
t_0fc57c9d,r_8e36d243
t_fdddf1aa,r_3e8e739d
t_80dcf9b4,r_377e9dcd
t_a4709e4c,r_16a597fc
t_5184e785,r_16a597fc
t_32f58234,r_ea20da55
t_c100e63b,r_3bca0d69
t_eace2449,r_306748ac
t_6dbc8cd1,r_0e81e3f9
t_26e0b528,r_f71cd7cd
t_46cc14a3,r_f946047e
t_be94138b,r_4af6626e
t_49825313,r_647af128
t_5198974d,r_0f795c1b
t_ee2595ee,r_11914f16
t_6cd93a9e,r_0822c1ce
t_7d817f6f,r_f852a889
t_06266ba2,r_f852a889
t_39f1b79b,r_ba86fc60
t_1a1565ab,r_8f044ab9
t_8665739c,r_23e02e98
t_78457735,r_02ff9fa3
t_f56e5bd1,r_5aefd8e5
t_3baf7a11,r_2cb4005a
t_2644850a,r_35757342
t_fe92ab0c,r_593b8e1b
t_14a8cb3f,r_45b41389
t_d1e72446,r_08c9b4bc
t_3dd57452,r_af054333
t_77c7bf66,r_7932191f
t_ee403de4,r_a44d5c05
t_5fdf376e,r_86ce4d5e
t_01ab0c19,r_af575c1e
t_92c706f1,r_0822c1ce
t_ddd854a1,r_f3a32452
t_9a70c32a,r_2910ddea
t_f7077104,r_bf5e0238
t_3139153a,r_fc6929c5
t_3390d98e,r_8587bf8c
t_2b25e417,r_36d1da97
t_e386a446,r_d838c83d
t_eeac00a6,r_3692fff7
t_08f691da,r_9d5bdec6
t_256e2d49,r_5e78ee14
t_5518a3a0,r_aad8fa24
t_1407c618,r_5e78ee14
t_fdf70905,r_5e78ee14
t_14d5f69b,r_e82a7551
t_315883d3,r_67a84e23
t_8e808d6a,r_48259af7
t_64cab103,r_ebe41411
t_1d30c571,r_1def3730
t_1c55c3dd,r_4542890a
t_a14ac10a,r_b586fe6c
t_85f844fa,r_e1ef558b
t_4698d346,r_d7bc398a
t_061845a2,r_fe61632f
t_48ad74b4,r_1d357bb7
t_1dfe18ff,r_b384b762
t_59f7cd04,r_64a97115
t_4deaa456,r_ab01f371
t_b31c5446,r_34136c4f
t_315f2cb7,r_929e647f
t_61bd7a15,r_21964e87
t_3db03808,r_155ce881
t_0398463b,r_c2539d7d
t_b38af9e9,r_c2539d7d
t_8aaa9413,r_90be006b
t_6858cabd,r_90be006b
t_a3e4a03f,r_43274776
t_2f7116d1,r_e1ac6938
t_42b6890f,r_859402d4
t_69fe7bd4,r_4ed7763d
t_fae86d7f,r_ff557f6e
t_1507cb65,r_bf5e9c0c
t_1abeb776,r_e27f0c0f
t_152702ef,r_16b7d078
t_309e7d33,r_715de739
t_23f3d25a,r_715de739
t_29b25d86,r_d0f7a9ff
t_7ba92e9f,r_f49751a9
t_9467e0f5,r_5f1fe8ed
t_f2337e85,r_a001f6b5
t_a5e86d2c,r_b5fb9a90
t_a92f7b0c,r_c1ef08be
t_cd37a277,r_f81a3eba
t_d8b95114,r_c1ef08be
t_6700dd87,r_f526633c
t_32e7d4e0,r_5d3ce632
t_eea537ab,r_2c79b537
t_65f310ed,r_028f77a9
t_c77dd85a,r_f64f19c6
t_f285935a,r_b752f94d
t_120fa7a5,r_028f77a9
t_1b61f538,r_c11a5824
t_83c9714c,r_d58fd23d
t_283c272c,r_c11a5824
t_78fdc1ed,r_da346762
t_047504d5,r_3271084d
t_1e1d6367,r_da346762
t_7cb04e9d,r_22ca3853
t_cf320bab,r_ba7d58f7
t_0ba1a2f6,r_0e1563a6
t_1c98b6fc,r_ce78fec4
t_ed1da79b,r_78fec5a7
t_9b3803dc,r_68da5f6c
t_47331f16,r_5fb3b2c4
t_47f5634a,r_0634d4cf
t_43a5b84e,r_0634d4cf
t_ca766a56,r_080fa8c2
t_14cf5ed4,r_1703f3d0
t_161ff64b,r_d972a41e
t_96bc9671,r_26ea3d27
t_cea187eb,r_7d03f7c1
t_e402ffa9,r_4cae5937
t_2658e354,r_ef18ba8c
t_4d42ab95,r_ef18ba8c
t_397b8949,r_426327a0
t_e67817b2,r_4c47361a
t_440b8406,r_4b0ced5c
t_bb1419f2,r_b2e93bb7
t_c33af031,r_a32e5ac8
t_13917e79,r_4b0ced5c
t_47705fd5,r_54dbe9b5
t_1eedb2d8,r_9db206f2
t_7e7a4e28,r_20b0da3b
t_69e53cd8,r_4b0ced5c
t_f292f6ba,r_a859232b
t_a1523261,r_e70ed5c5
t_5e857c4f,r_a58bcd5d
t_6172ca6d,r_00a0a751
t_7552b664,r_f2f9a981
t_1b75926e,r_b2d1afba
t_72b0f013,r_0624ac35
t_38c8a3c7,r_a7215c0d
t_fd97eeb7,r_e8ee1a7c
t_d842e06b,r_34aeda10
t_4cf6bcff,r_6bfeecd9
t_4473f4e7,r_d51ce1ee
t_7fc6fb10,r_7cb12e9b
t_6b9240bb,r_41fbd3aa
t_06f4d283,r_d444ff0c
t_82bc0fb3,r_d97634fe
t_7c6a5d91,r_1b04901a
t_f00b61e3,r_31c19520
t_5282c689,r_a0792400
t_3b80bb25,r_ba508dd5
t_e6172099,r_cec9c837
t_327e1d98,r_a509437d
t_aee7eb45,r_18ff6814
t_34adb677,r_96c27938
t_a6a7c354,r_837b2795
t_2c1eaade,r_121c53fa
t_0e0ebfee,r_13f91810
t_59319690,r_1a5356ac
t_3f709025,r_f1ae7b0a
t_687d21b0,r_515f1ed6
t_ea6dfd67,r_af8b9d4d
t_44447ea1,r_9e1961a7
t_fe1faccf,r_bd747ffc
t_f5d68643,r_9a07824d
t_d37b3586,r_46c7b3a4
t_dbffc5f7,r_5dbc8dc6
t_86429afa,r_bf5b8ca1
t_af76cc63,r_6bc673d3
t_8040c298,r_10bdd241
t_f01529bc,r_d36c4a53
t_4f0fa4f6,r_18d7f4db
t_6c397c1a,r_20fe1f27
t_baaba0bd,r_9e0547ab
t_fdeb91ad,r_1f89c8a5
t_0b5e5802,r_2fb09a70
t_fbd1af52,r_45216fa3
t_27040ef2,r_fee75ccc
t_fdc7d409,r_2e9862f2
t_6cf239c5,r_a2f69ca2
t_ab272b5e,r_ee083016
t_9b02ee31,r_93174558
t_12f749a4,r_83b210cd
t_05a0ce5d,r_dd662ef3
t_c7496771,r_6ba3a40a
t_4e36b642,r_f00db08c
t_572b77fc,r_edb09610
t_4b381ae5,r_7ae7a1aa
t_7bce0dfd,r_951f91c2
t_6172a418,r_3804e51a
t_780c48df,r_f33e1077
t_64b62620,r_99e5fcbc
t_f86b8fc6,r_6b60c4db
t_e9806a32,r_5c72d113
t_1e32a10f,r_3624ace2
t_761431b9,r_a029f3b2
t_2944b6b7,r_50dae80b
t_166ec270,r_5344d686
t_117704e0,r_eef4b7af
t_8c92ace4,r_e1ef558b
t_2323e75f,r_fa8e1397
t_73184cde,r_83e52417
t_261cbc23,r_a9d78083
t_ca694bb0,r_59b65f86
t_767967f0,r_4af56725
t_bcd34b45,r_eb6f720d
t_160f30fd,r_ba22576b
t_e89e021b,r_eb6f720d
t_a87f8fab,r_af7544d4
t_ee493fc4,r_3661823e
t_1464a94b,r_802fceee
t_b2b79ba8,r_224345fc
t_88295558,r_36b520b9
t_d6cea728,r_b49ddeb6
t_87e5f894,r_7bcbc638
t_4c399923,r_fd953369
t_90107e28,r_a029f3b2
t_14b32e6d,r_b7fdc078
t_440da568,r_b3f4ef48
t_a756380b,r_9789e742
t_24313bf2,r_0714e40f
t_5836cb97,r_2fe96ba2
t_6987509b,r_11c07d16
t_f4316eda,r_74d55a87
t_ea405e11,r_343a5df1
t_e71b507f,r_fef3bb51
t_4e3a1aa2,r_02b6dee0
t_645f9377,r_999d1963
t_2caa1e3a,r_fd7077bf
t_8c2f4945,r_f5ade7a6
t_297a4014,r_c129e5ba
t_67b10093,r_fa8794ec
t_795004fc,r_abcd8cbb
t_458b0602,r_9f3c3501
t_f26f84c9,r_b05b2312
t_cac79067,r_6d989124
t_840d632f,r_c5c31d11
t_5eb0217b,r_a4b7be9d
t_30ed5ec9,r_189b7af7
t_bed7d9d6,r_96299e54
t_be22c7d1,r_f5f3cd5d
t_43f078f3,r_2264812a
t_ff6baad5,r_b88bbc58
t_521ccb14,r_a3064df0
t_01555d04,r_768827ef
t_995ab793,r_a465b540
t_6b9c5d5c,r_e26c4dbe
t_7fd9a772,r_eed2574e
t_e0ee7783,r_1ea0fc09
t_88f03977,r_d0aa2a39
t_5e1fd8f9,r_30fa56ce
t_00e6dc88,r_5e277479
t_c1b37151,r_c5482ce6
t_af21d5aa,r_65238218
t_d1c42f1f,r_65238218
t_bc620f7c,r_d1198cfb
t_298951a3,r_7c3f69b8
t_760a362e,r_0a894923
t_6f82d80d,r_cb80125c
t_fc48fd81,r_5ae67ba0
t_e43e2d3f,r_debf233c
t_1e27466a,r_e0c358aa
t_3aa93636,r_fd46b9be
t_9a7ecc10,r_b1c0a595
t_e131bbdf,r_b0e4ceba
t_cb50691d,r_119392af
t_1794edbc,r_a15d5585
t_f1cf3351,r_ba19bcb9
t_616c94a5,r_2e6f658b
t_eb922a58,r_a500757c
t_0b97e651,r_a500757c
t_09e58d9f,r_3f9e6907
t_c61aa731,r_7c3f69b8
t_a9e1084e,r_37b4ad63
t_d2bacce8,r_8d094a74
t_91002ab6,r_7db2fef5
t_41d12118,r_389ac651
t_902cbb7c,r_389ac651
t_38f11a30,r_389ac651
t_c6410dd7,r_ddbe0803
t_1b9d33e0,r_3d14b6ff
t_2de9457a,r_bb0663e5
t_e26dd6bc,r_5b700be3
t_909c19cb,r_3567e278
t_8c9e9b9c,r_2e8ad468
t_d1653ed2,r_b45d4242
t_ea40ca87,r_b45d4242
t_578fb8e0,r_ce573d1b
t_3adfaf7c,r_ce573d1b
t_c4d1d699,r_fcc38f3d
t_174a7482,r_f852a889
t_19b69521,r_852fc6b7
t_1da5baa5,r_28c8ae97
t_2532d1e3,r_330cbde6
t_12141075,r_6d1898bb
t_d8adf99f,r_a0ca18ff
t_0880a01c,r_d07cd497
t_356db9d4,r_b0b67e0e
t_7920b048,r_34d1ffbb
t_5e1c5137,r_984b427d
t_40ba6abb,r_d4a14fd8
t_0faf1a9e,r_9635af53
t_c350145c,r_4b66cde0
t_556661ff,r_a78e07fd
t_a6b45d54,r_b825bea2
t_299f7436,r_e79d7103
t_2c3654b0,r_becae151
t_28de46f2,r_47692b45
t_ce02195e,r_c8ea3c3c
t_c6afa7a6,r_f93f9907
t_10679643,r_c9b2ae82
t_0534e8f5,r_f55ed8bf
t_5ede6b7e,r_b384b762
t_1c91714c,r_32a08b0d
t_d737f87f,r_a781f2ae
t_fe3d554b,r_993dd88f
t_edf87c57,r_3a7a627c
t_76917571,r_043a38e9
t_a2d812c8,r_d98ca0f4
t_05fd807f,r_0cc61990
t_33ba9f78,r_02013ce0
t_89721492,r_6da914f0
t_2b49d816,r_993198b4
t_1b102864,r_121c53fa
t_5dace767,r_a3edad75
t_bbf96145,r_8a9cac87
t_2f90cadb,r_da5eaaf8
t_3bbc77b9,r_3d086f30
t_7ca6d97d,r_0f36031e
t_83e3576a,r_3f3caffe
t_10033a00,r_31190d9a
t_b4218f4c,r_110d8900
t_5e760464,r_ca1f5280
t_f8581fb3,r_31c19520
t_6df7678d,r_f49751a9
t_7075fc53,r_3c9151f6
t_0f26ac0b,r_279bcd23
t_7d9137b5,r_e0225553
t_c99543c2,r_70aa0483
t_0ffb78b2,r_fc57bfce
t_b2e6f04c,r_730b5ed3
t_0f09177e,r_f1b01b33
t_dbfeacb7,r_d1c6de0f
t_b28940c4,r_9454d69a
t_b6376ab8,r_a6de81af
t_4794ed06,r_8137fba3
t_1bba8e9f,r_f6cb3e39
t_4a1db299,r_fa8794ec
t_0b3613a3,r_fbded8cb
t_4fecbf9e,r_08ec4dae
t_b22e3780,r_37b4ad63
t_940fa641,r_bf109534
t_95a10f3b,r_31f86021
t_e8f10e36,r_1c24aaed
t_6204d09f,r_fddc0d39
t_7855e27c,r_548d57e3
t_f40aed97,r_229a67d2
t_6e16fc92,r_55bbcd19
t_86ce7463,r_9892647a
t_74ebfdd1,r_2b0756fb
t_f81f23c5,r_3d561c83
t_da9e073c,r_9892647a
t_1f4fc4de,r_fea0b642
t_0de575b9,r_5ccfafcb
t_05feb7e7,r_881eaaaf
t_1abe8572,r_5aaf09e8
t_86e1a7fe,r_5aaf09e8
t_f9dfbddc,r_c0d4cb33
t_d7f29c96,r_9173d6e8
t_f39147f1,r_44bfdb91
t_8b79d5ff,r_8e88a61b
t_1839ae02,r_26596f74
t_cfc9676b,r_426d0acd
t_0ec62019,r_31c9a6b3
t_861e8f52,r_90bb0b22
t_f9265c6c,r_1e8683df
t_7188f8e7,r_77b4ffc1
t_748192da,r_56f69408
t_adc9571b,r_1e8683df
t_f3874475,r_84d555cd
t_91288687,r_311cf146
t_769a92c8,r_077d1b91
t_6c23ba42,r_4b85e4e7
t_6bf2ed2e,r_6c0ffce7
t_93f458c5,r_60e4f25b
t_8bc81840,r_dc9e8a13
t_090f0016,r_4f00d76d
t_f46f496d,r_929407de
t_4861a80c,r_fe12eede
t_2abbaf7b,r_da1ad56d
t_ae795c85,r_c9e0f0eb
t_20ec5792,r_b4f1548b
t_0b827493,r_89142f89
t_4cecedcb,r_fa8f1d5b
t_552cc9d3,r_b3f0e9e7
t_9e832fd5,r_f4c75c60
t_776a2741,r_ebba4477
t_2385fcec,r_199c3c32
t_3e98c45f,r_5b246faa
t_580fd862,r_23417a1a
t_58649253,r_0648f2f3
t_03ff6309,r_8ee9ed7c
t_319cd167,r_650116f7
t_c00572ef,r_a15c39e4
t_3f8e4c3a,r_3a8c4dd2
t_c48b0dd9,r_a6210706
t_58a50b1d,r_b139c7fc
t_be4b4fca,r_6f8d5192
t_16b5ff3b,r_fcc6a131
t_6dc7b3a1,r_f7a60148
t_0ef3d9fc,r_f7a60148
t_6a3d340e,r_41c569c9
t_5cf3616e,r_41c569c9
t_99b72c2a,r_cc36d131
t_2c179519,r_86d78661
t_d63cc33a,r_baadc71b
t_f9ec61ea,r_a9b5728e
t_7f4d3119,r_4bfc20d3
t_4c12e2ff,r_d3e42b50
t_a520eeae,r_3e8aba9e
t_714ba9c9,r_ff9bfa5b
t_a472e189,r_8d614aa0
t_69302853,r_8d614aa0
t_9f1126bc,r_8d614aa0
t_ec65e0c7,r_43b40adc
t_9337927e,r_cbcb1e11
t_bfc79daf,r_25b1bf6e
t_d75dd22a,r_87e65b69
t_5e4b4079,r_092c2d49
t_f90b676c,r_4e3b0803
t_3942f290,r_e0d2ef79
t_39fb3b08,r_34136c4f
t_490775fa,r_5df7805a
t_ab14a2f5,r_15a7e5f3
t_40fffa12,r_3438c20c
t_4c6ed0a0,r_aced229c
t_55526636,r_2c384c1d
t_dc19272e,r_86492149
t_5b29fd0d,r_43ae0607
t_59af85c0,r_b8b8d4e5
t_4bc3d80c,r_a0e9f3c7
t_165ae086,r_dcc3b79f
t_4f9164fe,r_edde2bd6
t_c77917f1,r_cd08062d
t_445cf499,r_e8627ad0
t_ba4345f2,r_6a273b61
t_47420d4b,r_fc2803bf
t_b87f84ed,r_ac05979a
t_89dbe567,r_ed69053f
t_0742fc91,r_ed69053f
t_c4c07bd8,r_3926f8ce
t_ddd0d58f,r_35e0d5bd
t_8c6f7b2e,r_15cd1ee8
t_7cfb31a5,r_5cb5bc69
t_665664ac,r_f878bbf2
t_0de78d88,r_7c01d622
t_3547db9d,r_1427d503
t_e8cba772,r_cd0fb7e2
t_f3dec9bb,r_3f4c0224
t_b649bb98,r_66d54154
t_b7767383,r_a707e8e5
t_e0032602,r_adf898a9
t_cb96d31d,r_7473c168
t_a63623a0,r_af9f3c07
t_07b8d9f7,r_16e38842
t_0eb37d25,r_ea8e2b83
t_9f79052d,r_0e75b14a
t_359e3298,r_2634e90c
t_59acc8ec,r_198c718e
t_096c5768,r_d95f849c
t_b0ee330b,r_3946fa3d
t_2d3292ed,r_5c71a3f7
t_ed4a2e31,r_a01a4808
t_4aa1f0f4,r_a509437d
t_ad91f274,r_3fca206a
t_5648a670,r_346bf823
t_b4aef3d4,r_7ebdd3cf
t_90d357ab,r_a4b29c3f
t_b5838f11,r_cd52b6af
t_8b74704b,r_3864498b
t_0fa94b33,r_110454ff
t_94815571,r_c39de7eb
t_08c63cbb,r_a5c3ee88
t_858107eb,r_426bfbfa
t_149bf3cd,r_6b60c4db
t_5308713d,r_2f54f447
t_c3286e4a,r_fc57bfce
t_fe42a018,r_15e04eee
t_197948bb,r_b022640d
t_188c959d,r_8e126c6c
t_d6a2b049,r_110d8900
t_49e3b649,r_3ece3ff4
t_01fb0548,r_b1d6736b
t_7a303524,r_fc57bfce
t_0bde36fb,r_3cd65c5d
t_49c43b58,r_50f2948f
t_6e67d2b5,r_1d0856e6
t_18f3dd4f,r_2aad940f
t_d154497e,r_82e1ca11
t_004f2393,r_5ce188b3
t_e14110d1,r_a13b9996
t_5e05ca49,r_bc61d71e
t_75c6f3ae,r_cee10c20
t_b1302a5b,r_ec484bfb
t_d10b9a9c,r_d0f533cc
t_484faea2,r_a904bd54
t_68a09b1c,r_35e0d5bd
t_3ce19220,r_aa3a0278
t_5dcca2fb,r_c7d0136a
t_7d6760e4,r_f052339d
t_4dd14a3b,r_dd3df0f9
t_49a78d79,r_9a02722e
t_f8ba168a,r_5c29db61
t_51a2e106,r_198bd7d9
t_3a2109f2,r_9662eef4
t_b1262441,r_1e4e8518
t_788a0bef,r_5b700be3
t_c4a99f51,r_6076790a
t_887f36a4,r_5b700be3
t_ac558178,r_5b700be3
t_4a89ce15,r_c19ced51
t_65a654f0,r_90fa2a84
t_e736b58f,r_bd2aec86
t_487eaa4c,r_c379747f
t_b2f205a1,r_38472843
t_6e99f894,r_df058000
t_6c2e7d7f,r_2e5d3993
t_0475c9ac,r_0177b6e1
t_c0ab5786,r_acb33df5
t_4b704418,r_d10da896
t_995af38d,r_0c18c6db
t_215be3b3,r_0cec236b
t_97a68f0d,r_e5f77fe9
t_8f961cc2,r_a505b749
t_edeeae3a,r_fdee2fb0
t_9e3bf322,r_bb2cbbe1
t_c0279d77,r_f4986b00
t_332c2e84,r_26508731
t_280f6318,r_f4e47dfb
t_59dcdf85,r_f4e47dfb
t_0b3b0d4f,r_dda5657d
t_52e95e90,r_bf9bd582
t_a4a39fb3,r_0e5cbfb6
t_8d758924,r_830138ff
t_a9a8ce53,r_e6e27119
t_01e81311,r_08f7c69c
t_16d34347,r_d7813f0f
t_f6724edf,r_3cfa37c3
t_6ff119bd,r_c036a36c
t_2ae9ccf5,r_9e1961a7
t_49c74b6b,r_b022b930
t_c8e06241,r_a2f99f68
t_012a87b3,r_076654ed
t_8e5fe675,r_abeee56d
t_74375533,r_12b8b5a2
t_c08be864,r_8591a3d9
t_357dba1e,r_8591a3d9
t_25ddce43,r_0e360f04
t_d2199e6e,r_df1b1b4a
t_b5d42138,r_4a1cf2bd
t_7131709f,r_4a1cf2bd
t_c2e668eb,r_e6b3111b
t_f664e90a,r_4a1cf2bd
t_8767fd4b,r_eb95a2df
t_6c88bbd0,r_59f24cfb
t_f7e5b357,r_3692fff7
t_23c94362,r_33148ebf
t_a40a3f0e,r_987a8db5
t_c577ac0f,r_c11a5824
t_024e9851,r_ef329069
t_270a4c65,r_99396ac5
t_f5186a72,r_271788d6
t_240b43f7,r_641931f1
t_fc06bace,r_b4c0292a
t_3237e77d,r_90b7ccd5
t_b12a648a,r_f775ec76
t_5e296166,r_b5d02772
t_9314d353,r_15cdb0a0
t_570a253a,r_5876e89e
t_c710fa2f,r_f1d27f1f
t_bfd299f0,r_5876e89e
t_c1eaec8e,r_5876e89e
t_6e72811d,r_258099ae
t_3260541e,r_f946047e
t_733d580a,r_f9521445
t_96809d91,r_6aa6eeff
t_b44699e7,r_53e12274
t_536328a1,r_ba7d58f7
t_837b71a9,r_71671ba2
t_43ba6d75,r_71671ba2
t_5d3e8fc2,r_850ca7e1
t_8230e928,r_c11cd9fa
t_0cea78af,r_2a1c6f2f
t_f2c97d80,r_1d864489
t_73ab8aea,r_496d3305
t_bdb6a424,r_9b09b038
t_0d9e45f1,r_e228736a
t_0d02a16b,r_2fac5d83
t_31aeddfc,r_6c5a8dca
t_110e16cb,r_cd10bde2
t_08a03007,r_cd10bde2
t_dd641c65,r_3622838e
t_85fdbda6,r_6f402c45
t_a20638d7,r_b04ac8e5
t_5a11050d,r_ec290152
t_42af5077,r_31c19520
t_3f8809a4,r_c11a5824
t_1e0cb82a,r_9e543050
t_c37fb2c1,r_a4b66ccf
t_f9e7a6df,r_aa7dd183
t_a6227cfc,r_167f19a5
t_88eab582,r_a69da37a
t_42d772cf,r_17852617
t_2b65231b,r_3c4c61b4
t_10e491f0,r_881cbccc
t_56c1936f,r_e606b719
t_d6f6f3a7,r_97e89646
t_27cba261,r_bb0078a2
t_43e72f16,r_5f3496a0
t_d6b2cce4,r_4d1d003e
t_2873f485,r_4f18a886
t_077bc982,r_1d036e55
t_43c6ae2d,r_de115df1
t_b73f9a49,r_fe42e80d
t_62dcc1e4,r_35c96a3f
t_af26cd08,r_4697babe
t_edf9cb3f,r_22b6fdc7
t_5703f4a2,r_7290a5d7
t_15f26c28,r_85c169a6
t_3979a5f0,r_9040011a
t_61549df9,r_79f5c7a4
t_06227fb1,r_147e4917
t_e6a30825,r_86ba9e80
t_f3d1e6ea,r_92968ddd
t_750dd1bd,r_c8deee65
t_cad134d3,r_79f5c7a4
t_eeaef1ff,r_7b078b8d
t_4bc02f48,r_c7e4c7b0
t_2cf8b0ad,r_06fcd4b9
t_e9077475,r_e477a767
t_f541c5d2,r_97dab02b
t_1e9e8bb3,r_e0f3b276
t_530239b1,r_6b7512ed
t_a83df0af,r_8591a3d9
t_5203e680,r_6eccdbae
t_9479eb54,r_cb46eb90
t_d2f63268,r_f021a7db
t_e8f8a7db,r_100a45d0
t_11d6e425,r_68d36773
t_d04e90ff,r_d4d59982
t_a879e458,r_a354054e
t_8c7aeaf2,r_a354054e
t_a45f62e8,r_9c316d48
t_aec4a4f1,r_fa8794ec
t_f1e5d0ae,r_995c925d
t_4188fd74,r_09c996ab
t_3f4736b9,r_af0ec61c
t_aa0c0773,r_550ef17c
t_7f8143dc,r_5aea158f
t_f1333420,r_7cc5830a
t_9e7957f2,r_e8521d79
t_5fa6d71c,r_75e1eb02
t_1d506372,r_75e1eb02
t_7b0d2df3,r_e8c5b555
t_91ef787c,r_e0f90982
t_a24a9262,r_8467c4db
t_cfd3b69c,r_a2f32264
t_30754e73,r_aef96fdd
t_c0a5483d,r_0fce292a
t_1be7154a,r_bced5c05
t_f91082fb,r_36004cf4
t_b9acb684,r_45e0c1db
t_c349776e,r_6b7512ed
t_c12a2bf3,r_042bd298
t_f8dab51c,r_e7f51297
t_6a679dbd,r_5b0ff8ac
t_340bab37,r_ac8664d6
t_5bbe1da7,r_159b5dc8
t_2688f616,r_d4946705
t_7e6a8474,r_f180abdd
t_27739f78,r_e18127fb
t_6d7ebb14,r_183283ce
t_0c767ba7,r_7f5b5a1d
t_759b7a2c,r_aef96fdd
t_ec0ff638,r_9bade7d9
t_9ec88ee7,r_431ebde7
t_71a010d6,r_5e0ed244
t_1aaf70ef,r_c0ee4483
t_6a35e62b,r_ee2b9e8f
t_774db95b,r_71ccd852
t_76f8860f,r_8a2e574c
t_0d0948dd,r_ee2b9e8f
t_93c6394b,r_d03b64b6
t_4a303e7f,r_b2bfa979
t_6865d659,r_3d737d53
t_4faaa4da,r_9a0fdaac
t_136b0b21,r_52742cdb
t_3091d912,r_94cb7a17
t_cd7d395e,r_ebf530f8
t_f211ae19,r_6ee97d1e
t_9215d3ed,r_6dad853e
t_044a371f,r_91c15f63
t_74c3408b,r_5e542eda
t_f6f797e5,r_0c7734c5
t_2c1c9980,r_b4147cb7
t_84fb9a5e,r_0055f836
t_df83bc98,r_7711572a
t_e8e0fe7e,r_c1102efe
t_8071c019,r_fe3d6256
t_076a09f9,r_91156a03
t_db085e12,r_da73c70d
t_3b9a5c69,r_37f03006
t_745352a7,r_bd747ffc
t_11a3fcac,r_bd747ffc
t_451f074b,r_f9a82c9c
t_ad1a6643,r_180fc10d
t_2fd72173,r_a35b07c6
t_5a653e4a,r_a4c68ce0
t_38862950,r_0fbabf1a
t_1084abfa,r_ffceb24b
t_e1d136ab,r_ac056f22
t_f24ce2d7,r_ac056f22
t_08d34a5b,r_6581c4c2
t_cbb7a48a,r_4a330605
t_43a21d55,r_e5aed195
t_c1820a32,r_89ce0a87
t_d65fc0f5,r_0e81e3f9
t_cc43cae9,r_3fdec4c0
t_9e05908e,r_bd747ffc
t_7f995f83,r_48a30fa5
t_40b824b9,r_9f0ee62e
t_103a877f,r_32a08b0d
t_e10c7c77,r_9dabc9b4
t_5e377ec0,r_ec9d5016
t_9c8da3cf,r_574f8adc
t_7a6325ac,r_ffceb24b
t_5a40df13,r_b168b25b
t_8ea9c33e,r_7cb12e9b
t_3129e804,r_602b3db7
t_e2dfbd09,r_85ce4a9f
t_4a57ded7,r_1c2fb790
t_c79fcffd,r_9040011a
t_b022ceed,r_cbc94781
t_51dd1116,r_77b4ffc1
t_2de379c8,r_77b4ffc1
t_07436f12,r_b63e98fb
t_53adeb47,r_9bb520aa
t_be4c1d56,r_9356fa74
t_89117097,r_4f95bf34
t_7a076ef9,r_f0b79c46
t_1790e690,r_5a8b55db
t_3fbbee1c,r_5b3b4951
t_acef78b2,r_50be34cf
t_3081215c,r_7bc8d157
t_abfee8ad,r_c12444d7
t_9b065a1c,r_347eb399
t_e6cc77df,r_21c1ec86
t_52f5164e,r_21c1ec86
t_b1642ff1,r_a3a9daa9
t_e116eef9,r_4c2441da
t_e564936e,r_c744ffbd
t_e034405c,r_cc889865
t_9de88eb5,r_6b95cfb5
t_a694b80b,r_0bc3b72a
t_1e4cdd19,r_2adf5d0b
t_223a6478,r_8e7627e7
t_88068812,r_15897034
t_c5481717,r_65e776ce
t_0523f3de,r_02013ce0
t_c4a63f4d,r_4cea9323
t_e82b3534,r_ff64d121
t_6c476f38,r_038e3b56
t_7cbb4c79,r_3622838e
t_30b0cf65,r_8299b5c9
t_729cf6f0,r_bf9d82b1
t_f0f0f3e6,r_7fa46b44
t_9c866b58,r_e5b89a71
t_71e983ad,r_e2826d09
t_5ec8baa4,r_cc1c52e9
t_74019428,r_b9ec6001
t_c8bfd07d,r_cf78f14e
t_9900f484,r_9f4c3720
t_2108e36c,r_a3698c4c
t_405e8737,r_fd3584d9
t_f5452813,r_9f39590c
t_297b5784,r_02013ce0
t_6455f5fc,r_f1072324
t_c5da4030,r_e2879e94
t_a3aa07a7,r_166ab9d4
t_1a1a9769,r_6fc8e3d2
t_109c243d,r_48c69ad3
t_0bf1a475,r_50c6c50b
t_0bc82c42,r_c458ddf5
t_1f955149,r_3a0306ed
t_9f39d019,r_b97d0f7b
t_e6d3ee7d,r_cb0e303b
t_46a25219,r_85c169a6
t_ac56b08f,r_072ee034
t_01f4ca18,r_d7de285e
t_415521ef,r_1eeee5a6
t_e587e16d,r_eee626d4
t_31b2ce73,r_dbe4329f
t_7aab4cb2,r_9cda129e
t_94179b32,r_319c95f1
t_12e4e030,r_509b309c
t_34a21bc6,r_ab49dbae
t_945c587c,r_43ae0607
t_d9e245c0,r_59be523b
t_32bb687e,r_36b520b9
t_00d5e366,r_e62c1df9
t_6c9cb495,r_b49ddeb6
t_cc1a5406,r_e585fdca
t_a2372629,r_a52ce6fb
t_f5eeea30,r_09c7e3d8
t_53ce8d8e,r_424a41c1
t_212be997,r_c7f4201f
t_ead5c4cf,r_568e362f
t_018f87cf,r_568e362f
t_493a2799,r_4592e65c
t_dc9fda67,r_4592e65c
t_f3794a71,r_bff64f7e
t_ee293937,r_b45d4242
t_aeb006d3,r_464cd3ea
t_42b97c36,r_17f7679c
t_08341526,r_fc050dac
t_b5f5ef59,r_0c7734c5
t_a3486636,r_4bd48d79
t_53df8b52,r_e790c328
t_f438d08a,r_d5c91378
t_59758ffa,r_ea885707
t_187e3252,r_0347b986
t_21f2d04d,r_60e5ac6c
t_7190f3fb,r_f2223480
t_4d19f84a,r_a0e198e1
t_2e82a53f,r_775ca835
t_a30651f9,r_b145b915
t_b5877fea,r_1de24f54
t_53604863,r_2387e771
t_d0da1233,r_30a47917
t_b6d4efa6,r_d94214e7
t_86cc9a33,r_e1ee72ce
t_c2c92921,r_f3002c45
t_36cf905c,r_25a7160b
t_b5ab732a,r_d64eee6a
t_1f3d7adb,r_1d239c0b
t_91332a37,r_2dc0fef6
t_3ff799a8,r_cf4e7982
t_23b1b0bd,r_bed0f611
t_26fb6768,r_3dbf9e1d
t_b981e935,r_1f43349a
t_aa7fd8b0,r_59cdaac3
t_62c757a1,r_2498fb50
t_51db1bab,r_4fda0443
t_9e82331f,r_5b231dd7
t_7c578ca9,r_4a885e20
t_45b00dac,r_fa5e8c47
t_49757402,r_dc6ec720
t_39d03e29,r_5a5cf2b9
t_54877df3,r_055231ff
t_bc448b69,r_8790d3a7
t_fa032b36,r_d0c64de7
t_21c05944,r_b079464a
t_7315a4ec,r_62cc3872
t_35fde37f,r_ec561a12
t_b04f6092,r_8f9fdc91
t_cf785350,r_55b1ca44
t_b119d9b7,r_910b75cc
t_fc2ca58c,r_83ceedb3
t_f1b88af2,r_55b1ca44
t_917c88ab,r_7e951e69
t_e5a9e80c,r_d3102f83
t_b209060d,r_3ba6e9da
t_c23acfe5,r_3214d053
t_aaf62de7,r_40bfdebc
t_111e3dbc,r_866d1881
t_c1b81033,r_fbed61a5
t_b694b218,r_c95497d7
t_42f69d19,r_0f36031e
t_fe45684f,r_0f36031e
t_1533e28e,r_1e39f1f3
t_b26f68bc,r_3f54d9a8
t_df5b2a8e,r_a1dc7315
t_d850560b,r_46c7b3a4
t_749dffb6,r_73663a61
t_6aa269ab,r_c371063d
t_042d87ed,r_8ff08be9
t_c64c0838,r_596a5a0a
t_4b59d4f1,r_48b7c883
t_dc2a6c67,r_b0d92fe6
t_77cd40e8,r_48b7c883
t_f6d2405f,r_994c14ab
t_e9c9a1b4,r_41ff5807
t_3819358c,r_d468fcdd
t_9143560f,r_e717eb0a
t_c687d4ba,r_4a684502
t_ef79f5a4,r_028a138b
t_722e1bf9,r_3aaf9ee4
t_a94eeb36,r_c9420021
t_cc2a7449,r_76b48570
t_7cd36689,r_b45a1a7c
t_1b18cd59,r_544c5fea
t_76090aaf,r_68e4db1c
t_ed4a1d62,r_42536fa8
t_23439062,r_d85275c7
t_03c5162e,r_7278c6b3
t_a0e4d544,r_718bf9f1
t_deb020f6,r_e26c4dbe
t_d6369977,r_962140c1
t_6241d2d9,r_718bf9f1
t_1db85109,r_9a350eae
t_81b3016c,r_b05b2312
t_057b7bf7,r_4ccad063
t_7417c58f,r_3075fcf8
t_5417822a,r_c1c0560f
t_ad89e23a,r_ee00aaa3
t_ef081dad,r_21473582
t_64b7e2a1,r_d15c83a8
t_a3959035,r_aa949f89
t_7d281ff5,r_037eaaf3
t_db0f3e99,r_13222e2e
t_89fbbf4d,r_55c20f01
t_6cec1a12,r_da23828e
t_67de4bf4,r_7e83a568
t_f88d6555,r_4c5c7451
t_97004fb1,r_2fde07bd
t_663e6463,r_74cd8228
t_a8ae31c3,r_26c0f85a
t_d29c23b6,r_d0cd854f
t_14338153,r_ece10f8d
t_09dbc9f4,r_2e445ec2
t_0a7f15c7,r_67089fe0
t_ae3e5d97,r_283e78d4
t_0f9aee73,r_42536fa8
t_5b1ecfa1,r_6f5a9197
t_92f0daea,r_c3e5f09d
t_81132761,r_96430e93
t_19b9dfef,r_051e22f7
t_758205fe,r_1e0e6090
t_7f4ed2d4,r_8f866102
t_8c2f9d77,r_68384178
t_340fd421,r_8f866102
t_4d203118,r_724f6759
t_3758a7f0,r_d98ca0f4
t_07521d84,r_cd0be439
t_5e02ac24,r_4df3e14f
t_8b56dcdc,r_cd0be439
t_eaf36354,r_e0c693d7
t_c6e7ef5f,r_d0969d74
t_0abd23a3,r_d05ce13b
t_cb8092d9,r_90ba5220
t_f41aa1f8,r_00b7e1d9
t_20a82f32,r_8b6717cc
t_80278cb9,r_c7e4c7b0
t_bdfa2d7b,r_c7e4c7b0
t_99c1d995,r_768aedbe
t_75a79d50,r_b45f7386
t_584c7c90,r_baa4b5ac
t_4c855b0f,r_32a90b7d
t_d5a20b36,r_dad2e911
t_434301cb,r_1b5bd894
t_4a43b0ec,r_319c95f1
t_dda81853,r_839a3c13
t_abc0b926,r_21964e87
t_d39981d9,r_853094da
t_a60b1c8a,r_67c79230
t_b3032d1c,r_6fc68baf
t_6023e0da,r_8ecdd927
t_06590287,r_d32f3b01
t_9e81f19b,r_dbb40c62
t_4db4fe36,r_dbb40c62
t_34265e35,r_c3be1b38
t_2f094972,r_657bfe38
t_39ed8637,r_56903ab5
t_ee881566,r_d3941941
t_4cc91062,r_0489ede5
t_32067c44,r_df32c137
t_5bef21ec,r_3c59177a
t_0d4faf5a,r_e04fd06f
t_4bb1d3f5,r_e4b55980
t_5cfc39f8,r_b80dd3b5
t_a8af7d4e,r_891dd625
t_3cd384b9,r_924112b5
t_3775ccf2,r_a72af689
t_66140d65,r_b4aa7424
t_2c4773da,r_aa9a3234
t_eaedab15,r_b30e8f90
t_299437a8,r_70900a20
t_0331c1a3,r_80d7ef64
t_f4a0bea5,r_f568bc3e
t_daa6c079,r_b8637684
t_9d620676,r_2a42584e
t_3257c852,r_1e573a99
t_952c763b,r_aa7c7b9d
t_e206c27e,r_3a41eef5
t_eabe0731,r_3a41eef5
t_bce0f897,r_9d13e231
t_cf80cd33,r_692ee371
t_a51ef0b7,r_274373b8
t_f16dbc17,r_37e0298d
t_65d47ffd,r_718bf9f1
t_459209a2,r_ba3813ac
t_e4246dac,r_5b356a02
t_0657a638,r_ea23acef
t_d473725d,r_7e19cc5e
t_c6192813,r_0ff746a1
t_52e03dc7,r_b1cabfb6
t_f4fb6269,r_24594fb0
t_bfad003c,r_290f9ea1
t_0cd63ba3,r_7363c16c
t_11c83e8e,r_c42b702f
t_b62faaa5,r_c0588f26
t_86033f2e,r_da8c4272
t_56c2173b,r_cdac52f9
t_286bfa00,r_b389d270
t_5590c9ea,r_940ae448
t_58e4502a,r_a81f79e5
t_f7b4ce4d,r_8c8b2d50
t_53ed2698,r_b9709621
t_27b040fb,r_7f09440f
t_3426400d,r_0bfa2f1c
t_1bc8f125,r_05ea6ae6
t_118bd4fc,r_fffcc9ca
t_085a8e8d,r_443e1c68
t_5098cf9f,r_86ce4d5e
t_6f5a0c0f,r_adb2bb55
t_d0ca9383,r_8a22f3a4
t_9ab060fb,r_adb2bb55
t_1e2094ab,r_b8637684
t_256a2658,r_bc1c06ba
t_dd1f7b29,r_a71ce8fc
t_41dd5bb2,r_578e2828
t_913307ae,r_fcf0b475
t_d3f8445a,r_4372398e
t_e7f26a76,r_ef18ba8c
t_5ce4f2e7,r_4ca0f31d
t_056c1fd3,r_9319d7e0
t_d320c58c,r_68924056
t_05c00a64,r_6f688672
t_76d25470,r_fffcc9ca
t_f0407f68,r_ef119314
t_ffe40457,r_13195dc5
t_c34f726e,r_4fed998a
t_31204953,r_4e36c0e7
t_40ad2298,r_469a55a8
t_bf5be2d0,r_efe156f7
t_dc822315,r_7ae7a1aa
t_5388102b,r_7ae7a1aa
t_01530fd5,r_8bc258a5
t_083fd6da,r_48259af7
t_53cdf1d4,r_47a4a318
t_39ce4710,r_0ac7b9bf
t_18cd8ddc,r_2224c239
t_4aaabb7c,r_fd841a17
t_1669c14b,r_64a97115
t_89e8089f,r_64a97115
t_6c2912ad,r_69382034
t_baa153fd,r_cd2b5cb9
t_3f39b5e8,r_5d8f376a
t_d0dd2f8f,r_a8f4088c
t_3257433e,r_bf738184
t_38f78fd8,r_66338fe3
t_b6b29505,r_db28666f
t_769a49e1,r_5f7bd3dd
t_e50bcf85,r_f24e74b6
t_6d5be3cd,r_04741eca
t_b43f64ba,r_11095474
t_f7f3126e,r_725ab8ca
t_997de7c3,r_9d5a5bab
t_449d4eee,r_0833ac49
t_984b8c57,r_4069915e
t_3eb87cd9,r_c1d8268e
t_b512de4c,r_d0cd854f
t_4816b54f,r_9beedc1f
t_24e7e52b,r_2ae16702
t_3f088a9d,r_0b1e159b
t_9918fbd4,r_08573bd6
t_292be6f8,r_8e752196
t_b7abd172,r_3fdec4c0
t_4f6c1072,r_2b4010da
t_71d58fff,r_6b0070b0
t_b71cd525,r_34d0eb10
t_52142729,r_8a4d5a31
t_52fd3ee7,r_aef96fdd
t_6db8ae48,r_695e2348
t_9fc59ce5,r_c7e92ea3
t_5215be6b,r_af7544d4
t_90e1ac33,r_cba40f74
t_6e94d0f4,r_2c15633d
t_0102668d,r_f6ca1cfb
t_e369b713,r_4f00dab8
t_61c619ff,r_54a43c7a
t_71246b0a,r_ba251339
t_cebcb7b4,r_b9a08b79
t_635aa444,r_e9d39163
t_a8b43d3d,r_6838683e
t_b5366f72,r_3c546b4a
t_f1f722c3,r_e6d7344c
t_aa0125d1,r_2f07c278
t_fb5102b5,r_7b81ae16
t_b6353bdf,r_73250a24
t_becb4e73,r_ee00f49a
t_c89f1e3c,r_a3c79ab5
t_86de14e4,r_36c1d973
t_e00f69a1,r_15ce4d83
t_8c49d9d9,r_aa93c773
t_b66cbec5,r_cbcb1e11
t_9bdbc6c7,r_cddd4261
t_82d040f2,r_b3cf1156
t_53c8bf39,r_43192d70
t_81399601,r_7b0a0653
t_062ebd4f,r_a9271578
t_d017a119,r_15ff3af5
t_45f3e6d9,r_cc6c2b11
t_0d4b216f,r_c7990cd4
t_73ff34da,r_177437e3
t_ddc4806a,r_05cf0610
t_1fd667f5,r_c662ad89
t_e865ce65,r_ccfb727f
t_3a1ed181,r_304421ed
t_73cb282c,r_5d423716
t_9af6cc33,r_dc17c5d0
t_2f15e2ed,r_933307cc
t_e3c5b7ec,r_53e7626d
t_fca947e7,r_bc1c06ba
t_e4f57356,r_852fc6b7
t_8f4f77a0,r_ec98dde6
t_60798d45,r_7b0a0653
t_f08e8798,r_2cad1469
t_0d5ebe0c,r_b1023139
t_ab2ecb21,r_3a05ec6f
t_45e1d381,r_3567e278
t_455e17ec,r_9d5bdec6
t_3f81fc6c,r_f671543e
t_7a3bbc05,r_8bee6e27
t_87acf01a,r_45c588ac
t_e9e790c5,r_f3276598
t_68852485,r_acdd8382
t_d4269ce6,r_f53810ed
t_3cd3f809,r_296c78e7
t_9fd7742d,r_89f57707
t_79484260,r_89f57707
t_3d21a590,r_b02c65aa
t_e9159eed,r_65176ede
t_616b5153,r_c1c475b8
t_5aa6cec4,r_da346762
t_1f4a9192,r_0c55dc4c
t_bf39f23b,r_d58c2175
t_374eb6c3,r_d58c2175
t_b8f45655,r_63ab89e9
t_fe5428db,r_10933920
t_3f012436,r_2da07917
t_9f8c9d75,r_558c940d
t_cb817bb4,r_4edd4aa7
t_5ca0f6af,r_ce034770
t_87f1154d,r_d633b695
t_3b301a05,r_e05fb4f0
t_9bc9178f,r_0622f7cc
t_63a6dc30,r_55b1ca44
t_e8ca5cc1,r_7ae7a1aa
t_f98661fe,r_61843e80
t_0f2970aa,r_d5c91378
t_6e5e6103,r_5af89ef4
t_b22ea86a,r_65979121
t_a847380d,r_36acac88
t_858ada2b,r_7915bbc7
t_478907b5,r_ca199ead
t_8aef6120,r_cccb1691
t_16e11e1c,r_55c5c678
t_20a5ce12,r_bbadc03f
t_840e59ac,r_36710967
t_4ee2676f,r_5d050c81
t_10fdf832,r_40bfdebc
t_dd02df9f,r_d472c886
t_f4b749fb,r_25e1819a
t_fb9d4e6f,r_a9c571b2
t_a7b1362c,r_a0122667
t_d1b1c4e9,r_4cdd4313
t_4025bfd3,r_1db3f615
t_9fafc9c6,r_226bd6af
t_606bddb3,r_d013b668
t_410d9c8d,r_eee626d4
t_1f292169,r_fca85401
t_465d1236,r_90bb0b22
t_fc262130,r_b945137c
t_d8a56454,r_d566d97b
t_c0cba73a,r_b60ef924
t_37039448,r_18cbf8ef
t_45a5fc12,r_e3ed451e
t_49f7f8e6,r_2cafe840
t_de0d6828,r_a1f07266
t_052a7470,r_84debb40
t_91a086af,r_e6b3111b
t_3ac39fe8,r_68ac559f
t_1658d003,r_d4bf85d1
t_7c09df16,r_253904f5
t_3042d95e,r_e596a2a0
t_209280b9,r_40bfdebc
t_0c1af9df,r_6b162b12
t_870e6a69,r_70b5a386
t_6837f803,r_6ccf628b
t_0818660e,r_d62fd680
t_f6a407f1,r_4053de42
t_35ad61ba,r_4053de42
t_c2b4490e,r_038e3b56
t_2657321b,r_9e681181
t_e4b85db3,r_5d0d62e6
t_46ad7ec7,r_094534bb
t_c76c45c2,r_2a9601d6
t_18958727,r_fbc3cfd6
t_44b72e70,r_fcc6a131
t_88a67f39,r_4a1cf2bd
t_729265ed,r_c8803ac7
t_a72063c6,r_8a6c36e2
t_758fbe79,r_a4096747
t_28e915eb,r_fe6c0c48
t_43527608,r_4c4ac597
t_aedd1b90,r_959bc4c4
t_379bc405,r_cd5f945d
t_91e24f30,r_ce573d1b
t_f056f6d1,r_9b3d03c7
t_c570054b,r_94c8e00b
t_a422d008,r_08cb5076
t_feb94850,r_952570f1
t_5ce3fb8d,r_6171e9b2
t_fce8f53b,r_7c3f69b8
t_03c8c1ce,r_de115df1
t_a7c76b52,r_17ad04d9
t_f1689be0,r_ef486bf1
t_409c8c77,r_f58514af
t_5b60d19c,r_b849c433
t_9758a3d9,r_b54c94d0
t_b93f2d0c,r_fa87f1d3
t_a4b6594a,r_52c333c4
t_775d0557,r_99e69945
t_fa0748c4,r_13004ef7
t_7e90d719,r_4a70707a
t_8dcd70f4,r_f2ee54f9
t_cc796dc4,r_4d7b5642
t_b2251d9c,r_4d2a1027
t_02f90c9d,r_8615278d
t_68e19953,r_1e8683df
t_7a77ea60,r_9b4c98f0
t_0ac43494,r_49b4b78f
t_f08f99a1,r_44b87178
t_ee61b1d5,r_57dbb644
t_24b0cb28,r_8b6717cc
t_085975d6,r_e6dce123
t_45928452,r_5846cddf
t_e2d55665,r_53a46f4d
t_63f07991,r_5846cddf
t_95863d51,r_d7813f0f
t_52e59205,r_9cde5b67
t_c1ccbd6d,r_5846cddf
t_fb331b6e,r_f225967a
t_03c0b578,r_0f3ceec0
t_f47dce31,r_0f3ceec0
t_d7a38b90,r_77e08075
t_f16a219a,r_f754cf7c
t_bbd4a9a3,r_3fa17190
t_41658e26,r_f92bed04
t_104dc81c,r_67089fe0
t_73f2ead1,r_9b41c1a3
t_1361afa3,r_9b41c1a3
t_75ee7990,r_59b5564d
t_da1b6963,r_5332554f
t_c743d1bf,r_838b008f
t_724a9808,r_eeeee384
t_7d3edf7f,r_3387477b
t_b7ea960c,r_ba7c9c04
t_e533a043,r_f097abb3
t_4889e179,r_7ae88755
t_2b78a50f,r_cc8cb626
t_e7b5cd5d,r_3e7c2a0f
t_4b27b489,r_b52448b2
t_b3f2185a,r_8700b91c
t_b7750182,r_7c665afd
t_cc1476e1,r_84c7a751
t_732ae323,r_9635af53
t_67f67c28,r_b2fc26fb
t_2e35c786,r_31143544
t_ce07d6ce,r_4b85e4e7
t_61d94737,r_6f48f92c
t_f35473c3,r_6aca7e0e
t_41cdf824,r_dd575df0
t_798f309e,r_ea39e2ed
t_f0a62053,r_a904bd54
t_adfe5a65,r_a904bd54
t_e09a2f79,r_88a5d306
t_b85c79f3,r_4b0c370b
t_8c366213,r_55d138d8
t_cb3e4cec,r_55d138d8
t_6ee45df4,r_55d138d8
t_327d5786,r_9f59d221
t_59260eb7,r_715de739
t_1b143186,r_481fd6b3
t_18a5d627,r_a4d04fc2
t_b3724d06,r_ffa33151
t_dd17f9cc,r_b004dfd5
t_185fc5f0,r_cc00a4c6
t_87c6d6d0,r_fbe8cc96
t_30f16f1e,r_8c3e0104
t_f273591a,r_d5ccdc3f
t_c0408cbb,r_65238218
t_39f3d3ae,r_1f584ece
t_b136e30d,r_f48435c1
t_7f6b2115,r_3b5baaeb
t_270bd42e,r_12fdfb0b
t_23fc644b,r_ddbe0803
t_2caccb6e,r_048908ff
t_a5d0812d,r_db0646e7
t_28389eb2,r_02013ce0
t_5c5de905,r_9cda129e
t_348d4791,r_560d2ce9
t_3f2a09bd,r_62a273a3
t_7746926d,r_651715ed
t_d9536d76,r_7bcbc638
t_1f33217a,r_8c3b6e88
t_91b531a5,r_c9470178
t_5e6a1343,r_0cfa1b8a
t_9888539c,r_28eae446
t_d91b5b71,r_a9c03c04
t_a8b5ace1,r_6771e544
t_3e0ffd98,r_09b604b0
t_37c91089,r_104d118c
t_2ed6c138,r_d247eb02
t_a10b843e,r_8e38a723
t_fe20f900,r_97b78486
t_61976f7d,r_97b78486
t_4babeae7,r_eb6f8646
t_2907e8e7,r_26ca302b
t_69c47743,r_f09be282
t_415cc53e,r_dbc699ef
t_edf731dd,r_c5e39da7
t_da832be4,r_05f00810
t_b16a7c58,r_75f18b16
t_bae633ce,r_c11ea240
t_98ee8044,r_c11ea240
t_d5b876a3,r_6154f218
t_7c70e4c7,r_17848f90
t_35c81936,r_76800488
t_7b9d0ef5,r_49667c67
t_33d518f3,r_038e3b56
t_521e1089,r_76c741ab
t_8377c76b,r_038e3b56
t_4cec5c9e,r_e8627ad0
t_0a0d3414,r_b9fc4ed5
t_9529ce1e,r_7d18fb44
t_0a6a7368,r_b146ee3a
t_1379430a,r_8f044ab9
t_c3c6d8c6,r_c95497d7
t_d145b16f,r_cf5b874d
t_3020449a,r_0b111e65
t_0cfd5ba4,r_e3379b46
t_f641fa0b,r_2b980b95
t_b9d57b01,r_1622fd4f
t_a0d91eb7,r_e4e28eb4
t_13333441,r_4e090658
t_991e6451,r_d7a380e8
t_b444a908,r_5ce9373b
t_bb2c60f7,r_79f5c7a4
t_a63717b4,r_e5eb1c5c
t_d0e44d4e,r_fa181261
t_6deaa459,r_6d532ea3
t_51818c4d,r_a568fb8c
t_fa649b63,r_4b85e4e7
t_ae5a1e3f,r_26671bf2
t_20a4c8e3,r_f45705dd
t_4ed25b10,r_c36afd8b
t_b68571d8,r_315519a6
t_4fba5e84,r_b6c30118
t_4b4a51a3,r_4a4a5fb7
t_36cbe0f7,r_8210b7c6
t_8bb5a772,r_0cffc315
t_2550e8f6,r_0cffc315
t_d654e9e9,r_63f1c3a2
t_934492b3,r_490b38a5
t_958112d0,r_586cb385
t_4a28e4ca,r_7a70a9f3
t_657f15a4,r_0cf300ce
t_d531c504,r_61f596d7
t_86daa334,r_0d502504
t_450f8cd5,r_9c3bffb9
t_669ea5ee,r_3b454240
t_77eaca61,r_49a97a37
t_793be96f,r_b6220bc2
t_78778041,r_ad32b97f
t_a06b9a1b,r_ccba883d
t_17a8dac4,r_fff5fa84
t_f760486f,r_cfbb13a0
t_923a61b5,r_3eae6378
t_28e674ae,r_bf24505b
t_ea9c2f11,r_9a9aa6f0
t_b9f1ecdf,r_b022b930
t_11424892,r_bf5b8ca1
t_97b42a39,r_1ea0fc09
t_cdcc13a3,r_77320e94
t_eb8cbc7f,r_9125fc6b
t_e3bd7639,r_76a95d6b
t_27857a17,r_622ebeb9
t_b5c8d8e8,r_d7616e15
t_bfa4313c,r_09471be4
t_91387973,r_67ab8863
t_f0a1dd42,r_c00002d8
t_ae8d6b1f,r_e49eebc1
t_bc5a8e9b,r_801b018c
t_433cba55,r_297ce191
t_923c5a42,r_0e10dcf5
t_1ac57b2e,r_5b356a02
t_653be2ae,r_5b356a02
t_35bd55ea,r_fa6b9ac9
t_fa3a8ac5,r_0af58dc5
t_e0601389,r_5b605fc3
t_c0eb4343,r_12fdfb0b
t_6fe7a9ce,r_9d69edd8
t_ee330066,r_f511cda0
t_c929fab1,r_7e0f8250
t_2da8a9a6,r_884458e8
t_05525366,r_e83cca98
t_a042b2c1,r_93526bdf
t_4c19822b,r_b139c7fc
t_74cef62a,r_6b61d4de
t_d193246f,r_698f53cd
t_b1eafc18,r_f0193c21
t_0d261219,r_68e4db1c
t_4b81b3de,r_48529888
t_8be9683a,r_d241e512
t_fe86849d,r_6268e22f
t_4759f6a0,r_14c3dee8
t_2ee9bddd,r_bc610a35
t_064f6bf7,r_1fb02b7f
t_993384cc,r_9aa9700f
t_9bc3c106,r_0d3c469c
t_f383fc25,r_7e0f8250
t_f34ebb7e,r_381ca9fb
t_47d92b1e,r_2634e90c
t_7996c2cb,r_117338f9
t_168694e3,r_52a42e05
t_7318fddf,r_eaa179ef
t_de469adf,r_dc1b3595
t_6516565c,r_3507c292
t_8627f30b,r_7e81c1e5
t_b8c28d33,r_028f77a9
t_2d72e4fd,r_1b78ac2d
t_519ef4bf,r_a09e0771
t_40376310,r_1e5eeaed
t_78afb610,r_d8286240
t_9cfc4654,r_e140ac9e
t_e9d7db29,r_af03d21c
t_27c42ac7,r_0ef92bbf
t_7ce343fd,r_d64eee6a
t_5bb21497,r_9aa1dca4
t_aedd191a,r_8ac4b067
t_20a11482,r_d9708f18
t_f344ba26,r_fcea2185
t_6fafc077,r_81d5805c
t_acf5d0cb,r_533e3bda
t_1bc73522,r_b5fe0c26
t_af266b06,r_dfcdd94b
t_3624bde6,r_77be892e
t_c1835f0f,r_2fac5d83
t_1959322f,r_7da13e12
t_ca51152a,r_c0e70e9f
t_3264c3be,r_4c8a6b85
t_7de959e6,r_49fbf67c
t_9d59b24a,r_8cee7d77
t_8e96317e,r_7b889cf1
t_02333c5b,r_f989bada
t_ae47c24f,r_6cc95d45
t_caed974d,r_e9520ecd
t_3fc252dd,r_404a4c7a
t_07434275,r_bbed59d0
t_b706bae5,r_0c7734c5
t_3a584a6b,r_869f2f84
t_c0b4b177,r_39c654f5
t_09a346ae,r_c63b3ed9
t_d19da2b8,r_c5344663
t_fb320465,r_cc3510cc
t_3f9c47ae,r_6a273b61
t_37681e96,r_b87f9dc7
t_ae7d51a9,r_7de5954c
t_a8664a32,r_e8186626
t_d7f5d1c1,r_1180828a
t_a2c4d5b5,r_e585fdca
t_48b1ba58,r_bb39f25b
t_6a9ba354,r_c468ca3d
t_46fa69a2,r_c3ffd537
t_b5fa9a1f,r_12b8b5a2
t_6830545e,r_bf5e0238
t_25d414aa,r_692ee371
t_ed79860e,r_b0917a33
t_37d01339,r_0bd05f62
t_2b3ed743,r_d4327708
t_0400a3fc,r_c9135ba9
t_78d66697,r_3622838e
t_a2149cff,r_74c58943
t_f6144430,r_7c240b47
t_f14685f7,r_837897eb
t_e98969f9,r_d2f7bcd1
t_55b1f5ef,r_d2f7bcd1
t_501d965e,r_d2f7bcd1
t_cfd31ebc,r_a13f8baa
t_52e2de66,r_5e1b1c40
t_12201096,r_5b4de3ea
t_b78f1edc,r_cb3eaeca
t_6804a34d,r_dece8220
t_e29f304d,r_7e19cc5e
t_0de6ccee,r_bfdeb13c
t_4a994754,r_d53373d6
t_9b74a5d5,r_f052339d
t_c18b0bb6,r_d83288dd
t_0f1c2983,r_7c95c51b
t_80eeb8b4,r_55cc2852
t_7c4f176b,r_2890b97e
t_52848c3a,r_1e0e6090
t_d873aac9,r_bf25446f
t_56245548,r_93174558
t_84cfd165,r_e410d426
t_151b1922,r_5422f8ac
t_0f1c379e,r_48e6e93f
t_93c34a73,r_0c06ff06
t_d459f2a2,r_6b7512ed
t_130dc7ef,r_6b7512ed
t_11fe0730,r_603353e3
t_e2724891,r_11914f16
t_f5ed7939,r_b1d6736b
t_28e61bf5,r_7ae88755
t_981b9fa0,r_b2239f55
t_e5fa5a99,r_61f596d7
t_160f85b9,r_7670140c
t_7cc86ebf,r_1427d503
t_a527db79,r_0c835c43
t_6220d9d7,r_86087c02
t_e54f41ee,r_5bdc6c88
t_0a0bb29e,r_0fb09deb
t_6285cd86,r_7cb12e9b
t_dbf031b2,r_5a69944a
t_e56e1a09,r_0993b7f6
t_74cea69e,r_0b4e35a8
t_aec1da34,r_81fa50b6
t_e6b9f854,r_ea23acef
t_4d94a7b3,r_77cc047d
t_32c61dcc,r_34a4972b
t_9986472d,r_ed90cb1f
t_15b3852a,r_61dab72e
t_23d6d150,r_2860ae86
t_1a291632,r_c1d50f26
t_344dec6c,r_cd6f811b
t_a652da2f,r_da54a8aa
t_3834d2aa,r_a85a9cb5
t_c63db71a,r_2c2bea9b
t_785b7f92,r_5bf5ae5e
t_57be85ab,r_bba8b9a0
t_48b3d261,r_ffceb24b
t_9b78da99,r_8158c2ad
t_39ad453f,r_54e1349a
t_c22f6e00,r_e32e6c87
t_2a652ba5,r_a4c91bed
t_f9068ffa,r_e992b174
t_0beb53dd,r_c55cb571
t_046c4424,r_d75027b4
t_fa758601,r_3d265eb9
t_c32e2261,r_26ea3d27
t_7a6c7ac3,r_a6eee6eb
t_fcd3a16a,r_a4725ebb
t_e8033127,r_67b74a0f
t_9101cef9,r_8573feda
t_d2f966b5,r_afceadcd
t_310bc8a9,r_077011a7
t_cfb246ed,r_5d8a4160
t_95f55cb7,r_9eb50e0f
t_023d502b,r_3eb13d6b
t_7dbc8a37,r_743291dd
t_394078c7,r_b2b4fdae
t_6acbbda9,r_cf31b3b7
t_bf78ca3d,r_7823bb85
t_f460b080,r_1e0e6090
t_f8ed70e7,r_404a4c7a
t_95e6ce80,r_400c4c0d
t_00aaa157,r_09c99a11
t_e6e3ed2c,r_d00ddffd
t_814441ee,r_5041cd7a
t_e26793d3,r_14dd54bf
t_6cbdeb9c,r_b633b63a
t_15192b1b,r_3154278d
t_e319fd9a,r_dd0f973f
t_4fbad782,r_3173bd45
t_e0a377d2,r_3173bd45
t_94693e72,r_aa27db05
t_12c47a43,r_096e7a99
t_3abc5775,r_1ed4c895
t_483f542c,r_31143544
t_d0add79d,r_b2d07ac5
t_3bf3cbf0,r_07a79f1c
t_2d187c29,r_951f91c2
t_604b159a,r_5bf5ae5e
t_1d15f6a5,r_97f59328
t_ef73998c,r_43ea49df
t_975ab519,r_ac50f6e2
t_03501851,r_e401b4c9
t_080ca664,r_0eabaaa3
t_31686a91,r_f796d16b
t_1f93e272,r_004b09c8
t_e3c01b22,r_038a2093
t_2d5c980a,r_6e553ddf
t_5f4bc61b,r_3f67fe04
t_ddf71d22,r_e57e8b48
t_9985f3fb,r_cd0be439
t_fff5315b,r_bd7635e3
t_3f57a4df,r_76b1d132
t_655c9110,r_9107ad03
t_3da8eebd,r_0634d4cf
t_de38d5dd,r_a260e8f6
t_88be2368,r_020a9a7e
t_65fbdb78,r_e3c289a8
t_235db6cc,r_d6310de2
t_82a37282,r_8292e22c
t_d0dfaff2,r_e8e2ee89
t_765db06f,r_eb72e226
t_ccee417b,r_cd42b1bb
t_b96d9048,r_a3b8cd95
t_3bbe9a80,r_3387b60e
t_31177565,r_c0500895
t_ec7e2f7b,r_ca4caae3
t_92ad9906,r_3711d5b3
t_980b9476,r_cded4e59
t_f14f443d,r_b022640d
t_44307080,r_b1012aba
t_56476461,r_b1012aba
t_4ec02b19,r_2da07917
t_49431119,r_4b4a7f25
t_0c79b2f0,r_86ce4d5e
t_9183087b,r_fe175659
t_40192ee7,r_496578d6
t_ce5836c2,r_18d7f4db
t_a94f1850,r_4b85e4e7
t_67f270bb,r_25d96aec
t_944a774c,r_66d9d28a
t_7a8e4695,r_b1dea45a
t_97c6034f,r_8267b9ac
t_f26482db,r_ee2b9e8f
t_7db9af11,r_f867008d
t_429609b1,r_0e6174ab
t_7e48ca51,r_5b246faa
t_846fd556,r_22a7271b
t_7f1ba137,r_e08ce667
t_d1d56a5c,r_d5ef81ef
t_42fc7c30,r_158b5119
t_f62db3fc,r_bd7635e3
t_7709df16,r_8866b0ac
t_f8f287d8,r_869f2f84
t_71129475,r_23cd806c
t_46855fc0,r_0b853a54
t_78ead73d,r_06c3d85e
t_50dce685,r_e1ef558b
t_9ab3ed1e,r_b7a7b0ec
t_6ab55130,r_0ab4455f
t_4672cdf2,r_0ab4455f
t_76cd6c0d,r_3856eedf
t_3ae168b9,r_aea945aa
t_eb397aba,r_aa7b6a61
t_3bea8a0d,r_14ae6492
t_ca77969e,r_18eb37ee
t_0eaf1080,r_7c3e82ce
t_c94a85c6,r_c7e4c7b0
t_8eba8abf,r_3eb9ecad
t_ae34cc82,r_89e300fd
t_576064c2,r_38c59996
t_5ba470c8,r_b384b762
t_d6dbcaad,r_3471a96e
t_20ca9a8d,r_3471a96e
t_1f1d82d5,r_3f7d9954
t_436a761d,r_3471a96e
t_75e871cc,r_462d85fe
t_60d69e20,r_aa3fe4df
t_e77fd79e,r_0d7690e9
t_580be07c,r_f17d4bbb
t_e0bf9837,r_bd842d5e
t_0a671af1,r_a1d8e542
t_723d21a3,r_61843e80
t_0b8e64c3,r_9d8ea74f
t_a41b4961,r_14ae6492
t_70288b63,r_0555ca96
